group_id,girl,kind,idx,n_lines,id,path_id,field_path,text
AskDate,,AskDate,0,74,243deeaa00fa,9002,lineSets[0].label,success
AskDate,,AskDate,1,74,6e4e4318a6fe,9002,lineSets[0].lines[0].dialogLine[0].text,"Yeah, okay!····· I'd love to go out with you."
AskDate,,AskDate,2,74,af376723755d,9002,lineSets[0].lines[0].dialogLine[1].secondaryText,"You ma'am,··· have got yourself a date."
AskDate,,AskDate,3,74,cbec3733dcfe,9002,lineSets[0].lines[0].dialogLine[1].text,"You sir,··· have got yourself a date."
AskDate,,AskDate,4,74,ab4cdc4cbcc5,9002,lineSets[0].lines[0].dialogLine[2].text,Yes!·········· I was afraid you weren't going to ask!
AskDate,,AskDate,5,74,6320c4e87893,9002,lineSets[0].lines[0].dialogLine[3].text,Okay...····· If I go out with you will you stop bothering me?
AskDate,,AskDate,6,74,7abce94ad3db,9002,lineSets[0].lines[0].dialogLine[4].text,Yes!······· I'd love to go on a date with you.
AskDate,,AskDate,7,74,8d4b7a813c80,9002,lineSets[0].lines[0].dialogLine[5].text,"Okay...····· I guess that's fine.········ I mean,····· if you really want to go."
AskDate,,AskDate,8,74,638362eeb2ff,9002,lineSets[0].lines[0].dialogLine[6].text,I would never say no to you sweetie.····· I'm ready when you are.
AskDate,,AskDate,9,74,4506e4cfe594,9002,lineSets[0].lines[0].dialogLine[7].text,"Oh,····· are you sure?········ Yes,········ of course I'll go!"
AskDate,,AskDate,10,74,96844d8f60a2,9002,lineSets[0].lines[0].dialogLine[8].text,Let's fuckin' date this shit up!
AskDate,,AskDate,11,74,6ff7daa4f80c,9002,lineSets[0].lines[0].dialogLine[9].text,··Yea!··· Date time!
AskDate,,AskDate,12,74,ba3f8f49cbad,9002,lineSets[0].lines[0].dialogLine[10].text,"Yes,····· I will go out with you."
AskDate,,AskDate,13,74,1a5e6498bcb3,9002,lineSets[0].lines[0].dialogLine[11].text,"Riiiight,·········· shall we leave then?"
AskDate,,AskDate,14,74,afcda455b561,9002,lineSets[0].lines[1].dialogLine[0].text,You betcha!····· You wanna get going?
AskDate,,AskDate,15,74,6d215d0959c7,9002,lineSets[0].lines[1].dialogLine[1].text,Sure!······· I suppose you've earned it.
AskDate,,AskDate,16,74,3be6c8d8b2dd,9002,lineSets[0].lines[1].dialogLine[2].text,For real?············ Yes!············ Just give me a second to get ready.
AskDate,,AskDate,17,74,aa87773db4af,9002,lineSets[0].lines[1].dialogLine[3].text,"Yeah, yeah.····· You're lucky I'm in a good mood today."
AskDate,,AskDate,18,74,6a23592b7da6,9002,lineSets[0].lines[1].dialogLine[4].text,I was about to ask you the same!·········· Shall we?
AskDate,,AskDate,19,74,3ec1f208e9e0,9002,lineSets[0].lines[1].dialogLine[5].text,"Wow.······ Uhhhh,············ okay.·················· I mean,····· yeah,····· let's do it."
AskDate,,AskDate,20,74,46f8b472ca72,9002,lineSets[0].lines[1].dialogLine[6].text,"Awwwww,··············· you want to take me out?····· Of course I'll go.···"
AskDate,,AskDate,21,74,2d7a43cdceb5,9002,lineSets[0].lines[1].dialogLine[7].text,That sounds lovely.·········· I can't wait!
AskDate,,AskDate,22,74,5dca197267cc,9002,lineSets[0].lines[1].dialogLine[8].text,Come on!····· Seduce me with your sexy puzzle skills.
AskDate,,AskDate,23,74,3ec386aba919,9002,lineSets[0].lines[1].dialogLine[9].text,···Okay!····· Come on! I'll race you there!
AskDate,,AskDate,24,74,40ed3310d4aa,9002,lineSets[0].lines[1].dialogLine[10].text,Of course.····· Are you ready to go?
AskDate,,AskDate,25,74,966e00ca9699,9002,lineSets[0].lines[1].dialogLine[11].text,"Sure,········· why not?·················· Let's see what you've got..."
AskDate,,AskDate,26,74,49d639c83dc9,9002,lineSets[0].lines[2].dialogLine[0].text,"Psssh!···· Ummm,·· yes!····· I thought you'd never ask!"
AskDate,,AskDate,27,74,33091f6383f0,9002,lineSets[0].lines[2].dialogLine[1].text,Can't really argue with that.····· Take me somewhere nice!
AskDate,,AskDate,28,74,7be31be64e61,9002,lineSets[0].lines[2].dialogLine[2].text,Of course!·········· What are we waiting for?
AskDate,,AskDate,29,74,d51447ecc6c3,9002,lineSets[0].lines[2].dialogLine[3].text,"*hahahahaha*··········With you?················ Uhhh,················ yeah,·············· sure,·············· whatever.·········· Just don't get your hopes up."
AskDate,,AskDate,30,74,7e6b609fc269,9002,lineSets[0].lines[2].dialogLine[4].text,No thanks...··············· Just kidding!···*hahahahahahaha*
AskDate,,AskDate,31,74,2e65ec871aaf,9002,lineSets[0].lines[2].dialogLine[5].text,"Okay, but·· I have to warn you I have no idea what I'm doing. Soooo,··· yeah.··········"
AskDate,,AskDate,32,74,06ac5d8d55b4,9002,lineSets[0].lines[2].dialogLine[6].text,"A date?·········· Oh,··· that's adorable!············· I'd love to go on a date with you."
AskDate,,AskDate,33,74,6fee1d717284,9002,lineSets[0].lines[2].dialogLine[7].text,Yes!··············· I'd like that a lot.··············· I'm looking forward to it!
AskDate,,AskDate,34,74,a0c8d7ba0091,9002,lineSets[0].lines[2].dialogLine[8].text,Good luck!····· I know I can be a real bitch to win over.
AskDate,,AskDate,35,74,fdf7a3b1b488,9002,lineSets[0].lines[2].dialogLine[9].text,···Yaay!···· Can we go right now? Pleeease?·····
AskDate,,AskDate,36,74,9702dc912110,9002,lineSets[0].lines[2].dialogLine[10].text,I'm certain that you somehow already knew that I'm going to say yes.
AskDate,,AskDate,37,74,9baa8a53688f,9002,lineSets[0].lines[2].dialogLine[11].text,I can't wait to see what you've planned for us.
AskDate,,AskDate,38,74,689e88240271,9002,lineSets[0].lines[3].dialogLine[0].text,I guess I've got some time.····· Let's do it!
AskDate,,AskDate,39,74,613e39624797,9002,lineSets[0].lines[3].dialogLine[1].text,"Yeah,····· alright.····· Why not?"
AskDate,,AskDate,40,74,8f59ed287bd8,9002,lineSets[0].lines[3].dialogLine[2].text,"Yea,······· okay!·········· Sounds like a blast."
AskDate,,AskDate,41,74,60decce920d6,9002,lineSets[0].lines[3].dialogLine[3].text,Pffft!·········· Alright...····· let's just get this over with.
AskDate,,AskDate,42,74,7de6c6189d7a,9002,lineSets[0].lines[3].dialogLine[4].text,It would be rude not to after you asked so nicely.
AskDate,,AskDate,43,74,211122e7404c,9002,lineSets[0].lines[3].dialogLine[5].text,"I guess I don't have anything better to do right now.········ Okay,·········· we can go.·····"
AskDate,,AskDate,44,74,e62218fea62c,9002,lineSets[0].lines[3].dialogLine[6].text,"Sure,·· baby.·········· Where are you taking me?············· No, wait!····· Surprise me!·····"
AskDate,,AskDate,45,74,e6934355d898,9002,lineSets[0].lines[3].dialogLine[7].text,Alright!···················· This will be a good chance to get to know each other better.
AskDate,,AskDate,46,74,e9361536c31e,9002,lineSets[0].lines[3].dialogLine[8].text,Can't wait to see where we end up this time!
AskDate,,AskDate,47,74,e7e37372b053,9002,lineSets[0].lines[3].dialogLine[9].text,···Let's go!····· I'll lead the way!
AskDate,,AskDate,48,74,80a8f3c1bbe2,9002,lineSets[0].lines[3].dialogLine[10].text,Hmmm...····· Alright.············· I wonder what outfit I should change into...
AskDate,,AskDate,49,74,2473b898e3a4,9002,lineSets[0].lines[3].dialogLine[11].text,I'm expecting good things from you...
AskDate,,AskDate,50,74,10eeb020ea84,9002,lineSets[0].lines[4].dialogLine[0].text,"Alright,·· alright!····· How can I say no to that?"
AskDate,,AskDate,51,74,dda9e2c65015,9002,lineSets[0].lines[4].dialogLine[1].text,"Hey,····· as long as you're paying!"
AskDate,,AskDate,52,74,bf2f5e45dfbe,9002,lineSets[0].lines[4].dialogLine[2].text,I'd··· love·· to!·········· Let's make it happen.
AskDate,,AskDate,53,74,192c4732ea72,9002,lineSets[0].lines[4].dialogLine[3].text,If this turns out to be a waste of time····· I'm gonna be so····· pissed.·····
AskDate,,AskDate,54,74,c9e12c077ace,9002,lineSets[0].lines[4].dialogLine[4].text,"When?····· Right now?...····· Uhhh,····· sure!"
AskDate,,AskDate,55,74,2663ca5f56d0,9002,lineSets[0].lines[4].dialogLine[5].text,"Nobody else has ever asked me out before.·········· It's weird.·············· Buuuut...····· okay,····· sure."
AskDate,,AskDate,56,74,1fd5b56ebd9c,9002,lineSets[0].lines[4].dialogLine[6].text,Well I've never been one to turn down a good time!···
AskDate,,AskDate,57,74,dea23b0beff9,9002,lineSets[0].lines[4].dialogLine[7].text,Good idea!···················· I'm going to run and get ready.
AskDate,,AskDate,58,74,048719e64f87,9002,lineSets[0].lines[4].dialogLine[8].text,I'm pretty pumped to see how much you've improved!
AskDate,,AskDate,59,74,aa9f73c74b08,9002,lineSets[0].lines[4].dialogLine[9].text,···Mmhm!·········· What are we waiting for?···
AskDate,,AskDate,60,74,747611f3b473,9002,lineSets[0].lines[4].dialogLine[10].text,I'd like little more.····· Shall we?
AskDate,,AskDate,61,74,a0fac4d05449,9002,lineSets[0].lines[4].dialogLine[11].text,Don't let me down.
AskDate,,AskDate,62,74,154f771c4cb1,9002,lineSets[0].lines[5].dialogLine[0].text,Sure!····· Sounds like fun.····· Ready to go?
AskDate,,AskDate,63,74,48dd51d74a4a,9002,lineSets[0].lines[5].dialogLine[1].text,You know what?····· Anything is funner than hanging around here.····· Let's go!
AskDate,,AskDate,64,74,0460120e8ef7,9002,lineSets[0].lines[5].dialogLine[2].text,I think that's an awesome idea!·········· You ready?
AskDate,,AskDate,65,74,1dca8171018e,9002,lineSets[0].lines[5].dialogLine[3].text,"Oh, my god!····· Fiiiine..."
AskDate,,AskDate,66,74,ca853af07c84,9002,lineSets[0].lines[5].dialogLine[4].text,Mmmm...····· okay!····· Sounds great!
AskDate,,AskDate,67,74,c326cdd465b1,9002,lineSets[0].lines[5].dialogLine[5].text,You really want to go with me?··············· Alright...
AskDate,,AskDate,68,74,ebe1cbc3a366,9002,lineSets[0].lines[5].dialogLine[6].text,"Yes,····· I will.····· It's the least I can do."
AskDate,,AskDate,69,74,584602daa375,9002,lineSets[0].lines[5].dialogLine[7].text,"Well...············· I don't think I have anything going on.·········· Alright,····· let's go out!"
AskDate,,AskDate,70,74,81ec954550cc,9002,lineSets[0].lines[5].dialogLine[8].text,Alright!····· Saddle up!····· Let's do this shit!·····
AskDate,,AskDate,71,74,86ced9efa4d3,9002,lineSets[0].lines[5].dialogLine[9].text,"···A date with my master?···· Yes, of course!"
AskDate,,AskDate,72,74,55d8e170a1bd,9002,lineSets[0].lines[5].dialogLine[10].text,That sounds like an enjoyable time.····· Let's go.
AskDate,,AskDate,73,74,3d4b12a4b2cf,9002,lineSets[0].lines[5].dialogLine[11].text,"Yes, yes, yes, yes...··· just come on then.····· I haven't got all day you know."
DateGreeting,,DateGreeting,0,190,82c1b7486eb1,9003,lineSets[0].label,botanical gardens
DateGreeting,,DateGreeting,1,190,9377deb3c013,9003,lineSets[0].lines[0].dialogLine[0].text,It's so pretty here!····· It smells so nice too!
DateGreeting,,DateGreeting,2,190,3ea48e2ddbc4,9003,lineSets[0].lines[0].dialogLine[1].text,Fuck it's nice here!
DateGreeting,,DateGreeting,3,190,1e015dc9e737,9003,lineSets[0].lines[0].dialogLine[2].text,"Awww,····· this is so cute.····· What a neat idea."
DateGreeting,,DateGreeting,4,190,9073f55794f4,9003,lineSets[0].lines[0].dialogLine[3].text,"Okay,······· I'm here.····· So, now what?"
DateGreeting,,DateGreeting,5,190,06431bd4b268,9003,lineSets[0].lines[0].dialogLine[4].text,Absolutely beautiful.······· Look at all these colors.
DateGreeting,,DateGreeting,6,190,53a02f74bd21,9003,lineSets[0].lines[0].dialogLine[5].text,"·····Ughhh,····· I think my allergies are starting to act up."
DateGreeting,,DateGreeting,7,190,720cd5e838a4,9003,lineSets[0].lines[0].dialogLine[6].text,"Ohhh,······· how··· pretty!·········· Nobody has ever taken me anywhere like this before."
DateGreeting,,DateGreeting,8,190,e48ddb2556ea,9003,lineSets[0].lines[0].dialogLine[7].text,Wow!····· It's lovely!············· What a beautiful garden.
DateGreeting,,DateGreeting,9,190,ec67776d8251,9003,lineSets[0].lines[0].dialogLine[8].text,This is kinda what it looks like back home.········ Except less magic-y.···
DateGreeting,,DateGreeting,10,190,4f293ac90992,9003,lineSets[0].lines[0].dialogLine[9].text,···Wooooow!······· Look at all these flowers!
DateGreeting,,DateGreeting,11,190,d8e7118297e5,9003,lineSets[0].lines[0].dialogLine[11].text,"Well,·········· it's not exactly home,·········· but it is pretty here."
DateGreeting,,DateGreeting,12,190,154eb94fa163,9003,lineSets[1].label,hiking trail
DateGreeting,,DateGreeting,13,190,d81dd376c21e,9003,lineSets[1].lines[0].dialogLine[0].text,I'm really glad you asked me out this morning.
DateGreeting,,DateGreeting,14,190,2d17796f6dc9,9003,lineSets[1].lines[0].dialogLine[1].text,I hope I don't get any shit····· on this out··fit.
DateGreeting,,DateGreeting,15,190,60363860cec5,9003,lineSets[1].lines[0].dialogLine[2].text,It's so cool that you like to hike too.
DateGreeting,,DateGreeting,16,190,b15cba1d9ecb,9003,lineSets[1].lines[0].dialogLine[3].text,"Okay,······· I'm here.····· So, now what?"
DateGreeting,,DateGreeting,17,190,7c16a6808655,9003,lineSets[1].lines[0].dialogLine[4].text,You've gotta love that fresh morning air.
DateGreeting,,DateGreeting,18,190,52564b0e5807,9003,lineSets[1].lines[0].dialogLine[5].text,"Alright,····· fine.····· But, I better not get my shoes muddy."
DateGreeting,,DateGreeting,19,190,43262187a9b6,9003,lineSets[1].lines[0].dialogLine[6].text,*aaaaaacccc*·····My legs are soooo tired...········ you should carry me!
DateGreeting,,DateGreeting,20,190,975209c3835e,9003,lineSets[1].lines[0].dialogLine[7].text,Mmmmm!···················· Don't you just love that misty morning air?
DateGreeting,,DateGreeting,21,190,0ad89a85835d,9003,lineSets[1].lines[0].dialogLine[8].text,You humans and your walking.
DateGreeting,,DateGreeting,22,190,d60d23aafd1c,9003,lineSets[1].lines[0].dialogLine[9].text,···Yeesss!······· I can run around here all I want!
DateGreeting,,DateGreeting,23,190,de5bfaa12387,9003,lineSets[1].lines[0].dialogLine[11].text,I'm going to be watching you veeeery closely...····· so try not to mess up!
DateGreeting,,DateGreeting,24,190,8d0eced3424e,9003,lineSets[2].label,market
DateGreeting,,DateGreeting,25,190,e7092ce8f305,9003,lineSets[2].lines[0].dialogLine[0].text,The market;············ what a neat idea.············ This should be fun!
DateGreeting,,DateGreeting,26,190,c3f9ef2dc4e0,9003,lineSets[2].lines[0].dialogLine[1].text,This place is great.·········· I think I'm gonna pick up some dinner while we're here.
DateGreeting,,DateGreeting,27,190,7a093b520d2c,9003,lineSets[2].lines[0].dialogLine[2].text,Thanks for inviting me out!····· Such a nice day for the market.
DateGreeting,,DateGreeting,28,190,9a8e61f03c5e,9003,lineSets[2].lines[0].dialogLine[3].text,"Okay,······· I'm here.····· So, now what?"
DateGreeting,,DateGreeting,29,190,581523ec9e2a,9003,lineSets[2].lines[0].dialogLine[4].text,How did you find out about the market?····· I come here all the time!
DateGreeting,,DateGreeting,30,190,39d1f6f70bc5,9003,lineSets[2].lines[0].dialogLine[5].text,Hmmm...·········· is it all fruits and veggies?·········· I could go for some ice cream.
DateGreeting,,DateGreeting,31,190,28aaab1618c2,9003,lineSets[2].lines[0].dialogLine[6].text,Ooooooooo!·········· Do they have any fast food joints around here?
DateGreeting,,DateGreeting,32,190,b9dcfae7c048,9003,lineSets[2].lines[0].dialogLine[7].text,Ohhh!····· The market!····· What a fun idea.
DateGreeting,,DateGreeting,33,190,31d738167970,9003,lineSets[2].lines[0].dialogLine[8].text,"There's nothing here I like,····· so you better make this a good date!"
DateGreeting,,DateGreeting,34,190,2c10a77bf7c8,9003,lineSets[2].lines[0].dialogLine[9].text,···Awesome!····· They have all my favorites here!
DateGreeting,,DateGreeting,35,190,5cf29d0f64ac,9003,lineSets[2].lines[0].dialogLine[11].text,"So then,·········· here we are.·········· No time to waste...·········· woo me."
DateGreeting,,DateGreeting,36,190,7e2477393221,9003,lineSets[3].label,ice rink
DateGreeting,,DateGreeting,37,190,bf8aaba82dac,9003,lineSets[3].lines[0].dialogLine[0].text,It's been a while since I've last skated.·····*haha*····· Don't laugh at me!
DateGreeting,,DateGreeting,38,190,16acd93cd888,9003,lineSets[3].lines[0].dialogLine[1].text,"Look at this,····· we've got the whole rink to ourselves!"
DateGreeting,,DateGreeting,39,190,468265a91500,9003,lineSets[3].lines[0].dialogLine[2].text,Skating is like my favorite thing ever.····· This is gonna be so much fun!
DateGreeting,,DateGreeting,40,190,c02607124e56,9003,lineSets[3].lines[0].dialogLine[3].text,"God,····· could it be any colder in here?"
DateGreeting,,DateGreeting,41,190,aeaf2668d3bb,9003,lineSets[3].lines[0].dialogLine[4].text,You could say I've been around the rink a few times in my day.····· I'll give you some tips.
DateGreeting,,DateGreeting,42,190,db91b8150b32,9003,lineSets[3].lines[0].dialogLine[5].text,"Yeah, okay.····· This might be fun...····· if I can stay up long enough."
DateGreeting,,DateGreeting,43,190,a8aea06ccd25,9003,lineSets[3].lines[0].dialogLine[6].text,"We'll see how I do.········ It's hard to stay balanced with this huge rack, you know.·····*hahahaha*·····"
DateGreeting,,DateGreeting,44,190,0ddf3fcb5241,9003,lineSets[3].lines[0].dialogLine[7].text,*hahahaha*·····*ccc*·····I just keep picturing myself falling on my butt.
DateGreeting,,DateGreeting,45,190,dc97cc1a1feb,9003,lineSets[3].lines[0].dialogLine[8].text,I loooovve the music here.····· It's probably my favorite song on the soundtrack.
DateGreeting,,DateGreeting,46,190,5a32132ee609,9003,lineSets[3].lines[0].dialogLine[9].text,···Uhhhh...········ can you help me put my skates on?
DateGreeting,,DateGreeting,47,190,d8f26156bfae,9003,lineSets[3].lines[0].dialogLine[11].text,"Okay,·········· let's find out if your dating is as good as your skating."
DateGreeting,,DateGreeting,48,190,99cf11df721a,9003,lineSets[4].label,water park
DateGreeting,,DateGreeting,49,190,4370eb42edc4,9003,lineSets[4].lines[0].dialogLine[0].text,I used to come here a lot as a kid.····· Race you to the big slide!
DateGreeting,,DateGreeting,50,190,9a6d4607bd1d,9003,lineSets[4].lines[0].dialogLine[1].text,"I'll be at the lazy river,····· come get me when you're ready to leave. *hahahahaha*"
DateGreeting,,DateGreeting,51,190,2b6615e5ce92,9003,lineSets[4].lines[0].dialogLine[2].text,"Aight,····· let's hurry!····· I don't want to be stuck in long lines all day!"
DateGreeting,,DateGreeting,52,190,49a08ebae4fa,9003,lineSets[4].lines[0].dialogLine[3].text,Shit!····· I forgot to bring my sunscreen.
DateGreeting,,DateGreeting,53,190,e7eb935771ac,9003,lineSets[4].lines[0].dialogLine[4].text,*hahahaha**aaa*···The water is soooo··· cold.············· I like it out here in the sun.
DateGreeting,,DateGreeting,54,190,b0e5de64b1f3,9003,lineSets[4].lines[0].dialogLine[5].text,This sun is gonna burn me alive.····· I don't tan well.
DateGreeting,,DateGreeting,55,190,3a88614babab,9003,lineSets[4].lines[0].dialogLine[6].text,Awwwww!··············· I used to take my daughter here all the time when she was young.
DateGreeting,,DateGreeting,56,190,c2cc30c279ce,9003,lineSets[4].lines[0].dialogLine[7].text,I think people are staring at me...·········· What did I tell you about this bikini!
DateGreeting,,DateGreeting,57,190,0ef6b2e24eb1,9003,lineSets[4].lines[0].dialogLine[8].text,This works out pretty nice.····· I need to water my leaf bikini.···*ccmm*
DateGreeting,,DateGreeting,58,190,4f0ff3f17f1d,9003,lineSets[4].lines[0].dialogLine[9].text,···Make sure my ears don't get wet;····· it really freaks me out.
DateGreeting,,DateGreeting,59,190,a901fc561093,9003,lineSets[4].lines[0].dialogLine[11].text,"I'll admit it,····· this is actually fun."
DateGreeting,,DateGreeting,60,190,a3a0d1d9ebb0,9003,lineSets[5].label,tennis court
DateGreeting,,DateGreeting,61,190,40aed4ff96ba,9003,lineSets[5].lines[0].dialogLine[0].text,"Be warned,····· I'm like the best Tennis player in my cheer squad."
DateGreeting,,DateGreeting,62,190,d7664daa5fe5,9003,lineSets[5].lines[0].dialogLine[1].text,"I've only played this a couple times····· so try not to kill me, okay?"
DateGreeting,,DateGreeting,63,190,65478e10b4ac,9003,lineSets[5].lines[0].dialogLine[2].secondaryText,This is the kinda date··· I can get behind.····· You ready to be crushed?
DateGreeting,,DateGreeting,64,190,c2d09862b3da,9003,lineSets[5].lines[0].dialogLine[2].text,This is the kinda date··· I can get behind.····· You ready to be emasculated?
DateGreeting,,DateGreeting,65,190,7c4a14a4f340,9003,lineSets[5].lines[0].dialogLine[3].text,Great;····· now I get to be all sweaty and gross.
DateGreeting,,DateGreeting,66,190,ce9d86ad0a70,9003,lineSets[5].lines[0].dialogLine[4].text,"I'll take it easy on you, I promise."
DateGreeting,,DateGreeting,67,190,85c1ac473885,9003,lineSets[5].lines[0].dialogLine[5].text,"Hmm,····· I like virtual tennis...····· but I rarely played the actual game."
DateGreeting,,DateGreeting,68,190,5437a94c8f0c,9003,lineSets[5].lines[0].dialogLine[6].text,"Don't laugh at me if I suck.·········· I used to use my racket a lot,·· but never for tennis..."
DateGreeting,,DateGreeting,69,190,c59e4b0f706d,9003,lineSets[5].lines[0].dialogLine[7].text,"If I win,····· you're buying us lunch!·····*aaaacc*····· Good luck!"
DateGreeting,,DateGreeting,70,190,bd4a676131fe,9003,lineSets[5].lines[0].dialogLine[8].text,I don't know much about this game...····· is it anything like sex?····· I know a lot about that.
DateGreeting,,DateGreeting,71,190,747462b2761f,9003,lineSets[5].lines[0].dialogLine[9].text,···Waaaiit...············ I don't get it...············· Why aren't you supposed to chase the ball again?
DateGreeting,,DateGreeting,72,190,48f9b16cfbbd,9003,lineSets[5].lines[0].dialogLine[11].text,"Well it's not the exact location I would have selected.············· But,····· it'll have to do."
DateGreeting,,DateGreeting,73,190,500de6f3d201,9003,lineSets[6].label,hot springs
DateGreeting,,DateGreeting,74,190,47f859d7f348,9003,lineSets[6].lines[0].dialogLine[0].text,The water feels soooo nice.······· Come on in!
DateGreeting,,DateGreeting,75,190,97ccb4532259,9003,lineSets[6].lines[0].dialogLine[1].text,"*aaaaaacccc* Gooooood,····· this feels soooo nice..."
DateGreeting,,DateGreeting,76,190,78a1b3fe878a,9003,lineSets[6].lines[0].dialogLine[2].text,Heeey...········ you just wanted to see me in a bikini!····· Didn't you?
DateGreeting,,DateGreeting,77,190,931456f1d42b,9003,lineSets[6].lines[0].dialogLine[3].text,I suppose I could get used to this...
DateGreeting,,DateGreeting,78,190,2aaf92680e92,9003,lineSets[6].lines[0].dialogLine[4].text,Ahhhhh...····· this is soooo··· relaxing.············· Jab me if I start to doze off.
DateGreeting,,DateGreeting,79,190,46dc80b381f8,9003,lineSets[6].lines[0].dialogLine[5].text,"Hey,····· this is actually pretty nice.····· The water feels great.·····"
DateGreeting,,DateGreeting,80,190,2d7b8d0ec263,9003,lineSets[6].lines[0].dialogLine[6].text,Ahhhhh...····· this is what I deserve...····· to be pampered.
DateGreeting,,DateGreeting,81,190,11c517bda7e9,9003,lineSets[6].lines[0].dialogLine[7].text,It's so peaceful here...·········· very relaxing.
DateGreeting,,DateGreeting,82,190,15e624faf322,9003,lineSets[6].lines[0].dialogLine[8].text,Ahhh the hot spring...····· a classic dating sim staple.
DateGreeting,,DateGreeting,83,190,796866569b76,9003,lineSets[6].lines[0].dialogLine[9].text,"···*aaaaaaaaaa*··········Ohh, sorry!········ There's just a lot of water here..."
DateGreeting,,DateGreeting,84,190,45ef84636329,9003,lineSets[6].lines[0].dialogLine[10].text,This··· feels··· *aaa*amazing...·········· they don't have anything like this back home.
DateGreeting,,DateGreeting,85,190,fa106828896a,9003,lineSets[6].lines[0].dialogLine[11].text,Ahhhhhhhhhhhh...············ how soooooothing...······················ A girl could get used to this.
DateGreeting,,DateGreeting,86,190,f0800f9c93b1,9003,lineSets[7].label,scenic overlook
DateGreeting,,DateGreeting,87,190,e4c691f0cea9,9003,lineSets[7].lines[0].dialogLine[0].text,Wow!············· It's so beautiful from up here.
DateGreeting,,DateGreeting,88,190,ca2893c05a12,9003,lineSets[7].lines[0].dialogLine[1].text,·····This is romantic as shit.··············· Are you trying to seduce me?
DateGreeting,,DateGreeting,89,190,a8d898f21945,9003,lineSets[7].lines[0].dialogLine[2].text,I'm glad you asked me out.····· This is beautiful.
DateGreeting,,DateGreeting,90,190,105bae12b370,9003,lineSets[7].lines[0].dialogLine[3].text,Ughh... gaaaay!
DateGreeting,,DateGreeting,91,190,3de76e8df3d1,9003,lineSets[7].lines[0].dialogLine[4].text,Will you look at that?····· Breathtaking...
DateGreeting,,DateGreeting,92,190,767aa98f6914,9003,lineSets[7].lines[0].dialogLine[5].text,Really?····· *hahahahahaha*·········· It's a little romantic up here don't you think?
DateGreeting,,DateGreeting,93,190,79355629d300,9003,lineSets[7].lines[0].dialogLine[6].text,Wooow...····· Alright...····· I'm soaked already.*hahahaha*·····
DateGreeting,,DateGreeting,94,190,f8a802ea9cbc,9003,lineSets[7].lines[0].dialogLine[7].text,"Hey,····· you know about this spot too!?·········· Sometimes,····· I come up here to think."
DateGreeting,,DateGreeting,95,190,8fd92665202d,9003,lineSets[7].lines[0].dialogLine[8].text,This is definitely where you take a girl if you want to seduce her.
DateGreeting,,DateGreeting,96,190,58699958fcb5,9003,lineSets[7].lines[0].dialogLine[9].text,···It's so pretty up here!····· Thanks for taking me here.
DateGreeting,,DateGreeting,97,190,9b5c30950d3a,9003,lineSets[7].lines[0].dialogLine[10].text,Your planet really is a beautiful place...····· I almost don't want to leave.
DateGreeting,,DateGreeting,98,190,f5bb3fdb91dc,9003,lineSets[7].lines[0].dialogLine[11].text,Let's see how well the other girls have prepared you for me.
DateGreeting,,DateGreeting,99,190,dcaacd8263f3,9003,lineSets[8].label,casino
DateGreeting,,DateGreeting,100,190,4fe82c14e7f9,9003,lineSets[8].lines[0].dialogLine[0].text,My friend Nikki would love this!····· She's really into games.
DateGreeting,,DateGreeting,101,190,d5d0207ac553,9003,lineSets[8].lines[0].dialogLine[1].text,Now this is a night out!····· Stand back and watch the master!
DateGreeting,,DateGreeting,102,190,a75489542a69,9003,lineSets[8].lines[0].dialogLine[2].text,"I'm not usually one to gamble...········ but,····· we'll see how this goes!"
DateGreeting,,DateGreeting,103,190,b87f98231551,9003,lineSets[8].lines[0].dialogLine[3].text,*aaaacc*·····At least I can smoke in here.
DateGreeting,,DateGreeting,104,190,c9d616f77f4d,9003,lineSets[8].lines[0].dialogLine[4].text,This'll be fun!······· I bet I win more than you!
DateGreeting,,DateGreeting,105,190,209fe825406a,9003,lineSets[8].lines[0].dialogLine[5].text,"Well it's not an arcade,····· but····· I guess games are games."
DateGreeting,,DateGreeting,106,190,3436424e1ede,9003,lineSets[8].lines[0].dialogLine[6].text,You know the best part about a casino?····· Free·· drinks!········
DateGreeting,,DateGreeting,107,190,71cc37e4ce01,9003,lineSets[8].lines[0].dialogLine[7].text,··This is··· so exciting!··············· I hope I don't get too carried away...
DateGreeting,,DateGreeting,108,190,7fdc48b5b552,9003,lineSets[8].lines[0].dialogLine[8].text,They need to get some machines that take Hunie.····· That's all I've got.
DateGreeting,,DateGreeting,109,190,42cf47113903,9003,lineSets[8].lines[0].dialogLine[9].text,···What did that man mean when he asked for my I.D.?
DateGreeting,,DateGreeting,110,190,a0be6d3dbbfb,9003,lineSets[8].lines[0].dialogLine[10].text,The environment here is just like my planet...····· It makes me a little homesick.·····*hahahaha*
DateGreeting,,DateGreeting,111,190,0cab2c24f576,9003,lineSets[8].lines[0].dialogLine[11].text,Best of luck!··············· I have a feeling you're going to need it...
DateGreeting,,DateGreeting,112,190,519fc8b3b114,9003,lineSets[9].label,outdoor lounge
DateGreeting,,DateGreeting,113,190,cf3edc05e8dc,9003,lineSets[9].lines[0].dialogLine[0].text,This place is great...····· super chill.
DateGreeting,,DateGreeting,114,190,e7d579a4cdd2,9003,lineSets[9].lines[0].dialogLine[1].text,Is this where you take all the girls?····· Huh?
DateGreeting,,DateGreeting,115,190,13e084134280,9003,lineSets[9].lines[0].dialogLine[2].text,"Oh man...········ alright,··· I'm seduced already.*hahahahaha*···"
DateGreeting,,DateGreeting,116,190,a06b7fe992ff,9003,lineSets[9].lines[0].dialogLine[3].text,"Okay,······· I'm here.····· So, now what?"
DateGreeting,,DateGreeting,117,190,3034ab541b83,9003,lineSets[9].lines[0].dialogLine[4].text,"Hey,·· I'm glad you asked me out.······· This is really nice.·····"
DateGreeting,,DateGreeting,118,190,4c25b431052a,9003,lineSets[9].lines[0].dialogLine[5].text,"This isn't usually my sort of scene,········ but I'll admit it's kinda nice."
DateGreeting,,DateGreeting,119,190,59124ccfd227,9003,lineSets[9].lines[0].dialogLine[6].text,"Oh, I remember this place!····· I once blew a gu...····· uhhhh...····· never mind."
DateGreeting,,DateGreeting,120,190,98d3e9186434,9003,lineSets[9].lines[0].dialogLine[7].text,···It's like our own··· private oasis!··············· I'm glad to be here with you...
DateGreeting,,DateGreeting,121,190,0c7d1086388c,9003,lineSets[9].lines[0].dialogLine[8].text,Hey!····· This is where I showed you how to play.····· Remember?
DateGreeting,,DateGreeting,122,190,f6a9994cb203,9003,lineSets[9].lines[0].dialogLine[9].text,···Mmmmm...············ I'm so happy to be here with you master...
DateGreeting,,DateGreeting,123,190,851ee660f78c,9003,lineSets[9].lines[0].dialogLine[10].text,Thanks for inviting me out tonight.····· I'm glad to be here with you.
DateGreeting,,DateGreeting,124,190,32ba9baf1d6d,9003,lineSets[9].lines[0].dialogLine[11].text,*aacc*···*ccaaaacc*····· Do your worst...
DateGreeting,,DateGreeting,125,190,be2c0260b830,9003,lineSets[10].label,carnival
DateGreeting,,DateGreeting,126,190,af0f78d44786,9003,lineSets[10].lines[0].dialogLine[0].text,Anything but the roller coaster... I am not getting on that thing!*haha*
DateGreeting,,DateGreeting,127,190,c241fa4ac97b,9003,lineSets[10].lines[0].dialogLine[1].text,Let's go lose some rigged games!
DateGreeting,,DateGreeting,128,190,71f3ef0ac77f,9003,lineSets[10].lines[0].dialogLine[2].text,"I'm really excited,····· I don't usually get to go out like this since my son."
DateGreeting,,DateGreeting,129,190,6eef52a1eeed,9003,lineSets[10].lines[0].dialogLine[3].text,This is your idea of a date!?·····*aaaacc*····· Whatever!
DateGreeting,,DateGreeting,130,190,c63c9a79a2a6,9003,lineSets[10].lines[0].dialogLine[4].text,Thanks for taking me out.·········· The carnival was a neat idea.
DateGreeting,,DateGreeting,131,190,d6f2837de6d5,9003,lineSets[10].lines[0].dialogLine[5].text,"Let's go win some stupid shit,······· I've got the games here figured out."
DateGreeting,,DateGreeting,132,190,bfd8b38e9932,9003,lineSets[10].lines[0].dialogLine[6].text,"Wow!············· I kinda feel like a kid again.····· Oh,·· this'll be fun!"
DateGreeting,,DateGreeting,133,190,1fa189cc21ad,9003,lineSets[10].lines[0].dialogLine[7].text,"Whatever we do,····· just keep me away from all the junk food.·····*hahahaha*"
DateGreeting,,DateGreeting,134,190,cae2eb9ff8fe,9003,lineSets[10].lines[0].dialogLine[8].text,I actually kinda fit in here.····· I'll just··· pretend I'm in costume.
DateGreeting,,DateGreeting,135,190,d502cfec6963,9003,lineSets[10].lines[0].dialogLine[9].text,···Yaaay!····· I wanna play the fishy game!····· Come on!
DateGreeting,,DateGreeting,136,190,46e94c7a5592,9003,lineSets[10].lines[0].dialogLine[10].text,·····This is good.····· With all the colors and lights I'll really blend in.
DateGreeting,,DateGreeting,137,190,32aca2faf60a,9003,lineSets[10].lines[0].dialogLine[11].text,"A··· fair?·········· *aaaaaacc*······ Alright,········· as long as nobody touches me."
DateGreeting,,DateGreeting,138,190,8f67d50a3149,9003,lineSets[11].label,fancy restaurant
DateGreeting,,DateGreeting,139,190,7bacb4a243ed,9003,lineSets[11].lines[0].dialogLine[0].text,Are you sure this isn't too expensive!?····· I'd be fine with fast food.
DateGreeting,,DateGreeting,140,190,a097a813f66c,9003,lineSets[11].lines[0].dialogLine[1].text,Whooa...····· fancy···· shmancy.
DateGreeting,,DateGreeting,141,190,64460980adf9,9003,lineSets[11].lines[0].dialogLine[2].text,"I'll tell you one thing,··· this is certainly nicer than lunch at the food court.*hahahaha*·····"
DateGreeting,,DateGreeting,142,190,4780194c6bc8,9003,lineSets[11].lines[0].dialogLine[3].text,"*aaaacc*····· Oh, yeah.········ Reeaalllly Impressive."
DateGreeting,,DateGreeting,143,190,df32bd9e627a,9003,lineSets[11].lines[0].dialogLine[4].text,Hmmmm...····· I can't decide what I want.·········· I'll just get what you're having.
DateGreeting,,DateGreeting,144,190,8e2c39265493,9003,lineSets[11].lines[0].dialogLine[5].text,All these dishes sound gross.········ Let's skip to the dessert menu.
DateGreeting,,DateGreeting,145,190,b88677b51728,9003,lineSets[11].lines[0].dialogLine[6].text,Thanks for taking me out to dinner.····· You spoil me!·····
DateGreeting,,DateGreeting,146,190,aaf1d1decbc3,9003,lineSets[11].lines[0].dialogLine[7].text,Fancy...············· I can't believe we didn't have to make a reservation.
DateGreeting,,DateGreeting,147,190,7e0ccf45d6da,9003,lineSets[11].lines[0].dialogLine[8].text,"Don't worry,····· nobody can see me.····· People just think you're eating alone."
DateGreeting,,DateGreeting,148,190,dc623588a032,9003,lineSets[11].lines[0].dialogLine[9].text,···Ooooo!·········· I want dessert first!····· And second!····· And third!
DateGreeting,,DateGreeting,149,190,90957dd390c9,9003,lineSets[11].lines[0].dialogLine[10].text,I hope there aren't too many people here tonight...····· I stand out a little bit...
DateGreeting,,DateGreeting,150,190,b5799c0aab28,9003,lineSets[11].lines[0].dialogLine[11].text,I'm excited to see what you're really capable of...
DateGreeting,,DateGreeting,151,190,cd3403d4bd81,9003,lineSets[12].label,sex
DateGreeting,,DateGreeting,152,190,74186f38e644,9003,lineSets[12].lines[0].dialogLine[0].text,Ummm...·········· hi.·····*mhmhm*
DateGreeting,,DateGreeting,153,190,d40129cc3022,9003,lineSets[12].lines[0].dialogLine[1].text,What's the matter?······· See something you like?
DateGreeting,,DateGreeting,154,190,686c1044eaf9,9003,lineSets[12].lines[0].dialogLine[2].text,Soooo...····· whatcha wanna do...?
DateGreeting,,DateGreeting,155,190,935649ca1440,9003,lineSets[12].lines[0].dialogLine[3].text,I hope you know what you're doing.
DateGreeting,,DateGreeting,156,190,169ca0cedb2b,9003,lineSets[12].lines[0].dialogLine[4].text,I'm all yours.····· Come and get me.
DateGreeting,,DateGreeting,157,190,a88f6a3fec19,9003,lineSets[12].lines[0].dialogLine[5].text,"I don't...····· like...·· I'm not that good,·· or whatever.····· So····· like...····· yeeeah...·····"
DateGreeting,,DateGreeting,158,190,44aceddb76cb,9003,lineSets[12].lines[0].dialogLine[6].text,What do we have here?·········· Does your little friend want to come and visit me?
DateGreeting,,DateGreeting,159,190,9d8acc271f38,9003,lineSets[12].lines[0].dialogLine[7].text,Let's take it nice and slow...·········· okay?
DateGreeting,,DateGreeting,160,190,e70d7bb99175,9003,lineSets[12].lines[0].dialogLine[8].text,"*aaaccc*··Seriously,·········· tell me,······· how long have you been waiting for this to happen?"
DateGreeting,,DateGreeting,161,190,d292d988425b,9003,lineSets[12].lines[0].dialogLine[9].text,"···Master,··· you make me so happy all the time.····· I want to make you happy too..."
DateGreeting,,DateGreeting,162,190,b3f5b838466a,9003,lineSets[12].lines[0].dialogLine[10].text,My underside has become lubricated;····· I yearn to be touched.
DateGreeting,,DateGreeting,163,190,986d92609a31,9003,lineSets[12].lines[0].dialogLine[11].text,Come over here and claim your reward...····· I'm dripping with anticipation...
DateGreeting,,DateGreeting,164,190,cedaa665568c,9003,lineSets[12].lines[1].dialogLine[0].text,Uhhhh...············· I hope you like pink.················ I picked these out just for you.
DateGreeting,,DateGreeting,165,190,2372bdd197f2,9003,lineSets[12].lines[1].dialogLine[1].secondaryText,I'm a naughty teacher...····· and you've been a bad girl...
DateGreeting,,DateGreeting,166,190,d9507bee1490,9003,lineSets[12].lines[1].dialogLine[1].text,I'm a naughty teacher...····· and you've been a bad boy...
DateGreeting,,DateGreeting,167,190,edfa8bf8cbac,9003,lineSets[12].lines[1].dialogLine[2].text,Come on...····· quit staring at me like that...····· it's embarrassing...
DateGreeting,,DateGreeting,168,190,8280d04919ff,9003,lineSets[12].lines[1].dialogLine[3].text,What?····· Please tell me you're not a virgin.
DateGreeting,,DateGreeting,169,190,995a91873ad2,9003,lineSets[12].lines[1].dialogLine[4].text,Well...····· you've got a half naked woman in your bedroom.····· Now what?
DateGreeting,,DateGreeting,170,190,15cf4a9a83f2,9003,lineSets[12].lines[1].dialogLine[5].text,I know my boobs are kinda small...·········· so you don't have to pretend you like them.
DateGreeting,,DateGreeting,171,190,10294c6ef024,9003,lineSets[12].lines[1].dialogLine[6].text,"Don't worry baby,·········· you just lie back····· and let Jessie take care of everything."
DateGreeting,,DateGreeting,172,190,0d1b0a5c554b,9003,lineSets[12].lines[1].dialogLine[7].text,This is so embarrassing...·····*hahahaha*
DateGreeting,,DateGreeting,173,190,9a98aa79667b,9003,lineSets[12].lines[1].dialogLine[8].text,I'm not supposed to mix business with pleasure...····· I'll make an exception·· just this once.···
DateGreeting,,DateGreeting,174,190,610562b1c5d9,9003,lineSets[12].lines[1].dialogLine[9].text,···I think I know what to do.············ I saw pictures in those books you have under your bed...
DateGreeting,,DateGreeting,175,190,fa573bd90a78,9003,lineSets[12].lines[1].dialogLine[10].text,"I cannot control myself anymore,····· I need you in my body."
DateGreeting,,DateGreeting,176,190,30720eaee753,9003,lineSets[12].lines[1].dialogLine[11].text,"Tonight,····· my perfect body is like a vessel for your greatest desires...····· I'm yours to ravage..."
DateGreeting,,DateGreeting,177,190,4b9e3c4da5c8,9003,lineSets[12].lines[2].dialogLine[0].text,Not too rough...····· okay?
DateGreeting,,DateGreeting,178,190,9b5521dca301,9003,lineSets[12].lines[2].dialogLine[1].text,Word of advice...····· I like to be choked...
DateGreeting,,DateGreeting,179,190,3b9e53cb4081,9003,lineSets[12].lines[2].dialogLine[2].text,It's been a while.····· I'm a little nervous...····· but I'm excited.
DateGreeting,,DateGreeting,180,190,a7956eaf1277,9003,lineSets[12].lines[2].dialogLine[3].secondaryText,"Well,····· at least you're not lacking upstairs."
DateGreeting,,DateGreeting,181,190,e7ae6f1896cc,9003,lineSets[12].lines[2].dialogLine[3].text,"Well,····· at least you're not lacking downstairs."
DateGreeting,,DateGreeting,182,190,6416ae07453c,9003,lineSets[12].lines[2].dialogLine[4].text,Drop *ee*em'.····· Let's see what you've got...
DateGreeting,,DateGreeting,183,190,068c2084ce06,9003,lineSets[12].lines[2].dialogLine[5].text,Sorry if I screw something up.·········· I'm kinda new at this...
DateGreeting,,DateGreeting,184,190,a17dc59ce8ca,9003,lineSets[12].lines[2].dialogLine[6].text,I'm·· all·· yours·· honey...····· Do whatever you want with me...
DateGreeting,,DateGreeting,185,190,ea70cb0fe20b,9003,lineSets[12].lines[2].dialogLine[7].text,Uhhh...·················· I hope you like it.··············· I'm not very experienced...
DateGreeting,,DateGreeting,186,190,9aadd4458bdd,9003,lineSets[12].lines[2].dialogLine[8].text,"What am I doing?·····*cmcm* Oh my god.····· Alright,····· you're good.····· Clearly I've done my job well..."
DateGreeting,,DateGreeting,187,190,0fb06f987f8d,9003,lineSets[12].lines[2].dialogLine[9].text,···Master...····· my bottom is getting all sticky...
DateGreeting,,DateGreeting,188,190,a8629e7caef5,9003,lineSets[12].lines[2].dialogLine[10].text,"I can't wait any longer...····· please,····· make this feeling go away."
DateGreeting,,DateGreeting,189,190,4ac645a9d835,9003,lineSets[12].lines[2].dialogLine[11].text,You're about to experience a state of ecstasy like you've never...····· eveeer...····· felt before...
DateValediction,,DateValediction,0,195,728bded7dacd,9004,lineSets[0].label,success
DateValediction,,DateValediction,1,195,8f06217ecd6b,9004,lineSets[0].lines[0].dialogLine[0].text,Thank you!····· I had a really good time!
DateValediction,,DateValediction,2,195,acae4340888f,9004,lineSets[0].lines[0].dialogLine[1].text,"Hey,····· that was actually really nice.····· Thank you."
DateValediction,,DateValediction,3,195,93b472394d09,9004,lineSets[0].lines[0].dialogLine[2].text,"We should def do that again,····· like,····· super soon!"
DateValediction,,DateValediction,4,195,10c66cd67fa5,9004,lineSets[0].lines[0].dialogLine[3].text,I guess that wasn't a complete waste of time.
DateValediction,,DateValediction,5,195,7d346773463b,9004,lineSets[0].lines[0].dialogLine[4].text,And to think... I almost had to cancel.······· What a shame that'd have been.
DateValediction,,DateValediction,6,195,c99b238299fa,9004,lineSets[0].lines[0].dialogLine[5].text,Uhhh...····· thanks.····· That··· wasn't as bad as I thought.
DateValediction,,DateValediction,7,195,b552bfe01499,9004,lineSets[0].lines[0].dialogLine[6].text,"Wow,····· this is neat!······· You should take me out more often."
DateValediction,,DateValediction,8,195,1eae1fec8309,9004,lineSets[0].lines[0].dialogLine[7].text,I had wonderful time.·········· Thank you for inviting me.
DateValediction,,DateValediction,9,195,653ed5c2cd14,9004,lineSets[0].lines[0].dialogLine[8].secondaryText,Well look at this bitch.····· I think I've created a monster.
DateValediction,,DateValediction,10,195,1d7329989688,9004,lineSets[0].lines[0].dialogLine[8].text,Well look at this guy.····· I think I've created a monster.
DateValediction,,DateValediction,11,195,a33e7bfb99a6,9004,lineSets[0].lines[0].dialogLine[9].text,···That was the bestestest!
DateValediction,,DateValediction,12,195,8f2b9325c5a2,9004,lineSets[0].lines[0].dialogLine[10].text,You have exceptional dating abilities.
DateValediction,,DateValediction,13,195,52cd3ddbab2c,9004,lineSets[0].lines[0].dialogLine[11].text,I think I understand why Kyu was so curious about your potential...
DateValediction,,DateValediction,14,195,1cccdb4c21e0,9004,lineSets[0].lines[1].dialogLine[0].text,That··· was····· so······· much······· fun!··········· We'll have to do it again.
DateValediction,,DateValediction,15,195,bdf66dc005f3,9004,lineSets[0].lines[1].dialogLine[1].text,Clearly this isn't your first time around the block.
DateValediction,,DateValediction,16,195,3e9442eb2e43,9004,lineSets[0].lines[1].dialogLine[2].text,That was so awesome!····· Thanks for asking me out.
DateValediction,,DateValediction,17,195,70d1a8e64dc5,9004,lineSets[0].lines[1].dialogLine[3].text,What are you expecting to get in my pants now?····· You weren't THAT good.
DateValediction,,DateValediction,18,195,8f93dfcf41bf,9004,lineSets[0].lines[1].dialogLine[4].text,*hahahahaha*·····I haven't enjoyed myself like that in a while.
DateValediction,,DateValediction,19,195,c554edd2256d,9004,lineSets[0].lines[1].dialogLine[5].text,"Hmmmm...····· that was kinda··· alright,··· I guess."
DateValediction,,DateValediction,20,195,5d862c97dc90,9004,lineSets[0].lines[1].dialogLine[6].text,"Oh,····· it's been so long since I dated like this.········ I forgot how fun it could be."
DateValediction,,DateValediction,21,195,375369dc84a8,9004,lineSets[0].lines[1].dialogLine[7].text,"Wonderful!················ Let's do this again soon,·· okay?"
DateValediction,,DateValediction,22,195,f0e06fea16a7,9004,lineSets[0].lines[1].dialogLine[8].text,"Alright, you're gettin' good.·· Just don't get too cocky.·· No wait,··· do.··· Chicks dig that.·····"
DateValediction,,DateValediction,23,195,efae2ac2b544,9004,lineSets[0].lines[1].dialogLine[9].text,···Thank you for treating me out master!
DateValediction,,DateValediction,24,195,b73943b0d347,9004,lineSets[0].lines[1].dialogLine[10].text,I've throughly enjoyed this experience with you.
DateValediction,,DateValediction,25,195,847488496bad,9004,lineSets[0].lines[1].dialogLine[11].text,Marvelous!··············· You're living up to your reputation.
DateValediction,,DateValediction,26,195,4c7dd476706d,9004,lineSets[0].lines[2].dialogLine[0].text,"Thanks for taking me out,····· that was so nice of you."
DateValediction,,DateValediction,27,195,ebda938572bb,9004,lineSets[0].lines[2].dialogLine[1].text,Not··· bad!··············· I'll have to let you take me out again sometime.
DateValediction,,DateValediction,28,195,90db1cf82792,9004,lineSets[0].lines[2].dialogLine[2].text,"I gotta admit,········ I wasn't too sure about you at first."
DateValediction,,DateValediction,29,195,4cce5f65fedc,9004,lineSets[0].lines[2].dialogLine[3].text,You can wipe that look off your face.····· You got lucky this time.
DateValediction,,DateValediction,30,195,aa22bfaaab94,9004,lineSets[0].lines[2].dialogLine[4].text,"Mmmhmm,····· you're a keeper."
DateValediction,,DateValediction,31,195,97dceb2a72ce,9004,lineSets[0].lines[2].dialogLine[5].text,"Hey,····· not bad.·········· I guess I should have given you more credit."
DateValediction,,DateValediction,32,195,c7ca2573238a,9004,lineSets[0].lines[2].dialogLine[6].text,I could get used to this kind of treatment.·····*mcmcmc*···
DateValediction,,DateValediction,33,195,ac85dbb476fa,9004,lineSets[0].lines[2].dialogLine[7].text,Thank you so much.·········· Everything was just perfect!
DateValediction,,DateValediction,34,195,82cf065f166a,9004,lineSets[0].lines[2].dialogLine[8].text,About··· time!·········· I gotta say I wasn't sure if you were gonna pull it off.
DateValediction,,DateValediction,35,195,14d830a18726,9004,lineSets[0].lines[2].dialogLine[9].text,···Dating is really fun!········ I can't wait to go out again.
DateValediction,,DateValediction,36,195,26c6d9a59c9d,9004,lineSets[0].lines[2].dialogLine[10].text,I find myself excitedly anticipating our next date.
DateValediction,,DateValediction,37,195,9f76e1b6ec1b,9004,lineSets[0].lines[2].dialogLine[11].text,You're strategy is impeccable.······· I dare say I've learned a thing or two myself.
DateValediction,,DateValediction,38,195,3fe2ea4761f8,9004,lineSets[0].lines[3].dialogLine[0].secondaryText,You have got to be the coolest girl I know.
DateValediction,,DateValediction,39,195,697e77bf13bb,9004,lineSets[0].lines[3].dialogLine[0].text,You have got to be the coolest guy I know.
DateValediction,,DateValediction,40,195,07191c341bc7,9004,lineSets[0].lines[3].dialogLine[1].text,"Mmmmm,····· you certainly know how to carry yourself..."
DateValediction,,DateValediction,41,195,559248f03e3a,9004,lineSets[0].lines[3].dialogLine[2].text,"Before we leave I wanna post a pic of us,····· my friends are gonna be so jell!"
DateValediction,,DateValediction,42,195,eac09e0c4d31,9004,lineSets[0].lines[3].dialogLine[3].text,I'll admit I had a good time if you stop looking at me like that.
DateValediction,,DateValediction,43,195,814f601c237e,9004,lineSets[0].lines[3].dialogLine[4].text,"Awwww,····· I wish we could stay longer.····· I had a really great time."
DateValediction,,DateValediction,44,195,9680d912992d,9004,lineSets[0].lines[3].dialogLine[5].text,"Okay,··· okay,··· but don’t get too cocky."
DateValediction,,DateValediction,45,195,d987b037b376,9004,lineSets[0].lines[3].dialogLine[6].secondaryText,"I can tell you have some experience with this,····· and I like··· an experienced woman.·····"
DateValediction,,DateValediction,46,195,a227e8f32dbd,9004,lineSets[0].lines[3].dialogLine[6].text,"I can tell you have some experience with this,····· and I like··· an experienced man.·····"
DateValediction,,DateValediction,47,195,97b0dc7ee3ac,9004,lineSets[0].lines[3].dialogLine[7].text,It was really very nice of you to take me out like this!
DateValediction,,DateValediction,48,195,2995b742f857,9004,lineSets[0].lines[3].dialogLine[8].text,There may be some hope for you yet.····· Maybe.·····
DateValediction,,DateValediction,49,195,4e67eaf0bb04,9004,lineSets[0].lines[3].dialogLine[9].text,···Wow!····· You are really really really good at this!
DateValediction,,DateValediction,50,195,9553900a88cb,9004,lineSets[0].lines[3].dialogLine[10].text,Perfect...····· and we weren't even attacked by a tentacle monster!
DateValediction,,DateValediction,51,195,775afb1f0e8f,9004,lineSets[0].lines[3].dialogLine[11].text,Veeeerrry··· good.·········· You may have just earned yourself another date.
DateValediction,,DateValediction,52,195,fafff016e3ac,9004,lineSets[0].lines[4].dialogLine[0].text,"Awww,····· you're the best.····· Thanks for taking me out!"
DateValediction,,DateValediction,53,195,3c13935eea4d,9004,lineSets[0].lines[4].dialogLine[1].text,"You are····· something else, you know that?"
DateValediction,,DateValediction,54,195,e7167ac4789d,9004,lineSets[0].lines[4].dialogLine[2].text,So fun!····· I had no idea this place could be such a great time.
DateValediction,,DateValediction,55,195,934b81ca1245,9004,lineSets[0].lines[4].dialogLine[3].text,"Yeah,······· so I had a good time.····· Don't make such a big deal out of it!"
DateValediction,,DateValediction,56,195,417c1557038c,9004,lineSets[0].lines[4].dialogLine[4].text,I'm glad I decided to join you.····· It was a fun date.
DateValediction,,DateValediction,57,195,1001b6d1940c,9004,lineSets[0].lines[4].dialogLine[5].text,I've got my eye on you...
DateValediction,,DateValediction,58,195,45526f8ae6cf,9004,lineSets[0].lines[4].dialogLine[6].text,*hahahaha*·····*ha*···You just keep on surprising me...
DateValediction,,DateValediction,59,195,8103b3fa0d2e,9004,lineSets[0].lines[4].dialogLine[7].text,I'm so pleased!··············· I hope we can go out like this again.
DateValediction,,DateValediction,60,195,65917948fccb,9004,lineSets[0].lines[4].dialogLine[8].text,"Niiiice.············ See,·· I knew you had it in ya."
DateValediction,,DateValediction,61,195,1a6735ac403d,9004,lineSets[0].lines[4].dialogLine[9].text,"···Master,·········· I'm so happy when you spend time with me..."
DateValediction,,DateValediction,62,195,cd5ccdea02a6,9004,lineSets[0].lines[4].dialogLine[10].text,Remarkable work.····· You exceeded my expectations.
DateValediction,,DateValediction,63,195,121aef24124e,9004,lineSets[0].lines[4].dialogLine[11].secondaryText,Now this is a woman of the highest caliber.
DateValediction,,DateValediction,64,195,e317ce441121,9004,lineSets[0].lines[4].dialogLine[11].text,Now this is a man of the highest caliber.
DateValediction,,DateValediction,65,195,eb91cdd9675f,9004,lineSets[0].lines[5].dialogLine[0].text,I'm glad I skipped out on studying to come here with you...
DateValediction,,DateValediction,66,195,bd5da5e08ab5,9004,lineSets[0].lines[5].dialogLine[1].secondaryText,About time a woman who knows what she's doing shows up in my life.
DateValediction,,DateValediction,67,195,e97335795ad3,9004,lineSets[0].lines[5].dialogLine[1].text,About time a man who knows what he's doing shows up in my life.
DateValediction,,DateValediction,68,195,a9f4acd1bac7,9004,lineSets[0].lines[5].dialogLine[2].text,Did you take an awesome class or something?····· Where did you learn to be so awesome?
DateValediction,,DateValediction,69,195,7956e223a3f6,9004,lineSets[0].lines[5].dialogLine[3].text,"Not bad.·········· I've been on worse dates,····· I'll admit that much."
DateValediction,,DateValediction,70,195,4373e6ff4b91,9004,lineSets[0].lines[5].dialogLine[4].text,"Well,··· you know how to show a girl a nice time,····· I'll grant you that!"
DateValediction,,DateValediction,71,195,98d2a8d095f3,9004,lineSets[0].lines[5].dialogLine[5].text,I underestimated you.············ I'm sorry about that.
DateValediction,,DateValediction,72,195,473384d5251c,9004,lineSets[0].lines[5].dialogLine[6].text,Mmmm...····· you're so sexy when you're victorious.
DateValediction,,DateValediction,73,195,6ec54714048a,9004,lineSets[0].lines[5].dialogLine[7].text,That was such a nice date.·········· I hope you enjoyed it as much as I did!
DateValediction,,DateValediction,74,195,0f7cbd322332,9004,lineSets[0].lines[5].dialogLine[8].secondaryText,Our little girl is growing up!
DateValediction,,DateValediction,75,195,4a5a3beefcad,9004,lineSets[0].lines[5].dialogLine[8].text,Our little boy is growing up!
DateValediction,,DateValediction,76,195,b788c49672e1,9004,lineSets[0].lines[5].dialogLine[9].text,···*hehehehe*·····Yeah!
DateValediction,,DateValediction,77,195,0aaa26778ae9,9004,lineSets[0].lines[5].dialogLine[10].secondaryText,Excellent.····· The females of my species would be jealous.
DateValediction,,DateValediction,78,195,def86da4e83f,9004,lineSets[0].lines[5].dialogLine[10].text,Excellent.····· The males of my species would be jealous.
DateValediction,,DateValediction,79,195,a9f3905eb5e2,9004,lineSets[0].lines[5].dialogLine[11].text,"I admit,·············· I'm rather impressed.·········· I rarely see talent at this level."
DateValediction,,DateValediction,80,195,01d684d2e437,9004,lineSets[1].label,failure
DateValediction,,DateValediction,81,195,1aeb7a15a192,9004,lineSets[1].lines[0].dialogLine[0].text,Heh...····· that didn't go exactly as I hoped it would...
DateValediction,,DateValediction,82,195,fddb7615ff5d,9004,lineSets[1].lines[0].dialogLine[1].text,Can we just get out of here please?
DateValediction,,DateValediction,83,195,9728732f0087,9004,lineSets[1].lines[0].dialogLine[2].text,"Ewwww,····· just,····· no."
DateValediction,,DateValediction,84,195,91c86c5000d5,9004,lineSets[1].lines[0].dialogLine[3].text,"*aaaacc*·····Puh-leese,············ you've got to be able to do better than that."
DateValediction,,DateValediction,85,195,8d64dc6aa626,9004,lineSets[1].lines[0].dialogLine[4].text,If you're going to ask a girl out··· you should at least be prepared.
DateValediction,,DateValediction,86,195,47f7dedb2dc7,9004,lineSets[1].lines[0].dialogLine[5].secondaryText,"Yep,····· just like I thought.····· You broads are all the same."
DateValediction,,DateValediction,87,195,9afcea88f068,9004,lineSets[1].lines[0].dialogLine[5].text,"Yep,····· just like I thought.····· You guys are all the same."
DateValediction,,DateValediction,88,195,310a7595f6f9,9004,lineSets[1].lines[0].dialogLine[6].secondaryText,"You see,····· this is why I don't really ""date""··· women...·····"
DateValediction,,DateValediction,89,195,87bb145c50dc,9004,lineSets[1].lines[0].dialogLine[6].text,"You see,····· this is why I don't really ""date""··· men...·····"
DateValediction,,DateValediction,90,195,ad9126a32ed4,9004,lineSets[1].lines[0].dialogLine[7].text,Is there something wrong?·········· Do you not like spending time with me?
DateValediction,,DateValediction,91,195,8ff2ff4f293e,9004,lineSets[1].lines[0].dialogLine[8].text,"Could you please suck more at match-three?····· That would be great,··· thanks.·····"
DateValediction,,DateValediction,92,195,15c50914b443,9004,lineSets[1].lines[0].dialogLine[9].text,"···Master,··· are you playing a trick on me? That's not very nice!···"
DateValediction,,DateValediction,93,195,f1b67710b529,9004,lineSets[1].lines[0].dialogLine[10].secondaryText,Are all females of your species this incompetent?
DateValediction,,DateValediction,94,195,83cf5b1d7115,9004,lineSets[1].lines[0].dialogLine[10].text,Are all males of your species this incompetent?
DateValediction,,DateValediction,95,195,e3728f133b57,9004,lineSets[1].lines[0].dialogLine[11].text,*aaaacc*....another unworthy suitor.
DateValediction,,DateValediction,96,195,ad7f0ffd45bc,9004,lineSets[1].lines[1].dialogLine[0].text,Oh...············· I guess I was expecting something else.
DateValediction,,DateValediction,97,195,8b289ff2620c,9004,lineSets[1].lines[1].dialogLine[1].text,Booooorrrring!
DateValediction,,DateValediction,98,195,9542e569e2e2,9004,lineSets[1].lines[1].dialogLine[2].text,"That's just great,····· can we go now?"
DateValediction,,DateValediction,99,195,b121d05cfee3,9004,lineSets[1].lines[1].dialogLine[3].text,"Ugh,····· god.····· What the fuck was that?"
DateValediction,,DateValediction,100,195,c9339e69f87f,9004,lineSets[1].lines[1].dialogLine[4].text,Well that was certainly...····· unexpected.
DateValediction,,DateValediction,101,195,209965ac88df,9004,lineSets[1].lines[1].dialogLine[5].secondaryText,"What the hell?····· Ughh,····· this is why I don't bother with girls."
DateValediction,,DateValediction,102,195,113daf2931e7,9004,lineSets[1].lines[1].dialogLine[5].text,"What the hell?····· Ughh,····· this is why I don't bother with guys."
DateValediction,,DateValediction,103,195,5f30f3f0e097,9004,lineSets[1].lines[1].dialogLine[6].text,"Honestly, hun...····· not exactly what I was hoping for."
DateValediction,,DateValediction,104,195,0be319fa1e25,9004,lineSets[1].lines[1].dialogLine[7].text,No worries...·········· perhaps tomorrow will to be a brighter day.
DateValediction,,DateValediction,105,195,3fd0478206d2,9004,lineSets[1].lines[1].dialogLine[8].text,Really?····· I know I've taught you better than that.
DateValediction,,DateValediction,106,195,dfe9e2516f85,9004,lineSets[1].lines[1].dialogLine[9].text,···Should I go?····· Do you not want me here?
DateValediction,,DateValediction,107,195,339c2c783c23,9004,lineSets[1].lines[1].dialogLine[10].text,Perhaps I have to readjust my expectations for next time...
DateValediction,,DateValediction,108,195,5aadcb1bfb38,9004,lineSets[1].lines[1].dialogLine[11].text,Is that really the best you can do?····· *aaacc*
DateValediction,,DateValediction,109,195,486d5c538342,9004,lineSets[1].lines[2].dialogLine[0].text,"Sorry,····· but I think I'd like to go now."
DateValediction,,DateValediction,110,195,8c4dbfd51dad,9004,lineSets[1].lines[2].dialogLine[1].text,What an ass.
DateValediction,,DateValediction,111,195,c62e35562822,9004,lineSets[1].lines[2].dialogLine[2].text,"I think I deserve a little better than that,····· don't you?"
DateValediction,,DateValediction,112,195,b38019041203,9004,lineSets[1].lines[2].dialogLine[3].text,"Uhhh,····· can you explain to me what exactly you were trying to do?"
DateValediction,,DateValediction,113,195,70f6021045d3,9004,lineSets[1].lines[2].dialogLine[4].text,I really think I should just be going now.
DateValediction,,DateValediction,114,195,a98f91466f73,9004,lineSets[1].lines[2].dialogLine[5].text,"Maaaaaybe·· I'm just missing something,····· but I thought dates were supposed to be fun."
DateValediction,,DateValediction,115,195,1f5ee15f39b8,9004,lineSets[1].lines[2].dialogLine[6].text,"Mm,·· mm,·· mm.·········· What am I gonna do with you?"
DateValediction,,DateValediction,116,195,bed643712ca0,9004,lineSets[1].lines[2].dialogLine[7].text,I'm a little disappointed...·········· but it's alright.
DateValediction,,DateValediction,117,195,0a549ea9fbb5,9004,lineSets[1].lines[2].dialogLine[8].text,"The objective··· is·· to win.······· We're··· clear on that,······· right?"
DateValediction,,DateValediction,118,195,f63ab3c2530f,9004,lineSets[1].lines[2].dialogLine[9].text,···I'm confused...····· I thought you said dating was fun?
DateValediction,,DateValediction,119,195,252e544c45f5,9004,lineSets[1].lines[2].dialogLine[10].text,"You're not terribly adept for this, are you?"
DateValediction,,DateValediction,120,195,0a258cee3da1,9004,lineSets[1].lines[2].dialogLine[11].text,Disgraceful...··············· what am I to think after an embarrassment like that?
DateValediction,,DateValediction,121,195,ec1a495729c2,9004,lineSets[1].lines[3].dialogLine[0].text,"I had a good time...············· I'm just tired,····· that's all."
DateValediction,,DateValediction,122,195,847b09493c45,9004,lineSets[1].lines[3].dialogLine[1].text,"*aaaaaaaacc*···I'm sorry,············· was that supposed to be romantic?"
DateValediction,,DateValediction,123,195,aff7752daaa4,9004,lineSets[1].lines[3].dialogLine[2].text,You really don't seem like yourself today...
DateValediction,,DateValediction,124,195,d11a23f06136,9004,lineSets[1].lines[3].dialogLine[3].text,"Could you maybe like,····· put in some effort next time?"
DateValediction,,DateValediction,125,195,793a6469ca50,9004,lineSets[1].lines[3].dialogLine[4].text,"Oh... no,··· it's ok.······· I don’t mind..."
DateValediction,,DateValediction,126,195,c964c8805665,9004,lineSets[1].lines[3].dialogLine[5].text,I'm such an idiot for thinking this was gonna go any other way.
DateValediction,,DateValediction,127,195,00ba1c655dd5,9004,lineSets[1].lines[3].dialogLine[6].text,"Yeah,········ we can leave now...····· thanks.·····"
DateValediction,,DateValediction,128,195,9736bc194724,9004,lineSets[1].lines[3].dialogLine[7].text,I'm getting the sense you're a little out of sync today...
DateValediction,,DateValediction,129,195,25a74d43e2dc,9004,lineSets[1].lines[3].dialogLine[8].text,"Could you please··· just not?····· Like,····· ever again?····· Yeah, thanks."
DateValediction,,DateValediction,130,195,f7bb8c577976,9004,lineSets[1].lines[3].dialogLine[9].text,"···What?············· Awww, but, but... how come?"
DateValediction,,DateValediction,131,195,bd051c3b92e6,9004,lineSets[1].lines[3].dialogLine[10].text,...and here I was looking forward to this.
DateValediction,,DateValediction,132,195,56d593fdb789,9004,lineSets[1].lines[3].dialogLine[11].text,"What a terrible,··· terrible shame."
DateValediction,,DateValediction,133,195,64804cea194b,9004,lineSets[1].lines[4].dialogLine[0].text,It's ok...············ maybe things will turn out better next time.
DateValediction,,DateValediction,134,195,a7dae209aeef,9004,lineSets[1].lines[4].dialogLine[1].text,I'd almost rather be teaching class right now...
DateValediction,,DateValediction,135,195,7e64fec631c3,9004,lineSets[1].lines[4].dialogLine[2].text,"I'm tired,····· let's go.····· Maybe we can try again another day."
DateValediction,,DateValediction,136,195,d7256d947320,9004,lineSets[1].lines[4].dialogLine[3].text,"Well,····· that was a total blowout.····· Thanks for wasting my fucking time."
DateValediction,,DateValediction,137,195,95ba887f69a6,9004,lineSets[1].lines[4].dialogLine[4].text,Something just feels····· off.············· Maybe we'll have better luck another time...
DateValediction,,DateValediction,138,195,16f717eba0df,9004,lineSets[1].lines[4].dialogLine[5].text,Blaaaah...
DateValediction,,DateValediction,139,195,3e27caefa86c,9004,lineSets[1].lines[4].dialogLine[6].text,What a piece of work!·········· Surely you can do better than that.
DateValediction,,DateValediction,140,195,9e54603a656d,9004,lineSets[1].lines[4].dialogLine[7].text,I don't feel you're being very mindful of my needs.
DateValediction,,DateValediction,141,195,f96f81f28da9,9004,lineSets[1].lines[4].dialogLine[8].text,Swing and a miss!
DateValediction,,DateValediction,142,195,da3d9459d0ef,9004,lineSets[1].lines[4].dialogLine[9].text,"···What's that phrase?··········· Oh, yeah.············· You really need to work on your game, master."
DateValediction,,DateValediction,143,195,484c34daf9ee,9004,lineSets[1].lines[4].dialogLine[10].text,That's not exactly how I pictured an earth date...
DateValediction,,DateValediction,144,195,8283f7cf4e5d,9004,lineSets[1].lines[4].dialogLine[11].text,Absolutely·· shameful.············ You're in the presence of a goddess!
DateValediction,,DateValediction,145,195,343289d2653b,9004,lineSets[1].lines[5].dialogLine[0].text,Are you not feeling well or something?
DateValediction,,DateValediction,146,195,6547d1f3762b,9004,lineSets[1].lines[5].dialogLine[1].text,Don't beat yourself up over it.······· It's not the first shitty date I've had.
DateValediction,,DateValediction,147,195,873a5a98e3ee,9004,lineSets[1].lines[5].dialogLine[2].text,I can't believe I missed a workout getting ready for this.
DateValediction,,DateValediction,148,195,e9c39e65bce2,9004,lineSets[1].lines[5].dialogLine[3].text,"Oh·· my··· god,·········· kill me now so I don't have to go through that again."
DateValediction,,DateValediction,149,195,9a0ef0f5e344,9004,lineSets[1].lines[5].dialogLine[4].text,I'm sorry but I expect a little more than that.
DateValediction,,DateValediction,150,195,e449b89f337c,9004,lineSets[1].lines[5].dialogLine[5].text,"Hey,··· look,··· it's whatever.·········· I guess I can let it slide if you promise it's just this once."
DateValediction,,DateValediction,151,195,69f9d4993500,9004,lineSets[1].lines[5].dialogLine[6].text,Don't worry sweetie...····· everybody has an off day once in a while...
DateValediction,,DateValediction,152,195,232b0a63e6b0,9004,lineSets[1].lines[5].dialogLine[7].text,Oh··· well...········ we should really be on our way anyway;········ things to do.
DateValediction,,DateValediction,153,195,4e46cd8b5234,9004,lineSets[1].lines[5].dialogLine[8].secondaryText,It's too late in the game for you to be pulling this shit sister.
DateValediction,,DateValediction,154,195,c7a53882ef66,9004,lineSets[1].lines[5].dialogLine[8].text,It's too late in the game for you to be pulling this shit bro.
DateValediction,,DateValediction,155,195,8a50ea9a9771,9004,lineSets[1].lines[5].dialogLine[9].text,"···Awww,····· you'll do it next time! I believe in you!"
DateValediction,,DateValediction,156,195,e9abdf9cf0f2,9004,lineSets[1].lines[5].dialogLine[10].text,Is that how human dating is supposed to be?····· You're a strange species...
DateValediction,,DateValediction,157,195,d6e30e861532,9004,lineSets[1].lines[5].dialogLine[11].text,If you're to claim a goddess····· you're going to have to do a lot better than that.
DateValediction,,DateValediction,158,195,7fb6a7f2b236,9004,lineSets[2].label,sex
DateValediction,,DateValediction,159,195,3779a9fc6bb9,9004,lineSets[2].lines[0].dialogLine[0].text,Hey...····· ummm...·········· you can ask me back to your place...····· if you want to.
DateValediction,,DateValediction,160,195,0be8c4e7ce72,9004,lineSets[2].lines[0].dialogLine[1].text,How about I come over tonight for a··· private lesson?
DateValediction,,DateValediction,161,195,9047160cba74,9004,lineSets[2].lines[0].dialogLine[2].text,"I gotta call my babysitter,····· because I don't think I'm coming home tonight..."
DateValediction,,DateValediction,162,195,c804c82cd962,9004,lineSets[2].lines[0].dialogLine[3].text,"Mmm,··· I'm horny.····· Sooo,··· let's fuck."
DateValediction,,DateValediction,163,195,cc4640f27ebe,9004,lineSets[2].lines[0].dialogLine[4].text,Well...····· the night isn't over yet.········ Maybe we could continue this somewhere...····· else?
DateValediction,,DateValediction,164,195,9cd3b87ce999,9004,lineSets[2].lines[0].dialogLine[5].text,··········Ummmmm...·· we can...····· hang out some more...····· or whatever.
DateValediction,,DateValediction,165,195,16908b6eac05,9004,lineSets[2].lines[0].dialogLine[6].text,Mmmm...····· You're so good to me.······· How about I return the favor...?
DateValediction,,DateValediction,166,195,45a7829b3cc9,9004,lineSets[2].lines[0].dialogLine[7].text,"I don't have anywhere else to be tonight...··············· if you wanted to,·········· maybe,·········· do something else?"
DateValediction,,DateValediction,167,195,457f4e12507c,9004,lineSets[2].lines[0].dialogLine[8].text,"Fuck,·· man...····· I'm super horny.···············*aacc* I guess you'll have to do!"
DateValediction,,DateValediction,168,195,4cdd73591ce0,9004,lineSets[2].lines[0].dialogLine[9].text,···Master...·· *III*I... uhhh...····· you can take me home now...
DateValediction,,DateValediction,169,195,48e5ea60875f,9004,lineSets[2].lines[0].dialogLine[10].text,"I can no longer overcome my sexual instincts.····· Please,······· let's return to your living quarters."
DateValediction,,DateValediction,170,195,bfcc8f00bd9d,9004,lineSets[2].lines[0].dialogLine[11].text,I feel so...····· powerless.····· I have to have you...
DateValediction,,DateValediction,171,195,2bf5f142a75b,9004,lineSets[2].lines[1].dialogLine[0].text,"Do you want to like...····· I mean...········· like,······· watch a movie at your apartment·· or something?"
DateValediction,,DateValediction,172,195,605b1c11931a,9004,lineSets[2].lines[1].dialogLine[1].text,You're not going to make me go home all by myself are you?
DateValediction,,DateValediction,173,195,bf54ff6800bb,9004,lineSets[2].lines[1].dialogLine[2].text,"Hey...····· soooo,····· you wanna····· maybe move this party····· back to your place?"
DateValediction,,DateValediction,174,195,e973de1ffe97,9004,lineSets[2].lines[1].dialogLine[3].text,So I kinda feel like getting laid right now.····· Looks like it's your lucky day.
DateValediction,,DateValediction,175,195,da24bdc8ea3d,9004,lineSets[2].lines[1].dialogLine[4].text,Sooo...····· this outfit is starting to get uncomfortable.········· Maybe you can help me out of it...?
DateValediction,,DateValediction,176,195,d7b8d74b66ca,9004,lineSets[2].lines[1].dialogLine[5].text,"Hey,····· sooooooo...··········  yeah...··· Is there anything else you wanted to do tonight?"
DateValediction,,DateValediction,177,195,ec221f0c1bfe,9004,lineSets[2].lines[1].dialogLine[6].text,Mmmm...·· I'm so turned on right now I could explode.····· Let's get out of here...
DateValediction,,DateValediction,178,195,3c3f8f973bfd,9004,lineSets[2].lines[1].dialogLine[7].text,"Ummm,········ I'm not really sure how to ask this...············· but,············· can we head back to your room?"
DateValediction,,DateValediction,179,195,eaf4e5d4ea51,9004,lineSets[2].lines[1].dialogLine[8].text,Meet me back at your place.
DateValediction,,DateValediction,180,195,3769617968f3,9004,lineSets[2].lines[1].dialogLine[9].text,···I feel really warm inside...····· like I wanna hug you a whole lot...
DateValediction,,DateValediction,181,195,994667561db5,9004,lineSets[2].lines[1].dialogLine[10].text,My body is feeling warm and my breathing has deepened.······· I believe I am now in heat.·····
DateValediction,,DateValediction,182,195,3b94b83221e4,9004,lineSets[2].lines[1].dialogLine[11].text,I can't resist it any longer...····· I insist you take me back to your bedroom.
DateValediction,,DateValediction,183,195,602c75750720,9004,lineSets[2].lines[2].dialogLine[0].text,I don't think I'm ready for this date to be over...
DateValediction,,DateValediction,184,195,a4fa797e1ee5,9004,lineSets[2].lines[2].dialogLine[1].text,Okay...········ I'm·· horny·· as·· fuck.·········· Let's go back to your apartment.
DateValediction,,DateValediction,185,195,053fdb482d8e,9004,lineSets[2].lines[2].dialogLine[2].text,Come on dude...····· I'm not going to invite myself over...
DateValediction,,DateValediction,186,195,83efa2aefd55,9004,lineSets[2].lines[2].dialogLine[3].text,"Alright,····· whatever,····· I guess you've earned it.····· Take me back to your place."
DateValediction,,DateValediction,187,195,d47ac90793a2,9004,lineSets[2].lines[2].dialogLine[4].text,*aaaaaacccc*·····I'm··· tired.············· Maybe I'll just stay over tonight.····· Is that okay...?
DateValediction,,DateValediction,188,195,986071f651d5,9004,lineSets[2].lines[2].dialogLine[5].text,So··· like...········ you know.··············· Don't make me spell it out...····· I think we both know what's up.
DateValediction,,DateValediction,189,195,5d7f44f97d77,9004,lineSets[2].lines[2].dialogLine[6].text,I think you deserve a reward for all your hard work.····· Whataya say?·····
DateValediction,,DateValediction,190,195,3539f685d97e,9004,lineSets[2].lines[2].dialogLine[7].text,"I...············· don't think I'm going··· home tonight.············ I mean,·········· if that's alright with you..."
DateValediction,,DateValediction,191,195,a36716be0ae0,9004,lineSets[2].lines[2].dialogLine[8].text,"Alright,····· let's go,····· these pants aren't going to get in themselves."
DateValediction,,DateValediction,192,195,f82beadd788e,9004,lineSets[2].lines[2].dialogLine[9].text,···Let's go back home.····· I have a surprise I wanna show you...
DateValediction,,DateValediction,193,195,13a7aa773d6b,9004,lineSets[2].lines[2].dialogLine[10].text,"My reproductive hormones are filling my mind with strong desires,····· I need to copulate."
DateValediction,,DateValediction,194,195,22266aab3a0c,9004,lineSets[2].lines[2].dialogLine[11].text,"This feeling...·· I can hardly control myself...····· I must have you,····· now.··········"
GameEnding,,,0,27,24cde7829837,8635,steps[0].sceneLine.dialogLine.text,Whohohoooa!!····· That.·········· Was.·········· Awesome!·········· I saw the whole thing.····· I can't believe you nailed my boss!
GameEnding,,,1,27,ab0a02681c6f,8635,steps[1].sceneLine.dialogLine.text,"I mean····· I've heard stories,····· but I've never seen anybody actually pull it off."
GameEnding,,,2,27,f5163b468bf1,8635,steps[2].sceneLine.dialogLine.text,*cccc*·····Was she as good as I imagine?
GameEnding,,,3,27,c5dfffed7475,8635,steps[3].responseOptions[0].steps[0].sceneLine.dialogLine.text,"Awwww··· man!····· Alright····· stop,····· stop.····· I can't believe I'm jealous of you right now."
GameEnding,,,4,27,ff569ebaedf0,8635,steps[3].responseOptions[0].text,She was incredible. There are no words to describe that kind of pleasure.
GameEnding,,,5,27,2cc9fb505323,8635,steps[3].responseOptions[1].steps[0].sceneLine.dialogLine.text,"*hehe*Yo,····· shut······· up.········· You're killin' my dream.····· You know you loved it."
GameEnding,,,6,27,646f12a36ea2,8635,steps[3].responseOptions[2].steps[0].sceneLine.dialogLine.text,"*hahahaha*·····Well,····· yeah,····· I am pretty good..."
GameEnding,,,7,27,309a5e1149a3,8635,steps[4].sceneLine.dialogLine.text,"Mmmmm,····· I'm not even sure what else to say."
GameEnding,,,8,27,dddfef405312,8635,steps[5].sceneLine.dialogLine.text,It feels like just a couple of days ago you could barely get a sentence out in front of a cute girl.
GameEnding,,,9,27,f2d7c01b7054,8635,steps[6].sceneLine.dialogLine.text,Now you're bangin' 'em out left and right.·····*cccc*····· I guess I'm better at my job than I thought...
GameEnding,,,10,27,d016e73c2e55,8635,steps[7].responseOptions[0].steps[0].sceneLine.dialogLine.text,Oh··· please!····· You'd still be crying yourself to sleep if it wasn't for me.
GameEnding,,,11,27,17c573240dfa,8635,steps[7].responseOptions[1].steps[0].sceneLine.dialogLine.text,"Yeah,····· pretty much.····· What can I say?····· I'm kind of a slut."
GameEnding,,,12,27,6dcd94ecac93,8635,steps[7].responseOptions[1].text,"Wait, so like, do you have sex with all your clients?"
GameEnding,,,13,27,4806f8a8bcf7,8635,steps[7].responseOptions[2].steps[0].sceneLine.dialogLine.text,"Don't mention it.····· It's like I said,··· I'm just doing my job."
GameEnding,,,14,27,b6d99ed2c56b,8635,steps[7].responseOptions[2].text,You're the best. Thanks for everything you taught me.
GameEnding,,,15,27,92cea946bc44,8635,steps[8].sceneLine.dialogLine.text,"I'll admit it though, you did good.····· Real good.····· I'm proud of ya!"
GameEnding,,,16,27,e124e755783f,8635,steps[9].sceneLine.dialogLine.text,There's really only one place to go from here...····· one final challenge.········· If you think you're up for it...
GameEnding,,,17,27,dfe591639853,8635,steps[10].responseOptions[0].steps[0].sceneLine.dialogLine.text,*cccc*·····Why you gotta be like that?····· Will you cut me a break over here?
GameEnding,,,18,27,a84489f1f1a5,8635,steps[10].responseOptions[0].text,Didn't Venus say she was the final challenge?
GameEnding,,,19,27,2e9d23be6bbb,8635,steps[10].responseOptions[1].steps[0].sceneLine.dialogLine.text,That's what I'm talkin' about!········ I had a feeling you'd be down.
GameEnding,,,20,27,2ac0edc61c5c,8635,steps[10].responseOptions[2].steps[0].sceneLine.dialogLine.text,Uhhhh...····· what?········· Whatever.··········· I'll explain it anyway incase you change your mind.
GameEnding,,,21,27,4335fa13e60b,8635,steps[11].sceneLine.dialogLine.text,"The final challenge is called ""Alpha Mode"".····· In alpha mode,····· the difficulty will be locked into the ""Hard"" setting."
GameEnding,,,22,27,22e0c4c75c60,8635,steps[12].sceneLine.dialogLine.text,"Dates will continue to increase in difficulty, indefinitely.····· The question is,··· how far can you get?"
GameEnding,,,23,27,c80f73c1eb6e,8635,steps[13].sceneLine.dialogLine.text,"Sounds fun,····· right?·········· It is!·············· But,············ we need to make sure you're really prepared for it."
GameEnding,,,24,27,03e61e90a658,8635,steps[14].sceneLine.dialogLine.text,"So before I activate ""Alpha Mode"",····· I'm going to need you to fork over those panties."
GameEnding,,,25,27,275b83e37475,8635,steps[15].sceneLine.dialogLine.text,All together I need twelve pairs of panties from you;····· each pair from a different girl.
GameEnding,,,26,27,26c42468faea,8635,steps[16].sceneLine.dialogLine.text,"So if you got 'em,····· hand 'em over!····· I'll be waiting!"
GameOpeningPart1,,GameOpeningPart,0,27,fa3b6a5f47c5,8636,steps[0].sceneLine.dialogLine.text,Hi there!
GameOpeningPart1,,GameOpeningPart,1,27,b7563e7c343c,8636,steps[1].responseOptions[0].steps[0].sceneLine.dialogLine.text,"Wow,····· okay.····· Could I get you to maybe take it down a notch?· I'm· right here."
GameOpeningPart1,,GameOpeningPart,2,27,0364e6c91b5b,8636,steps[1].responseOptions[1].steps[0].sceneLine.dialogLine.text,"Ummm, hello?·········· Is anybody home?"
GameOpeningPart1,,GameOpeningPart,3,27,aa86cbb949d0,8636,steps[1].responseOptions[2].steps[0].sceneLine.dialogLine.text,"Yeah, you!"
GameOpeningPart1,,GameOpeningPart,4,27,0f5141fcd1de,8636,steps[2].responseOptions[0].steps[0].sceneLine.dialogLine.text,"Well you're talking to one now,··· champ."
GameOpeningPart1,,GameOpeningPart,5,27,4aec05609b0c,8636,steps[2].responseOptions[0].text,"Oh, sorry. I just... don't talk to many girls."
GameOpeningPart1,,GameOpeningPart,6,27,41ee21ca348a,8636,steps[2].responseOptions[1].steps[0].sceneLine.dialogLine.text,I know right?····· It's crazy.
GameOpeningPart1,,GameOpeningPart,7,27,c95409e4f987,8636,steps[2].responseOptions[2].steps[0].sceneLine.dialogLine.text,"Ooo···kaaaayy,········ maybe we can take a step back here."
GameOpeningPart1,,GameOpeningPart,8,27,8ab309483788,8636,steps[3].sceneLine.dialogLine.text,My name is Kyu;····· nice to meet you.
GameOpeningPart1,,GameOpeningPart,9,27,538c8129497e,8636,steps[4].responseOptions[0].steps[0].sceneLine.dialogLine.text,"Oh thanks.········ No that's great,····· I have a weird name.·····"
GameOpeningPart1,,GameOpeningPart,10,27,542257b43a6f,8636,steps[4].responseOptions[1].steps[0].sceneLine.dialogLine.text,Nope.····· Not like that at all.
GameOpeningPart1,,GameOpeningPart,11,27,cd94a4f4fd81,8636,steps[4].responseOptions[2].steps[0].sceneLine.dialogLine.text,Riiiiiight.··············· We'll try that again later.
GameOpeningPart1,,GameOpeningPart,12,27,8ce54cb838a3,8636,steps[4].responseOptions[2].text,I literally can't remember my name right now.
GameOpeningPart1,,GameOpeningPart,13,27,343ce008f5fa,8636,steps[5].sceneLine.dialogLine.secondaryText,"Look girl,····· are you gonna be alright?····· Looks like you're having some trouble holding it together over there."
GameOpeningPart1,,GameOpeningPart,14,27,6f1b91604bce,8636,steps[5].sceneLine.dialogLine.text,"Look dude,····· are you gonna be alright?····· Looks like you're having some trouble holding it together over there."
GameOpeningPart1,,GameOpeningPart,15,27,43fb29395f5c,8636,steps[6].responseOptions[0].steps[0].sceneLine.dialogLine.text,Psssh!····· That's a fat load of shit and you know it.
GameOpeningPart1,,GameOpeningPart,16,27,05c294fb6968,8636,steps[6].responseOptions[1].steps[0].sceneLine.dialogLine.text,What do I mean?····· I mean I can literally see you sweating through your shirt.
GameOpeningPart1,,GameOpeningPart,17,27,bb4c506a13d6,8636,steps[6].responseOptions[2].steps[0].sceneLine.dialogLine.text,"You just... You just...····· Yeah, that's what I thought."
GameOpeningPart1,,GameOpeningPart,18,27,d12bab84d6a3,8636,steps[7].responseOptions[0].steps[0].sceneLine.dialogLine.text,Or you could just stop being so weird about it.
GameOpeningPart1,,GameOpeningPart,19,27,26d581c9f7b5,8636,steps[7].responseOptions[1].steps[0].sceneLine.dialogLine.text,I could see how uncomfortable you are right now from space.
GameOpeningPart1,,GameOpeningPart,20,27,f4a522b1e3fb,8636,steps[7].responseOptions[2].steps[0].sceneLine.dialogLine.text,"Oh god,·· did you just say that?····· Is this happening?"
GameOpeningPart1,,GameOpeningPart,21,27,b2ec1937d006,8636,steps[7].responseOptions[2].text,"Well, it's just that... you're so pretty and stuff."
GameOpeningPart1,,GameOpeningPart,22,27,5f9ce9cc5807,8636,steps[8].sceneLine.dialogLine.text,"Hmmmmm,····· wait,····· you know what?····· This might actually work..."
GameOpeningPart1,,GameOpeningPart,23,27,f11a901655c1,8636,steps[9].sceneLine.dialogLine.secondaryText,"Yeah,····· yeah... Oh man, this is your lucky day sister!"
GameOpeningPart1,,GameOpeningPart,24,27,52473dd612b4,8636,steps[9].sceneLine.dialogLine.text,"Yeah,····· yeah... Oh man, this is your lucky day buddy!"
GameOpeningPart1,,GameOpeningPart,25,27,d12abf3b9e34,8636,steps[10].sceneLine.dialogLine.text,"Listen,····· I gotta go.····· But, we'll meet again, real soon.····· Trust me."
GameOpeningPart1,,GameOpeningPart,26,27,a2430b0babe8,8636,steps[11].sceneLine.dialogLine.text,Niiight!
GameOpeningPart2,,GameOpeningPart,0,38,3d811d54411d,8637,steps[0].sceneLine.dialogLine.text,"Hey, you!····· Rise and shine!····· We've got work to do."
GameOpeningPart2,,GameOpeningPart,1,38,b8e78a050a96,8637,steps[2].sceneLine.dialogLine.text,I said····· GET UP!
GameOpeningPart2,,GameOpeningPart,2,38,01ed241362b8,8637,steps[3].responseOptions[0].steps[0].sceneLine.dialogLine.secondaryText,No way girlfriend.····· No time to waste!
GameOpeningPart2,,GameOpeningPart,3,38,f071b77e651e,8637,steps[3].responseOptions[0].steps[0].sceneLine.dialogLine.text,No way dude.····· No time to waste!
GameOpeningPart2,,GameOpeningPart,4,38,a097281a2475,8637,steps[3].responseOptions[1].steps[0].sceneLine.dialogLine.text,Am I gonna have to pull the covers off?
GameOpeningPart2,,GameOpeningPart,5,38,d2e6b82f035c,8637,steps[3].responseOptions[1].text,"Alright, alright... I'm up... I'm... zZzZzZz..."
GameOpeningPart2,,GameOpeningPart,6,38,6b8174e3054f,8637,steps[3].responseOptions[2].steps[0].sceneLine.dialogLine.text,*hmmm*···I bet you were...
GameOpeningPart2,,GameOpeningPart,7,38,a5e8edcbbe68,8637,steps[4].responseOptions[1].steps[0].sceneLine.dialogLine.text,Afraid not.····· This is totally happening.
GameOpeningPart2,,GameOpeningPart,8,38,56548e5a8233,8637,steps[4].responseOptions[1].text,That getup... I'm definitely still dreaming.
GameOpeningPart2,,GameOpeningPart,9,38,bf3ccd165720,8637,steps[4].responseOptions[2].steps[0].sceneLine.dialogLine.text,Chill out for a second.····· You'll be glad I showed up.
GameOpeningPart2,,GameOpeningPart,10,38,225cb95aec6e,8637,steps[4].responseOptions[2].text,How did you get in here? I'm calling the police.
GameOpeningPart2,,GameOpeningPart,11,38,a5e742af3a52,8637,steps[5].sceneLine.dialogLine.text,"Don't you recognize this adorable face?····· *hehe*It's·· Kyu,·· from the bar."
GameOpeningPart2,,GameOpeningPart,12,38,0c782939f0c3,8637,steps[6].responseOptions[0].steps[0].sceneLine.dialogLine.text,"Clever disguise,····· right?····· I can change my hair any color I want.····· It's pretty sweet."
GameOpeningPart2,,GameOpeningPart,13,38,35bb38242ed5,8637,steps[6].responseOptions[0].text,"Yeah... but you had brown hair. Also, not wings."
GameOpeningPart2,,GameOpeningPart,14,38,baa7f3a324bf,8637,steps[6].responseOptions[1].steps[0].sceneLine.dialogLine.text,"*hahahahahaha*·····No...······· no.······· God no.·········· Besides,····· I was on the clock."
GameOpeningPart2,,GameOpeningPart,15,38,a7a84b64b845,8637,steps[6].responseOptions[2].steps[0].sceneLine.dialogLine.text,*hhmmmm*·····Why are they always confused?
GameOpeningPart2,,GameOpeningPart,16,38,ba2e49f91d77,8637,steps[6].responseOptions[2].text,I'm so confused right now. What's going on?
GameOpeningPart2,,GameOpeningPart,17,38,7011179a2a3f,8637,steps[7].sceneLine.dialogLine.text,"If you can't tell by now,····· I'm a fairy.··· Well,··· a love fairy to be exact."
GameOpeningPart2,,GameOpeningPart,18,38,0e95a3395b53,8637,steps[8].responseOptions[0].steps[0].sceneLine.dialogLine.text,"Common misconception.····· I assure you that fairies are indeed,····· a thing."
GameOpeningPart2,,GameOpeningPart,19,38,d2d62e8149b0,8637,steps[8].responseOptions[0].text,"Okay. But, fairies aren't actually a thing."
GameOpeningPart2,,GameOpeningPart,20,38,8297bed1e580,8637,steps[8].responseOptions[1].steps[0].sceneLine.dialogLine.text,Good question.····· I'm glad you asked.
GameOpeningPart2,,GameOpeningPart,21,38,3a9da9de99b8,8637,steps[8].responseOptions[2].steps[0].sceneLine.dialogLine.text,"*aaacccc*·····Funny,········ but let's leave the sarcasm to me,········ alright?"
GameOpeningPart2,,GameOpeningPart,22,38,5d27a130bec3,8637,steps[9].sceneLine.dialogLine.secondaryText,"Ya see,··· as a love fairy,· it's my job to help poor gals like you out with the ladies.····· It's just...·· what I do."
GameOpeningPart2,,GameOpeningPart,23,38,f64c49ea6c82,8637,steps[9].sceneLine.dialogLine.text,"Ya see,··· as a love fairy,· it's my job to help poor saps like you out with the ladies.····· It's just...·· what I do."
GameOpeningPart2,,GameOpeningPart,24,38,776b5317ba55,8637,steps[10].sceneLine.dialogLine.text,"I don't like to brag,····· but I'll have you know I have a very impressive track record."
GameOpeningPart2,,GameOpeningPart,25,38,e0cd89aba366,8637,steps[11].sceneLine.dialogLine.text,All of my previous clients are basically walking babe magnets now.
GameOpeningPart2,,GameOpeningPart,26,38,d3a5b46a2286,8637,steps[12].sceneLine.dialogLine.text,"You, though...··· *cccmmccc*········Let's just say, you will be my greatest accomplishment yet."
GameOpeningPart2,,GameOpeningPart,27,38,ecd9abf9a0a7,8637,steps[13].responseOptions[0].steps[0].sceneLine.dialogLine.text,"*haaah*·····No, but seriously."
GameOpeningPart2,,GameOpeningPart,28,38,75b5ebf70ca7,8637,steps[13].responseOptions[0].text,Thanks but no thanks. I'm doing just fine on my own.
GameOpeningPart2,,GameOpeningPart,29,38,fa51a87a6d72,8637,steps[13].responseOptions[1].steps[0].sceneLine.dialogLine.secondaryText,"Man,····· you and all the questions.····· Can't a fairy just help a sister out?"
GameOpeningPart2,,GameOpeningPart,30,38,215fc29af867,8637,steps[13].responseOptions[1].steps[0].sceneLine.dialogLine.text,"Man,····· you and all the questions.····· Can't a fairy just help a brother out?"
GameOpeningPart2,,GameOpeningPart,31,38,7c56058b7ccc,8637,steps[13].responseOptions[1].text,Why do you want to help me? What's in it for you?
GameOpeningPart2,,GameOpeningPart,32,38,6deeed05f0a8,8637,steps[13].responseOptions[2].steps[0].sceneLine.dialogLine.text,"*aaaccc*·····It's fine,····· just go with it;····· it's gonna be great."
GameOpeningPart2,,GameOpeningPart,33,38,4846d2ce924c,8637,steps[13].responseOptions[2].text,I'm still having a hard time accepting the fairy thing. It kinda crushes my reality.
GameOpeningPart2,,GameOpeningPart,34,38,fdc89c18fbd2,8637,steps[14].sceneLine.dialogLine.text,"We need to get started right away.····· Tell me,····· how many dates HAVE you been on?"
GameOpeningPart2,,GameOpeningPart,35,38,4970a711746b,8637,steps[16].sceneLine.dialogLine.text,"Oh··· my··· god,····· it's worse than I thought,····· isn't it?"
GameOpeningPart2,,GameOpeningPart,36,38,98ce66ec4111,8637,steps[17].sceneLine.dialogLine.text,"Alright,··· grab your shit,····· we're going on a date,··· right now.····· Someone has to show you the ropes."
GameOpeningPart2,,GameOpeningPart,37,38,3a13b3cbaebb,8637,steps[18].sceneLine.dialogLine.text,I know a place nearby that's open pretty late.····· You'll love it.····· Or not;··· I don't care.
GameOpeningPart3,,GameOpeningPart,0,32,898339f9ee76,8638,steps[0].sceneLine.dialogLine.text,"Alright,····· I'll try to make this quick."
GameOpeningPart3,,GameOpeningPart,1,32,633824530567,8638,steps[1].sceneLine.dialogLine.text,This is the date grid.····· These little pieces are called tokens.
GameOpeningPart3,,GameOpeningPart,2,32,173145c0ca62,8638,steps[2].sceneLine.dialogLine.text,You earn affection by matching three or more of the circular tokens horizontally or vertically.
GameOpeningPart3,,GameOpeningPart,3,32,9b70b24ec969,8638,steps[3].sceneLine.dialogLine.text,"For a successful date,····· you have to fill the affection meter before you run out of moves."
GameOpeningPart3,,GameOpeningPart,4,32,8f9a489ed16c,8638,steps[4].sceneLine.dialogLine.text,"Go ahead,····· give it a shot.····· Match those orange ones with the crescent shape in the middle of the grid."
GameOpeningPart3,,GameOpeningPart,5,32,34e93d6388f2,8638,steps[7].sceneLine.dialogLine.text,See?····· Easy!
GameOpeningPart3,,GameOpeningPart,6,32,2170cdd05c5f,8638,steps[8].sceneLine.dialogLine.text,Each of the four types of Affection tokens represents a particular trait.
GameOpeningPart3,,GameOpeningPart,7,32,e97d3dce2d81,8638,steps[9].sceneLine.dialogLine.text,"The orange ones represent Romance,····· blue is Talent,····· green is Flirtation··· and red is Sexuality."
GameOpeningPart3,,GameOpeningPart,8,32,109812c5cdda,8638,steps[10].sceneLine.dialogLine.text,Pay attention to which trait your date prefers!····· It'll go a long way.
GameOpeningPart3,,GameOpeningPart,9,32,1019b9b627ae,8638,steps[11].sceneLine.dialogLine.text,Of course matching four or five tokens will get you even more affection.
GameOpeningPart3,,GameOpeningPart,10,32,c13826106757,8638,steps[12].sceneLine.dialogLine.text,I'll show you.····· Match those four Sexuality tokens in the bottom right of the grid.····· The red ones.
GameOpeningPart3,,GameOpeningPart,11,32,fdd944e9b155,8638,steps[15].sceneLine.dialogLine.text,"Sweet.····· Okay,····· what's next..."
GameOpeningPart3,,GameOpeningPart,12,32,06ddcce441ba,8638,steps[16].sceneLine.dialogLine.text,Oh right.····· Let me cover the other token types real quick.
GameOpeningPart3,,GameOpeningPart,13,32,176645a695ac,8638,steps[17].sceneLine.dialogLine.text,The pink hearts are Passion tokens.····· Matching those will raise your date's Passion level.
GameOpeningPart3,,GameOpeningPart,14,32,35d29828580b,8638,steps[18].sceneLine.dialogLine.text,"The higher her passion level is,····· the more affection you'll earn."
GameOpeningPart3,,GameOpeningPart,15,32,dce469908404,8638,steps[19].sceneLine.dialogLine.text,The gold bells are Joy tokens.····· You'll get an extra move by matching those;····· very useful.
GameOpeningPart3,,GameOpeningPart,16,32,996fe1929b68,8638,steps[20].sceneLine.dialogLine.text,"The Broken Heart tokens are bad news.····· Seriously,····· avoid matching those as best you can."
GameOpeningPart3,,GameOpeningPart,17,32,b61ea2c9ada1,8638,steps[21].sceneLine.dialogLine.text,"Finally,····· the tear drops are Sentiment tokens.····· Matching those gives you...····· well,····· Sentiment."
GameOpeningPart3,,GameOpeningPart,18,32,37ad8ce1940f,8638,steps[22].sceneLine.dialogLine.text,You need Sentiment in order to use date gifts.
GameOpeningPart3,,GameOpeningPart,19,32,94317b21561d,8638,steps[23].sceneLine.dialogLine.text,Annnnnnd seeing as how you don't have any date gifts...····· I'm guessing I need to explain that too?
GameOpeningPart3,,GameOpeningPart,20,32,6435b3757807,8638,steps[24].sceneLine.dialogLine.text,"Here,····· I'll hook you up with one of mine.····· It's on the house."
GameOpeningPart3,,GameOpeningPart,21,32,5276cb2a8d6a,8638,steps[28].sceneLine.dialogLine.text,"Like I said,····· you'll need Sentiment to use it."
GameOpeningPart3,,GameOpeningPart,22,32,4727b5894721,8638,steps[29].sceneLine.dialogLine.text,So go ahead and match those three Sentiment tokens in the left most column.····· The tear drops.
GameOpeningPart3,,GameOpeningPart,23,32,1cfa17777875,8638,steps[32].sceneLine.dialogLine.text,"Okay,····· now go ahead and give that date gift to me."
GameOpeningPart3,,GameOpeningPart,24,32,23c3ef25697b,8638,steps[35].sceneLine.dialogLine.text,Cool huh?
GameOpeningPart3,,GameOpeningPart,25,32,370f9ccc7e4c,8638,steps[36].sceneLine.dialogLine.text,"There are like,··· a ton of different date gifts that you can get too."
GameOpeningPart3,,GameOpeningPart,26,32,e246167280d2,8638,steps[37].sceneLine.dialogLine.text,They each have a unique effect on the date and can be extremely useful in combination.
GameOpeningPart3,,GameOpeningPart,27,32,7670c49831cd,8638,steps[38].sceneLine.dialogLine.text,"Oh,·····*cccc*·· and thanks to a little fairy magic,····· you'll never actually lose them."
GameOpeningPart3,,GameOpeningPart,28,32,7ffdf7663f92,8638,steps[39].sceneLine.dialogLine.text,So you can use them on your next date too!····· Is that cool or what?
GameOpeningPart3,,GameOpeningPart,29,32,40cad039814f,8638,steps[40].sceneLine.dialogLine.text,"Alright,····· alright.····· I've gone on long enough."
GameOpeningPart3,,GameOpeningPart,30,32,5d9e21cf5528,8638,steps[41].sceneLine.dialogLine.text,I'll let you finish up the date so you can get the hang of it.
GameOpeningPart3,,GameOpeningPart,31,32,a1a37456911e,8638,steps[42].sceneLine.dialogLine.text,"Oh and don't worry,····· I won't let you fail this one.····· I'm not THAT mean."
GameOpeningPart4,,GameOpeningPart,0,22,43aa788e06fe,8639,steps[0].sceneLine.dialogLine.text,"Aww, shit.····· It's morning already?····· We are way behind schedule."
GameOpeningPart4,,GameOpeningPart,1,22,802efdb20ff5,8639,steps[1].sceneLine.dialogLine.text,"Okay,····· check it out.····· I have one last thing to give you;····· and this is important."
GameOpeningPart4,,GameOpeningPart,2,22,7890c0fd151e,8639,steps[2].sceneLine.dialogLine.text,Introducing...····· the latest in love fairy technology...····· The HunieBee four-point-oh.
GameOpeningPart4,,GameOpeningPart,3,22,d2ebac3117a0,8639,steps[5].sceneLine.dialogLine.text,The HunieBee is an essential lifeline for any player on the go.
GameOpeningPart4,,GameOpeningPart,4,22,76d0178f0af0,8639,steps[6].sceneLine.dialogLine.text,It automatically registers the info of new girls you meet····· and can even track their location.
GameOpeningPart4,,GameOpeningPart,5,22,8b9c7edfc06e,8639,steps[7].sceneLine.dialogLine.text,"You can organize your inventory,····· buy new gifts,····· upgrade your traits...····· It's awesome!"
GameOpeningPart4,,GameOpeningPart,6,22,e50400a4c576,8639,steps[8].sceneLine.dialogLine.secondaryText,"We don't have time to go over every feature,····· but you're a big girl,····· you can figure it out."
GameOpeningPart4,,GameOpeningPart,7,22,7dd9aab64d0c,8639,steps[8].sceneLine.dialogLine.text,"We don't have time to go over every feature,····· but you're a big boy,····· you can figure it out."
GameOpeningPart4,,GameOpeningPart,8,22,8665fcd6c61d,8639,steps[9].sceneLine.dialogLine.text,To access the HunieBee····· all you have to do is right-click at pretty much any time.
GameOpeningPart4,,GameOpeningPart,9,22,5e02c8b3fc93,8639,steps[10].sceneLine.dialogLine.text,Or····· if you're weird····· you can use that button at the top of the screen.
GameOpeningPart4,,GameOpeningPart,10,22,0b8f722e0cca,8639,steps[11].sceneLine.dialogLine.text,Go ahead.····· Break that bad boy open!
GameOpeningPart4,,GameOpeningPart,11,22,29d4b60e54ff,8639,steps[14].sceneLine.dialogLine.text,"Okay,····· great!····· I think that's it for now.····· Let's get out there and talk to some broads!"
GameOpeningPart4,,GameOpeningPart,12,22,a3213eb7b44b,8639,steps[15].responseOptions[0].steps[0].sceneLine.dialogLine.text,That's what I like to hear!
GameOpeningPart4,,GameOpeningPart,13,22,7f2c04cab8f6,8639,steps[15].responseOptions[1].steps[0].sceneLine.dialogLine.text,I saaaiiiid...····· let's go talk to some broads!···
GameOpeningPart4,,GameOpeningPart,14,22,18b8617cefaa,8639,steps[15].responseOptions[1].text,Or... we just chill here and play video games.
GameOpeningPart4,,GameOpeningPart,15,22,4facea2ca698,8639,steps[15].responseOptions[2].steps[0].sceneLine.dialogLine.text,What's that?····· I didn't hear you?··· Did you say...····· hell yeah?
GameOpeningPart4,,GameOpeningPart,16,22,18987a481de1,8639,steps[15].responseOptions[2].text,I'm not ready! Please don't make me do this!
GameOpeningPart4,,GameOpeningPart,17,22,d87f24dee915,8639,steps[16].sceneLine.dialogLine.text,"Now if you wanna meet a hot chick,····· you gotta go where the hot chicks are."
GameOpeningPart4,,GameOpeningPart,18,22,6270447ad385,8639,steps[17].sceneLine.dialogLine.text,I've done some scouting and I have a few ideas of where to start.····· It depends what type of girls you're into.
GameOpeningPart4,,GameOpeningPart,19,22,8b46071bd79f,8639,steps[18].sceneLine.dialogLine.text,"We can check out the university,····· the mall,··· the gym,·· the park·· or the nearby cafe.····· What'll it be?"
GameOpeningPart4,,GameOpeningPart,20,22,ffb9db8660b7,8639,steps[20].sceneLine.dialogLine.text,Good choice rookie!······· Couldn't have picked it better myself.
GameOpeningPart4,,GameOpeningPart,21,22,d10571cc82ca,8639,steps[21].sceneLine.dialogLine.text,"Alright,····· ready?····· Get your game face on!"
GirlIntroInjection1,,,0,3,0e6dcb9d8a80,8640,steps[0].sceneLine.dialogLine.text,"Oh yeah.····· Don't worry,····· they can't see or hear me.····· I'm just a figment of your imagination."
GirlIntroInjection1,,,1,3,12886b8c1446,8640,steps[1].sceneLine.dialogLine.text,Ploooot twiiiiiist!
GirlIntroInjection1,,,2,3,c591af6c6950,8640,steps[2].sceneLine.dialogLine.text,"*hahahaha*·····Nah, I'm crazy real.····· I just hid myself from everyone so I can give you advice on the sidelines."
GirlIntroInjection2,,,0,9,a4a63712355f,8641,steps[1].sceneLine.dialogLine.text,"No!····· Way!...····· You did it!········ Well,··· with my help of course."
GirlIntroInjection2,,,1,9,8237edf082c0,8641,steps[2].sceneLine.dialogLine.text,I gotta admit I did not expect you to pull that off.
GirlIntroInjection2,,,2,9,be18eccae558,8641,steps[3].sceneLine.dialogLine.text,Beginner's luck.····· Don't let it go to your head.
GirlIntroInjection2,,,3,9,3cb4ffccb097,8641,steps[4].sceneLine.dialogLine.text,"By the way,····· that other chick that was here just a second ago?"
GirlIntroInjection2,,,4,9,2678c666f8fc,8641,steps[5].sceneLine.dialogLine.text,"Since she was in range,····· the HunieBee started tracking her location too."
GirlIntroInjection2,,,5,9,5c7cf845b5e8,8641,steps[6].sceneLine.dialogLine.text,"So after you're done here with this girl,····· you can go catch up with her too."
GirlIntroInjection2,,,6,9,d252f6981bd3,8641,steps[7].sceneLine.dialogLine.text,Just bust out the HunieBee and check the girl finder screen.
GirlIntroInjection2,,,7,9,754443436765,8641,steps[8].sceneLine.dialogLine.text,"I'm pumped!····· You pumped?····· Yeah,··· you're pumped!····· Go get em!"
GirlIntroInjection2,,,8,9,9c79b783f054,8641,steps[9].sceneLine.dialogLine.text,I'll be around if you need me!····· *ccccc*·····What am I saying?····· Of course you need me.
GivenDateGift,,GivenDateGift,0,76,99550be151b8,9005,lineSets[0].label,success
GivenDateGift,,GivenDateGift,1,76,d70f75d4e8b5,9005,lineSets[0].lines[0].dialogLine[0].text,Thanks!
GivenDateGift,,GivenDateGift,2,76,74bfd81abbe0,9005,lineSets[0].lines[0].dialogLine[1].text,Beautiful!
GivenDateGift,,GivenDateGift,3,76,7069dae6b363,9005,lineSets[0].lines[0].dialogLine[2].text,Thanks man!
GivenDateGift,,GivenDateGift,4,76,89a80656214d,9005,lineSets[0].lines[0].dialogLine[3].text,Big deal!
GivenDateGift,,GivenDateGift,5,76,d6043b4f400d,9005,lineSets[0].lines[0].dialogLine[4].text,·····Wonderful!·····
GivenDateGift,,GivenDateGift,6,76,93d4e19df62f,9005,lineSets[0].lines[0].dialogLine[5].text,Thank you.
GivenDateGift,,GivenDateGift,7,76,037e93a7f977,9005,lineSets[0].lines[0].dialogLine[6].text,"Mmm,····· thank you!····· Thank you!"
GivenDateGift,,GivenDateGift,8,76,9a9821470979,9005,lineSets[0].lines[0].dialogLine[7].text,It's lovely!
GivenDateGift,,GivenDateGift,9,76,c3bcb4e2f084,9005,lineSets[0].lines[0].dialogLine[8].text,Niiice!
GivenDateGift,,GivenDateGift,10,76,868d4dfea975,9005,lineSets[0].lines[0].dialogLine[9].text,Thank you!
GivenDateGift,,GivenDateGift,11,76,2ded4cd59c8c,9005,lineSets[0].lines[0].dialogLine[10].text,Thank you.
GivenDateGift,,GivenDateGift,12,76,ca0713abe3c6,9005,lineSets[0].lines[0].dialogLine[11].text,Veeery nice.
GivenDateGift,,GivenDateGift,13,76,d18946def146,9005,lineSets[0].lines[1].dialogLine[0].text,Thank you so much!
GivenDateGift,,GivenDateGift,14,76,2166fe9978c1,9005,lineSets[0].lines[1].dialogLine[1].text,Thanks!
GivenDateGift,,GivenDateGift,15,76,1bb484344161,9005,lineSets[0].lines[1].dialogLine[2].text,"Aww, cute!"
GivenDateGift,,GivenDateGift,16,76,7f45b1357356,9005,lineSets[0].lines[1].dialogLine[3].secondaryText,Good girl!
GivenDateGift,,GivenDateGift,17,76,7bb2b3d55e4b,9005,lineSets[0].lines[1].dialogLine[3].text,Good boy!
GivenDateGift,,GivenDateGift,18,76,b1f76ee58f9a,9005,lineSets[0].lines[1].dialogLine[4].text,Thank you!
GivenDateGift,,GivenDateGift,19,76,be87c998903d,9005,lineSets[0].lines[1].dialogLine[5].text,"Wow,·········· I'm not sure what to say."
GivenDateGift,,GivenDateGift,20,76,35d30772cd19,9005,lineSets[0].lines[1].dialogLine[6].text,It's beautiful!
GivenDateGift,,GivenDateGift,21,76,c881d65d9da8,9005,lineSets[0].lines[1].dialogLine[7].text,I'm not sure what to say!
GivenDateGift,,GivenDateGift,22,76,74690498c793,9005,lineSets[0].lines[1].dialogLine[8].text,Good call!
GivenDateGift,,GivenDateGift,23,76,b97dfc313fe7,9005,lineSets[0].lines[1].dialogLine[9].text,I love it!
GivenDateGift,,GivenDateGift,24,76,a0626213ef4e,9005,lineSets[0].lines[1].dialogLine[10].text,I'm very grateful.
GivenDateGift,,GivenDateGift,25,76,9195714e3da2,9005,lineSets[0].lines[1].dialogLine[11].text,This pleases me...
GivenDateGift,,GivenDateGift,26,76,88c6ea2ae656,9005,lineSets[0].lines[2].dialogLine[0].text,Awwwww!
GivenDateGift,,GivenDateGift,27,76,fde333f22ad6,9005,lineSets[0].lines[2].dialogLine[1].text,You shouldn't have!
GivenDateGift,,GivenDateGift,28,76,e4871c9fe8f7,9005,lineSets[0].lines[2].dialogLine[2].text,I really appreciate it!
GivenDateGift,,GivenDateGift,29,76,b19c71d121fd,9005,lineSets[0].lines[2].dialogLine[3].text,Not bad...
GivenDateGift,,GivenDateGift,30,76,28650c6b504e,9005,lineSets[0].lines[2].dialogLine[4].text,Really?····· Are you sure?
GivenDateGift,,GivenDateGift,31,76,d25c5f2bc0c4,9005,lineSets[0].lines[2].dialogLine[5].text,"Umm,····· that's awfully nice of you."
GivenDateGift,,GivenDateGift,32,76,9227d4386c7f,9005,lineSets[0].lines[2].dialogLine[6].text,Awwwww!
GivenDateGift,,GivenDateGift,33,76,14a09d23d4e0,9005,lineSets[0].lines[2].dialogLine[7].text,Are you sure?
GivenDateGift,,GivenDateGift,34,76,c2427392535c,9005,lineSets[0].lines[2].dialogLine[8].text,You got this!
GivenDateGift,,GivenDateGift,35,76,4706f4298710,9005,lineSets[0].lines[2].dialogLine[9].text,It's soooo cute!
GivenDateGift,,GivenDateGift,36,76,61181bb6bfeb,9005,lineSets[0].lines[2].dialogLine[10].text,What a neat thing.
GivenDateGift,,GivenDateGift,37,76,85c8897bedf2,9005,lineSets[0].lines[2].dialogLine[11].text,How adorable!
GivenDateGift,,GivenDateGift,38,76,0a5d4863252c,9005,lineSets[0].lines[3].dialogLine[0].text,I love it!
GivenDateGift,,GivenDateGift,39,76,0ab8dacdc8c8,9005,lineSets[0].lines[3].dialogLine[1].secondaryText,Ms. money bags over here!
GivenDateGift,,GivenDateGift,40,76,26e3a60db169,9005,lineSets[0].lines[3].dialogLine[1].text,Mr. money bags over here!
GivenDateGift,,GivenDateGift,41,76,a69822aff305,9005,lineSets[0].lines[3].dialogLine[2].text,You shouldn't have!
GivenDateGift,,GivenDateGift,42,76,8eaf6406e3d6,9005,lineSets[0].lines[3].dialogLine[3].text,Keep um' coming.
GivenDateGift,,GivenDateGift,43,76,7dde462597db,9005,lineSets[0].lines[3].dialogLine[4].text,You didn't have to!
GivenDateGift,,GivenDateGift,44,76,e4d01d30c43c,9005,lineSets[0].lines[3].dialogLine[5].text,"Whoa,····· seriously?·········· Thanks."
GivenDateGift,,GivenDateGift,45,76,13d572123407,9005,lineSets[0].lines[3].dialogLine[6].text,"Oh,··· I simply adore it!"
GivenDateGift,,GivenDateGift,46,76,9143f74e72e4,9005,lineSets[0].lines[3].dialogLine[7].text,It's too much!
GivenDateGift,,GivenDateGift,47,76,9255da22f959,9005,lineSets[0].lines[3].dialogLine[8].text,Make it happen!
GivenDateGift,,GivenDateGift,48,76,fd719c717834,9005,lineSets[0].lines[3].dialogLine[9].text,I'll cherish it!
GivenDateGift,,GivenDateGift,49,76,56f4b9806cbd,9005,lineSets[0].lines[3].dialogLine[10].text,It's a lovely gift.
GivenDateGift,,GivenDateGift,50,76,c47ac3f71b14,9005,lineSets[0].lines[3].dialogLine[11].text,What a sweet gesture!
GivenDateGift,,GivenDateGift,51,76,7458e2bd744c,9005,lineSets[0].lines[4].dialogLine[0].text,For me!?
GivenDateGift,,GivenDateGift,52,76,e134aabda947,9005,lineSets[0].lines[4].dialogLine[1].text,You sly dog!
GivenDateGift,,GivenDateGift,53,76,bb7513bd8024,9005,lineSets[0].lines[4].dialogLine[2].text,That's really sweet of you.
GivenDateGift,,GivenDateGift,54,76,f889f6782f00,9005,lineSets[0].lines[4].dialogLine[3].text,That's more like it...
GivenDateGift,,GivenDateGift,55,76,de4140653aae,9005,lineSets[0].lines[4].dialogLine[4].text,I absolutely love it!
GivenDateGift,,GivenDateGift,56,76,8278805d1964,9005,lineSets[0].lines[4].dialogLine[5].text,I bet this is how you get all the girls.
GivenDateGift,,GivenDateGift,57,76,3166d9b84ee2,9005,lineSets[0].lines[4].dialogLine[6].text,"Oh, expensive gifts get me soooo hot..."
GivenDateGift,,GivenDateGift,58,76,85366674fec8,9005,lineSets[0].lines[4].dialogLine[7].text,Thank you!····· Really!
GivenDateGift,,GivenDateGift,59,76,13dffd6364a9,9005,lineSets[0].lines[4].dialogLine[8].text,I'm diggin' it!
GivenDateGift,,GivenDateGift,60,76,af45d5106f58,9005,lineSets[0].lines[4].dialogLine[9].text,You got this for me!?
GivenDateGift,,GivenDateGift,61,76,efceeaee1842,9005,lineSets[0].lines[4].dialogLine[10].text,That's most gracious of you.
GivenDateGift,,GivenDateGift,62,76,bad1d59cb02f,9005,lineSets[0].lines[4].dialogLine[11].text,I accept.
GivenDateGift,,GivenDateGift,63,76,9f45a99340c0,9005,lineSets[1].label,failure
GivenDateGift,,GivenDateGift,64,76,993567eb3900,9005,lineSets[1].lines[0].dialogLine[0].text,Maybe not the best time for that...
GivenDateGift,,GivenDateGift,65,76,345107cbbfde,9005,lineSets[1].lines[0].dialogLine[1].text,You might want to rethink that one.
GivenDateGift,,GivenDateGift,66,76,5e6e1732b14f,9005,lineSets[1].lines[0].dialogLine[2].text,I'm sure you can see why that's not the best idea right now.
GivenDateGift,,GivenDateGift,67,76,21a06b5f4150,9005,lineSets[1].lines[0].dialogLine[3].text,*hahahahaha*·····You sure about that?
GivenDateGift,,GivenDateGift,68,76,d8c0de291d83,9005,lineSets[1].lines[0].dialogLine[4].text,I'll give you a second to realize why that's a bad idea.
GivenDateGift,,GivenDateGift,69,76,e351a778f0b0,9005,lineSets[1].lines[0].dialogLine[5].text,Nope.······· Come·· on!····· Think about that shit first.
GivenDateGift,,GivenDateGift,70,76,e14780c5f02f,9005,lineSets[1].lines[0].dialogLine[6].text,Maybe try that again under better circumstances.
GivenDateGift,,GivenDateGift,71,76,2eac039f812e,9005,lineSets[1].lines[0].dialogLine[7].text,"Oops, ········sorry.············· I don't think it's the best time for that."
GivenDateGift,,GivenDateGift,72,76,b4d5f446dde9,9005,lineSets[1].lines[0].dialogLine[8].text,Using that··· would do absolutely nothing right now.
GivenDateGift,,GivenDateGift,73,76,06bcec048e8d,9005,lineSets[1].lines[0].dialogLine[9].text,··Master I don't think you can do that right now...
GivenDateGift,,GivenDateGift,74,76,c1ecf1dc1d9c,9005,lineSets[1].lines[0].dialogLine[10].text,That would seem unwise given the current state of the puzzle grid.
GivenDateGift,,GivenDateGift,75,76,737154878a0f,9005,lineSets[1].lines[0].dialogLine[11].text,That wouldn't be a terribly wise thing to do at the moment.
GivenDrink,,GivenDrink,0,176,654c6aa1970f,9006,lineSets[0].label,drunk
GivenDrink,,GivenDrink,1,176,27cf1cbc8aec,9006,lineSets[0].lines[0].dialogLine[0].text,I think maybe I've had too much to drink.
GivenDrink,,GivenDrink,2,176,dc4c57b391d5,9006,lineSets[0].lines[0].dialogLine[1].text,I hate to say it...····· but I'm probably drunk enough.
GivenDrink,,GivenDrink,3,176,6a89bf3ea895,9006,lineSets[0].lines[0].dialogLine[2].text,Uuugggghhhhhh...
GivenDrink,,GivenDrink,4,176,bec6a51bc86e,9006,lineSets[0].lines[0].dialogLine[3].text,Are you trying to get me drunk or kill me?
GivenDrink,,GivenDrink,5,176,0f782ecba3c1,9006,lineSets[0].lines[0].dialogLine[4].text,I better quit while I'm ahead...
GivenDrink,,GivenDrink,6,176,43e3cfc2ac5b,9006,lineSets[0].lines[0].dialogLine[5].text,I don't know...····· I'm pretty sure I'm drunk.
GivenDrink,,GivenDrink,7,176,6401c84f5691,9006,lineSets[0].lines[0].dialogLine[6].text,"Oh,····· I hate to say it, but...········ I think maybe I've had enough..."
GivenDrink,,GivenDrink,8,176,5ac4c8b1f888,9006,lineSets[0].lines[0].dialogLine[7].text,I'm throwing in the towel...····· I'm done.
GivenDrink,,GivenDrink,9,176,22787ce59c15,9006,lineSets[0].lines[0].dialogLine[8].text,I think I'm adequately drunk enough...*aaaacc*
GivenDrink,,GivenDrink,10,176,33b2e9564291,9006,lineSets[0].lines[0].dialogLine[9].text,···Whoooa I feel fuzzy...
GivenDrink,,GivenDrink,11,176,b9a6f1ea61dd,9006,lineSets[0].lines[0].dialogLine[10].text,I think...·····*cccc*····· I think those drinks got some weird stuff in em'.
GivenDrink,,GivenDrink,12,176,4e0891d993ed,9006,lineSets[0].lines[0].dialogLine[11].text,I'm afraid I may have reached my limit for the night.
GivenDrink,,GivenDrink,13,176,ed73c9929b40,9006,lineSets[0].lines[1].dialogLine[0].text,I'm good...········ I'm good...
GivenDrink,,GivenDrink,14,176,d87a1e9a0d0c,9006,lineSets[0].lines[1].dialogLine[1].text,Maybe I should cool it with the booze for a second...
GivenDrink,,GivenDrink,15,176,7ee7c5051534,9006,lineSets[0].lines[1].dialogLine[2].text,I think I'm pretty set...····· but thanks.
GivenDrink,,GivenDrink,16,176,97fa85af3218,9006,lineSets[0].lines[1].dialogLine[3].text,"I'm probably pretty fuckin' set on booze,····· thanks."
GivenDrink,,GivenDrink,17,176,9967deef5801,9006,lineSets[0].lines[1].dialogLine[4].text,I think I'm at my limit for tonight.
GivenDrink,,GivenDrink,18,176,84013f109f87,9006,lineSets[0].lines[1].dialogLine[5].text,I think I'm on the verge of alcohol poisoning.
GivenDrink,,GivenDrink,19,176,807ed32be984,9006,lineSets[0].lines[1].dialogLine[6].text,"Sorry,·········· I'm one drink away from having to be carried home."
GivenDrink,,GivenDrink,20,176,575ffc8bfa36,9006,lineSets[0].lines[1].dialogLine[7].text,Am I drunk?·········· I think I may have gotten carried away again...
GivenDrink,,GivenDrink,21,176,574ec20e2cc6,9006,lineSets[0].lines[1].dialogLine[8].text,"Maaaayyybe··· one··· more··· drink...············· Nah, nah!··· I'm good, I'm good."
GivenDrink,,GivenDrink,22,176,59e0d6b7e0d4,9006,lineSets[0].lines[1].dialogLine[9].text,···I think that juice is making me sleepy...
GivenDrink,,GivenDrink,23,176,f2fcd580d59b,9006,lineSets[0].lines[1].dialogLine[10].text,Everything is kinda blurry...····· and sideways-ie.·····
GivenDrink,,GivenDrink,24,176,d6a0eddd4950,9006,lineSets[0].lines[1].dialogLine[11].text,That's quite alright. I've had my share already.
GivenDrink,,GivenDrink,25,176,42764db29a29,9006,lineSets[0].lines[2].dialogLine[0].text,*aaaacc*·····I'm such a lightweight.
GivenDrink,,GivenDrink,26,176,26981c7fd259,9006,lineSets[0].lines[2].dialogLine[1].text,What are you trying to do to me here?
GivenDrink,,GivenDrink,27,176,b9a2e472a830,9006,lineSets[0].lines[2].dialogLine[2].text,"You already won man,····· I'm wasted!"
GivenDrink,,GivenDrink,28,176,ab5bc5e3d5d7,9006,lineSets[0].lines[2].dialogLine[3].text,"Alright,····· I get it;····· alcohol."
GivenDrink,,GivenDrink,29,176,259ee637334a,9006,lineSets[0].lines[2].dialogLine[4].text,I'm tapping out...····· but don't let me stop you.
GivenDrink,,GivenDrink,30,176,f6cea88d075c,9006,lineSets[0].lines[2].dialogLine[5].text,"Alright,····· we can probably cool it with that now."
GivenDrink,,GivenDrink,31,176,f03873dd5dfe,9006,lineSets[0].lines[2].dialogLine[6].text,"Ugghhh...····· even I have a limit, it seems."
GivenDrink,,GivenDrink,32,176,6c1673c3a1bf,9006,lineSets[0].lines[2].dialogLine[7].text,*aaaacc*·····Hahahahahaha!
GivenDrink,,GivenDrink,33,176,58f76dfc3384,9006,lineSets[0].lines[2].dialogLine[8].text,"Alright,····· chill,····· chill...··· I ain't tryin' to pass out."
GivenDrink,,GivenDrink,34,176,5027303d18cb,9006,lineSets[0].lines[2].dialogLine[9].text,···Master how come there's two of you...
GivenDrink,,GivenDrink,35,176,ea1e43b4ad22,9006,lineSets[0].lines[2].dialogLine[10].text,··I'm feeling...····· dizzy.········ Did you do something to me?
GivenDrink,,GivenDrink,36,176,127cdd1717b5,9006,lineSets[0].lines[2].dialogLine[11].text,I'm not sure how much more drunk I could possibly be.·····
GivenDrink,,GivenDrink,37,176,262805a63c5a,9006,lineSets[1].label,hungry
GivenDrink,,GivenDrink,38,176,cebe318dca0a,9006,lineSets[1].lines[0].dialogLine[0].text,"Uhhh,········ probably not on an empty stomach."
GivenDrink,,GivenDrink,39,176,df3562a0ba4f,9006,lineSets[1].lines[0].dialogLine[1].text,Isn't it bad to drink on an empty stomach?
GivenDrink,,GivenDrink,40,176,0a96d37ee84d,9006,lineSets[1].lines[0].dialogLine[2].text,I'm not gonna drink on an empty stomach.
GivenDrink,,GivenDrink,41,176,9d1effcdd5a1,9006,lineSets[1].lines[0].dialogLine[3].text,I'm sitting here dying of hunger··· and you try to give me this?
GivenDrink,,GivenDrink,42,176,48c013348051,9006,lineSets[1].lines[0].dialogLine[4].text,I need to think about getting something to eat first.
GivenDrink,,GivenDrink,43,176,7ec22ab169d8,9006,lineSets[1].lines[0].dialogLine[5].text,Unless that's liquid cake········ I'm not interested right now.
GivenDrink,,GivenDrink,44,176,7aa1c18902c1,9006,lineSets[1].lines[0].dialogLine[6].text,"Hun,····· how about we eat something first."
GivenDrink,,GivenDrink,45,176,d0092c518217,9006,lineSets[1].lines[0].dialogLine[7].text,"I think it's bad to drink alcohol on an empty stomach,····· right?"
GivenDrink,,GivenDrink,46,176,af16b30b359e,9006,lineSets[1].lines[0].dialogLine[8].text,Girls can't drink while they're hungry ya tard.
GivenDrink,,GivenDrink,47,176,dd2f4b5f1337,9006,lineSets[1].lines[0].dialogLine[9].text,···I don't want that. I want some fooooooood!·······
GivenDrink,,GivenDrink,48,176,de584297b713,9006,lineSets[1].lines[0].dialogLine[10].text,I really need to get something to eat first.
GivenDrink,,GivenDrink,49,176,fe362c60f36f,9006,lineSets[1].lines[0].dialogLine[11].text,I'm far too undernourished for alcohol.
GivenDrink,,GivenDrink,50,176,0fb6fc9d1cde,9006,lineSets[1].lines[1].dialogLine[0].text,I've got to eat something.
GivenDrink,,GivenDrink,51,176,27f7f8e7cbf1,9006,lineSets[1].lines[1].dialogLine[1].text,I can't eat this...
GivenDrink,,GivenDrink,52,176,d1b481cf877b,9006,lineSets[1].lines[1].dialogLine[2].text,"Ummm...····· sorry,····· but I have to get some food first."
GivenDrink,,GivenDrink,53,176,c06a27aaf622,9006,lineSets[1].lines[1].dialogLine[3].text,Seriously?····· Hook a bitch up with some food.
GivenDrink,,GivenDrink,54,176,307f4731ebbf,9006,lineSets[1].lines[1].dialogLine[4].text,"Oh,····· thank you,·· but··· I need to eat first."
GivenDrink,,GivenDrink,55,176,b5b0274fb7b7,9006,lineSets[1].lines[1].dialogLine[5].text,I'd really rather eat.····· How aren't you hungry?
GivenDrink,,GivenDrink,56,176,c62f5da9da36,9006,lineSets[1].lines[1].dialogLine[6].text,I think I'm gonna hold off until I can get something to eat.
GivenDrink,,GivenDrink,57,176,acd05c67e73c,9006,lineSets[1].lines[1].dialogLine[7].text,"I'll think about it,·········· after I've had a chance to eat something."
GivenDrink,,GivenDrink,58,176,08fd494a5d7b,9006,lineSets[1].lines[1].dialogLine[8].text,You have to feed me before you poison me.
GivenDrink,,GivenDrink,59,176,64a5c355c4f5,9006,lineSets[1].lines[1].dialogLine[9].text,"···Noooo,····· feed me first!"
GivenDrink,,GivenDrink,60,176,6c3b8d3d3332,9006,lineSets[1].lines[1].dialogLine[10].text,"I'm fine on liquids,····· but I should replenish my caloric··· energy."
GivenDrink,,GivenDrink,61,176,36d655042360,9006,lineSets[1].lines[1].dialogLine[11].text,"If you want to get me drunk,········ at least feed me first."
GivenDrink,,GivenDrink,62,176,0ea8d1e4850e,9006,lineSets[1].lines[2].dialogLine[0].text,"I'm too hungry to be thinking about drinking,····· sorry."
GivenDrink,,GivenDrink,63,176,6157a369cdc5,9006,lineSets[1].lines[2].dialogLine[1].text,"I've got to get me some food,····· like,····· now."
GivenDrink,,GivenDrink,64,176,4c71c73a89ba,9006,lineSets[1].lines[2].dialogLine[2].text,I'm way too hungry to think about that.
GivenDrink,,GivenDrink,65,176,0659886b09c6,9006,lineSets[1].lines[2].dialogLine[3].text,*aaaacc*You're so stupid!
GivenDrink,,GivenDrink,66,176,86141e2ac34f,9006,lineSets[1].lines[2].dialogLine[4].text,Not on an empty stomach.····· I learned that the hard way...
GivenDrink,,GivenDrink,67,176,d78b9f4a9117,9006,lineSets[1].lines[2].dialogLine[5].text,"Yeah,··· I gotta get some food in me before we go down that road."
GivenDrink,,GivenDrink,68,176,3b71b96a1a20,9006,lineSets[1].lines[2].dialogLine[6].text,"Hold that thought,·· I'm starving...·····"
GivenDrink,,GivenDrink,69,176,b0c8cddbb484,9006,lineSets[1].lines[2].dialogLine[7].text,I'm too hungry at the moment to be thinking about that.
GivenDrink,,GivenDrink,70,176,5c02025dfccb,9006,lineSets[1].lines[2].dialogLine[8].text,Uh-uh!····· Food first.
GivenDrink,,GivenDrink,71,176,e90607987c0a,9006,lineSets[1].lines[2].dialogLine[9].text,"···I'm not thirsty,· I'm hungry!"
GivenDrink,,GivenDrink,72,176,6af75e5914fe,9006,lineSets[1].lines[2].dialogLine[10].text,"Before that,·········· would you mind sharing some of your food with me?"
GivenDrink,,GivenDrink,73,176,1a12a510aec6,9006,lineSets[1].lines[2].dialogLine[11].text,"Kyu has explained the appetite meter,····· right?"
GivenDrink,,GivenDrink,74,176,ea2955380746,9006,lineSets[2].label,early
GivenDrink,,GivenDrink,75,176,4cf1dcd2dcdd,9006,lineSets[2].lines[0].dialogLine[0].text,"Oh,·· wow...····*hehe*······· no thanks.·····"
GivenDrink,,GivenDrink,76,176,8f206337e52b,9006,lineSets[2].lines[0].dialogLine[1].text,Never a bad time for a stiff drink.
GivenDrink,,GivenDrink,77,176,6dff6711792d,9006,lineSets[2].lines[0].dialogLine[2].text,"Alright alcy!····· A little soon for that,····· no?"
GivenDrink,,GivenDrink,78,176,f574312b8e95,9006,lineSets[2].lines[0].dialogLine[3].secondaryText,Now this girl knows how to party.·····
GivenDrink,,GivenDrink,79,176,1b15494ebc2a,9006,lineSets[2].lines[0].dialogLine[3].text,Now this guy knows how to party.·····
GivenDrink,,GivenDrink,80,176,b9916c11ba4c,9006,lineSets[2].lines[0].dialogLine[4].text,A bit too early for me...
GivenDrink,,GivenDrink,81,176,9181ff11c3e2,9006,lineSets[2].lines[0].dialogLine[5].text,Uhhhh...····· that's okay.
GivenDrink,,GivenDrink,82,176,4cc8942eda28,9006,lineSets[2].lines[0].dialogLine[6].text,*hahahaha*·····Now I know we're soul mates.
GivenDrink,,GivenDrink,83,176,e54f89e3fd04,9006,lineSets[2].lines[0].dialogLine[7].text,I'm not sure that's very appropriate right now...
GivenDrink,,GivenDrink,84,176,9ac43dc6f4b8,9006,lineSets[2].lines[0].dialogLine[8].secondaryText,Jeezus····· woman!········ Can you wait until you're in a bar or something?
GivenDrink,,GivenDrink,85,176,0195c04c8144,9006,lineSets[2].lines[0].dialogLine[8].text,Jeezus·····man!········ Can you wait until you're in a bar or something?
GivenDrink,,GivenDrink,86,176,b9b8f98b23a7,9006,lineSets[2].lines[0].dialogLine[9].text,···Sure!····· If you say it's okay.
GivenDrink,,GivenDrink,87,176,171548c957f4,9006,lineSets[2].lines[0].dialogLine[10].text,No thank you.····· I'm not very thirsty.
GivenDrink,,GivenDrink,88,176,c5b861fe1d05,9006,lineSets[2].lines[0].dialogLine[11].text,"I enjoy a stiff drink,······· but honestly,······· there's a better time for these things!"
GivenDrink,,GivenDrink,89,176,f6e686250758,9006,lineSets[2].lines[1].dialogLine[0].text,"It's a little early for that,····· don't cha think?"
GivenDrink,,GivenDrink,90,176,2a0e5aa05e12,9006,lineSets[2].lines[1].dialogLine[1].text,Fuck····· yeah.····· This ought to make things fun.
GivenDrink,,GivenDrink,91,176,cef17266b2e9,9006,lineSets[2].lines[1].dialogLine[2].text,Uhhhh...····· do we need to get you some professional help?
GivenDrink,,GivenDrink,92,176,8f5c1b5ae8d4,9006,lineSets[2].lines[1].dialogLine[3].text,Hard·····coooore...
GivenDrink,,GivenDrink,93,176,cfa07e5a5704,9006,lineSets[2].lines[1].dialogLine[4].text,"What do I look like, an alcoholic?"
GivenDrink,,GivenDrink,94,176,2ba919a39e95,9006,lineSets[2].lines[1].dialogLine[5].text,Seriously?····· Here?····· That's fucked up.
GivenDrink,,GivenDrink,95,176,3722dfaf761b,9006,lineSets[2].lines[1].dialogLine[6].text,I always thought this place could use bottle service.
GivenDrink,,GivenDrink,96,176,c08076dc03ab,9006,lineSets[2].lines[1].dialogLine[7].text,"Thanks,········ but····· I'm really not a heavy drinker."
GivenDrink,,GivenDrink,97,176,251ee98db962,9006,lineSets[2].lines[1].dialogLine[8].text,Not while I'm not the clock.
GivenDrink,,GivenDrink,98,176,705aec2403a3,9006,lineSets[2].lines[1].dialogLine[9].text,···What is it?····· Do you drink it?
GivenDrink,,GivenDrink,99,176,d08ded232173,9006,lineSets[2].lines[1].dialogLine[10].text,That's okay.·········· I'm feeling adequately hydrated already.
GivenDrink,,GivenDrink,100,176,584653e76068,9006,lineSets[2].lines[1].dialogLine[11].text,"You seem to have a bit of a problem,····· dear..."
GivenDrink,,GivenDrink,101,176,75d51c8fbb01,9006,lineSets[2].lines[2].dialogLine[0].text,"Uhhh,····· that's okay..."
GivenDrink,,GivenDrink,102,176,b708931bde82,9006,lineSets[2].lines[2].dialogLine[1].text,Goodbye problems!
GivenDrink,,GivenDrink,103,176,93aad74c6c9c,9006,lineSets[2].lines[2].dialogLine[2].text,I'm cool for now.····· Maybe later.
GivenDrink,,GivenDrink,104,176,827312c235f0,9006,lineSets[2].lines[2].dialogLine[3].text,Are you kidding?····· Fuck yeah!
GivenDrink,,GivenDrink,105,176,56484b1c183b,9006,lineSets[2].lines[2].dialogLine[4].text,That's quite alright.
GivenDrink,,GivenDrink,106,176,3601cf949710,9006,lineSets[2].lines[2].dialogLine[5].text,What?····· Put that shit away.····· Jeez.
GivenDrink,,GivenDrink,107,176,169c23e0319a,9006,lineSets[2].lines[2].dialogLine[6].text,"Uh,····· god,····· you read my mind."
GivenDrink,,GivenDrink,108,176,c20e89518252,9006,lineSets[2].lines[2].dialogLine[7].text,I'm surprised at you.·········· There's a time and place for that.
GivenDrink,,GivenDrink,109,176,3ea5888e7e6b,9006,lineSets[2].lines[2].dialogLine[8].text,"Yo,····· chill out with that shit.····· Nobody likes an alcoholic."
GivenDrink,,GivenDrink,110,176,4fd2f5693192,9006,lineSets[2].lines[2].dialogLine[9].text,···Am I asupposta have this?
GivenDrink,,GivenDrink,111,176,3810c25955ac,9006,lineSets[2].lines[2].dialogLine[10].text,"Mmmmmm...·······*cccc*········ no,····· perhaps at a later time."
GivenDrink,,GivenDrink,112,176,7c4550397b2a,9006,lineSets[2].lines[2].dialogLine[11].text,So early in the day?·········· That's not much of an example to set...
GivenDrink,,GivenDrink,113,176,de0017ded944,9006,lineSets[3].label,accept
GivenDrink,,GivenDrink,114,176,d0408ce9263c,9006,lineSets[3].lines[0].dialogLine[0].text,Aww··· yeah!····· You read my mind.
GivenDrink,,GivenDrink,115,176,ec963eb41cd7,9006,lineSets[3].lines[0].dialogLine[1].text,Down the hatch!
GivenDrink,,GivenDrink,116,176,2b44995b4e2b,9006,lineSets[3].lines[0].dialogLine[2].text,Having you around is turning out to be pretty useful.*hahahahaha*
GivenDrink,,GivenDrink,117,176,c9885cd783dc,9006,lineSets[3].lines[0].dialogLine[3].text,Yeeaaahhh...
GivenDrink,,GivenDrink,118,176,0f94754b299f,9006,lineSets[3].lines[0].dialogLine[4].text,Don't mind if I do!
GivenDrink,,GivenDrink,119,176,6a11c369ab3c,9006,lineSets[3].lines[0].dialogLine[5].text,"Okay,····· cool.····· Thanks."
GivenDrink,,GivenDrink,120,176,47ad49e7196e,9006,lineSets[3].lines[0].dialogLine[6].secondaryText,Thank you momma.
GivenDrink,,GivenDrink,121,176,cdbc87f4731d,9006,lineSets[3].lines[0].dialogLine[6].text,"Oh,·· thank you daddy."
GivenDrink,,GivenDrink,122,176,0f6cbfd44780,9006,lineSets[3].lines[0].dialogLine[7].text,"Uhhh,····· okay.······· But,········ make sure I don't drink too much."
GivenDrink,,GivenDrink,123,176,b380213a9b58,9006,lineSets[3].lines[0].dialogLine[8].text,Yeeeaahh··· buddy!········ I'm about to get my drink on.
GivenDrink,,GivenDrink,124,176,cda07cd55303,9006,lineSets[3].lines[0].dialogLine[9].text,···*aaaacc*····· Excuse me...··*hehehehe*
GivenDrink,,GivenDrink,125,176,bdfc03bc72c4,9006,lineSets[3].lines[0].dialogLine[10].text,Oh my.············· This is delicious...
GivenDrink,,GivenDrink,126,176,851c40abbb08,9006,lineSets[3].lines[0].dialogLine[11].text,"Be warned,····· I'm no lightweight."
GivenDrink,,GivenDrink,127,176,0549d66e9621,9006,lineSets[3].lines[1].dialogLine[0].text,"Oh man,····· too good.········ I could get wasted off these so fast."
GivenDrink,,GivenDrink,128,176,1c1596cf5a88,9006,lineSets[3].lines[1].dialogLine[1].text,*aaccc* Your turn!
GivenDrink,,GivenDrink,129,176,0b1af0646df4,9006,lineSets[3].lines[1].dialogLine[2].text,"Oh boy,········ looks like the babysitter is staying late tonight."
GivenDrink,,GivenDrink,130,176,81382f270056,9006,lineSets[3].lines[1].dialogLine[3].text,Aw shit.····· That's good.
GivenDrink,,GivenDrink,131,176,9684bdb63ffb,9006,lineSets[3].lines[1].dialogLine[4].text,"Well,····· as long as you're offering."
GivenDrink,,GivenDrink,132,176,69fe056f46da,9006,lineSets[3].lines[1].dialogLine[5].text,"Oh,····· I mean,····· you didn't have to get me anything."
GivenDrink,,GivenDrink,133,176,dcacbe1cfe82,9006,lineSets[3].lines[1].dialogLine[6].text,Of course!····· I'd love a drink.
GivenDrink,,GivenDrink,134,176,6b4b499bc37f,9006,lineSets[3].lines[1].dialogLine[7].text,"Oh,····· thank you!"
GivenDrink,,GivenDrink,135,176,f7fc7a1eb0f4,9006,lineSets[3].lines[1].dialogLine[8].text,Keep *ee*em' coming!
GivenDrink,,GivenDrink,136,176,95e0d67622f2,9006,lineSets[3].lines[1].dialogLine[9].text,···This make me feel funny...
GivenDrink,,GivenDrink,137,176,694c031dd615,9006,lineSets[3].lines[1].dialogLine[10].text,What is this?·········· It's incredible!
GivenDrink,,GivenDrink,138,176,07655d671e6f,9006,lineSets[3].lines[1].dialogLine[11].text,I can hold my liquor very well.
GivenDrink,,GivenDrink,139,176,03b0774e0213,9006,lineSets[3].lines[2].dialogLine[0].text,Yeessss!·········· I was just about to ask you for a drink.
GivenDrink,,GivenDrink,140,176,2a3780b7a90a,9006,lineSets[3].lines[2].dialogLine[1].text,Cheers!
GivenDrink,,GivenDrink,141,176,482c06e1a99c,9006,lineSets[3].lines[2].dialogLine[2].text,Sure!····· One more couldn't hurt.
GivenDrink,,GivenDrink,142,176,1b057bf71676,9006,lineSets[3].lines[2].dialogLine[3].text,"Keep these coming,····· thanks."
GivenDrink,,GivenDrink,143,176,51e37caca039,9006,lineSets[3].lines[2].dialogLine[4].text,For me?····· Thanks!
GivenDrink,,GivenDrink,144,176,4dbf9f77bca6,9006,lineSets[3].lines[2].dialogLine[5].text,"I'm not much of a drinker...····· but...····· alright, fine."
GivenDrink,,GivenDrink,145,176,bca2a7122975,9006,lineSets[3].lines[2].dialogLine[6].text,Well I've gotta take my medicine!·····*hamcmcmc*
GivenDrink,,GivenDrink,146,176,457ac03f04bc,9006,lineSets[3].lines[2].dialogLine[7].text,"Alright,········ just to loosen up a little."
GivenDrink,,GivenDrink,147,176,378eb9f86e74,9006,lineSets[3].lines[2].dialogLine[8].text,Yummy!*eeeeeee*·····*hehehehehehehe*····· Nah wouldn't it be crazy if I was that kind of fairy though?
GivenDrink,,GivenDrink,148,176,d34fe718fe7b,9006,lineSets[3].lines[2].dialogLine[9].text,"···Heeey, this is pretty tasty!"
GivenDrink,,GivenDrink,149,176,d4f7bffe930d,9006,lineSets[3].lines[2].dialogLine[10].text,"Ohhh, wooow.·················· Where has this been my whole life?"
GivenDrink,,GivenDrink,150,176,dbaf0fc15a88,9006,lineSets[3].lines[2].dialogLine[11].text,A toast!·········· To the beautiful····· love goddess!
GivenDrink,,GivenDrink,151,176,d174a44732d6,9006,lineSets[3].lines[3].dialogLine[0].text,"Hey,·········· you're not trying to get me drunk are you?··*haha*"
GivenDrink,,GivenDrink,152,176,e8d2afe04226,9006,lineSets[3].lines[3].dialogLine[1].text,That's it?······· I'm hardly drunk at all...
GivenDrink,,GivenDrink,153,176,20bc8ed7d7a5,9006,lineSets[3].lines[3].dialogLine[2].text,"Wow.·····*aaac**aac*····· Okay,··· that was pretty strong."
GivenDrink,,GivenDrink,154,176,e509e7491ccf,9006,lineSets[3].lines[3].dialogLine[3].text,Bottoms up bitches!
GivenDrink,,GivenDrink,155,176,417d3ca629de,9006,lineSets[3].lines[3].dialogLine[4].text,Cheers!
GivenDrink,,GivenDrink,156,176,895bf88893d3,9006,lineSets[3].lines[3].dialogLine[5].text,You trying to get me hammered or something?
GivenDrink,,GivenDrink,157,176,dbaf7c33c292,9006,lineSets[3].lines[3].dialogLine[6].secondaryText,That's a good girl.··
GivenDrink,,GivenDrink,158,176,e798128188f4,9006,lineSets[3].lines[3].dialogLine[6].text,That's a good boy.··
GivenDrink,,GivenDrink,159,176,a4050f2e0b9c,9006,lineSets[3].lines[3].dialogLine[7].text,"I'm not a big drinker...····· buuut,····· okay!"
GivenDrink,,GivenDrink,160,176,e83180632ae3,9006,lineSets[3].lines[3].dialogLine[8].text,"They don't serve this back home so,······ load me up."
GivenDrink,,GivenDrink,161,176,dd6cd5c28e93,9006,lineSets[3].lines[3].dialogLine[9].text,···*aaaaccc*···Thanks!·····
GivenDrink,,GivenDrink,162,176,7a968acb6ef2,9006,lineSets[3].lines[3].dialogLine[10].text,I'm beginning to feel a little uncoordinated.
GivenDrink,,GivenDrink,163,176,6b7a836318e9,9006,lineSets[3].lines[3].dialogLine[11].text,"You know I know what you're up to,····· right?"
GivenDrink,,GivenDrink,164,176,c4b1b2317c3e,9006,lineSets[3].lines[4].dialogLine[0].text,Bottoms up!
GivenDrink,,GivenDrink,165,176,a22dd0725b65,9006,lineSets[3].lines[4].dialogLine[1].text,That was a pussy drink!····· Hit me with something stronger!
GivenDrink,,GivenDrink,166,176,28d643478f62,9006,lineSets[3].lines[4].dialogLine[2].text,*aaaacc*············This is more like it.
GivenDrink,,GivenDrink,167,176,80ab52c0f42f,9006,lineSets[3].lines[4].dialogLine[3].text,"Hold on,····· I'm gonna pound this."
GivenDrink,,GivenDrink,168,176,8a11f13091cf,9006,lineSets[3].lines[4].dialogLine[4].text,"Oh,····· wow.····· I like that."
GivenDrink,,GivenDrink,169,176,2dda79ecf430,9006,lineSets[3].lines[4].dialogLine[5].text,Hmmm...····· what's your angle here?
GivenDrink,,GivenDrink,170,176,dcedd1c28c2e,9006,lineSets[3].lines[4].dialogLine[6].text,"Oh,··· you're the best."
GivenDrink,,GivenDrink,171,176,933a6c5fd5dc,9006,lineSets[3].lines[4].dialogLine[7].text,"Well,····· as long as you already paid for it!·····*hahahaha*"
GivenDrink,,GivenDrink,172,176,0c66f930f21a,9006,lineSets[3].lines[4].dialogLine[8].text,Oohhhh yeeeaah...····· It's gonna get real stupid up in this bitch in a minute.
GivenDrink,,GivenDrink,173,176,3fe2cb30bd97,9006,lineSets[3].lines[4].dialogLine[9].text,···Ooooouuuu...
GivenDrink,,GivenDrink,174,176,ebdfdd69c5c0,9006,lineSets[3].lines[4].dialogLine[10].text,That's good...····· do you have anymore?
GivenDrink,,GivenDrink,175,176,d18d68f6604e,9006,lineSets[3].lines[4].dialogLine[11].text,"So,····· is this how you seduced all the other girls?·········· *hahahahahahaha*·····*haaah*"
GivenFood,,GivenFood,0,150,569239140ccb,9007,lineSets[0].label,full
GivenFood,,GivenFood,1,150,1aaa0f1addec,9007,lineSets[0].lines[0].dialogLine[0].text,*aaaacc*·····I don't think I could eat another bite...
GivenFood,,GivenFood,2,150,57bf6557f4fa,9007,lineSets[0].lines[0].dialogLine[1].text,"Mmmmm...··························· ehh,····· not gonna happen."
GivenFood,,GivenFood,3,150,db2e19241a76,9007,lineSets[0].lines[0].dialogLine[2].text,"No,····· I couldn't.····· Seriously,····· I'm done for."
GivenFood,,GivenFood,4,150,d91f42926adf,9007,lineSets[0].lines[0].dialogLine[3].text,I'm going to be fuckin' sick.
GivenFood,,GivenFood,5,150,84b7b9e5a92f,9007,lineSets[0].lines[0].dialogLine[4].text,"Really,····· I couldn't eat another bite."
GivenFood,,GivenFood,6,150,ae17a72ac7d4,9007,lineSets[0].lines[0].dialogLine[5].text,Mmmmmm...····· probably not a good idea.
GivenFood,,GivenFood,7,150,9b6d3fdf4b5d,9007,lineSets[0].lines[0].dialogLine[6].text,"Ughh,····· fuck,············· I think I'm going to throw up..."
GivenFood,,GivenFood,8,150,8786ce5995fc,9007,lineSets[0].lines[0].dialogLine[7].text,Ughh...····· no...····· no thanks.
GivenFood,,GivenFood,9,150,b25518d733a7,9007,lineSets[0].lines[0].dialogLine[8].text,Ughh... I think I'm set on foodage...
GivenFood,,GivenFood,10,150,ce94ab723869,9007,lineSets[0].lines[0].dialogLine[9].text,···I don't think I can eat anymore...
GivenFood,,GivenFood,11,150,57e1e707fb62,9007,lineSets[0].lines[0].dialogLine[10].text,"Mmmmm...····· No thanks...····· really, I'm alright."
GivenFood,,GivenFood,12,150,f313c7c08ce8,9007,lineSets[0].lines[0].dialogLine[11].text,I don't even want to think about eating right now...
GivenFood,,GivenFood,13,150,f4484516de7b,9007,lineSets[0].lines[1].dialogLine[0].text,I better not...
GivenFood,,GivenFood,14,150,73dd7634d8a9,9007,lineSets[0].lines[1].dialogLine[1].text,*aaaaaaaaacc*····· I can't even look··· at food right now.
GivenFood,,GivenFood,15,150,8d4d6c45f8db,9007,lineSets[0].lines[1].dialogLine[2].text,Ughh...····· not unless you want it all over your shirt.
GivenFood,,GivenFood,16,150,836203aec0d0,9007,lineSets[0].lines[1].dialogLine[3].text,Get that shit out of my face.
GivenFood,,GivenFood,17,150,515deaf4e74b,9007,lineSets[0].lines[1].dialogLine[4].text,My stomach is a little upset right now.
GivenFood,,GivenFood,18,150,cbc8b394dbe4,9007,lineSets[0].lines[1].dialogLine[5].text,*aaaaacc*····· Too much...
GivenFood,,GivenFood,19,150,ca19cf4a523e,9007,lineSets[0].lines[1].dialogLine[6].text,I may have gotten a little ahead of my stomach...
GivenFood,,GivenFood,20,150,3a676eb81e06,9007,lineSets[0].lines[1].dialogLine[7].text,I'm not feeling too hot...····· maybe later.
GivenFood,,GivenFood,21,150,f80d15458dd7,9007,lineSets[0].lines[1].dialogLine[8].secondaryText,I can only pack so much in bitch*aan*...····· Give me a break.
GivenFood,,GivenFood,22,150,4a15406bc26a,9007,lineSets[0].lines[1].dialogLine[8].text,I can only pack so much in man*aan*...····· Give me a break.
GivenFood,,GivenFood,23,150,15cf9d562424,9007,lineSets[0].lines[1].dialogLine[9].text,···*aaaacc*·····My tummy hurts...
GivenFood,,GivenFood,24,150,d6648f1b229a,9007,lineSets[0].lines[1].dialogLine[10].text,You go ahead.·········· I don't feel much like eating.
GivenFood,,GivenFood,25,150,21bd32b41cc6,9007,lineSets[0].lines[1].dialogLine[11].text,I'm not feeling quite up to eating...
GivenFood,,GivenFood,26,150,34325302f8e4,9007,lineSets[0].lines[2].dialogLine[0].text,"Ughh,····· please take that away from my face."
GivenFood,,GivenFood,27,150,457d31d98575,9007,lineSets[0].lines[2].dialogLine[1].text,*aaaaaacc*Hehehehe···he.
GivenFood,,GivenFood,28,150,2853d1edbc95,9007,lineSets[0].lines[2].dialogLine[2].text,*aaaacc*·····I should have stopped while I was ahead.
GivenFood,,GivenFood,29,150,4dcc439936b0,9007,lineSets[0].lines[2].dialogLine[3].text,Bleh!!
GivenFood,,GivenFood,30,150,adaf6bdf11ff,9007,lineSets[0].lines[2].dialogLine[4].text,Not right now...
GivenFood,,GivenFood,31,150,b01d504022ea,9007,lineSets[0].lines[2].dialogLine[5].text,"Nah,····· seriously,·· I can't even."
GivenFood,,GivenFood,32,150,d0ff611d85a1,9007,lineSets[0].lines[2].dialogLine[6].text,Mmmmmm...····· oowww...
GivenFood,,GivenFood,33,150,c79f0f5c7903,9007,lineSets[0].lines[2].dialogLine[7].text,"Nnnn...·········· I've had too much already,····· sorry."
GivenFood,,GivenFood,34,150,c5a6d5f11fe9,9007,lineSets[0].lines[2].dialogLine[8].text,*aaaaccc*··You did this to me*eee*...
GivenFood,,GivenFood,35,150,84fe445de47b,9007,lineSets[0].lines[2].dialogLine[9].text,"···Ugghhh,······· I don't feel very good..."
GivenFood,,GivenFood,36,150,bd77e25ac0ee,9007,lineSets[0].lines[2].dialogLine[10].text,I think I've had enough for the time being.
GivenFood,,GivenFood,37,150,2812b06cb902,9007,lineSets[0].lines[2].dialogLine[11].text,I'm really in no condition for a meal.
GivenFood,,GivenFood,38,150,b3ec4ba444b2,9007,lineSets[1].label,loves
GivenFood,,GivenFood,39,150,df6b69a30b70,9007,lineSets[1].lines[0].dialogLine[0].text,"Aww··· man!·········· I love breakfast,····· best meal of the day hands down."
GivenFood,,GivenFood,40,150,ba526d2f3d55,9007,lineSets[1].lines[0].dialogLine[1].text,Mmmmmmm... pretty good. Thanks.
GivenFood,,GivenFood,41,150,80d19e6db6f3,9007,lineSets[1].lines[0].dialogLine[2].text,"Good,····· and good for you!"
GivenFood,,GivenFood,42,150,4203a3551dc7,9007,lineSets[1].lines[0].dialogLine[3].text,"Aw man,····· I love this shit."
GivenFood,,GivenFood,43,150,958f49d06d8a,9007,lineSets[1].lines[0].dialogLine[4].text,"Ohhh··· boy,········ you've discovered my weakness.·····*hahahaha*"
GivenFood,,GivenFood,44,150,f1808c857870,9007,lineSets[1].lines[0].dialogLine[5].text,Sweeeeet.
GivenFood,,GivenFood,45,150,fb88604026bb,9007,lineSets[1].lines[0].dialogLine[6].text,Oh god...··· I'm so bad.
GivenFood,,GivenFood,46,150,c70087b10327,9007,lineSets[1].lines[0].dialogLine[7].text,"Oh,····· god.············· I'm so weak...····· Mmm, but it's soooo good."
GivenFood,,GivenFood,47,150,e7fcf143e991,9007,lineSets[1].lines[0].dialogLine[8].text,Sweeeeeet...
GivenFood,,GivenFood,48,150,3572c23826ee,9007,lineSets[1].lines[0].dialogLine[9].text,···Thanks for feeding me!
GivenFood,,GivenFood,49,150,859717ec9382,9007,lineSets[1].lines[0].dialogLine[10].text,It's very enjoyable.
GivenFood,,GivenFood,50,150,48fcc9fd77ac,9007,lineSets[1].lines[0].dialogLine[11].text,Myyyy!·········· What a heavenly dessert.
GivenFood,,GivenFood,51,150,80480f16aaff,9007,lineSets[1].lines[1].dialogLine[0].text,Just what I needed!········ I missed breakfast this morning.
GivenFood,,GivenFood,52,150,cd55f6f9656d,9007,lineSets[1].lines[1].dialogLine[1].text,Fuck··· that hit the spot!
GivenFood,,GivenFood,53,150,60603fd5d1cd,9007,lineSets[1].lines[1].dialogLine[2].text,Is it weird that I like veggies so much?
GivenFood,,GivenFood,54,150,5a007954122b,9007,lineSets[1].lines[1].dialogLine[3].text,"Mm,····· eating always makes me want to smoke."
GivenFood,,GivenFood,55,150,b84e01cf220d,9007,lineSets[1].lines[1].dialogLine[4].text,"I could have breakfast for every meal,··· I swear."
GivenFood,,GivenFood,56,150,1992a8bcd4c9,9007,lineSets[1].lines[1].dialogLine[5].text,"Yeah, okay.····· Thanks."
GivenFood,,GivenFood,57,150,5f51212e63bf,9007,lineSets[1].lines[1].dialogLine[6].text,How can something so good····· be bad for you?
GivenFood,,GivenFood,58,150,988925961d17,9007,lineSets[1].lines[1].dialogLine[7].text,Maybe I'll just have a bite...·········· or two.
GivenFood,,GivenFood,59,150,a547ef862bc6,9007,lineSets[1].lines[1].dialogLine[8].text,Awww··· yeah...····· that's the good stuff!
GivenFood,,GivenFood,60,150,3c6fb1fca9dc,9007,lineSets[1].lines[1].dialogLine[9].text,···Veggies are sooo tasty!
GivenFood,,GivenFood,61,150,48c8830aad95,9007,lineSets[1].lines[1].dialogLine[10].text,"Appreciated,·········· this should sustain me for a short while."
GivenFood,,GivenFood,62,150,e35857ff6146,9007,lineSets[1].lines[1].dialogLine[11].text,Mmmmmm...·········· so rich and sweet.
GivenFood,,GivenFood,63,150,5e11e0fab83c,9007,lineSets[1].lines[2].dialogLine[0].text,MmmmMmmMmm!····· Soooo good!
GivenFood,,GivenFood,64,150,d66e75666c03,9007,lineSets[1].lines[2].dialogLine[1].text,I love it when you bite in and the juice drips down your chin.
GivenFood,,GivenFood,65,150,01bd65223da7,9007,lineSets[1].lines[2].dialogLine[2].text,"Oh my god,····· so tasty!"
GivenFood,,GivenFood,66,150,04bcfd7c8909,9007,lineSets[1].lines[2].dialogLine[3].text,"I don't care how fat this makes me,····· I'm eating it."
GivenFood,,GivenFood,67,150,d414a2094f62,9007,lineSets[1].lines[2].dialogLine[4].text,"Mmmm,····· damn,····· that's the good stuff."
GivenFood,,GivenFood,68,150,2a607db4d116,9007,lineSets[1].lines[2].dialogLine[5].text,Well I'm not gonna turn down free candy.
GivenFood,,GivenFood,69,150,2dd33a196fa7,9007,lineSets[1].lines[2].dialogLine[6].text,"Mmmm!······· Better than sex...····· well,····· almost."
GivenFood,,GivenFood,70,150,5ad4baf4b55e,9007,lineSets[1].lines[2].dialogLine[7].text,"I had a light breakfast so,········ I'm sure it's okay."
GivenFood,,GivenFood,71,150,ee07c957fe17,9007,lineSets[1].lines[2].dialogLine[8].text,*cc*Mmmm-*cc*mmm!····· How am I supposed to stop eating this shit?
GivenFood,,GivenFood,72,150,5cb091461b37,9007,lineSets[1].lines[2].dialogLine[9].text,···Yummy!
GivenFood,,GivenFood,73,150,8a12c004d823,9007,lineSets[1].lines[2].dialogLine[10].text,Mmmmm...····· so sweet and juicy.
GivenFood,,GivenFood,74,150,519812b26d44,9007,lineSets[1].lines[2].dialogLine[11].text,Simply divine!
GivenFood,,GivenFood,75,150,245ede8e7a8c,9007,lineSets[2].label,likes
GivenFood,,GivenFood,76,150,b4c9479cf16f,9007,lineSets[2].lines[0].dialogLine[0].text,I shouldn't...····· but I can't help myself!
GivenFood,,GivenFood,77,150,61de29740158,9007,lineSets[2].lines[0].dialogLine[1].text,Thanks.······· I think I'm going to save some of this for a salad later.
GivenFood,,GivenFood,78,150,4fb66593b85c,9007,lineSets[2].lines[0].dialogLine[2].text,"Aww·· dude,····· that hit the spot."
GivenFood,,GivenFood,79,150,60d9828f3e58,9007,lineSets[2].lines[0].dialogLine[3].text,About time...
GivenFood,,GivenFood,80,150,675fbff36032,9007,lineSets[2].lines[0].dialogLine[4].text,Delicious!·········· You couldn't ask for a better snack.
GivenFood,,GivenFood,81,150,2a04490f86d3,9007,lineSets[2].lines[0].dialogLine[5].text,I'm eating shit like this all the time at work.
GivenFood,,GivenFood,82,150,ad4a32ddb9f7,9007,lineSets[2].lines[0].dialogLine[6].text,"My agent,····· he yells at me for eating this crap...····· but he's not here!"
GivenFood,,GivenFood,83,150,6a1e09d3374c,9007,lineSets[2].lines[0].dialogLine[7].text,"Mmmm,····· I should really eat more of these."
GivenFood,,GivenFood,84,150,46699b01aa6f,9007,lineSets[2].lines[0].dialogLine[8].secondaryText,"Soooo good!····· If this food was a chick,····· I'd fuck her brains out."
GivenFood,,GivenFood,85,150,ac3057d199e9,9007,lineSets[2].lines[0].dialogLine[8].text,"Soooo good!····· If this food was a dude,····· I'd fuck his brains out."
GivenFood,,GivenFood,86,150,55593ca3973f,9007,lineSets[2].lines[0].dialogLine[9].text,···It's super duper good!
GivenFood,,GivenFood,87,150,755d0f0f6bf1,9007,lineSets[2].lines[0].dialogLine[10].text,I think I may have a sugar addiction.*hahaha*········
GivenFood,,GivenFood,88,150,5c4f5560b13e,9007,lineSets[2].lines[0].dialogLine[11].text,"Mmmmm,···················· actually...····· quite satisfying."
GivenFood,,GivenFood,89,150,e02860256167,9007,lineSets[2].lines[1].dialogLine[0].text,"I'm so bad,····· I know.········ I have a sweet tooth!"
GivenFood,,GivenFood,90,150,4b5fa6dd3244,9007,lineSets[2].lines[1].dialogLine[1].text,"This is great,····· the lunch options on campus are so gross."
GivenFood,,GivenFood,91,150,bfda2e9e5009,9007,lineSets[2].lines[1].dialogLine[2].text,"Thanks,····· I was running a little low on fuel."
GivenFood,,GivenFood,92,150,12994d7532dd,9007,lineSets[2].lines[1].dialogLine[3].text,Nice.····· I could totally eat this right now.
GivenFood,,GivenFood,93,150,646e40b68950,9007,lineSets[2].lines[1].dialogLine[4].text,"Mmmmmm,·· so juicy."
GivenFood,,GivenFood,94,150,7748a78e00c8,9007,lineSets[2].lines[1].dialogLine[5].text,I am gonna get soooooo fat.···
GivenFood,,GivenFood,95,150,0848d7413e52,9007,lineSets[2].lines[1].dialogLine[6].text,I'll just work it off later.
GivenFood,,GivenFood,96,150,4bc889aa6fc9,9007,lineSets[2].lines[1].dialogLine[7].text,"Sure,····· I could go for a quick snack."
GivenFood,,GivenFood,97,150,ef1a0cfec595,9007,lineSets[2].lines[1].dialogLine[8].text,They really need to start serving this shit where I'm from.
GivenFood,,GivenFood,98,150,0e15329c07c8,9007,lineSets[2].lines[1].dialogLine[9].text,···What a treat!
GivenFood,,GivenFood,99,150,fec7b1c434d2,9007,lineSets[2].lines[1].dialogLine[10].text,I wish they had these back home.
GivenFood,,GivenFood,100,150,cbfdbb723a1b,9007,lineSets[2].lines[1].dialogLine[11].text,Muuuch····· better...·················· I was having a distinct craving for breakfast.
GivenFood,,GivenFood,101,150,de9b0bde4277,9007,lineSets[2].lines[2].dialogLine[0].text,"Oh god,····· I love these!"
GivenFood,,GivenFood,102,150,a61420ff8440,9007,lineSets[2].lines[2].dialogLine[1].text,"Ahhhh...····· the smell of fresh produce.········ Ehh,····· am I weird?"
GivenFood,,GivenFood,103,150,c1e1d1e540a3,9007,lineSets[2].lines[2].dialogLine[2].text,Delicious!
GivenFood,,GivenFood,104,150,71265de225d5,9007,lineSets[2].lines[2].dialogLine[3].text,"Hey,····· gimme that!"
GivenFood,,GivenFood,105,150,b6a3ef1530aa,9007,lineSets[2].lines[2].dialogLine[4].text,Where did you get this?····· It's sooo good.·····
GivenFood,,GivenFood,106,150,e27f12591e0d,9007,lineSets[2].lines[2].dialogLine[5].text,"Worth it,····· every time."
GivenFood,,GivenFood,107,150,263ffc37a1f9,9007,lineSets[2].lines[2].dialogLine[6].text,Fuuuck that's good.
GivenFood,,GivenFood,108,150,4ffbe06f22c4,9007,lineSets[2].lines[2].dialogLine[7].text,*aaaacc*·····Yummy!
GivenFood,,GivenFood,109,150,8ed4ff999c3d,9007,lineSets[2].lines[2].dialogLine[8].text,"Fuck that's good!····· Yo,····· I'm about to bust a nut over here."
GivenFood,,GivenFood,110,150,15d6c3d9d89a,9007,lineSets[2].lines[2].dialogLine[9].text,···Delicious!
GivenFood,,GivenFood,111,150,33ff036c7610,9007,lineSets[2].lines[2].dialogLine[10].text,"I know it's inadequate nutrition, but it's so tasty!"
GivenFood,,GivenFood,112,150,81b10176f389,9007,lineSets[2].lines[2].dialogLine[11].text,"Admittedly,·········· the food down here·········· isn't half bad."
GivenFood,,GivenFood,113,150,36104d01ae39,9007,lineSets[3].label,hates
GivenFood,,GivenFood,114,150,06b8a90eebd7,9007,lineSets[3].lines[0].dialogLine[0].text,Eww...····· no thanks.
GivenFood,,GivenFood,115,150,9308320563d5,9007,lineSets[3].lines[0].dialogLine[1].text,Uhhhhhh...····· no.······· Not on my diet.
GivenFood,,GivenFood,116,150,ad9b228d89ff,9007,lineSets[3].lines[0].dialogLine[2].text,"Nah dude,····· that stuff goes right to your hips."
GivenFood,,GivenFood,117,150,6bcdf9771a91,9007,lineSets[3].lines[0].dialogLine[3].text,Ughh!····· Gross!
GivenFood,,GivenFood,118,150,2afdbb52afd4,9007,lineSets[3].lines[0].dialogLine[4].text,No thank you.
GivenFood,,GivenFood,119,150,d4c3fc7a6e8a,9007,lineSets[3].lines[0].dialogLine[5].text,"Nah,····· I'll save that for you."
GivenFood,,GivenFood,120,150,524ac1d82c3c,9007,lineSets[3].lines[0].dialogLine[6].text,No thanks hun.
GivenFood,,GivenFood,121,150,f7655266b8cb,9007,lineSets[3].lines[0].dialogLine[7].text,"That's okay,····· but····· thank you for offering!"
GivenFood,,GivenFood,122,150,f94e02fdf070,9007,lineSets[3].lines[0].dialogLine[8].text,What are you doing?····· Check my preferences in the stupid phone.
GivenFood,,GivenFood,123,150,1013d5fe0a73,9007,lineSets[3].lines[0].dialogLine[9].text,···Bleh!
GivenFood,,GivenFood,124,150,4a44c3ddec83,9007,lineSets[3].lines[0].dialogLine[10].text,Sorry...····· I don't think I can eat that.
GivenFood,,GivenFood,125,150,86915f181569,9007,lineSets[3].lines[0].dialogLine[11].text,"You're really going to offer··· that,········· to me?···········"
GivenFood,,GivenFood,126,150,52a2c1241833,9007,lineSets[3].lines[1].dialogLine[0].text,I'm not really into that.
GivenFood,,GivenFood,127,150,70be984bcb3c,9007,lineSets[3].lines[1].dialogLine[1].text,"Sorry,····· I'm just trying to watch what I eat."
GivenFood,,GivenFood,128,150,eb79e6dc7af5,9007,lineSets[3].lines[1].dialogLine[2].text,I'm on a pretty strict diet.
GivenFood,,GivenFood,129,150,a94ef434b36e,9007,lineSets[3].lines[1].dialogLine[3].text,That's··· fucking disgusting.
GivenFood,,GivenFood,130,150,260f91e2216b,9007,lineSets[3].lines[1].dialogLine[4].text,I'm afraid I have to pass on that.
GivenFood,,GivenFood,131,150,f1d6cd538014,9007,lineSets[3].lines[1].dialogLine[5].text,I'm more of a sweets kinda girl.
GivenFood,,GivenFood,132,150,827223198f66,9007,lineSets[3].lines[1].dialogLine[6].text,That's not really the type of thing I usually eat.
GivenFood,,GivenFood,133,150,7ee1a1c369af,9007,lineSets[3].lines[1].dialogLine[7].text,"No,·· no,·· no!············· I wouldn't want to eat all your food."
GivenFood,,GivenFood,134,150,916e07984b9e,9007,lineSets[3].lines[1].dialogLine[8].text,No can do.····· I'll get mad sick and blast chunks·· all over;····· it's gross.
GivenFood,,GivenFood,135,150,abe5fde78a73,9007,lineSets[3].lines[1].dialogLine[9].text,"···Ewww,····· that smells funny."
GivenFood,,GivenFood,136,150,095a21950122,9007,lineSets[3].lines[1].dialogLine[10].text,I'm not sure about that kind of food.····· I don't want to risk it.
GivenFood,,GivenFood,137,150,7f8bbcae8615,9007,lineSets[3].lines[1].dialogLine[11].text,"You can't possibly be serious,····· my dear..."
GivenFood,,GivenFood,138,150,15de750b123d,9007,lineSets[3].lines[2].dialogLine[0].text,"Sorry,····· I gotta pass."
GivenFood,,GivenFood,139,150,47fd9329ddc5,9007,lineSets[3].lines[2].dialogLine[1].text,Can't do it.·· Too many carbs.
GivenFood,,GivenFood,140,150,bcecc3e36133,9007,lineSets[3].lines[2].dialogLine[2].text,It's tempting...····· but I think I'm gonna pass.
GivenFood,,GivenFood,141,150,489db6468ba8,9007,lineSets[3].lines[2].dialogLine[3].text,Are you trying to make me throw up?
GivenFood,,GivenFood,142,150,3096b57a8052,9007,lineSets[3].lines[2].dialogLine[4].text,"Heh,····· sorry,····· I'm kind of a picky eater."
GivenFood,,GivenFood,143,150,1df11de00946,9007,lineSets[3].lines[2].dialogLine[5].text,Uh····· gross.·····
GivenFood,,GivenFood,144,150,2ec87d19d8c7,9007,lineSets[3].lines[2].dialogLine[6].text,I'm more of a burger and fries type of girl.
GivenFood,,GivenFood,145,150,1fdb854d5ee9,9007,lineSets[3].lines[2].dialogLine[7].text,"You go ahead,·········· that's not really my type of thing."
GivenFood,,GivenFood,146,150,1d8fb13b1ea3,9007,lineSets[3].lines[2].dialogLine[8].text,"Sorry bub,····· fairies can't eat that garbage."
GivenFood,,GivenFood,147,150,13e134abaa2d,9007,lineSets[3].lines[2].dialogLine[9].text,"···Kitties can't eat that,·· you silly!"
GivenFood,,GivenFood,148,150,8a36001b0a5c,9007,lineSets[3].lines[2].dialogLine[10].text,That's probably not a good idea.·········· I have a very particular digestive system.
GivenFood,,GivenFood,149,150,ec74c370b8eb,9007,lineSets[3].lines[2].dialogLine[11].text,I wouldn't be caught dead eating such a thing.
GivenGift,,GivenGift,0,192,49816439918f,9008,lineSets[0].label,loves
GivenGift,,GivenGift,1,192,a484b0455a32,9008,lineSets[0].lines[0].dialogLine[0].text,Whaa!?····· Are you serious?····· Thank you so much!
GivenGift,,GivenGift,2,192,7ba78078b840,9008,lineSets[0].lines[0].dialogLine[1].text,I used to play with this all the time when I was young!
GivenGift,,GivenGift,3,192,f7f222b60d67,9008,lineSets[0].lines[0].dialogLine[2].text,"*hahahaha*···What are you trying to say?...····· Just kidding,····· thanks!"
GivenGift,,GivenGift,4,192,8c2aeb626c41,9008,lineSets[0].lines[0].dialogLine[3].text,"If you're trying to buy my love,····· keep spending."
GivenGift,,GivenGift,5,192,0a6ebdfb8376,9008,lineSets[0].lines[0].dialogLine[4].text,Excellent!······· We'll have to play sometime.
GivenGift,,GivenGift,6,192,e40afa847fa2,9008,lineSets[0].lines[0].dialogLine[5].text,"This is a really cool gift.····· I mean it,··· thanks.···"
GivenGift,,GivenGift,7,192,fc164e4d8407,9008,lineSets[0].lines[0].dialogLine[6].secondaryText,Really!?·········· I think you're my new favorite girlfriend.
GivenGift,,GivenGift,8,192,6f9646487db0,9008,lineSets[0].lines[0].dialogLine[6].text,"Really!?·········· Aww, I think you're my new favorite boyfriend."
GivenGift,,GivenGift,9,192,750d52797f48,9008,lineSets[0].lines[0].dialogLine[7].text,Ohhh!·········· This is perfect for my studio!
GivenGift,,GivenGift,10,192,413bf5acb1ad,9008,lineSets[0].lines[0].dialogLine[8].text,Yeeess!····· Yeeeeesss!····· Shower me with gifts!
GivenGift,,GivenGift,11,192,3e24cb46118d,9008,lineSets[0].lines[0].dialogLine[9].text,···Yay!····· I love fishies!
GivenGift,,GivenGift,12,192,2080cbc4fbef,9008,lineSets[0].lines[0].dialogLine[10].text,Are you sure?·········· I'm surprised you got this for me.····· Thank you.
GivenGift,,GivenGift,13,192,47c64a3dbee7,9008,lineSets[0].lines[0].dialogLine[11].text,What can I say?····· I may be a goddess but··· I'm still a girl who loves a thoughtful gift.
GivenGift,,GivenGift,14,192,260ff5857a7d,9008,lineSets[0].lines[1].dialogLine[0].text,This is perfect!····· It's exactly what I needed.
GivenGift,,GivenGift,15,192,25947f3aed7d,9008,lineSets[0].lines[1].dialogLine[1].text,You stupid jerk... I love it!
GivenGift,,GivenGift,16,192,09da7327ee97,9008,lineSets[0].lines[1].dialogLine[2].secondaryText,Now this is a girl who understand me.
GivenGift,,GivenGift,17,192,03abcb61a3e0,9008,lineSets[0].lines[1].dialogLine[2].text,Now this is a guy who understand me.
GivenGift,,GivenGift,18,192,52e3a5d72665,9008,lineSets[0].lines[1].dialogLine[3].secondaryText,So what?····· Am I supposed to fuck you now?····· Get real.
GivenGift,,GivenGift,19,192,9c6a9960474b,9008,lineSets[0].lines[1].dialogLine[3].text,So what?····· Am I supposed to blow you now?····· Get real.
GivenGift,,GivenGift,20,192,0f956c77f6cf,9008,lineSets[0].lines[1].dialogLine[4].text,"Oh-ho,····· what's this?····· Are you challenging me?"
GivenGift,,GivenGift,21,192,83a02948e9a5,9008,lineSets[0].lines[1].dialogLine[5].text,"Thanks!····· I'm really into art,····· so this will definitely get some use."
GivenGift,,GivenGift,22,192,de68a8131ba2,9008,lineSets[0].lines[1].dialogLine[6].secondaryText,That's right!····· My girl takes care of me...
GivenGift,,GivenGift,23,192,2fa0bc7e3d0d,9008,lineSets[0].lines[1].dialogLine[6].text,That's right!····· My man··· takes care of me...
GivenGift,,GivenGift,24,192,aa4078fc00c9,9008,lineSets[0].lines[1].dialogLine[7].text,I can't tell you how much this means!
GivenGift,,GivenGift,25,192,8bfa67311ebf,9008,lineSets[0].lines[1].dialogLine[8].text,"You got decent gifting skills,····· I'll give you that much."
GivenGift,,GivenGift,26,192,0986a2874f24,9008,lineSets[0].lines[1].dialogLine[9].text,···I'm gonna have the bestest fish tank in the whole world!
GivenGift,,GivenGift,27,192,6ff25666c6e2,9008,lineSets[0].lines[1].dialogLine[10].text,A gift?····· For me?····· Thank you.····· How can I repay you?
GivenGift,,GivenGift,28,192,93119b683855,9008,lineSets[0].lines[1].dialogLine[11].text,"Well now,····· what a surprisingly loving gift."
GivenGift,,GivenGift,29,192,57beb10acc9e,9008,lineSets[0].lines[2].dialogLine[0].text,"Really!?····· Thank you, thank you, thank you!"
GivenGift,,GivenGift,30,192,21aea01343c3,9008,lineSets[0].lines[2].dialogLine[1].text,Awwww shit...······· now I have to get you something.
GivenGift,,GivenGift,31,192,c3c150476c37,9008,lineSets[0].lines[2].dialogLine[2].text,Thanks!····· I can't wait to test it out.
GivenGift,,GivenGift,32,192,5fa1a9036f19,9008,lineSets[0].lines[2].dialogLine[3].text,"This'll do,····· for now."
GivenGift,,GivenGift,33,192,fb54d76e1e29,9008,lineSets[0].lines[2].dialogLine[4].text,Nooooo...····· how did you know!?
GivenGift,,GivenGift,34,192,b55fccf75152,9008,lineSets[0].lines[2].dialogLine[5].text,"You're very kind to me.····· I...····· well, I don't hate it."
GivenGift,,GivenGift,35,192,3665bbf66be2,9008,lineSets[0].lines[2].dialogLine[6].text,"Awww,··· thank you.············· Remind me to return the favor····· later..."
GivenGift,,GivenGift,36,192,248202170790,9008,lineSets[0].lines[2].dialogLine[7].text,This is exactly what I was looking for!··········*cccc*····· You've read my mind.
GivenGift,,GivenGift,37,192,fa1f43ee36b1,9008,lineSets[0].lines[2].dialogLine[8].text,*cmcmcmcmcm*·····This part never gets old.
GivenGift,,GivenGift,38,192,49b29dd3ebe9,9008,lineSets[0].lines[2].dialogLine[9].text,···Thank you soooooo much master!
GivenGift,,GivenGift,39,192,e8b9061e69c0,9008,lineSets[0].lines[2].dialogLine[10].text,That's very thoughtful of you.
GivenGift,,GivenGift,40,192,f3cd8f80faad,9008,lineSets[0].lines[2].dialogLine[11].text,"It's not that I'm materialistic,····· I just like getting nice things."
GivenGift,,GivenGift,41,192,65ea4bc0737c,9008,lineSets[1].label,likes gift type 1
GivenGift,,GivenGift,42,192,61f135faca4d,9008,lineSets[1].lines[0].dialogLine[0].text,Yeesss!··· Audrey is gonna be so jealous.·····*haha*
GivenGift,,GivenGift,43,192,889bcf132b60,9008,lineSets[1].lines[0].dialogLine[1].text,"Awwwwwww,··············· how did you know I dabbled in art?"
GivenGift,,GivenGift,44,192,0d59cfe54967,9008,lineSets[1].lines[0].dialogLine[2].text,Soooo nice of you!
GivenGift,,GivenGift,45,192,04ca61ba6bf0,9008,lineSets[1].lines[0].dialogLine[3].text,What?······· Do you want a kiss or something?········ Dream on.
GivenGift,,GivenGift,46,192,0c2bf722f509,9008,lineSets[1].lines[0].dialogLine[4].text,"Oh,··· really?····· I love to bake!"
GivenGift,,GivenGift,47,192,3886d0c4bf26,9008,lineSets[1].lines[0].dialogLine[5].text,"I really appreciate it,····· but··· you don't have to like,····· buy me stuff."
GivenGift,,GivenGift,48,192,0253a6c2eac5,9008,lineSets[1].lines[0].dialogLine[6].text,"Mmmm,··· baby!········ I love it when you buy me new things."
GivenGift,,GivenGift,49,192,7943e325c811,9008,lineSets[1].lines[0].dialogLine[7].text,I can't believe you bought this for me!·········· How nice is that?
GivenGift,,GivenGift,50,192,61c66306ee65,9008,lineSets[1].lines[0].dialogLine[8].text,Hey cool more free shit!
GivenGift,,GivenGift,51,192,efdd2f84c8d8,9008,lineSets[1].lines[0].dialogLine[9].text,···You didn't have to do that for me!
GivenGift,,GivenGift,52,192,3f899babcea1,9008,lineSets[1].lines[0].dialogLine[10].text,I don't know what to say.····· Thank you very much.·····
GivenGift,,GivenGift,53,192,b5def3001dbc,9008,lineSets[1].lines[0].dialogLine[11].text,Well...·········· it's a nice start.············· What else you got?
GivenGift,,GivenGift,54,192,6eadf76af3eb,9008,lineSets[1].lines[1].dialogLine[0].text,Oh my god!· How cute·· is this?
GivenGift,,GivenGift,55,192,8745267facfc,9008,lineSets[1].lines[1].dialogLine[1].text,Nice!············ My last one was getting kinda worn out.
GivenGift,,GivenGift,56,192,51483334b4cf,9008,lineSets[1].lines[1].dialogLine[2].text,I really appreciate the thought.
GivenGift,,GivenGift,57,192,f79de0d25c5e,9008,lineSets[1].lines[1].dialogLine[3].text,"Whatever,········ don't start getting all cocky on me."
GivenGift,,GivenGift,58,192,ce7044d2db45,9008,lineSets[1].lines[1].dialogLine[4].text,What a nice thing for you to do.····· Thanks!
GivenGift,,GivenGift,59,192,5d101b475d0c,9008,lineSets[1].lines[1].dialogLine[5].text,Wow...············ I feel bad that I don't have anything to give you.
GivenGift,,GivenGift,60,192,303c0be55b6e,9008,lineSets[1].lines[1].dialogLine[6].text,"You knew just what to get me, didn't you?"
GivenGift,,GivenGift,61,192,d3532ef34bd1,9008,lineSets[1].lines[1].dialogLine[7].text,I feel bad;·········· I never have anything for you.
GivenGift,,GivenGift,62,192,7554946dfef3,9008,lineSets[1].lines[1].dialogLine[8].text,"Even though I know you're just trying to fuck me,····· I still like the gift."
GivenGift,,GivenGift,63,192,fe0e857cf18b,9008,lineSets[1].lines[1].dialogLine[9].text,···*hahahaha*·····It's really pretty!
GivenGift,,GivenGift,64,192,7e7b199a68da,9008,lineSets[1].lines[1].dialogLine[10].text,Thank you.····· Your kindness does not go unnoticed.
GivenGift,,GivenGift,65,192,2f0dcd842bad,9008,lineSets[1].lines[1].dialogLine[11].text,I accept your offer.
GivenGift,,GivenGift,66,192,8425444b22a5,9008,lineSets[1].lines[2].dialogLine[0].text,"Uh-oh,····· party ova here.··*hehe*"
GivenGift,,GivenGift,67,192,22077250939a,9008,lineSets[1].lines[2].dialogLine[1].text,Thanks!············· I'll use it on my break tomorrow.
GivenGift,,GivenGift,68,192,156711906dbd,9008,lineSets[1].lines[2].dialogLine[2].text,I've been meaning to get a new one of these.
GivenGift,,GivenGift,69,192,b497a5f5f8f8,9008,lineSets[1].lines[2].dialogLine[3].text,"Wow,········ for once you didn't screw it up."
GivenGift,,GivenGift,70,192,ca67eed259c5,9008,lineSets[1].lines[2].dialogLine[4].text,Thanks!····· This will come in handy.
GivenGift,,GivenGift,71,192,0c097fab9770,9008,lineSets[1].lines[2].dialogLine[5].text,I'm not used to this kind of attention...······· but·· I'm not exactly complaining...
GivenGift,,GivenGift,72,192,5ac06ec3b7e4,9008,lineSets[1].lines[2].dialogLine[6].text,"You see,····· this is why I like you.····· You give me stuff."
GivenGift,,GivenGift,73,192,1450c1dd8e46,9008,lineSets[1].lines[2].dialogLine[7].text,You're sure?·········· That's so kind of you!
GivenGift,,GivenGift,74,192,bb22cf7eee00,9008,lineSets[1].lines[2].dialogLine[8].text,"This reminds me,····· I want to party with that bitchy redhead.····· She seems like fun."
GivenGift,,GivenGift,75,192,5c9d84265c69,9008,lineSets[1].lines[2].dialogLine[9].text,"···Can I really have it?····· Can I, can I?"
GivenGift,,GivenGift,76,192,fc06f8fcb88b,9008,lineSets[1].lines[2].dialogLine[10].text,I only wish I that had something to give you in return.
GivenGift,,GivenGift,77,192,107f45ed3427,9008,lineSets[1].lines[2].dialogLine[11].text,It's going to take more than a few gifts to win me over.
GivenGift,,GivenGift,78,192,67de78ba4b59,9008,lineSets[2].label,likes gift type 2
GivenGift,,GivenGift,79,192,82aba9342041,9008,lineSets[2].lines[0].dialogLine[0].text,"Awww,····· thanks!········ You didn't have to do that!"
GivenGift,,GivenGift,80,192,ffbf8c071f0a,9008,lineSets[2].lines[0].dialogLine[1].text,Alright.··· I'll admit it.··· You did good.
GivenGift,,GivenGift,81,192,b84544f28858,9008,lineSets[2].lines[0].dialogLine[2].text,Thanks so much!
GivenGift,,GivenGift,82,192,e9408a97935d,9008,lineSets[2].lines[0].dialogLine[3].text,I'll be taking that!
GivenGift,,GivenGift,83,192,e09cac58d2c9,9008,lineSets[2].lines[0].dialogLine[4].text,Thank you so much!
GivenGift,,GivenGift,84,192,4dd6f4d6a690,9008,lineSets[2].lines[0].dialogLine[5].text,"I'm not sure what I did to deserve this,····· but thank you."
GivenGift,,GivenGift,85,192,bdd1d75cade6,9008,lineSets[2].lines[0].dialogLine[6].text,"For me...?····· Awww,····· thank you!"
GivenGift,,GivenGift,86,192,9b296a31cc3a,9008,lineSets[2].lines[0].dialogLine[7].text,Hmmm?····· A gift!?·········· You didn't have to do that!
GivenGift,,GivenGift,87,192,41dc87f8fe3a,9008,lineSets[2].lines[0].dialogLine[8].text,Why not?····· It's a thing.····· I love things!
GivenGift,,GivenGift,88,192,4798c9eb6e85,9008,lineSets[2].lines[0].dialogLine[9].text,···You're the bestest!
GivenGift,,GivenGift,89,192,83e41ecc66cc,9008,lineSets[2].lines[0].dialogLine[10].text,Thank you.····· I can't tell you how much I appreciate it.
GivenGift,,GivenGift,90,192,1746d54a5bec,9008,lineSets[2].lines[0].dialogLine[11].text,"Yeeeesss,····· this will do veeeerrry nicely.·········· You've done well."
GivenGift,,GivenGift,91,192,70349a11aa01,9008,lineSets[2].lines[1].dialogLine[0].secondaryText,"Whoa, you are the sweetest girl, like,·· ever.·····"
GivenGift,,GivenGift,92,192,24569d7e6b5c,9008,lineSets[2].lines[1].dialogLine[0].text,"Whoa, you're the sweetest guy, like,····· ever."
GivenGift,,GivenGift,93,192,df5ea6d00bc3,9008,lineSets[2].lines[1].dialogLine[1].text,"Awwww, thanks.·········· I really need to stop neglecting my garden at home."
GivenGift,,GivenGift,94,192,28558ecf16db,9008,lineSets[2].lines[1].dialogLine[2].text,This is seriously awesome.
GivenGift,,GivenGift,95,192,42920bb7562e,9008,lineSets[2].lines[1].dialogLine[3].text,Nothing wrong with free shit.
GivenGift,,GivenGift,96,192,c4610ed75366,9008,lineSets[2].lines[1].dialogLine[4].text,"Awwww,····· that's so sweet of you."
GivenGift,,GivenGift,97,192,15ac196f3686,9008,lineSets[2].lines[1].dialogLine[5].text,You really don't have to get me stuff...····· I mean I appreciate it.····· I just feel bad.
GivenGift,,GivenGift,98,192,a07bd8c639f4,9008,lineSets[2].lines[1].dialogLine[6].text,"Awww,········ you really shou*hiccup*...····· Ummm,··· what was I saying?"
GivenGift,,GivenGift,99,192,843cc5db68b1,9008,lineSets[2].lines[1].dialogLine[7].text,I'm not even sure how to express my gratitude.
GivenGift,,GivenGift,100,192,d60caa723e42,9008,lineSets[2].lines[1].dialogLine[8].text,What!?····· I like to draw!····· A love fairy can have hobbies too.
GivenGift,,GivenGift,101,192,038085e486b5,9008,lineSets[2].lines[1].dialogLine[9].text,···Awwwww!····· You spoil me too much!
GivenGift,,GivenGift,102,192,81df27270c67,9008,lineSets[2].lines[1].dialogLine[10].text,I can have it?····· You really don't mind?
GivenGift,,GivenGift,103,192,1ee522bdbd12,9008,lineSets[2].lines[1].dialogLine[11].text,I guess I have a weakness for expensive things...
GivenGift,,GivenGift,104,192,4d8e4974f398,9008,lineSets[2].lines[2].dialogLine[0].text,"Aww yeah!····· Sweet,····· thanks!"
GivenGift,,GivenGift,105,192,409096ec9a4c,9008,lineSets[2].lines[2].dialogLine[1].text,This will do...····· this will definitely do.
GivenGift,,GivenGift,106,192,5df03faefb51,9008,lineSets[2].lines[2].dialogLine[2].text,"Awww,·········· you didn't have to go through the trouble."
GivenGift,,GivenGift,107,192,a73a9684f77d,9008,lineSets[2].lines[2].dialogLine[3].text,I hope you're not expecting anything in return.
GivenGift,,GivenGift,108,192,152956286a73,9008,lineSets[2].lines[2].dialogLine[4].text,"I can't tell you how much I appreciate this,····· honestly."
GivenGift,,GivenGift,109,192,fa0b2914fd14,9008,lineSets[2].lines[2].dialogLine[5].text,"Heeeeyy...····· are you trying to like,····· win me over or something with gifts?"
GivenGift,,GivenGift,110,192,2620bc25944d,9008,lineSets[2].lines[2].dialogLine[6].text,"Awww,·· you didn't have to do that...····· but,····· it certainly doesn't hurt."
GivenGift,,GivenGift,111,192,e81127514766,9008,lineSets[2].lines[2].dialogLine[7].text,*aaaacc········*You're too much!············· I'll have to remember to get you something nice.
GivenGift,,GivenGift,112,192,d533f00c9b17,9008,lineSets[2].lines[2].dialogLine[8].text,"Ahhhh, this job has it's perks..."
GivenGift,,GivenGift,113,192,66189853f1c5,9008,lineSets[2].lines[2].dialogLine[9].text,···Thank you thank you!
GivenGift,,GivenGift,114,192,fc7edb7667b8,9008,lineSets[2].lines[2].dialogLine[10].text,"You really like to give people things,····· don't you?"
GivenGift,,GivenGift,115,192,3602fe471d71,9008,lineSets[2].lines[2].dialogLine[11].text,"Perfect!··············· Even I have to stay in shape.··············· I wouldn't be much of a goddess otherwise, would I?"
GivenGift,,GivenGift,116,192,a6b6d5c3620a,9008,lineSets[3].label,unique
GivenGift,,GivenGift,117,192,f6c9c53e6102,9008,lineSets[3].lines[0].dialogLine[0].text,For real!?············ Oh my god I could kiss you!
GivenGift,,GivenGift,118,192,defdf0834362,9008,lineSets[3].lines[0].dialogLine[1].text,God... you're so racist. *hahahahahaha*
GivenGift,,GivenGift,119,192,7f60c68b0f23,9008,lineSets[3].lines[0].dialogLine[2].text,Awww dude!····· This is so cool!
GivenGift,,GivenGift,120,192,3da9dfdfa7ff,9008,lineSets[3].lines[0].dialogLine[3].text,"Aw,····· score.·········· You're not as big of a loser as I thought."
GivenGift,,GivenGift,121,192,72880eae8502,9008,lineSets[3].lines[0].dialogLine[4].text,Are you sure?····· This is amazing!
GivenGift,,GivenGift,122,192,dd2018d73bdd,9008,lineSets[3].lines[0].dialogLine[5].text,Holy shit!·········· Where the fuck did you find this?
GivenGift,,GivenGift,123,192,cc6874b86df6,9008,lineSets[3].lines[0].dialogLine[6].text,Ooohh!····· I'm such a sucker for cute holiday decorations.
GivenGift,,GivenGift,124,192,394742f54161,9008,lineSets[3].lines[0].dialogLine[7].text,My collection was missing this!·········· Thank you!
GivenGift,,GivenGift,125,192,f66904761acf,9008,lineSets[3].lines[0].dialogLine[8].text,"Ughh,··· you have such a filthy mind.····· That's why we get along so well!···*ccmm*"
GivenGift,,GivenGift,126,192,e716faf8b60b,9008,lineSets[3].lines[0].dialogLine[9].text,···Really?······· Thank you!········ What did I do to deserve it?
GivenGift,,GivenGift,127,192,f20cf8fbf1c7,9008,lineSets[3].lines[0].dialogLine[10].text,How on earth did you find this?·····
GivenGift,,GivenGift,128,192,83ba099f40e4,9008,lineSets[3].lines[0].dialogLine[11].text,Now this····· is a gift truly worthy of a goddess.
GivenGift,,GivenGift,129,192,060bccc2c980,9008,lineSets[3].lines[1].dialogLine[0].text,I seriously can't believe you got this for me!····· Thanks!···
GivenGift,,GivenGift,130,192,d16cdaefb62c,9008,lineSets[3].lines[1].dialogLine[1].text,How did you get your hands on this!?
GivenGift,,GivenGift,131,192,3db4636aa798,9008,lineSets[3].lines[1].dialogLine[2].text,Get the fuck outta town!····· Really?
GivenGift,,GivenGift,132,192,cde685989241,9008,lineSets[3].lines[1].dialogLine[3].text,Niiiiice.·········· How'd you get your hands on this?
GivenGift,,GivenGift,133,192,67570b02ee31,9008,lineSets[3].lines[1].dialogLine[4].text,"Wow!·········· You really are something else,····· you know that?"
GivenGift,,GivenGift,134,192,9f405ea799c6,9008,lineSets[3].lines[1].dialogLine[5].text,"Yooooooo,·········· do you know how many used game stores I've been to looking for this?"
GivenGift,,GivenGift,135,192,8fe9a83d3258,9008,lineSets[3].lines[1].dialogLine[6].text,"Oh,····· it's adorable!·········· It makes me wish it was December already."
GivenGift,,GivenGift,136,192,7d211312d381,9008,lineSets[3].lines[1].dialogLine[7].text,Woooow!...······*cccc*········· Is it··· weird that I collect this stuff?
GivenGift,,GivenGift,137,192,07cc2edbf9f1,9008,lineSets[3].lines[1].dialogLine[8].text,"Holy··· shit...······· yeah,··········· I'm definitely taking this for a test drive tonight."
GivenGift,,GivenGift,138,192,bb819bcbad21,9008,lineSets[3].lines[1].dialogLine[9].text,···It's the perfectest gift ever!····· How'd you know?
GivenGift,,GivenGift,139,192,16b5d4389c4c,9008,lineSets[3].lines[1].dialogLine[10].text,What an interesting object...
GivenGift,,GivenGift,140,192,c6a0c19f5950,9008,lineSets[3].lines[1].dialogLine[11].text,What a exquisite stone...·········· it's breathtaking!·····
GivenGift,,GivenGift,141,192,1894ce26e160,9008,lineSets[3].lines[2].dialogLine[0].text,Soooo······· adorable...············· This is going to make my uniform so much cuter!
GivenGift,,GivenGift,142,192,1e77007a95d0,9008,lineSets[3].lines[2].dialogLine[1].text,Wow.····· This is actually a really thoughtful gift.
GivenGift,,GivenGift,143,192,969f4d8a6e3a,9008,lineSets[3].lines[2].dialogLine[2].text,Whoa!····· I have been looking everywhere for this!
GivenGift,,GivenGift,144,192,2e1e03ad54e3,9008,lineSets[3].lines[2].dialogLine[3].text,Swweeeet.·········· At least you're useful for one thing.
GivenGift,,GivenGift,145,192,04dea77a2fc9,9008,lineSets[3].lines[2].dialogLine[4].text,I have always wanted one of these!
GivenGift,,GivenGift,146,192,f6b2d7327e2c,9008,lineSets[3].lines[2].dialogLine[5].text,Oh····· shit!····· My collection is missing this.········ You're giving this to me?
GivenGift,,GivenGift,147,192,b03ec697b856,9008,lineSets[3].lines[2].dialogLine[6].text,You're the sweetest...····· I'm speechless!
GivenGift,,GivenGift,148,192,71ad6818020a,9008,lineSets[3].lines[2].dialogLine[7].text,"Thanks!············· Really,·· I mean it!·········· I love things like this."
GivenGift,,GivenGift,149,192,9a824cb6c694,9008,lineSets[3].lines[2].dialogLine[8].text,"Oohhoohhh man,········ I'm definitely gonna get a lot of mileage out of this one."
GivenGift,,GivenGift,150,192,0b50d73f4d20,9008,lineSets[3].lines[2].dialogLine[9].text,···Oh my man!····· Yes!····· I love these!
GivenGift,,GivenGift,151,192,0bba63246463,9008,lineSets[3].lines[2].dialogLine[10].text,"Now this is a peculiar thing,····· isn't it?"
GivenGift,,GivenGift,152,192,bf490fa1e1ff,9008,lineSets[3].lines[2].dialogLine[11].text,Well done.····· Well done indeed.····· I'm very pleased with this.
GivenGift,,GivenGift,153,192,4a3b92a2acea,9008,lineSets[4].label,hates
GivenGift,,GivenGift,154,192,d537d81158ba,9008,lineSets[4].lines[0].dialogLine[0].text,Thanks for the offer but··· that's okay.
GivenGift,,GivenGift,155,192,1c46f09a75ad,9008,lineSets[4].lines[0].dialogLine[1].text,*aaaaaaaccc*····· Try again.
GivenGift,,GivenGift,156,192,578a33f18a4b,9008,lineSets[4].lines[0].dialogLine[2].text,"That's····· not really my deal,····· you know?"
GivenGift,,GivenGift,157,192,f82529cbbbd1,9008,lineSets[4].lines[0].dialogLine[3].text,"*hahahaha*·····Uhhh,····· try again."
GivenGift,,GivenGift,158,192,1cb71104962d,9008,lineSets[4].lines[0].dialogLine[4].text,"No thanks,····· this isn't really my style."
GivenGift,,GivenGift,159,192,6c27b748a0c1,9008,lineSets[4].lines[0].dialogLine[5].text,"I really have no use for this,····· sorry."
GivenGift,,GivenGift,160,192,3e58c94063d1,9008,lineSets[4].lines[0].dialogLine[6].text,"Oh,····· you silly goose,·········· what am I going to do with that?"
GivenGift,,GivenGift,161,192,079ad4f4b691,9008,lineSets[4].lines[0].dialogLine[7].text,"I really appreciate the gesture,·········· but it's just not for me."
GivenGift,,GivenGift,162,192,c5aa2cd027f2,9008,lineSets[4].lines[0].dialogLine[8].text,Do you even have the HunieBee anymore?····· It tells you what gifts I like.
GivenGift,,GivenGift,163,192,bd99de9a8105,9008,lineSets[4].lines[0].dialogLine[9].text,···Mmmmm...············ I'm not really sure what to do with that.
GivenGift,,GivenGift,164,192,907850b74023,9008,lineSets[4].lines[0].dialogLine[10].text,"I·· appreciate·· the ges···ture,·········· but I'd prefer something a little different."
GivenGift,,GivenGift,165,192,77afd757e971,9008,lineSets[4].lines[0].dialogLine[11].text,Is that supposed to be a joke?
GivenGift,,GivenGift,166,192,4ab7e4ef5ae3,9008,lineSets[4].lines[1].dialogLine[0].text,"I'm not really into that sort of thing,····· sorry."
GivenGift,,GivenGift,167,192,d3a7fc291897,9008,lineSets[4].lines[1].dialogLine[1].text,"Come on,····· do you really take me for one of those types?"
GivenGift,,GivenGift,168,192,187ea70c48fb,9008,lineSets[4].lines[1].dialogLine[2].text,I'm not really into that type of thing.
GivenGift,,GivenGift,169,192,73ef35e1e9f2,9008,lineSets[4].lines[1].dialogLine[3].text,Maybe in some other lifetime.
GivenGift,,GivenGift,170,192,2c3467b930c5,9008,lineSets[4].lines[1].dialogLine[4].text,"It's really nice,····· but····· I just don't think it's for me.····· Sorry!"
GivenGift,,GivenGift,171,192,6f30a7c1f956,9008,lineSets[4].lines[1].dialogLine[5].text,"Not really my thing,····· soooo,····· yeeeah...···"
GivenGift,,GivenGift,172,192,8fa0583a44b3,9008,lineSets[4].lines[1].dialogLine[6].text,Mmmm...····· I was hoping for something a little bit nicer.
GivenGift,,GivenGift,173,192,8c60b2dcbc21,9008,lineSets[4].lines[1].dialogLine[7].text,"I'm really sorry,·········· but····· I don't think I would get much use out of that."
GivenGift,,GivenGift,174,192,cc9226664171,9008,lineSets[4].lines[1].dialogLine[8].text,*aaacc*·····Get with the program.····· We only like certain gifts!
GivenGift,,GivenGift,175,192,200320501f99,9008,lineSets[4].lines[1].dialogLine[9].text,"···That's okay, you keep it!"
GivenGift,,GivenGift,176,192,ce962654e8d3,9008,lineSets[4].lines[1].dialogLine[10].text,"That is not the type of gift I would have much use for, unfortunately."
GivenGift,,GivenGift,177,192,39ea92cb196b,9008,lineSets[4].lines[1].dialogLine[11].text,What····· is····· that?
GivenGift,,GivenGift,178,192,41000416788c,9008,lineSets[4].lines[2].dialogLine[0].text,Oh...····· no thanks.
GivenGift,,GivenGift,179,192,97097238fb42,9008,lineSets[4].lines[2].dialogLine[1].text,That's·· quite alright.
GivenGift,,GivenGift,180,192,874aa7fc1226,9008,lineSets[4].lines[2].dialogLine[2].text,"Uhhhh...····· not really my style.····· But,····· thanks for the thought."
GivenGift,,GivenGift,181,192,4bf7a662093e,9008,lineSets[4].lines[2].dialogLine[3].text,"Oh,····· my favorite!····· NOT!"
GivenGift,,GivenGift,182,192,64f20028a18c,9008,lineSets[4].lines[2].dialogLine[4].text,Uhhhhh...····· perhaps somebody else would enjoy this more?
GivenGift,,GivenGift,183,192,3b5d772e439e,9008,lineSets[4].lines[2].dialogLine[5].text,"You·· didn't think I was gonna be into that,····· right?"
GivenGift,,GivenGift,184,192,531c48ed0bc2,9008,lineSets[4].lines[2].dialogLine[6].text,"Come··· on,············· you know me better than that.····· Don't you?"
GivenGift,,GivenGift,185,192,61b120aac47b,9008,lineSets[4].lines[2].dialogLine[7].text,I wouldn't know what to do with this.·········· I hope you didn't go through much trouble!
GivenGift,,GivenGift,186,192,ab3333ca37d6,9008,lineSets[4].lines[2].dialogLine[8].text,...aaand··· what exactly am I supposed to do with...·· that?
GivenGift,,GivenGift,187,192,5cfa7a428fd4,9008,lineSets[4].lines[2].dialogLine[9].text,"···Oh,····· uhhh...····· did you mean that for someone else?"
GivenGift,,GivenGift,188,192,86109b0bd550,9008,lineSets[4].lines[2].dialogLine[10].text,Why don't you keep that for someone else?
GivenGift,,GivenGift,189,192,819b5ac3bb0c,9008,lineSets[4].lines[2].dialogLine[11].text,Get it out of my sight.
GivenGift,,GivenGift,190,192,e3849aa966c1,9008,lineSets[5].label,chain
GivenGift,,GivenGift,191,192,c04b6c0c31c6,9008,lineSets[5].lines[0].dialogLine[8].text,"Niiiiicccee.········*aaacc*····· I know what I'm doing today.····· Here,··· you can have this··· thing,····· whatever it is."
Greeting,,Greeting,0,189,68bc91f17c2c,9009,lineSets[0].label,morning
Greeting,,Greeting,1,189,9812eb44551a,9009,lineSets[0].lines[0].dialogLine[0].text,Good Morning!
Greeting,,Greeting,2,189,01fb1fa83828,9009,lineSets[0].lines[0].dialogLine[1].text,"*aaaaaaaaaaacc*··· Oh boy...·········· same shit different day, eh?"
Greeting,,Greeting,3,189,c17448185d77,9009,lineSets[0].lines[0].dialogLine[2].text,Good morning!····· Ready to get to work?
Greeting,,Greeting,4,189,ae158ff8867d,9009,lineSets[0].lines[0].dialogLine[3].text,Oh...····· hey.
Greeting,,Greeting,5,189,1370d5b51ee8,9009,lineSets[0].lines[0].dialogLine[4].text,Good Morning.
Greeting,,Greeting,6,189,04303ea5fdd9,9009,lineSets[0].lines[0].dialogLine[5].text,"Welcome to...····· oh,····· it's·· you."
Greeting,,Greeting,7,189,db6dfdeb6b28,9009,lineSets[0].lines[0].dialogLine[6].text,Hiii!····· So good to see you.
Greeting,,Greeting,8,189,319a33366475,9009,lineSets[0].lines[0].dialogLine[7].text,"Hi!····················· Beautiful morning,····· isn't it?"
Greeting,,Greeting,9,189,1b8b7e884d15,9009,lineSets[0].lines[0].dialogLine[8].text,"Good,····· you're up.····· Now get to hustlin'!"
Greeting,,Greeting,10,189,b362af604646,9009,lineSets[0].lines[0].dialogLine[9].text,···Good morning!····· I hope you slept well.
Greeting,,Greeting,11,189,ae87a7afeede,9009,lineSets[0].lines[0].dialogLine[11].text,Good Morning.
Greeting,,Greeting,12,189,46a209790e82,9009,lineSets[0].lines[1].dialogLine[0].text,Hey!····· I didn't expect to see you here this early.
Greeting,,Greeting,13,189,5060ac4116b4,9009,lineSets[0].lines[1].dialogLine[1].text,Mornin'.
Greeting,,Greeting,14,189,202999073b90,9009,lineSets[0].lines[1].dialogLine[2].text,Glad you're here!····· I need a workout buddy.
Greeting,,Greeting,15,189,d3a684b7b466,9009,lineSets[0].lines[1].dialogLine[3].text,Oh...····· hey.
Greeting,,Greeting,16,189,5bcc5604dc35,9009,lineSets[0].lines[1].dialogLine[4].text,And how are we doing this morning?
Greeting,,Greeting,17,189,e12e861f22d5,9009,lineSets[0].lines[1].dialogLine[5].text,"Hi,····· can I get you something?"
Greeting,,Greeting,18,189,8fbdd1f51931,9009,lineSets[0].lines[1].dialogLine[6].secondaryText,Morning beautiful.
Greeting,,Greeting,19,189,649fcc86518a,9009,lineSets[0].lines[1].dialogLine[6].text,Morning handsome.
Greeting,,Greeting,20,189,bb65269b058e,9009,lineSets[0].lines[1].dialogLine[7].text,Good morning!
Greeting,,Greeting,21,189,a937b705c2cb,9009,lineSets[0].lines[1].dialogLine[8].text,I wanna see you workin' out there today!
Greeting,,Greeting,22,189,fdc89819ea11,9009,lineSets[0].lines[1].dialogLine[9].text,···Mmmmm...·········· I wonder what I should do today...
Greeting,,Greeting,23,189,91e2f01f6940,9009,lineSets[0].lines[1].dialogLine[11].text,There you are...
Greeting,,Greeting,24,189,0109bfa28218,9009,lineSets[0].lines[2].dialogLine[0].text,*aaaaccc*·····Mmmm...····· gonna be a tired kinda day.
Greeting,,Greeting,25,189,fe40424a8db1,9009,lineSets[0].lines[2].dialogLine[1].text,*aaaaaacc*··· I was up way too late last night.
Greeting,,Greeting,26,189,be47f0148224,9009,lineSets[0].lines[2].dialogLine[2].text,Whew!····· Today's been a good day!
Greeting,,Greeting,27,189,29bc1ef4b671,9009,lineSets[0].lines[2].dialogLine[3].text,Oh...····· hey.
Greeting,,Greeting,28,189,631ca4162828,9009,lineSets[0].lines[2].dialogLine[4].text,Come to get your morning pick-me-up as well?
Greeting,,Greeting,29,189,781321c1c065,9009,lineSets[0].lines[2].dialogLine[5].text,*aaaaaaaacc*····· Mmmhmm...?
Greeting,,Greeting,30,189,e186a87be379,9009,lineSets[0].lines[2].dialogLine[6].text,"Well,····· if it isn't the love of my life!"
Greeting,,Greeting,31,189,b32a80882849,9009,lineSets[0].lines[2].dialogLine[7].text,*aaaaaacccc*·····Today is going to be a good day.
Greeting,,Greeting,32,189,8fdc872ee835,9009,lineSets[0].lines[2].dialogLine[8].text,Let's get it goin'!····· These broads aren't gonna date themselves.
Greeting,,Greeting,33,189,283972da9485,9009,lineSets[0].lines[2].dialogLine[9].text,···Morning!···*hahahaha*
Greeting,,Greeting,34,189,e6b2f0446ff7,9009,lineSets[0].lines[2].dialogLine[11].text,"Gorgeous day,····· is it not?"
Greeting,,Greeting,35,189,c4baaacda0b8,9009,lineSets[1].label,afternoon
Greeting,,Greeting,36,189,2e455f04363d,9009,lineSets[1].lines[0].dialogLine[0].text,Hey you!
Greeting,,Greeting,37,189,8b15af4d307e,9009,lineSets[1].lines[0].dialogLine[1].text,Hey hot stuff.
Greeting,,Greeting,38,189,4588c664579d,9009,lineSets[1].lines[0].dialogLine[2].text,"Hey dude,····· what's up?"
Greeting,,Greeting,39,189,d30f1eb0e344,9009,lineSets[1].lines[0].dialogLine[3].secondaryText,"Oh god, ·····this chick?"
Greeting,,Greeting,40,189,fc59b87ae5a3,9009,lineSets[1].lines[0].dialogLine[3].text,"Oh god, ·····this guy?"
Greeting,,Greeting,41,189,cd5210e67056,9009,lineSets[1].lines[0].dialogLine[4].text,So good to see you again.
Greeting,,Greeting,42,189,99536a7b3a97,9009,lineSets[1].lines[0].dialogLine[5].text,Hey.
Greeting,,Greeting,43,189,c60bfd600526,9009,lineSets[1].lines[0].dialogLine[6].secondaryText,How's my number one girl doing this afternoon?
Greeting,,Greeting,44,189,a3dbb6ce9f8a,9009,lineSets[1].lines[0].dialogLine[6].text,How's my number one guy doing this afternoon?
Greeting,,Greeting,45,189,f2cd1b62f0f5,9009,lineSets[1].lines[0].dialogLine[7].text,Hey!·········· I'm glad I ran into you.
Greeting,,Greeting,46,189,081a05e810f8,9009,lineSets[1].lines[0].dialogLine[8].text,What up playa?
Greeting,,Greeting,47,189,b80a6ae19370,9009,lineSets[1].lines[0].dialogLine[9].text,···Hello!
Greeting,,Greeting,48,189,56911bbe9d89,9009,lineSets[1].lines[0].dialogLine[11].text,Oh...····· Hello.
Greeting,,Greeting,49,189,1e7993461ffd,9009,lineSets[1].lines[1].dialogLine[0].text,Hello!····· What's happening?
Greeting,,Greeting,50,189,3216b1c0e4e7,9009,lineSets[1].lines[1].dialogLine[1].text,"Thank god, somebody I like.······· Well,··· somebody I can tolerate. *hahahahaha*"
Greeting,,Greeting,51,189,32e0d8f6265d,9009,lineSets[1].lines[1].dialogLine[2].text,Hello!····· What can I do for you?
Greeting,,Greeting,52,189,13f945cb1796,9009,lineSets[1].lines[1].dialogLine[3].text,Oh...····· hey.
Greeting,,Greeting,53,189,51a52ecc9cf9,9009,lineSets[1].lines[1].dialogLine[4].text,Hello!····· This is a pleasant surprise.
Greeting,,Greeting,54,189,61508d9a5a8a,9009,lineSets[1].lines[1].dialogLine[5].text,"Hm?······· Oh,····· hey,······· what are you doing here?"
Greeting,,Greeting,55,189,c307dec6a990,9009,lineSets[1].lines[1].dialogLine[6].text,"*cc*Mmmm,····· lucky me running into you like this!"
Greeting,,Greeting,56,189,d98bb4d60082,9009,lineSets[1].lines[1].dialogLine[7].text,Hello again.·········· How's your day going?
Greeting,,Greeting,57,189,79f41b107474,9009,lineSets[1].lines[1].dialogLine[8].secondaryText,There she is!
Greeting,,Greeting,58,189,e01022844a75,9009,lineSets[1].lines[1].dialogLine[8].text,There he is!
Greeting,,Greeting,59,189,619fc7ac54e2,9009,lineSets[1].lines[1].dialogLine[9].text,···Hi hi!
Greeting,,Greeting,60,189,00bfdbe85e49,9009,lineSets[1].lines[1].dialogLine[11].text,"How peculiar,··············· I was just thinking about you."
Greeting,,Greeting,61,189,bc40c25d3d72,9009,lineSets[1].lines[2].dialogLine[0].text,Hiya!
Greeting,,Greeting,62,189,4e83d094efef,9009,lineSets[1].lines[2].dialogLine[1].text,"Great,····· you can entertain me.····· Soooooooo bored."
Greeting,,Greeting,63,189,e38f75392f39,9009,lineSets[1].lines[2].dialogLine[2].text,"Oh,····· hi,····· didn't see you there.····· How's things?"
Greeting,,Greeting,64,189,b0390d279e77,9009,lineSets[1].lines[2].dialogLine[3].text,"I'm kind of busy,····· so make it quick."
Greeting,,Greeting,65,189,8e21086280a6,9009,lineSets[1].lines[2].dialogLine[4].text,Now here's a familiar face.
Greeting,,Greeting,66,189,6224eb7448a8,9009,lineSets[1].lines[2].dialogLine[5].text,What's going on?
Greeting,,Greeting,67,189,5821b3835194,9009,lineSets[1].lines[2].dialogLine[6].text,Oh my god!········ Come over here and give me a hug!
Greeting,,Greeting,68,189,3f52d6cf83db,9009,lineSets[1].lines[2].dialogLine[7].text,Enjoying the great weather today?
Greeting,,Greeting,69,189,1dddaf496508,9009,lineSets[1].lines[2].dialogLine[8].text,What's crackin'?
Greeting,,Greeting,70,189,6e43d778dec6,9009,lineSets[1].lines[2].dialogLine[9].text,···Oh! I'm glad you're here master!
Greeting,,Greeting,71,189,d91b6ec79b84,9009,lineSets[1].lines[2].dialogLine[11].text,*aa*··*aacc*················ Good to see you again...
Greeting,,Greeting,72,189,0eb82be1def5,9009,lineSets[2].label,evening
Greeting,,Greeting,73,189,c62fcb8e0c06,9009,lineSets[2].lines[0].dialogLine[0].text,"Oh,····· hi!····· How's it going?"
Greeting,,Greeting,74,189,b211e4b17925,9009,lineSets[2].lines[0].dialogLine[1].text,Fuck.····· Yes.······· I'm done teaching for the day.········ Let's do anything!
Greeting,,Greeting,75,189,ec4671d24ae8,9009,lineSets[2].lines[0].dialogLine[2].text,Good to see you!····· How ya holdin' up?
Greeting,,Greeting,76,189,4c7e8a6393bc,9009,lineSets[2].lines[0].dialogLine[3].text,You··· again...?
Greeting,,Greeting,77,189,89246c0246e9,9009,lineSets[2].lines[0].dialogLine[4].text,Good Evening.
Greeting,,Greeting,78,189,452f52979a96,9009,lineSets[2].lines[0].dialogLine[5].text,What's up?
Greeting,,Greeting,79,189,4757ff9c2755,9009,lineSets[2].lines[0].dialogLine[6].text,"Awww,······· have you come to see me?"
Greeting,,Greeting,80,189,cd4fa00d7046,9009,lineSets[2].lines[0].dialogLine[7].text,*aaaacc*·····So good to see you!
Greeting,,Greeting,81,189,fb0ea4e83942,9009,lineSets[2].lines[0].dialogLine[8].text,How ya holdin' up champ?
Greeting,,Greeting,82,189,6bf608dc2cc3,9009,lineSets[2].lines[0].dialogLine[9].text,"···Awwww,····· did you come to see me? Hmm? Hmm?"
Greeting,,Greeting,83,189,37f37500c37b,9009,lineSets[2].lines[0].dialogLine[10].text,Greetings.····· How are you?
Greeting,,Greeting,84,189,62f7d3ac6745,9009,lineSets[2].lines[0].dialogLine[11].text,Good Evening.
Greeting,,Greeting,85,189,ab5acc3b6415,9009,lineSets[2].lines[1].dialogLine[0].text,Ahhh...····· feels good to be done with classes for the day.
Greeting,,Greeting,86,189,7abe34443a18,9009,lineSets[2].lines[1].dialogLine[1].text,I don't know what I'm doing here.······· I need a nap...
Greeting,,Greeting,87,189,8273b4e36db1,9009,lineSets[2].lines[1].dialogLine[2].text,"Hey!··········· Weird,········ I was just thinking about you."
Greeting,,Greeting,88,189,5d6d5b801e80,9009,lineSets[2].lines[1].dialogLine[3].text,Are you like following me around or something?
Greeting,,Greeting,89,189,7572f5c4f72d,9009,lineSets[2].lines[1].dialogLine[4].text,Hey!····· Imagine running into you here!
Greeting,,Greeting,90,189,ed6ae4406ddf,9009,lineSets[2].lines[1].dialogLine[5].text,··················Good to see you...
Greeting,,Greeting,91,189,7f83fd6ae3cb,9009,lineSets[2].lines[1].dialogLine[6].text,Mmmm!····· I've missed you!
Greeting,,Greeting,92,189,597f5d87fcb9,9009,lineSets[2].lines[1].dialogLine[7].text,"Oh,····· hi!·········· What a pleasant surprise!"
Greeting,,Greeting,93,189,e7bd6b973b95,9009,lineSets[2].lines[1].dialogLine[8].secondaryText,How's it poppin' girlfriend?
Greeting,,Greeting,94,189,78aaa480c0df,9009,lineSets[2].lines[1].dialogLine[8].text,How's it poppin' my man?
Greeting,,Greeting,95,189,6601c62936c0,9009,lineSets[2].lines[1].dialogLine[9].text,···Good Evening!
Greeting,,Greeting,96,189,66831cfe22d0,9009,lineSets[2].lines[1].dialogLine[10].text,It's a pleasure to see you again.
Greeting,,Greeting,97,189,603b82633378,9009,lineSets[2].lines[1].dialogLine[11].text,Good...·········· I was wondering when you might show up.
Greeting,,Greeting,98,189,13fb6f77086f,9009,lineSets[2].lines[2].dialogLine[0].text,Hi!····· Funny running into you here.
Greeting,,Greeting,99,189,4dab215de4f0,9009,lineSets[2].lines[2].dialogLine[1].text,"Hey, you!"
Greeting,,Greeting,100,189,be0516cc63be,9009,lineSets[2].lines[2].dialogLine[2].text,*aaaacc*·····What a day.····· I need to unwind.
Greeting,,Greeting,101,189,4766974810e9,9009,lineSets[2].lines[2].dialogLine[3].text,"Umm,····· is there something I can help you with?"
Greeting,,Greeting,102,189,2f8e3a4ae842,9009,lineSets[2].lines[2].dialogLine[4].secondaryText,"Hello,·· beautiful."
Greeting,,Greeting,103,189,5b07e3302089,9009,lineSets[2].lines[2].dialogLine[4].text,"Hello,·· handsome."
Greeting,,Greeting,104,189,d042da6777cb,9009,lineSets[2].lines[2].dialogLine[5].text,Hello.
Greeting,,Greeting,105,189,3364923518a5,9009,lineSets[2].lines[2].dialogLine[6].text,Hey baby...····· you look soooo hot right now.
Greeting,,Greeting,106,189,27db300d8b12,9009,lineSets[2].lines[2].dialogLine[7].text,"Hey,·········· how is everything?"
Greeting,,Greeting,107,189,cc79b278258b,9009,lineSets[2].lines[2].dialogLine[8].text,What it doooo?
Greeting,,Greeting,108,189,634410621198,9009,lineSets[2].lines[2].dialogLine[9].text,···It's good to see you master!
Greeting,,Greeting,109,189,39eb1dc0e689,9009,lineSets[2].lines[2].dialogLine[10].text,"Oh,····· hello.····· I didn't expect to see you here at this time."
Greeting,,Greeting,110,189,1675926b14dc,9009,lineSets[2].lines[2].dialogLine[11].text,How are you this evening?
Greeting,,Greeting,111,189,71c9fb0284c4,9009,lineSets[3].label,night
Greeting,,Greeting,112,189,af9e7e106682,9009,lineSets[3].lines[0].dialogLine[0].text,"Aw,····· hey,····· thanks for showing up!"
Greeting,,Greeting,113,189,5c1405a14407,9009,lineSets[3].lines[0].dialogLine[1].text,Hey there!····· You're still out?····· Isn't it past your curfew?
Greeting,,Greeting,114,189,44bee0e9aefa,9009,lineSets[3].lines[0].dialogLine[2].text,Ohh··· shiiiit!········ You're here too?····· Cool man!
Greeting,,Greeting,115,189,75f443c1a4c9,9009,lineSets[3].lines[0].dialogLine[3].text,"Hey!····· I'm right here,····· are you blind?"
Greeting,,Greeting,116,189,c76cb00f8323,9009,lineSets[3].lines[0].dialogLine[4].text,"Oh,····· Hi!····· I'm glad you showed up."
Greeting,,Greeting,117,189,a634ea4891fd,9009,lineSets[3].lines[0].dialogLine[5].text,You're still out?
Greeting,,Greeting,118,189,eaeb8b64aece,9009,lineSets[3].lines[0].dialogLine[6].secondaryText,Oh goodie!····· My sexy girlfriend is here.
Greeting,,Greeting,119,189,54dcdf4461fd,9009,lineSets[3].lines[0].dialogLine[6].text,Oh goodie!····· My sexy boyfriend is here.
Greeting,,Greeting,120,189,5f4e58a45c11,9009,lineSets[3].lines[0].dialogLine[7].text,Wow.·········· I didn't expect to run into anybody here.
Greeting,,Greeting,121,189,b28ac3f30eff,9009,lineSets[3].lines[0].dialogLine[8].text,You hangin' in there pal?
Greeting,,Greeting,122,189,5efe33fbeb8e,9009,lineSets[3].lines[0].dialogLine[9].text,···Hi!····· I missed you today!
Greeting,,Greeting,123,189,265dcb9cff9f,9009,lineSets[3].lines[0].dialogLine[10].text,"You came.····· Great,·········· what do you want to do tonight?"
Greeting,,Greeting,124,189,4f4a38380ccf,9009,lineSets[3].lines[0].dialogLine[11].text,Come to try and work your·· magic····· on me?
Greeting,,Greeting,125,189,cdf6fd222d1a,9009,lineSets[3].lines[1].dialogLine[0].text,"Oh man,····· this is so my jam right now!"
Greeting,,Greeting,126,189,975d27e615dc,9009,lineSets[3].lines[1].dialogLine[1].text,Oh!!·········· Shiiiiit...············· don't sneak up on me like that!
Greeting,,Greeting,127,189,3e2e55e544c6,9009,lineSets[3].lines[1].dialogLine[2].text,Look who's here!····· Glad you could show up.
Greeting,,Greeting,128,189,a17c3e6f60ce,9009,lineSets[3].lines[1].dialogLine[3].text,"Ughh, ·····there you are. ·····Could you have taken any longer?"
Greeting,,Greeting,129,189,99b8adf9d3e9,9009,lineSets[3].lines[1].dialogLine[4].text,"Great,····· you're here!"
Greeting,,Greeting,130,189,7866ad8197a6,9009,lineSets[3].lines[1].dialogLine[5].text,What are you up to this late?
Greeting,,Greeting,131,189,2d4aee67b918,9009,lineSets[3].lines[1].dialogLine[6].secondaryText,Hiii momma...
Greeting,,Greeting,132,189,24a774efc358,9009,lineSets[3].lines[1].dialogLine[6].text,Hiii daddy...
Greeting,,Greeting,133,189,88a3bb8f089e,9009,lineSets[3].lines[1].dialogLine[7].text,Such a peaceful night tonight...
Greeting,,Greeting,134,189,10cb01b86499,9009,lineSets[3].lines[1].dialogLine[8].text,Lookin' sharp boss!
Greeting,,Greeting,135,189,d3e16bb929df,9009,lineSets[3].lines[1].dialogLine[9].text,···How are you?····· I hope you had a good day today!
Greeting,,Greeting,136,189,1717a2fd3523,9009,lineSets[3].lines[1].dialogLine[10].text,There you are.········ I'm glad you could make it.
Greeting,,Greeting,137,189,37d8fde221d6,9009,lineSets[3].lines[1].dialogLine[11].text,Excellent.········ You're still around.
Greeting,,Greeting,138,189,c1301695c856,9009,lineSets[3].lines[2].dialogLine[0].text,Oh my god!····· Hi!
Greeting,,Greeting,139,189,67ce1c671e67,9009,lineSets[3].lines[2].dialogLine[1].text,You're still prowling around?
Greeting,,Greeting,140,189,4ea23210f5d4,9009,lineSets[3].lines[2].dialogLine[2].text,Oh my god!··· Hi!
Greeting,,Greeting,141,189,8020eb219cb2,9009,lineSets[3].lines[2].dialogLine[3].text,I had a feeling you were gonna show up.
Greeting,,Greeting,142,189,f675b15c11e0,9009,lineSets[3].lines[2].dialogLine[4].text,"Hi!········ Come,····· sit down with me."
Greeting,,Greeting,143,189,5d66028502a6,9009,lineSets[3].lines[2].dialogLine[5].text,"Ummm,····· hi."
Greeting,,Greeting,144,189,65df114f2402,9009,lineSets[3].lines[2].dialogLine[6].text,"Hey·· you,············ I'm glad you're here!········ Nobody wants to buy me a drink..."
Greeting,,Greeting,145,189,1a05b3879c40,9009,lineSets[3].lines[2].dialogLine[7].text,"Ohhh!·············*hahahahahaha*········ Sorry,····· sorry.·········· You scared me for a second."
Greeting,,Greeting,146,189,3598ad5b76b7,9009,lineSets[3].lines[2].dialogLine[8].text,"Yo,····· how's it goin'?····· I wanna hear good things."
Greeting,,Greeting,147,189,e094208cb80e,9009,lineSets[3].lines[2].dialogLine[9].text,···*aaaaaaaaaaa*··········I'm pooped...··· Is it bed time yet?
Greeting,,Greeting,148,189,029769b35f95,9009,lineSets[3].lines[2].dialogLine[10].text,Hi.·········· Thank you for coming to visit me.
Greeting,,Greeting,149,189,12ddbdcefbd3,9009,lineSets[3].lines[2].dialogLine[11].text,Hello again.······· Productive day?
Greeting,,Greeting,150,189,0cb496fc6a11,9009,lineSets[4].label,sex
Greeting,,Greeting,151,189,9684438fb957,9009,lineSets[4].lines[0].dialogLine[0].text,"Morning,····· sleepy head!"
Greeting,,Greeting,152,189,4fe7ba0253eb,9009,lineSets[4].lines[0].dialogLine[1].text,*aaaaaaaacc*·········· Not baaaaaaad...····················· But I'll have to give you some pointers next time.
Greeting,,Greeting,153,189,7f123c8939db,9009,lineSets[4].lines[0].dialogLine[2].text,Uhhh...··*hahaha*······· hi...
Greeting,,Greeting,154,189,5ea285b82163,9009,lineSets[4].lines[0].dialogLine[3].text,You better not tell anybody I was here!
Greeting,,Greeting,155,189,fcbfbcc908bf,9009,lineSets[4].lines[0].dialogLine[4].text,Morning.····· Sleep well?
Greeting,,Greeting,156,189,3de3292fa01f,9009,lineSets[4].lines[0].dialogLine[5].text,"*hahahahahaha*····· Uh, Hi..."
Greeting,,Greeting,157,189,b6f4ff2a3d66,9009,lineSets[4].lines[0].dialogLine[6].text,*cccccccc*·····Do we really have to get up?····· Let's just stay in bed...
Greeting,,Greeting,158,189,100b6037405a,9009,lineSets[4].lines[0].dialogLine[7].text,Good morning...·····*hahahaha*
Greeting,,Greeting,159,189,0402cd560357,9009,lineSets[4].lines[0].dialogLine[8].text,Well!·····*aaacc*····· At least I know I don't have to teach you anything about THAT!
Greeting,,Greeting,160,189,94fc500a72ba,9009,lineSets[4].lines[0].dialogLine[9].text,···Hey sleepy head!·· Get out of bed!·····
Greeting,,Greeting,161,189,1632bfd046fc,9009,lineSets[4].lines[0].dialogLine[10].text,I appears I may have underestimated human sexual capacity.
Greeting,,Greeting,162,189,b068d0ea7488,9009,lineSets[4].lines[0].dialogLine[11].text,It appears·· I owe Kyu·· an·· apology.············ She was right about you after all...
Greeting,,Greeting,163,189,85a1287510be,9009,lineSets[4].lines[1].dialogLine[0].text,You know you snore like a wild bear?··*hehehe*·······*hh*···
Greeting,,Greeting,164,189,d691f692206e,9009,lineSets[4].lines[1].dialogLine[1].secondaryText,Morning... you sexy thing you.
Greeting,,Greeting,165,189,2d208167f4b2,9009,lineSets[4].lines[1].dialogLine[1].text,Morning...·· big guy.
Greeting,,Greeting,166,189,388eb39e506f,9009,lineSets[4].lines[1].dialogLine[2].text,Morning!····· Thanks for letting me stay over last night.
Greeting,,Greeting,167,189,51353328e53d,9009,lineSets[4].lines[1].dialogLine[3].text,"I...····· uhhh...····· whatever!····· Move,····· I need to get ready."
Greeting,,Greeting,168,189,1f5a1e499581,9009,lineSets[4].lines[1].dialogLine[4].text,*hahahahaha*·····I think I'm still a little sore from last night.
Greeting,,Greeting,169,189,715c1f50e9ce,9009,lineSets[4].lines[1].dialogLine[5].text,Morning...··············· what?·········· What's that look about?
Greeting,,Greeting,170,189,d9bcaa2943d0,9009,lineSets[4].lines[1].dialogLine[6].text,Wow!·····*hmmm*······· I underestimated you last night.······· I usually have to fake it.
Greeting,,Greeting,171,189,4351c8116009,9009,lineSets[4].lines[1].dialogLine[7].text,*cccccccc*·····Your bed is like a dream.····· I feel so rested and relaxed.
Greeting,,Greeting,172,189,40f0caeb0cb6,9009,lineSets[4].lines[1].dialogLine[8].text,"Sooo,····· fairies?········ Better than human girls,····· am I right or am I right?"
Greeting,,Greeting,173,189,2b130e00b527,9009,lineSets[4].lines[1].dialogLine[9].text,···Good morning...····· I like seeing your face when I wake up.
Greeting,,Greeting,174,189,804daf194179,9009,lineSets[4].lines[1].dialogLine[10].text,I could become accustomed to this...····· there's no hurry to get back home.
Greeting,,Greeting,175,189,1134daf6e166,9009,lineSets[4].lines[1].dialogLine[11].text,You are everything I had hoped you would be...
Greeting,,Greeting,176,189,7b73d0310851,9009,lineSets[4].lines[2].dialogLine[0].text,I like your bed...····· I wish I could have a lazy day and sleep in today...
Greeting,,Greeting,177,189,5e47781b3896,9009,lineSets[4].lines[2].dialogLine[1].text,*hahahahaha*····· It took forever to find my bra this morning.····· How did it end up across the room?
Greeting,,Greeting,178,189,dc80916ab529,9009,lineSets[4].lines[2].dialogLine[2].text,"Okay,····· we········ definitely········ have to do that again...····· soon."
Greeting,,Greeting,179,189,d5652e5b6ac3,9009,lineSets[4].lines[2].dialogLine[3].text,"Hey,·········· we can hang out again,····· like this.········ Or whatever,····· I don't care.····· Do what you want."
Greeting,,Greeting,180,189,42347ccd4e54,9009,lineSets[4].lines[2].dialogLine[4].text,I had a··· re*eeee*ally good time last night.·········· Feel free to invite me out again anytime.
Greeting,,Greeting,181,189,9511a6aa355d,9009,lineSets[4].lines[2].dialogLine[5].text,Hey...····· last night was really nice.··············· I'm glad I stayed over...
Greeting,,Greeting,182,189,f870664af117,9009,lineSets[4].lines[2].dialogLine[6].text,"*hahahaha*···*hah*···You realize,····· this makes you my official plaything,····· hmm?"
Greeting,,Greeting,183,189,ab1c4c544cfa,9009,lineSets[4].lines[2].dialogLine[7].text,"Hey...············· *aa*ummmmm,··············· last night was...············· I don't know...·········· I don't even have words for it...··········*hahahaha*"
Greeting,,Greeting,184,189,23f8535b083c,9009,lineSets[4].lines[2].dialogLine[8].text,*aaaaccc*·····Thanks for the sex homie.
Greeting,,Greeting,185,189,6312cca2e498,9009,lineSets[4].lines[2].dialogLine[9].text,···*aaaaaaaacccccc*·············Awwww is it morning already?·····
Greeting,,Greeting,186,189,3a493183beae,9009,lineSets[4].lines[2].dialogLine[10].text,"I apologize if I lost my composure last night.····· You just,············· do things to me...···"
Greeting,,Greeting,187,189,085552f95559,9009,lineSets[4].lines[2].dialogLine[11].secondaryText,"In·· all·· my·· years,·········· I never thought I'd meet the woman that was truly worthy of me..."
Greeting,,Greeting,188,189,62c42fcd89d0,9009,lineSets[4].lines[2].dialogLine[11].text,"In·· all·· my·· years,·········· I never thought I'd meet the man that was truly worthy of me..."
IntroAiko,Aiko,Intro,0,38,de3f01f7dce4,8623,steps[1].sceneLine.dialogLine.text,Aaaaaaaaaahhhhh...
IntroAiko,Aiko,Intro,1,38,dfa4e34e56d2,8623,steps[2].sceneLine.dialogLine.text,Good morning Aiko!
IntroAiko,Aiko,Intro,2,38,36d1565aabd2,8623,steps[3].sceneLine.dialogLine.text,"Oh,····· hey Beli."
IntroAiko,Aiko,Intro,3,38,66abfbdb563f,8623,steps[4].sceneLine.dialogLine.text,What's wrong?···················· Seem's like something's bothering you.
IntroAiko,Aiko,Intro,4,38,679b05a59ecb,8623,steps[5].sceneLine.dialogLine.text,"Yeah,····· life."
IntroAiko,Aiko,Intro,5,38,103f21879844,8623,steps[6].sceneLine.dialogLine.text,*hahaha*··········How are classes going?
IntroAiko,Aiko,Intro,6,38,d01e617cc699,8623,steps[7].sceneLine.dialogLine.text,"Ugghhhhh,····· I don't want to talk about that."
IntroAiko,Aiko,Intro,7,38,48711ffcf0b5,8623,steps[8].sceneLine.dialogLine.text,"Mmmm,····· well,····· I think I have just the thing!"
IntroAiko,Aiko,Intro,8,38,8ab05a26bde6,8623,steps[9].sceneLine.dialogLine.text,I'm headed to the beach to work on a few poses.········ You should join me.
IntroAiko,Aiko,Intro,9,38,12fe7eda92c4,8623,steps[10].sceneLine.dialogLine.text,Nothing like a little exercise to melt that stress away.
IntroAiko,Aiko,Intro,10,38,805058c2f0d5,8623,steps[11].sceneLine.dialogLine.text,"Ehhhhh,····· not today.············ I'm just not feelin' it."
IntroAiko,Aiko,Intro,11,38,9f8f13cafb38,8623,steps[12].sceneLine.dialogLine.text,Will I at least be seeing you this weekend at the studio?
IntroAiko,Aiko,Intro,12,38,c70b22e0ae85,8623,steps[13].sceneLine.dialogLine.text,"I'll be there.·········· I don't think I have anything else going on, for once."
IntroAiko,Aiko,Intro,13,38,c7a425a68008,8623,steps[14].sceneLine.dialogLine.text,Great!····· Can't wait!·········· See you there.
IntroAiko,Aiko,Intro,14,38,41bda1e71007,8623,steps[16].sceneLine.dialogLine.secondaryText,Asian chicks...·········· don't even get me started.
IntroAiko,Aiko,Intro,15,38,ab75519b4196,8623,steps[16].sceneLine.dialogLine.text,Dude...······· bro...········· Asian chicks...·········· don't even get me started.
IntroAiko,Aiko,Intro,16,38,267ff08d4fd3,8623,steps[17].sceneLine.dialogLine.text,I··· have like the worst case of yellow fever··· ever...····· EV··ER.····· Like··· a yellow··· plague.
IntroAiko,Aiko,Intro,17,38,7573806a2305,8623,steps[20].sceneLine.dialogLine.text,"This is a tough approach.····· She's kinda in a shitty mood, so··· say something stupid to try and cheer her up."
IntroAiko,Aiko,Intro,18,38,dc26044e8f8d,8623,steps[21].sceneLine.dialogLine.text,It doesn't matter what.····· The stupider the better.
IntroAiko,Aiko,Intro,19,38,2b085e8e59ce,8623,steps[23].responseOptions[0].steps[0].sceneLine.dialogLine.text,*hahahahahahahaha*··········I ask myself the same thing··· all the time.
IntroAiko,Aiko,Intro,20,38,9a603c3b212d,8623,steps[23].responseOptions[0].text,Isn't it funny how life is pointless and nothing matters?
IntroAiko,Aiko,Intro,21,38,f0974454b22d,8623,steps[23].responseOptions[1].steps[0].sceneLine.dialogLine.text,*hahahahahahaha*·····Oh my god!····· Could you please be more racist?
IntroAiko,Aiko,Intro,22,38,7962ee2d5456,8623,steps[23].responseOptions[2].steps[0].sceneLine.dialogLine.text,"*haha*··*hahahaha*·····Nooo,····· I like the birds."
IntroAiko,Aiko,Intro,23,38,3cad45c0642c,8623,steps[24].responseOptions[0].steps[0].sceneLine.dialogLine.text,Noooooo...········ I look like a mess right now.····· I'm sure my hair is a disaster.
IntroAiko,Aiko,Intro,24,38,167f1308aa6f,8623,steps[24].responseOptions[0].text,I'm only kidding. I just thought you were cute and wanted to meet you.
IntroAiko,Aiko,Intro,25,38,9b820874c38c,8623,steps[24].responseOptions[1].steps[0].sceneLine.dialogLine.text,"Oh,····· no,····· I'm good."
IntroAiko,Aiko,Intro,26,38,bc196fd33452,8623,steps[24].responseOptions[1].text,"Haha, but, for real, what's up? You look a little bummed out over here."
IntroAiko,Aiko,Intro,27,38,6713722dc597,8623,steps[24].responseOptions[2].steps[0].sceneLine.dialogLine.text,"Well,····· mission accomplished.········ Good work!"
IntroAiko,Aiko,Intro,28,38,cb99dfe855cc,8623,steps[24].responseOptions[2].text,"Nah, I just like to bother people who look like they want to be left alone."
IntroAiko,Aiko,Intro,29,38,6bb4b3db11ae,8623,steps[25].sceneLine.dialogLine.text,I'm just trying to relax;·········· enjoy a little down time between classes.
IntroAiko,Aiko,Intro,30,38,e2ab3230dbc8,8623,steps[26].sceneLine.dialogLine.text,I teach up at U.O.G.*uuu ooo ggg*····· You know the place?··········· It's like the only university in the city for some reason.
IntroAiko,Aiko,Intro,31,38,5e1444588555,8623,steps[27].responseOptions[0].steps[0].sceneLine.dialogLine.text,I don't know about that.·········· I have a couple students who would probably agree with you though. *hahahahahahaha*·····
IntroAiko,Aiko,Intro,32,38,a22bcc84a328,8623,steps[27].responseOptions[0].text,"Oh, so you've got that sexy teacher angle going then?"
IntroAiko,Aiko,Intro,33,38,ba1439696b49,8623,steps[27].responseOptions[1].steps[0].sceneLine.dialogLine.text,Sure;········ yes.·········· Let's go with that. *hahahahaha*·····*hahahahahahahahaha*··*aaaacc*
IntroAiko,Aiko,Intro,34,38,270538f89de0,8623,steps[27].responseOptions[1].text,A teacher? You must be like really smart.
IntroAiko,Aiko,Intro,35,38,ccdf4b537343,8623,steps[27].responseOptions[2].steps[0].sceneLine.dialogLine.text,"Well,········ I'm supposed to be a physics professor,····· let's just leave it at that. *hahahahahahaha*·····*aaaacc*"
IntroAiko,Aiko,Intro,36,38,6e413bef2ae1,8623,steps[28].sceneLine.dialogLine.text,I'm glad you came over here.····· I needed a good laugh.
IntroAiko,Aiko,Intro,37,38,93d7b921ca9a,8623,steps[29].sceneLine.dialogLine.text,"The kids call me Ms. Yumi,········ but,····· you····· can call me Aiko."
IntroAudrey,Audrey,Intro,0,40,d4c9c2963747,8624,steps[1].sceneLine.dialogLine.text,"Ughh!····· What the fuck!····· Of course you screwed it up, again!"
IntroAudrey,Audrey,Intro,1,40,394833d41d7a,8624,steps[2].sceneLine.dialogLine.text,That's exactly what you asked for!····· Are you joking!?
IntroAudrey,Audrey,Intro,2,40,b11a8dc06805,8624,steps[3].sceneLine.dialogLine.text,"Bitch,····· do I look like I'm joking!?····· How am I supposed to walk around like this?"
IntroAudrey,Audrey,Intro,3,40,25583a15138d,8624,steps[4].sceneLine.dialogLine.text,You're·· fuckin'·· loco*co*.·· This is how I always cut your nasty ass hair!
IntroAudrey,Audrey,Intro,4,40,b226db591b2a,8624,steps[5].sceneLine.dialogLine.text,"Nasty···· ass······· hair?·········· Eww,·········· don't··· even!·········· Look who's talking,····· skank!"
IntroAudrey,Audrey,Intro,5,40,978b10978ea4,8624,steps[6].sceneLine.dialogLine.text,"No····· bitch,····· my hair isn't dried out and reeking of smoke, okay?"
IntroAudrey,Audrey,Intro,6,40,ccb8359280f7,8624,steps[7].sceneLine.dialogLine.text,"Whatever··· ho,····· why don't you go get knocked up again."
IntroAudrey,Audrey,Intro,7,40,5265a8d5e3b6,8624,steps[8].sceneLine.dialogLine.text,You need to turn around and walk away.
IntroAudrey,Audrey,Intro,8,40,13efe65c6a24,8624,steps[9].sceneLine.dialogLine.text,What's wrong!?····· Did I hurt your whore feelings?
IntroAudrey,Audrey,Intro,9,40,898e013ef18c,8624,steps[10].sceneLine.dialogLine.text,"Turn around,····· and walk away."
IntroAudrey,Audrey,Intro,10,40,6c80e33fe5cd,8624,steps[11].sceneLine.dialogLine.text,Gla*aaaa*dly.·········· At least I won't have to look at your whore face anymore.
IntroAudrey,Audrey,Intro,11,40,127551d8aad6,8624,steps[13].sceneLine.dialogLine.text,Fuckin' whore ass bitch needs to learn...
IntroAudrey,Audrey,Intro,12,40,7bd33fbef952,8624,steps[15].sceneLine.dialogLine.text,"Ooh,··· she's a little feisty one,··· huh?"
IntroAudrey,Audrey,Intro,13,40,cfbb20790155,8624,steps[18].sceneLine.dialogLine.text,*aacc*This····· is what we refer to·· as····· a mega bitch.····· Confidence is key here.
IntroAudrey,Audrey,Intro,14,40,72c88cf0db97,8624,steps[19].sceneLine.dialogLine.text,She has to know you're in charge and her bullshit isn't going to faze you.
IntroAudrey,Audrey,Intro,15,40,923d0f103678,8624,steps[20].sceneLine.dialogLine.text,"So whatever you do,····· just,····· stay cool."
IntroAudrey,Audrey,Intro,16,40,cd4566d5356a,8624,steps[22].sceneLine.dialogLine.text,"Uhh,····· could you move please?····· You're kind of in my way."
IntroAudrey,Audrey,Intro,17,40,b7a9f66b9bb7,8624,steps[23].responseOptions[0].steps[0].sceneLine.dialogLine.text,"Ok,····· whatever...····· that was so lame."
IntroAudrey,Audrey,Intro,18,40,ea922ab6e612,8624,steps[23].responseOptions[0].text,...and let you walk out of my life forever?
IntroAudrey,Audrey,Intro,19,40,7c9b4bae08c5,8624,steps[23].responseOptions[1].steps[0].sceneLine.dialogLine.text,"*hahahahaha*···Oh my god,····· seriously?"
IntroAudrey,Audrey,Intro,20,40,76015829bb60,8624,steps[23].responseOptions[1].text,"Sorry, I wasn't paying attention. I got lost in your eyes."
IntroAudrey,Audrey,Intro,21,40,57aafdd698c6,8624,steps[23].responseOptions[2].steps[0].sceneLine.dialogLine.text,"Uhhh,····· eww?"
IntroAudrey,Audrey,Intro,22,40,df5ebcbfa864,8624,steps[23].responseOptions[2].text,In a minute. I'm not finished checking you out.
IntroAudrey,Audrey,Intro,23,40,02d495397810,8624,steps[24].sceneLine.dialogLine.text,What are you even doing at the mall anyway?····· Besides creeping on girls.
IntroAudrey,Audrey,Intro,24,40,b5a99eb03077,8624,steps[25].responseOptions[0].secondaryText,I need to pick up some lube for our date tonight.
IntroAudrey,Audrey,Intro,25,40,eeb858f8543d,8624,steps[25].responseOptions[0].steps[0].sceneLine.dialogLine.secondaryText,*hahahahaha*·····Is that so?
IntroAudrey,Audrey,Intro,26,40,f8f884444226,8624,steps[25].responseOptions[0].steps[0].sceneLine.dialogLine.text,*hahahahahaha*Is that sooo?·····
IntroAudrey,Audrey,Intro,27,40,b2ee0063027f,8624,steps[25].responseOptions[0].text,I need to pick up some condoms for our date tonight.
IntroAudrey,Audrey,Intro,28,40,589929b90ed2,8624,steps[25].responseOptions[1].steps[0].sceneLine.dialogLine.text,*hahahahaha*·····At least you're honest.
IntroAudrey,Audrey,Intro,29,40,adc0abee7518,8624,steps[25].responseOptions[2].steps[0].sceneLine.dialogLine.text,Haah!····· How many cheesy lines have you memorized··· anyway?
IntroAudrey,Audrey,Intro,30,40,990efdad8501,8624,steps[25].responseOptions[2].text,I had a dream I would find my soulmate here. Turns out dreams CAN come true.
IntroAudrey,Audrey,Intro,31,40,9c43177bca35,8624,steps[26].sceneLine.dialogLine.text,"Well,····· you're going to have to do a lot better than that,····· sorry."
IntroAudrey,Audrey,Intro,32,40,9e9d68dac34a,8624,steps[27].sceneLine.dialogLine.text,Buuut...····· you did put in effort I guess...····· and you are kind of cute.
IntroAudrey,Audrey,Intro,33,40,3b3c59e00817,8624,steps[28].sceneLine.dialogLine.text,"I'll tell you what.··· If you're lucky,··· maybe we can go get high sometime.····· You down?"
IntroAudrey,Audrey,Intro,34,40,12654d97c474,8624,steps[29].responseOptions[0].steps[0].sceneLine.dialogLine.text,Niiice...
IntroAudrey,Audrey,Intro,35,40,1d1e48c7509e,8624,steps[29].responseOptions[1].steps[0].sceneLine.dialogLine.text,That works for me.
IntroAudrey,Audrey,Intro,36,40,13d0e3d4f2b7,8624,steps[29].responseOptions[1].text,I've been known to get a little stupid from time to time.
IntroAudrey,Audrey,Intro,37,40,bf7bef9f79d6,8624,steps[29].responseOptions[2].steps[0].sceneLine.dialogLine.text,"Ew,·········· well,····· you need to start."
IntroAudrey,Audrey,Intro,38,40,adb63e3ed05f,8624,steps[30].sceneLine.dialogLine.text,Name's Audrey.····· Get at me if you wanna make things crazy.
IntroAudrey,Audrey,Intro,39,40,5870b40dc82c,8624,steps[32].sceneLine.dialogLine.text,"Now,····· if you don't mind,····· could get the fuck out of my way?"
IntroBeli,Beli,Intro,0,39,3df2bc24cb05,8625,steps[1].sceneLine.dialogLine.text,Are you serious!?
IntroBeli,Beli,Intro,1,39,d62f1c1a0e4c,8625,steps[2].sceneLine.dialogLine.text,Ohhh·· come·· on!····· Just try it on!····· It's going to look sooooo cute.
IntroBeli,Beli,Intro,2,39,2249e096b8f2,8625,steps[3].sceneLine.dialogLine.text,Try what on?············· There's nothing here!
IntroBeli,Beli,Intro,3,39,48203c450e99,8625,steps[4].sceneLine.dialogLine.text,Come·· *oooo*on!····· I saw it and I immediately thought of you.·· You're going to love it.··· I promise.········
IntroBeli,Beli,Intro,4,39,acc93d812c4b,8625,steps[5].sceneLine.dialogLine.text,Oh····· *aa*my...······················· uggghhh...··············· alright.·········· Just...·········· make sure nobody else is around.
IntroBeli,Beli,Intro,5,39,eedbc85a5cfb,8625,steps[6].sceneLine.dialogLine.text,"Yeah,··· sure,··· the coast is clear.·····*mmcccmm*·····You're good."
IntroBeli,Beli,Intro,6,39,705a6bf7bd47,8625,steps[10].sceneLine.dialogLine.text,"Jess,····· I can't wear this!"
IntroBeli,Beli,Intro,7,39,a2e70f097da2,8625,steps[11].sceneLine.dialogLine.text,What are you talking about?····· You look cute!
IntroBeli,Beli,Intro,8,39,12acc9be4216,8625,steps[12].sceneLine.dialogLine.text,Cute!?
IntroBeli,Beli,Intro,9,39,f72585a77073,8625,steps[13].sceneLine.dialogLine.text,"Ohhh,··· stop.········ There's nothing wrong with a little skin."
IntroBeli,Beli,Intro,10,39,29c418abf36e,8625,steps[14].sceneLine.dialogLine.text,You can't keep all that boob to yourself hun.····· It's not fair to the rest of the world.
IntroBeli,Beli,Intro,11,39,a34d92393c27,8625,steps[15].sceneLine.dialogLine.text,The world will be just fine without my...················ boo*oo*bs.··
IntroBeli,Beli,Intro,12,39,f1ac19a7e2c1,8625,steps[16].sceneLine.dialogLine.text,"Yeah··· but,········ I won't.····· Besides,····· it wasn't cheap,····· soooo,····· you're stuck with it."
IntroBeli,Beli,Intro,13,39,8322a966dcc0,8625,steps[17].sceneLine.dialogLine.text,"So come on,····· let's go!"
IntroBeli,Beli,Intro,14,39,1e676c7fd786,8625,steps[18].sceneLine.dialogLine.text,I am NOT going anywhere in this.············· I'm changing back.
IntroBeli,Beli,Intro,15,39,303ea983037e,8625,steps[19].sceneLine.dialogLine.text,*aaaaccc*·····You are impossible...
IntroBeli,Beli,Intro,16,39,ea1c6af5d35d,8625,steps[21].sceneLine.dialogLine.text,Enjoying the view?
IntroBeli,Beli,Intro,17,39,ab02c999a7b5,8625,steps[22].sceneLine.dialogLine.text,"Quick,··· now's your chance.··· Before she goes to change just say something; anything!"
IntroBeli,Beli,Intro,18,39,94d25d07a667,8625,steps[24].responseOptions[0].steps[0].sceneLine.dialogLine.text,What!?
IntroBeli,Beli,Intro,19,39,6ffcd24a3d7e,8625,steps[24].responseOptions[0].text,"Excuse me, but if I don't stop you now I'm going to regret it forever."
IntroBeli,Beli,Intro,20,39,1392c2710f73,8625,steps[24].responseOptions[1].steps[0].sceneLine.dialogLine.text,Huh?
IntroBeli,Beli,Intro,21,39,c4cabd14d513,8625,steps[24].responseOptions[2].steps[0].sceneLine.dialogLine.text,Ahhh!
IntroBeli,Beli,Intro,22,39,ae2ebe986276,8625,steps[24].responseOptions[2].text,"Dayum girl! Is it hot out here, or is it just you?"
IntroBeli,Beli,Intro,23,39,ae30429a1e58,8625,steps[25].sceneLine.dialogLine.text,"Ohhh,·· jeez.···················· Hi,········ sorry,········ *uu*ummmmm,·········· *aaaacc*···I'm so embarrassed right now."
IntroBeli,Beli,Intro,24,39,0f037ecee34d,8625,steps[26].sceneLine.dialogLine.text,"My friend made me put this stupid thing on,·········· sorry.·········· One second,·········· let me go change."
IntroBeli,Beli,Intro,25,39,7af4d7457704,8625,steps[27].responseOptions[0].steps[0].sceneLine.dialogLine.text,"*hahahaha*·····*haah*·····Somehow,····· I'm not so sure I believe that."
IntroBeli,Beli,Intro,26,39,1c4b69b3a30f,8625,steps[27].responseOptions[0].text,"Oh, what? The bikini? I hadn't even noticed."
IntroBeli,Beli,Intro,27,39,77fcb9b7bfd8,8625,steps[27].responseOptions[1].text,What's the rush? I was kinda hoping you would leave it on.
IntroBeli,Beli,Intro,28,39,454fa48bd75b,8625,steps[27].responseOptions[2].steps[0].sceneLine.dialogLine.text,Really?·········· No.················ You think so?·········· I don't know...
IntroBeli,Beli,Intro,29,39,8efa7ca137ba,8625,steps[27].responseOptions[2].text,Your friend has good taste. That bikini was destined for you.
IntroBeli,Beli,Intro,30,39,76da88b902c7,8625,steps[28].sceneLine.dialogLine.text,It's a little revealing.········ Don't you think?
IntroBeli,Beli,Intro,31,39,2d6d029d00e9,8625,steps[29].sceneLine.dialogLine.text,"I don't want people to think...·········· I'm like that,·········· you know?"
IntroBeli,Beli,Intro,32,39,cb82b07abdae,8625,steps[30].responseOptions[0].steps[0].sceneLine.dialogLine.text,*hahahaha*Shut up.·····*haah*····· You know what I mean.
IntroBeli,Beli,Intro,33,39,41ce1131f7da,8625,steps[30].responseOptions[1].steps[0].sceneLine.dialogLine.text,Sooooo...··············· are you saying····· I have it····· then?
IntroBeli,Beli,Intro,34,39,cc5713e5da7c,8625,steps[30].responseOptions[2].steps[0].sceneLine.dialogLine.text,*aaaacc*·····You jerk!·····*hahahaha*
IntroBeli,Beli,Intro,35,39,362b1fa2aa35,8625,steps[30].responseOptions[2].text,"Oh, so you're not like that? Never mind then."
IntroBeli,Beli,Intro,36,39,d282251a68ae,8625,steps[31].sceneLine.dialogLine.text,"Hmmm...·········· well,·········· I guess it's not that bad..."
IntroBeli,Beli,Intro,37,39,b77f8de6fb0e,8625,steps[32].sceneLine.dialogLine.text,"I mean,·········· if you're really saying you like it..."
IntroBeli,Beli,Intro,38,39,d12921642efa,8625,steps[33].sceneLine.dialogLine.text,"Oh,··· and,····· hi.············· The person inside of the bikini you're talking to;············· her name is Beli.···*hahahaha*·····"
IntroCeleste,Celeste,Intro,0,31,b68bf4bf5299,8626,steps[0].sceneLine.dialogLine.text,Hold it right there!
IntroCeleste,Celeste,Intro,1,31,97f893f05542,8626,steps[1].sceneLine.dialogLine.text,I believe you have something that belongs to me.····· I'd like it back.·····
IntroCeleste,Celeste,Intro,2,31,39a3a721c12a,8626,steps[2].sceneLine.dialogLine.text,That gear is a critical component to my ship's engine.····· How did you get that?
IntroCeleste,Celeste,Intro,3,31,8021afd62706,8626,steps[3].responseOptions[0].steps[0].sceneLine.dialogLine.text,Damn!····· How could I be so careless?
IntroCeleste,Celeste,Intro,4,31,ec3c621281e0,8626,steps[3].responseOptions[1].steps[0].sceneLine.dialogLine.text,Save it!····· I've no time for stories.
IntroCeleste,Celeste,Intro,5,31,c2727c633bcc,8626,steps[3].responseOptions[2].steps[0].sceneLine.dialogLine.text,What!?····· What are you staring at?
IntroCeleste,Celeste,Intro,6,31,8a117d200885,8626,steps[4].sceneLine.dialogLine.text,No matter.······· I'll be taking that back now...
IntroCeleste,Celeste,Intro,7,31,260218bdc5de,8626,steps[7].sceneLine.dialogLine.text,Thank you...····· Your cooperation is appreciated.
IntroCeleste,Celeste,Intro,8,31,eedab484b6ec,8626,steps[8].sceneLine.dialogLine.text,It would be wise for you to forget this encounter ever happened.
IntroCeleste,Celeste,Intro,9,31,248dd2d4999e,8626,steps[10].responseOptions[0].text,Wait! We were just getting to know each other.
IntroCeleste,Celeste,Intro,10,31,5ad7f13dbb3d,8626,steps[10].responseOptions[0].steps[2].sceneLine.dialogLine.text,...and just why would you want to learn more about me?
IntroCeleste,Celeste,Intro,11,31,843a8a0bce7c,8626,steps[10].responseOptions[1].text,Before you go! Will I ever get to see you again?
IntroCeleste,Celeste,Intro,12,31,98e33a878341,8626,steps[10].responseOptions[1].steps[2].sceneLine.dialogLine.text,For what reason would we possibly need to meet again?
IntroCeleste,Celeste,Intro,13,31,5620044f0269,8626,steps[10].responseOptions[2].steps[2].sceneLine.dialogLine.text,My name?······· Why would you want to know my name?
IntroCeleste,Celeste,Intro,14,31,b10bbd52ed9b,8626,steps[11].responseOptions[0].steps[0].sceneLine.dialogLine.text,*aaaacc*·····You think...····· I'm cute?
IntroCeleste,Celeste,Intro,15,31,d357671e7569,8626,steps[11].responseOptions[0].text,I just kinda thought you were cute is all...
IntroCeleste,Celeste,Intro,16,31,14a0a56dbacc,8626,steps[11].responseOptions[1].steps[0].sceneLine.dialogLine.text,You...····· want to go on a date?····· With me?·· *aaacc*·····
IntroCeleste,Celeste,Intro,17,31,3a6ccae59cf1,8626,steps[11].responseOptions[1].text,I was wondering if maybe you wanted to go on a date sometime.
IntroCeleste,Celeste,Intro,18,31,06d0fe86c438,8626,steps[11].responseOptions[2].steps[0].sceneLine.dialogLine.text,*iii*I...·········· Oohhhh...······· you really think I'm attractive...?
IntroCeleste,Celeste,Intro,19,31,044c8fbea8db,8626,steps[11].responseOptions[2].text,You're like the sexiest thing I've ever laid eyes on.
IntroCeleste,Celeste,Intro,20,31,c30d617e1f2a,8626,steps[12].sceneLine.dialogLine.text,"Well,········ I suppose you're not terribly hideous for a human.····· *hahahahahaha*"
IntroCeleste,Celeste,Intro,21,31,7c875b8a0499,8626,steps[13].sceneLine.dialogLine.text,I don't know...····· this goes against my better judgement...
IntroCeleste,Celeste,Intro,22,31,0d5f37b49b16,8626,steps[14].sceneLine.dialogLine.text,Not to mention that fact····· that it's strictly against protocol...
IntroCeleste,Celeste,Intro,23,31,42c495cf1625,8626,steps[15].sceneLine.dialogLine.text,"But,····· as long as I'm stranded here,····· I may as well try to enjoy myself..."
IntroCeleste,Celeste,Intro,24,31,85bdf4d3ec40,8626,steps[16].responseOptions[0].steps[0].sceneLine.dialogLine.text,You're right.····· How would command ever find out?
IntroCeleste,Celeste,Intro,25,31,cc9a301b56f6,8626,steps[16].responseOptions[0].text,It's not like anybody is going to know...
IntroCeleste,Celeste,Intro,26,31,18d1ef43ec5d,8626,steps[16].responseOptions[1].steps[0].sceneLine.dialogLine.text,"I like this way of thinking...····· It is whatever,····· right?"
IntroCeleste,Celeste,Intro,27,31,ba13836e642b,8626,steps[16].responseOptions[2].steps[0].sceneLine.dialogLine.text,"That's trruuuue...*aacc*····· Well, in your case anyway."
IntroCeleste,Celeste,Intro,28,31,98551ed93c83,8626,steps[17].sceneLine.dialogLine.text,"Alright then,····· you've just earned yourself a new friend.····· My name is Celeste.·····"
IntroCeleste,Celeste,Intro,29,31,ad12e59bedd2,8626,steps[19].sceneLine.dialogLine.text,"If you'd like to come and see me,····· try to find me later in the day."
IntroCeleste,Celeste,Intro,30,31,960b7f7478fd,8626,steps[20].sceneLine.dialogLine.text,"My people are nocturnal. Besides,····· it's too risky to be walking around in broad daylight."
IntroJessie,Jessie,Intro,0,44,34419f610f05,8627,steps[1].sceneLine.dialogLine.text,"Hey····· Lol*ooll*a!············ Aww you bitch,····· you didn't tell me you were back in town!"
IntroJessie,Jessie,Intro,1,44,8e59d6e75580,8627,steps[2].sceneLine.dialogLine.text,Hey lover!····· Just got in a couple days ago.····· Missed you!
IntroJessie,Jessie,Intro,2,44,57cee6e2da5d,8627,steps[3].sceneLine.dialogLine.text,··Excuses*excuseseseses*!·········· You know you're supposed to check in with me as soon as you hit the ground.
IntroJessie,Jessie,Intro,3,44,880f6cdfca75,8627,steps[4].sceneLine.dialogLine.text,"*hahahahahaha*·····*cccc*·····Of course!····· What was I thinking?············· I'm sorry honey,········ won't happen again."
IntroJessie,Jessie,Intro,4,44,ac8249fc97ce,8627,steps[5].sceneLine.dialogLine.text,That's more like it.
IntroJessie,Jessie,Intro,5,44,d5b365b85bee,8627,steps[6].sceneLine.dialogLine.text,How've you been my darling?····· Staying out of trouble?
IntroJessie,Jessie,Intro,6,44,b9cadf3a1195,8627,steps[7].sceneLine.dialogLine.text,"Well,····· I try,····· but····· trouble has a hard time staying out of me."
IntroJessie,Jessie,Intro,7,44,359f956192a8,8627,steps[8].sceneLine.dialogLine.text,"*hahahahaha*·····Sooo,··· I take it work is good?"
IntroJessie,Jessie,Intro,8,44,dfd5317e7d8c,8627,steps[9].sceneLine.dialogLine.text,Never better.····· But enough about me.····· What's goin' on girl?····· Any new mischief to share?
IntroJessie,Jessie,Intro,9,44,99f6801f2161,8627,steps[10].sceneLine.dialogLine.text,*aaaacc*·····Where do I start?
IntroJessie,Jessie,Intro,10,44,4b5075be40dd,8627,steps[11].sceneLine.dialogLine.text,"Hold that thought.····· Have a seat,····· I'm gonna go grab you a drink.····· I want to hear all about it."
IntroJessie,Jessie,Intro,11,44,9b63e3860db0,8627,steps[12].sceneLine.dialogLine.text,"Ahhhh,·· I'd love to..."
IntroJessie,Jessie,Intro,12,44,a4f46a02117d,8627,steps[13].sceneLine.dialogLine.text,Buuuut...?
IntroJessie,Jessie,Intro,13,44,ef32cbd45321,8627,steps[14].sceneLine.dialogLine.text,"Yeah,····· I've got an early day tomorrow.····· I just stopped in for a second."
IntroJessie,Jessie,Intro,14,44,189aeadbdbdb,8627,steps[15].sceneLine.dialogLine.text,"Ahhh,··· coooome *ooooo*ooon.··············· You're not going to make me sit here and drink all by myself are you?"
IntroJessie,Jessie,Intro,15,44,1db53b5c02ed,8627,steps[16].sceneLine.dialogLine.text,"Raincheck.····· I'll call you later this week;····· girls night out,····· all the way."
IntroJessie,Jessie,Intro,16,44,012f181e495e,8627,steps[17].sceneLine.dialogLine.text,"Yeah, yeah, yeah.·········· Get out of here already."
IntroJessie,Jessie,Intro,17,44,1cc1b48c61cf,8627,steps[18].sceneLine.dialogLine.text,Love you baby!·····*ccaacc*
IntroJessie,Jessie,Intro,18,44,3854296abca2,8627,steps[20].sceneLine.dialogLine.text,Ooh!····· Milf alert!····· Looks like a total cougar too.
IntroJessie,Jessie,Intro,19,44,4a9fdccfe10e,8627,steps[21].sceneLine.dialogLine.text,I don't think you realize the gravity of the situation here.
IntroJessie,Jessie,Intro,20,44,0870455a7115,8627,steps[22].sceneLine.dialogLine.secondaryText,This is what separates the women from the girls.
IntroJessie,Jessie,Intro,21,44,2722a83d05c6,8627,steps[22].sceneLine.dialogLine.text,This is what separates the men from the boys.
IntroJessie,Jessie,Intro,22,44,c46380fc18c9,8627,steps[23].sceneLine.dialogLine.secondaryText,You've got to be aggressive.····· That nice girl shit isn't gonna cut it.
IntroJessie,Jessie,Intro,23,44,24264ef03ad7,8627,steps[23].sceneLine.dialogLine.text,You've got to be aggressive.····· That nice guy shit isn't gonna cut it.
IntroJessie,Jessie,Intro,24,44,a1d53994ffea,8627,steps[25].responseOptions[0].steps[0].sceneLine.dialogLine.text,"Well·· then,········ come a little closer.····· There's a lot more to see."
IntroJessie,Jessie,Intro,25,44,9a19f3b220a2,8627,steps[25].responseOptions[0].text,"Hey beautiful, I can't seem take my eyes off you."
IntroJessie,Jessie,Intro,26,44,9527a3306d69,8627,steps[25].responseOptions[1].steps[0].sceneLine.dialogLine.text,*mmmhhhmmmhhh*·····Aren't they?····· What can I say?····· I'm blessed.
IntroJessie,Jessie,Intro,27,44,1cdfe51f47fc,8627,steps[25].responseOptions[1].text,That is a supremely nice set of tits. Ten outta ten.
IntroJessie,Jessie,Intro,28,44,71cdfe86471e,8627,steps[25].responseOptions[2].steps[0].sceneLine.dialogLine.text,How much ya got?*mcmcmcmcmc*·····
IntroJessie,Jessie,Intro,29,44,0e8ce5699ef6,8627,steps[26].sceneLine.dialogLine.text,I don't believe I've had the pleasure of meeting you.·········· The·· cute·· ones·· are·· always·· hiding.·····
IntroJessie,Jessie,Intro,30,44,ca519858963d,8627,steps[27].sceneLine.dialogLine.text,"Hun,·········· do me a favor and help me out with my empty glass?·········· Pretty please?"
IntroJessie,Jessie,Intro,31,44,fe5c77ec3229,8627,steps[28].responseOptions[0].steps[0].sceneLine.dialogLine.text,"Ooohh,········ I can make it worth your while sweetie.····· Trust··· me."
IntroJessie,Jessie,Intro,32,44,4a595c5d1c7f,8627,steps[28].responseOptions[1].steps[0].sceneLine.dialogLine.text,"Hmmm,·········· surprise me.·········· I like surprises..."
IntroJessie,Jessie,Intro,33,44,6d3682b50381,8627,steps[28].responseOptions[2].steps[0].sceneLine.dialogLine.secondaryText,Now this····· is a woman who knows how to treat a lady.
IntroJessie,Jessie,Intro,34,44,27de278693f8,8627,steps[28].responseOptions[2].steps[0].sceneLine.dialogLine.text,Now this····· is a man who knows how to treat a lady.
IntroJessie,Jessie,Intro,35,44,a88cbd03c4cf,8627,steps[29].responseOptions[0].steps[0].sceneLine.dialogLine.text,"Awwwww,·········· you're desperately attracted to me?·········· You're sweet."
IntroJessie,Jessie,Intro,36,44,39d06f2c54ac,8627,steps[29].responseOptions[0].text,What should we do about the fact that we're desperately attracted to each other?
IntroJessie,Jessie,Intro,37,44,43bd9dec9f16,8627,steps[29].responseOptions[1].steps[0].sceneLine.dialogLine.text,"Only one way to find out,····· huh?"
IntroJessie,Jessie,Intro,38,44,0c0d1d96dcb4,8627,steps[29].responseOptions[1].text,How many drinks does it take to get underneath that shirt?
IntroJessie,Jessie,Intro,39,44,6b96274cc3a0,8627,steps[29].responseOptions[2].steps[0].sceneLine.dialogLine.text,"Oh,····· honey,··············· that wouldn't be very ladylike of me,····· would it?"
IntroJessie,Jessie,Intro,40,44,2bddf35f7928,8627,steps[30].sceneLine.dialogLine.text,You haven't even asked my name yet.····· I'm more than just a pretty face you know.
IntroJessie,Jessie,Intro,41,44,10f214785b97,8627,steps[31].sceneLine.dialogLine.secondaryText,"Most ladies your age··· know me as Misty,····· but you can call me Jessie."
IntroJessie,Jessie,Intro,42,44,c74fbc83ddf5,8627,steps[31].sceneLine.dialogLine.text,"Most gentlemen your age··· know me as Misty,····· but you can call me Jessie."
IntroJessie,Jessie,Intro,43,44,e8a4f2e83464,8627,steps[33].sceneLine.dialogLine.text,You should feel honored.·········· I only share that secret with people I like.
IntroKyanna,Kyanna,Intro,0,45,d4929388efa6,8628,steps[1].sceneLine.dialogLine.text,Yo!·········· I didn't expect to see you here today Tiffany.
IntroKyanna,Kyanna,Intro,1,45,ce8d2a9a56b3,8628,steps[2].sceneLine.dialogLine.text,Yeah! My english lit class was cancelled;········ tryin' to make good use of the time.
IntroKyanna,Kyanna,Intro,2,45,f96592891e33,8628,steps[3].sceneLine.dialogLine.text,"Hey,····· listen.······· Thanks soooo*oooo* much for watching Philip the other day.·········· I know it was last minute."
IntroKyanna,Kyanna,Intro,3,45,ec14810a709e,8628,steps[4].sceneLine.dialogLine.text,"Nooo,····· don't even mention it.········ I love to hang out with Philly,····· he's my little buddy."
IntroKyanna,Kyanna,Intro,4,45,fdcaad6b28b1,8628,steps[5].sceneLine.dialogLine.text,Did he give you any trouble?
IntroKyanna,Kyanna,Intro,5,45,8efd00f30b2d,8628,steps[6].sceneLine.dialogLine.text,Nope!····· Like an angel.
IntroKyanna,Kyanna,Intro,6,45,6e1361135b6f,8628,steps[7].sceneLine.dialogLine.text,An angel?················ Are you sure you were watching the right kid? *hahahahahahahahaha*········
IntroKyanna,Kyanna,Intro,7,45,b1679f472da3,8628,steps[8].sceneLine.dialogLine.text,Hehehe...
IntroKyanna,Kyanna,Intro,8,45,76b54b56a4fe,8628,steps[9].sceneLine.dialogLine.text,"I know I still owe you too,····· so don't worry.····· I should be getting my paycheck tomorrow."
IntroKyanna,Kyanna,Intro,9,45,0eee3a692570,8628,steps[10].sceneLine.dialogLine.text,Shhhhh!·· I won't hear of it.····· I was more than happy to help out.
IntroKyanna,Kyanna,Intro,10,45,a384c005643d,8628,steps[11].sceneLine.dialogLine.text,Nonsense!······· I'm not taking no for an answer.
IntroKyanna,Kyanna,Intro,11,45,3e63e00aeef3,8628,steps[12].sceneLine.dialogLine.text,Too late!·····*hahahaha*····· Have a good workout!
IntroKyanna,Kyanna,Intro,12,45,c1c3d1f17cea,8628,steps[14].sceneLine.dialogLine.text,Hey!····· Get back here!····· This isn't over!
IntroKyanna,Kyanna,Intro,13,45,d62fa4c55653,8628,steps[16].sceneLine.dialogLine.text,"Man,····· will you get a load of these two..."
IntroKyanna,Kyanna,Intro,14,45,b1d6823d3328,8628,steps[17].sceneLine.dialogLine.text,I'd kill to have tits like that.
IntroKyanna,Kyanna,Intro,15,45,5ff47dad89c3,8628,steps[20].sceneLine.dialogLine.text,This chick is clearly out of your league.····· But there may be hope.
IntroKyanna,Kyanna,Intro,16,45,24f1241a2c47,8628,steps[21].sceneLine.dialogLine.secondaryText,She's probably looking for a decent girl because of that baby mama drama.
IntroKyanna,Kyanna,Intro,17,45,b05dfb6cbcbc,8628,steps[21].sceneLine.dialogLine.text,She's probably looking for a decent guy because of that baby mama drama.
IntroKyanna,Kyanna,Intro,18,45,026f6beb0931,8628,steps[22].sceneLine.dialogLine.text,"So just try not to be an ass for like,····· five minutes...?"
IntroKyanna,Kyanna,Intro,19,45,59cfeb4a520d,8628,steps[23].sceneLine.dialogLine.text,Oh!······· She's looking over this way!····· Show time!
IntroKyanna,Kyanna,Intro,20,45,c45be9e58dc3,8628,steps[25].sceneLine.dialogLine.text,"Hey,····· are you finished with that machine?····· I have one set left to jam out."
IntroKyanna,Kyanna,Intro,21,45,38bb26a31623,8628,steps[26].responseOptions[0].steps[0].sceneLine.dialogLine.text,*hahahahaha*········It worked.····· You look wicked cool.
IntroKyanna,Kyanna,Intro,22,45,456595fd5619,8628,steps[26].responseOptions[0].text,I was just trying to look cool. I don't even know what this machine does.
IntroKyanna,Kyanna,Intro,23,45,e54642830482,8628,steps[26].responseOptions[1].steps[0].sceneLine.dialogLine.text,"Awesome,····· thanks so much."
IntroKyanna,Kyanna,Intro,24,45,75df41d0292e,8628,steps[26].responseOptions[2].steps[0].sceneLine.dialogLine.text,Hey what's that supposed to mean?
IntroKyanna,Kyanna,Intro,25,45,31aafaa8ee3e,8628,steps[26].responseOptions[2].text,"Go ahead, you look like you need it more than I do."
IntroKyanna,Kyanna,Intro,26,45,9d0d93089240,8628,steps[27].responseOptions[0].steps[0].sceneLine.dialogLine.text,Really!?·············· Oh·· em·· gee!····· I've done a couple local commercials but I never thought I'd be recognized!
IntroKyanna,Kyanna,Intro,27,45,ec1cd2372aa9,8628,steps[27].responseOptions[0].text,Have I seen you on T.V. or something? You look familiar...
IntroKyanna,Kyanna,Intro,28,45,000efd918dae,8628,steps[27].responseOptions[1].steps[0].sceneLine.dialogLine.text,"What?·········· Oh,··· shit!····· Totally forgot about these.·····*hahahaha*····· Thanks!"
IntroKyanna,Kyanna,Intro,29,45,0cb71555d8b1,8628,steps[27].responseOptions[1].text,I don't know too many girls who work out with earrings on.
IntroKyanna,Kyanna,Intro,30,45,c616aa202e87,8628,steps[27].responseOptions[2].steps[0].sceneLine.dialogLine.text,*hahahahahaha*·····Thanks.····· I try.
IntroKyanna,Kyanna,Intro,31,45,628ab678d9a2,8628,steps[27].responseOptions[2].text,Forgive me for saying this... but your body is straight bangin'.
IntroKyanna,Kyanna,Intro,32,45,87093744ad55,8628,steps[28].sceneLine.dialogLine.text,"You must be new here.········ I don't think we've met before,··· right?."
IntroKyanna,Kyanna,Intro,33,45,9a4a9bd893f3,8628,steps[29].sceneLine.dialogLine.text,I like to think I know all the regulars here on a first name basis.
IntroKyanna,Kyanna,Intro,34,45,158575dae011,8628,steps[30].sceneLine.dialogLine.text,"You could say I'm a little obsessed with this place, I guess.····· *hahahahaha*·····"
IntroKyanna,Kyanna,Intro,35,45,b6324d76008e,8628,steps[31].sceneLine.dialogLine.text,My name's Kyanna.······· Will I be seeing you here more often?
IntroKyanna,Kyanna,Intro,36,45,1e4952fd6532,8628,steps[33].responseOptions[0].steps[0].sceneLine.dialogLine.text,Great!······· I'm counting on it!
IntroKyanna,Kyanna,Intro,37,45,52fa42b6f273,8628,steps[33].responseOptions[1].steps[0].sceneLine.dialogLine.text,"I know what you mean.····· I have those days too,··· sometimes."
IntroKyanna,Kyanna,Intro,38,45,0b6a5882e109,8628,steps[33].responseOptions[1].text,If I can pull myself off the couch long enough.
IntroKyanna,Kyanna,Intro,39,45,ceb81333d0df,8628,steps[33].responseOptions[2].steps[0].sceneLine.dialogLine.text,"Yeeeahh,····· heh,··· that happens.····· My bad."
IntroKyanna,Kyanna,Intro,40,45,b6c176a3375a,8628,steps[33].responseOptions[2].text,Your hands are mad sweaty. I'm not complaining.
IntroKyanna,Kyanna,Intro,41,45,fe5a24995c81,8628,steps[34].sceneLine.dialogLine.text,"Oh,····· dude,····· you know what?"
IntroKyanna,Kyanna,Intro,42,45,05973e9660ee,8628,steps[35].sceneLine.dialogLine.text,You have to try one of the yoga classes they do here.
IntroKyanna,Kyanna,Intro,43,45,fed5d4084abf,8628,steps[36].sceneLine.dialogLine.text,The instructor is awesome.······· I think you'd dig it.
IntroKyanna,Kyanna,Intro,44,45,e4a809350b1c,8628,steps[37].sceneLine.dialogLine.text,"If you like being in a room with a bunch of sweaty girls,·· that is.·····*hahahahahaha*··········"
IntroKyu,Kyu,Intro,0,15,497752f7d5f4,8629,steps[0].sceneLine.dialogLine.secondaryText,Well I'll be damned!····· Will you look at this bitch?
IntroKyu,Kyu,Intro,1,15,97353d670060,8629,steps[0].sceneLine.dialogLine.text,Well I'll be damned!····· Will you look at this guy?
IntroKyu,Kyu,Intro,2,15,f03ab02411dd,8629,steps[1].sceneLine.dialogLine.text,I hardly recognize you without the virginity!
IntroKyu,Kyu,Intro,3,15,50d1186021aa,8629,steps[2].sceneLine.dialogLine.secondaryText,Congratulations girl!····· And with such a fine young thing too...····· I'm impressed.
IntroKyu,Kyu,Intro,4,15,8ca98cd8951e,8629,steps[2].sceneLine.dialogLine.text,Congratulations man!····· And with such a fine young thing too...····· I'm impressed.
IntroKyu,Kyu,Intro,5,15,0de42a7d5991,8629,steps[3].responseOptions[0].steps[0].sceneLine.dialogLine.text,"Yeah,··· no shit!····· We make a good team though."
IntroKyu,Kyu,Intro,6,15,e18a34e40de9,8629,steps[3].responseOptions[0].text,Well I couldn't have done it without you.
IntroKyu,Kyu,Intro,7,15,5961b7c484f6,8629,steps[3].responseOptions[1].steps[0].sceneLine.dialogLine.text,Believe it buddy!····· You earned it.
IntroKyu,Kyu,Intro,8,15,c23d0d996c4e,8629,steps[3].responseOptions[2].steps[0].sceneLine.dialogLine.secondaryText,Ooohhhh dayum!····· She's unstoppable!·····*hehehehe*
IntroKyu,Kyu,Intro,9,15,b6d018bf4097,8629,steps[3].responseOptions[2].steps[0].sceneLine.dialogLine.text,Ooohhhh dayum!····· He's unstoppable!·····*hehehehe*
IntroKyu,Kyu,Intro,10,15,8c9e04061554,8629,steps[3].responseOptions[2].text,"Heh, that was nothing. I'm just getting started."
IntroKyu,Kyu,Intro,11,15,5e7af0e8ddb3,8629,steps[4].sceneLine.dialogLine.text,"You know...····· I have to say,····· I might even be a little jealous."
IntroKyu,Kyu,Intro,12,15,0446e2f0ce20,8629,steps[5].sceneLine.dialogLine.text,I mean you've got a ways to go...····· but you're turning out to be a regular sex machine.
IntroKyu,Kyu,Intro,13,15,c86693eff3fb,8629,steps[6].sceneLine.dialogLine.text,Be a shame to let these girls have you all to themselves...
IntroKyu,Kyu,Intro,14,15,eeb7d629f4b0,8629,steps[7].sceneLine.dialogLine.text,"Yeah,·· you know what?··· Fuck it! I'm in!"
IntroLola,Lola,Intro,0,39,947029870584,8630,steps[1].sceneLine.dialogLine.text,"Excuse·· me*ee*,·· miss!"
IntroLola,Lola,Intro,1,39,85a09bc4a9c9,8630,steps[2].sceneLine.dialogLine.text,Yeah?
IntroLola,Lola,Intro,2,39,447159556554,8630,steps[3].sceneLine.dialogLine.text,I've been here for a while now.····· I'm still waiting to be helped.
IntroLola,Lola,Intro,3,39,bb4bed7f3316,8630,steps[4].sceneLine.dialogLine.text,Oh...····· yeeeeaaahhh.····· So·· my shift just·· ended.········ I'm pretty much out the door already.
IntroLola,Lola,Intro,4,39,aea3e7d663ed,8630,steps[5].sceneLine.dialogLine.text,"Ummmm,·········· I think someone else should be in any minute."
IntroLola,Lola,Intro,5,39,4a3df3a81135,8630,steps[6].sceneLine.dialogLine.text,I'm just looking to get a cappuccino.····· It only takes a second.···
IntroLola,Lola,Intro,6,39,a04aab2b3ee0,8630,steps[7].sceneLine.dialogLine.text,I meeeaann...· it's more than a second.· Soooooo...···
IntroLola,Lola,Intro,7,39,c6ceb74c6971,8630,steps[8].sceneLine.dialogLine.text,Are you serious?
IntroLola,Lola,Intro,8,39,d7fe0cccb00a,8630,steps[9].sceneLine.dialogLine.text,"I should have left over fifteen minutes ago,·· okay?········ I'm done.·······"
IntroLola,Lola,Intro,9,39,670c5d24213a,8630,steps[11].sceneLine.dialogLine.text,Wow...*ccc*··· okay?
IntroLola,Lola,Intro,10,39,c6932817a15d,8630,steps[13].sceneLine.dialogLine.text,"Mmm, mmm!····· I love me some chocolate."
IntroLola,Lola,Intro,11,39,d8b9dc287a85,8630,steps[14].sceneLine.dialogLine.text,I'll have a tall glass of whatever she's serving;········ know what I'm sayin'?
IntroLola,Lola,Intro,12,39,8fd217109c96,8630,steps[17].sceneLine.dialogLine.text,"Let's see...····· Considering what just went down,·· she's·· probably a little pissed off."
IntroLola,Lola,Intro,13,39,1889c52c7d63,8630,steps[18].sceneLine.dialogLine.text,"Try to get on her good side.····· Open with something safe;··· umm,··· like,··· something she probably wants to hear."
IntroLola,Lola,Intro,14,39,07c3e05fce44,8630,steps[20].responseOptions[0].steps[0].sceneLine.dialogLine.text,"I know,···· right!?·· It's ridiculous."
IntroLola,Lola,Intro,15,39,6e01c4be7a12,8630,steps[20].responseOptions[1].steps[0].sceneLine.dialogLine.text,"No,··· it's fine.·········· Thanks for offering,··· but I'm not sure it would do much good."
IntroLola,Lola,Intro,16,39,43b372bca110,8630,steps[20].responseOptions[1].text,Ridiculous. Do you want me to talk to the manager?
IntroLola,Lola,Intro,17,39,2190ee5a6f3b,8630,steps[20].responseOptions[1].steps[1].sceneLine.dialogLine.text,The nerve of some people though...
IntroLola,Lola,Intro,18,39,3cce095c908f,8630,steps[20].responseOptions[2].steps[0].sceneLine.dialogLine.text,"*aaacc*·····No, trust me,······· that's just her.············ I've had to deal with her before."
IntroLola,Lola,Intro,19,39,2d795a063545,8630,steps[20].responseOptions[2].text,Somebody woke up on the wrong side of the bed today.
IntroLola,Lola,Intro,20,39,b2bd18a07c1d,8630,steps[21].sceneLine.dialogLine.text,"I mean really,····· is a cup of coffee so much to ask?····· Soooo sorry to inconvenience you."
IntroLola,Lola,Intro,21,39,523ea17c26f6,8630,steps[22].sceneLine.dialogLine.text,Have you been waiting here long too?
IntroLola,Lola,Intro,22,39,2f4641107c6b,8630,steps[23].responseOptions[0].steps[0].sceneLine.dialogLine.text,*hahahahaha*·······Is that the case?········ I'm glad I could be of service.
IntroLola,Lola,Intro,23,39,90f7f066c5aa,8630,steps[23].responseOptions[0].text,"Yeah, but it's okay because I've had you to admire while I wait."
IntroLola,Lola,Intro,24,39,d08fbe04bc9e,8630,steps[23].responseOptions[1].steps[0].sceneLine.dialogLine.text,Me...?·········· Why?············ You see something you like?
IntroLola,Lola,Intro,25,39,756d3d5e9295,8630,steps[23].responseOptions[1].text,I've only been waiting for a chance to talk with you.
IntroLola,Lola,Intro,26,39,6aab2603b6ba,8630,steps[23].responseOptions[2].steps[0].sceneLine.dialogLine.text,*hahahahaha*·····*cccc*·····Did you really just say that?············· I don't think I've ever heard that one before.
IntroLola,Lola,Intro,27,39,51151b7d857e,8630,steps[23].responseOptions[2].text,I can't remember. When I look at you time stands still.
IntroLola,Lola,Intro,28,39,9edf08003c7c,8630,steps[24].sceneLine.dialogLine.text,"I have to give you credit though,····· that's pretty brave.········ You don't hear that often enough."
IntroLola,Lola,Intro,29,39,783e934d7a88,8630,steps[25].sceneLine.dialogLine.text,Is that your technique?····· Hitting on girls at the coffee shop?
IntroLola,Lola,Intro,30,39,c0c975b10f8e,8630,steps[26].responseOptions[0].steps[0].sceneLine.dialogLine.text,"Oh··· geez,······· really?··············· Alright,····· you're good."
IntroLola,Lola,Intro,31,39,a8cf8354012e,8630,steps[26].responseOptions[1].steps[0].sceneLine.dialogLine.text,I wouldn't say it's NOT working...
IntroLola,Lola,Intro,32,39,19e5b6807cc4,8630,steps[26].responseOptions[2].steps[0].sceneLine.dialogLine.text,"*hahahahahaha*·····*cccc*·····Okay,··· now that one I know I've never heard before."
IntroLola,Lola,Intro,33,39,375510cd9dff,8630,steps[26].responseOptions[2].text,I just do whatever the magic fairy that follows me around tells me.
IntroLola,Lola,Intro,34,39,aa7995146ab1,8630,steps[27].sceneLine.dialogLine.text,I'll tell you what big shot.····· You caught me in a good mood.
IntroLola,Lola,Intro,35,39,ec63adfa2cf2,8630,steps[28].sceneLine.dialogLine.text,"I normally don't give in so easily,····· so··· consider yourself lucky."
IntroLola,Lola,Intro,36,39,9b27ecce5394,8630,steps[29].sceneLine.dialogLine.text,My name is Lola.····· Pleasure.
IntroLola,Lola,Intro,37,39,385512120132,8630,steps[31].sceneLine.dialogLine.text,If I can get my capp sometime in the next year··· maybe we can sit down.
IntroLola,Lola,Intro,38,39,cbdb8243799e,8630,steps[32].sceneLine.dialogLine.text,I want to hear more about how attractive I am.···*hahahaha*·····*cccc*
IntroMomo,Momo,Intro,0,25,02c48fd887f5,8631,steps[0].sceneLine.dialogLine.text,Ummm!····· Excuse me!
IntroMomo,Momo,Intro,1,25,6de4c98ac116,8631,steps[1].sceneLine.dialogLine.text,"Did you drop these fishies here?····· If you don't want them, can I have them?"
IntroMomo,Momo,Intro,2,25,6d5b591eb8a7,8631,steps[2].responseOptions[0].steps[0].sceneLine.dialogLine.text,·····Yeessss!····· Thank you!····· I'll love them forever and ever!
IntroMomo,Momo,Intro,3,25,161e8a7041cd,8631,steps[2].responseOptions[1].steps[0].sceneLine.dialogLine.text,Nooooo····· silly!····· You don't eat pets!········· I'll take good care of them;··· so can I have um'?
IntroMomo,Momo,Intro,4,25,e1d1b7f0ddfa,8631,steps[2].responseOptions[2].steps[0].sceneLine.dialogLine.text,"Awwwww!····· But,····· but,·· pleeeeease?"
IntroMomo,Momo,Intro,5,25,0d31a5f2cbe0,8631,steps[3].responseOptions[1].steps[0].sceneLine.dialogLine.text,Mmmhmm!····· It is!····· I have these furry ears too.
IntroMomo,Momo,Intro,6,25,b8b2b6aef72e,8631,steps[3].responseOptions[1].text,Is that a tail coming out of your backside?
IntroMomo,Momo,Intro,7,25,58c11c4c10ae,8631,steps[3].responseOptions[2].steps[0].sceneLine.dialogLine.text,Cos...?····· Play...?····· I don't think so...
IntroMomo,Momo,Intro,8,25,2a789e33e07c,8631,steps[3].responseOptions[2].text,Soooo... are you like a cosplayer or something?
IntroMomo,Momo,Intro,9,25,ca7a29d32742,8631,steps[4].sceneLine.dialogLine.text,I'm··· Momo!········ I'm a kitty!····· *hahahahaha*
IntroMomo,Momo,Intro,10,25,17f9ae770964,8631,steps[5].sceneLine.dialogLine.text,Buuuut...··· well...··· I don't have a master...
IntroMomo,Momo,Intro,11,25,208a535a1945,8631,steps[6].sceneLine.dialogLine.text,I don't like being a stray kitty...····· it's no fun...
IntroMomo,Momo,Intro,12,25,1592f391f71b,8631,steps[7].responseOptions[0].steps[0].sceneLine.dialogLine.text,A thing?····· What kinda thing?·· A treat!?
IntroMomo,Momo,Intro,13,25,d08a0d252bdb,8631,steps[7].responseOptions[0].text,You know... I kinda have a thing for cat girls...
IntroMomo,Momo,Intro,14,25,b433291a4788,8631,steps[7].responseOptions[1].steps[0].sceneLine.dialogLine.text,Do you think so?·····*hahahahaha*
IntroMomo,Momo,Intro,15,25,c3a2c4fb3c3d,8631,steps[7].responseOptions[1].text,Whaaat? You're too adorable to be a stray.
IntroMomo,Momo,Intro,16,25,c5fe0923d4e1,8631,steps[7].responseOptions[2].steps[0].sceneLine.dialogLine.text,Mmmhmm...················· it's really cold and scary at night...
IntroMomo,Momo,Intro,17,25,16f35ebb1644,8631,steps[8].sceneLine.dialogLine.text,·····Wait!····· I just got a idea!
IntroMomo,Momo,Intro,18,25,6a27fc40ce9a,8631,steps[9].sceneLine.dialogLine.text,·····You can be my master!·········· You're super duper nice!·········· You'll take good care of me.·· Yeah?
IntroMomo,Momo,Intro,19,25,91c5b7098abd,8631,steps[10].responseOptions[0].steps[0].sceneLine.dialogLine.text,···*aaacc*·····What?····· WHAT!?············ I can't believe it!·· For real?
IntroMomo,Momo,Intro,20,25,9123d92f7d47,8631,steps[10].responseOptions[1].steps[0].sceneLine.dialogLine.text,··*aaacc*·····Really!? Thank you! Thank you!
IntroMomo,Momo,Intro,21,25,57091d16bd5e,8631,steps[10].responseOptions[1].text,"Well, okay! How can I say no to that face?"
IntroMomo,Momo,Intro,22,25,4fef1fdcb34d,8631,steps[10].responseOptions[2].steps[0].sceneLine.dialogLine.text,Pleeeeeease?·····*cccccccc*
IntroMomo,Momo,Intro,23,25,bdb273615f86,8631,steps[12].sceneLine.dialogLine.text,I'll be the best kitty in the whole world. I promise!
IntroMomo,Momo,Intro,24,25,9b5b5fadf8bc,8631,steps[13].sceneLine.dialogLine.text,I can't believe this!····· My own master!
IntroNikki,Nikki,Intro,0,38,906daacd2ec9,8632,steps[1].sceneLine.dialogLine.text,"Ughh...····· Audrey,····· can we leave now?"
IntroNikki,Nikki,Intro,1,38,5622ec7854df,8632,steps[2].sceneLine.dialogLine.text,"Calm down Nik,····· we just got here."
IntroNikki,Nikki,Intro,2,38,6963d536e8f3,8632,steps[3].sceneLine.dialogLine.text,Just got here?······· We've been here for at least an hour.
IntroNikki,Nikki,Intro,3,38,1ef319cf5a48,8632,steps[4].sceneLine.dialogLine.text,Don't·· be such·· a downer.·········· Loosen up a little!······· I'll buy you a drink.····· What do you want?
IntroNikki,Nikki,Intro,4,38,70db67188fad,8632,steps[5].sceneLine.dialogLine.text,I don't want anything.····· I'm not even old enough to drink.
IntroNikki,Nikki,Intro,5,38,0c8ba502e583,8632,steps[6].sceneLine.dialogLine.text,*aaacc*·····They don't care...
IntroNikki,Nikki,Intro,6,38,6a995297d6f2,8632,steps[7].sceneLine.dialogLine.text,"Okay,·········· ohhhh my god.·········· Why do you do this every, fucking, time?"
IntroNikki,Nikki,Intro,7,38,3d56eb4264f7,8632,steps[8].sceneLine.dialogLine.text,"Can't you just like chill out for once and I don't know,··· have fun?"
IntroNikki,Nikki,Intro,8,38,8838e3ece7bd,8632,steps[9].sceneLine.dialogLine.text,This isn't fun.·········· Everybody here is a complete douche bag.
IntroNikki,Nikki,Intro,9,38,f96934835df8,8632,steps[10].sceneLine.dialogLine.text,I told you I didn't want to come here and you dragged me anyway.·········· Just like last time.
IntroNikki,Nikki,Intro,10,38,4227efb24e28,8632,steps[11].sceneLine.dialogLine.text,Because you can't just sit in your room all day.······· You need to fucking··· exist or··· something!·····
IntroNikki,Nikki,Intro,11,38,3409cf5958fa,8632,steps[12].sceneLine.dialogLine.text,I don't sit in my room all day.
IntroNikki,Nikki,Intro,12,38,2ae1907e2b6d,8632,steps[13].sceneLine.dialogLine.text,Whatever!····· Go.····· Leave.····· Byyyyeee.
IntroNikki,Nikki,Intro,13,38,f236bf57b82c,8632,steps[15].sceneLine.dialogLine.text,Awwww·· shit...·········· I was afraid we might run into one of these.
IntroNikki,Nikki,Intro,14,38,61139cf39c39,8632,steps[16].sceneLine.dialogLine.text,Doesn't look like she's a big fan of people...
IntroNikki,Nikki,Intro,15,38,0d261ef6a202,8632,steps[17].sceneLine.dialogLine.text,Buuuuuuuuut...····· your weirdness might actually pay off here.
IntroNikki,Nikki,Intro,16,38,155a46568a14,8632,steps[18].sceneLine.dialogLine.text,"Hmmm,····· I never thought I'd say this to you,··· but,·········· just be yourself."
IntroNikki,Nikki,Intro,17,38,677c2e01b1fa,8632,steps[20].responseOptions[0].steps[0].sceneLine.dialogLine.text,She's a bitch.
IntroNikki,Nikki,Intro,18,38,a7f7126b0618,8632,steps[20].responseOptions[1].steps[0].sceneLine.dialogLine.text,Hiiii...?
IntroNikki,Nikki,Intro,19,38,89e7cbb1cbe7,8632,steps[20].responseOptions[2].steps[0].sceneLine.dialogLine.text,No shit.····· What gave it away?
IntroNikki,Nikki,Intro,20,38,8022557b0c10,8632,steps[20].responseOptions[2].text,You look like you'd rather be anywhere else.
IntroNikki,Nikki,Intro,21,38,baeeb0d4207c,8632,steps[21].responseOptions[0].steps[0].sceneLine.dialogLine.text,Okay...····· so why are you here exactly...?
IntroNikki,Nikki,Intro,22,38,e0476410c7e0,8632,steps[21].responseOptions[0].text,I feel your pain. This isn't really my scene either.
IntroNikki,Nikki,Intro,23,38,b6606d548540,8632,steps[21].responseOptions[1].steps[0].sceneLine.dialogLine.text,"Seriously?········ Yeah,····· I have naturally blue hair.····· Because that's a thing."
IntroNikki,Nikki,Intro,24,38,2c9786d02ada,8632,steps[21].responseOptions[2].steps[0].sceneLine.dialogLine.text,Please don't.
IntroNikki,Nikki,Intro,25,38,f0db896c9b28,8632,steps[22].sceneLine.dialogLine.text,"Sorry,····· but,····· can you leave me alone?"
IntroNikki,Nikki,Intro,26,38,d88c9097a247,8632,steps[23].sceneLine.dialogLine.text,There's plenty of other girls here for you to talk to.
IntroNikki,Nikki,Intro,27,38,b05032636b4f,8632,steps[24].responseOptions[0].steps[0].sceneLine.dialogLine.text,"Look,····· I see what you're trying to do,········ but I'm not interested.·········· Okay?"
IntroNikki,Nikki,Intro,28,38,07ed9a00e46a,8632,steps[24].responseOptions[0].text,That's why I'm talking to you. I can't stand these other girls.
IntroNikki,Nikki,Intro,29,38,2d9429ebb080,8632,steps[24].responseOptions[1].steps[0].sceneLine.dialogLine.text,"Well,····· I'd rather you didn't.····· So,····· good night."
IntroNikki,Nikki,Intro,30,38,69ac14ebf9da,8632,steps[24].responseOptions[1].text,Why are you so hostile? I'm just trying to say hi.
IntroNikki,Nikki,Intro,31,38,628a29e34409,8632,steps[27].sceneLine.dialogLine.text,Don't beat yourself up over it.····· She was a lost cause to begin with.
IntroNikki,Nikki,Intro,32,38,00077d932a61,8632,steps[28].sceneLine.dialogLine.text,Plenty of fish in the sea.····· Let's see... hoooww aboooouuuut...
IntroNikki,Nikki,Intro,33,38,c56eb89116c6,8632,steps[29].sceneLine.dialogLine.text,Wait...·········· is she coming back over here?······· This ought to be interesting.
IntroNikki,Nikki,Intro,34,38,0f14f9e34b35,8632,steps[32].sceneLine.dialogLine.text,"Ummmm,····· hey,········ you know what?····· It's Nikki...····· my name."
IntroNikki,Nikki,Intro,35,38,4afbc4e798ac,8632,steps[34].sceneLine.dialogLine.text,Maybe I was a little bit quick to judge...····· force of habit.
IntroNikki,Nikki,Intro,36,38,b27b4b46f8de,8632,steps[35].sceneLine.dialogLine.text,"I'm normally not the type of girl·· that··· like...····· talks to people,····· or·· whatever..."
IntroNikki,Nikki,Intro,37,38,28db5842904b,8632,steps[36].sceneLine.dialogLine.text,But I guess you can keep me company until my friend is ready to go.
IntroTiffany,Tiffany,Intro,0,42,ad166a787b91,8633,steps[1].sceneLine.dialogLine.text,"Oh, Ms. Yumi!······· I'm glad I ran into you."
IntroTiffany,Tiffany,Intro,1,42,dfab8f77644e,8633,steps[2].sceneLine.dialogLine.text,Have you had a chance to grade our exams yet?
IntroTiffany,Tiffany,Intro,2,42,36e9e0546b76,8633,steps[3].sceneLine.dialogLine.text,"Uhhhhhh,········ remind me what that was on again."
IntroTiffany,Tiffany,Intro,3,42,83a531c307e3,8633,steps[4].sceneLine.dialogLine.text,"You know,····· the conservation of··· whatever-you-call-it."
IntroTiffany,Tiffany,Intro,4,42,6cd2c689ceb7,8633,steps[5].sceneLine.dialogLine.text,"Ohhh····· yeah,···· yeah.··············· I·· think those·· are on·· my desk...············· somewhere."
IntroTiffany,Tiffany,Intro,5,42,9dc9c746dfea,8633,steps[6].sceneLine.dialogLine.text,"Ohhhhh,··· okay.············· Do you know when you might be able to get them back to us?"
IntroTiffany,Tiffany,Intro,6,42,c65cbcaec9e8,8633,steps[7].sceneLine.dialogLine.text,"Later.····· Next week,·· probably.········ I'm sure you did fine Tiffany."
IntroTiffany,Tiffany,Intro,7,42,07181028af14,8633,steps[8].sceneLine.dialogLine.text,"You think?········ I hope·· so.·················· I don't know, I was having trouble with some of the material."
IntroTiffany,Tiffany,Intro,8,42,09f0e7e3f99f,8633,steps[9].sceneLine.dialogLine.text,Do you know what we're going over next week?····· I'd like to try to get a head start this time.
IntroTiffany,Tiffany,Intro,9,42,36985d6b2efa,8633,steps[10].sceneLine.dialogLine.text,Next week?······················ I····· don't know yet...
IntroTiffany,Tiffany,Intro,10,42,73f433df829b,8633,steps[11].sceneLine.dialogLine.text,"Actually,····· I have a pounding headache right now.····· Can we do this later please?"
IntroTiffany,Tiffany,Intro,11,42,ff637f397fbc,8633,steps[12].sceneLine.dialogLine.text,"Yeah,····· okay.······· Sorry to bother you Ms. Yumi."
IntroTiffany,Tiffany,Intro,12,42,4532c559f10c,8633,steps[13].sceneLine.dialogLine.text,"No,····· it's fine.················· I'll talk to you later."
IntroTiffany,Tiffany,Intro,13,42,df1c376384c6,8633,steps[15].sceneLine.dialogLine.text,Whoa.······· Is·· this·· chick·· serious?····· That school girl uniform is a little on the nose don't cha think?
IntroTiffany,Tiffany,Intro,14,42,2bb3d6f7b2ee,8633,steps[16].sceneLine.dialogLine.text,"She's cute though.··· Blonde too, so ah... bonus points!"
IntroTiffany,Tiffany,Intro,15,42,7ebef113fe27,8633,steps[19].sceneLine.dialogLine.text,"This is your classic girl next door situation.····· She's nice,··· so don't say anything to scare her off."
IntroTiffany,Tiffany,Intro,16,42,34922b6cfd31,8633,steps[20].sceneLine.dialogLine.text,But don't be afraid to take a chance!
IntroTiffany,Tiffany,Intro,17,42,92444284f951,8633,steps[22].responseOptions[0].steps[0].sceneLine.dialogLine.text,I sure do!········ I know this place inside and out.
IntroTiffany,Tiffany,Intro,18,42,44c4f9b3dcd3,8633,steps[22].responseOptions[0].text,"Excuse me, do you know where I can find the student union?"
IntroTiffany,Tiffany,Intro,19,42,78155933eff4,8633,steps[22].responseOptions[0].steps[1].sceneLine.dialogLine.text,You go past the building here··· and take a left at the fountain.····· You can't miss it.
IntroTiffany,Tiffany,Intro,20,42,493d6698012a,8633,steps[22].responseOptions[1].steps[0].sceneLine.dialogLine.text,"Who?··· me?················· Ohhh, no!······· I'm·· so·· not·· cute...············· but thanks for the compliment!"
IntroTiffany,Tiffany,Intro,21,42,3e3ef8d8c8d2,8633,steps[22].responseOptions[1].text,"Hey, don't take this the wrong way, but I just thought you were cute and had to say hi."
IntroTiffany,Tiffany,Intro,22,42,f2cb3c74abdf,8633,steps[22].responseOptions[2].steps[0].sceneLine.dialogLine.text,"Oh,····· wow.······· Uhhh...················ I'm not sure.················· I don't even know you."
IntroTiffany,Tiffany,Intro,23,42,1c11c7cf6b0a,8633,steps[22].responseOptions[2].text,Would it be too forward of me to ask you on a date?
IntroTiffany,Tiffany,Intro,24,42,d180aa95b9d6,8633,steps[23].sceneLine.dialogLine.text,I haven't seen you around here before.····· Are you starting this semester?
IntroTiffany,Tiffany,Intro,25,42,248c2d57eb94,8633,steps[24].responseOptions[0].secondaryText,I teach here. Professor Sexy they call me.
IntroTiffany,Tiffany,Intro,26,42,9a6027ee1432,8633,steps[24].responseOptions[0].steps[0].sceneLine.dialogLine.text,"*hehehehe* Come on,·· give me a break.····· Stop teasing me!"
IntroTiffany,Tiffany,Intro,27,42,581cf9ef4571,8633,steps[24].responseOptions[0].text,I teach here. Professor Handsome they call me.
IntroTiffany,Tiffany,Intro,28,42,4552ac5c7f4f,8633,steps[24].responseOptions[1].steps[0].sceneLine.dialogLine.text,"What?····· You're crazy,····· stop it."
IntroTiffany,Tiffany,Intro,29,42,a3a436eb3306,8633,steps[24].responseOptions[1].text,"No, but if all the girls here are as cute as you I might have to reconsider."
IntroTiffany,Tiffany,Intro,30,42,800e62000317,8633,steps[24].responseOptions[2].steps[0].sceneLine.dialogLine.text,Of course!····· This place is awesome.····· My professors are the best.
IntroTiffany,Tiffany,Intro,31,42,d4977a65f97d,8633,steps[24].responseOptions[2].text,I'm thinking about it. Would you recommend this school?
IntroTiffany,Tiffany,Intro,32,42,5d232588228f,8633,steps[25].responseOptions[0].steps[0].sceneLine.dialogLine.text,"Oh my god,····· yeah!·········· That's so crazy,··· how did you know?"
IntroTiffany,Tiffany,Intro,33,42,5fa191b66100,8633,steps[25].responseOptions[0].text,You strike me as an athletic type. You on a varsity team?
IntroTiffany,Tiffany,Intro,34,42,4ddf5db0a990,8633,steps[25].responseOptions[0].steps[1].sceneLine.dialogLine.text,I'm on the cheerleading team;······· the cheer captain to be exact.
IntroTiffany,Tiffany,Intro,35,42,784f94626282,8633,steps[25].responseOptions[1].steps[0].sceneLine.dialogLine.text,No!····· Don't worry about it.····· I'm all done with classes for now.
IntroTiffany,Tiffany,Intro,36,42,607006caa439,8633,steps[25].responseOptions[1].text,"Sorry, am I holding you up from getting to class?"
IntroTiffany,Tiffany,Intro,37,42,06b018a9831e,8633,steps[25].responseOptions[2].steps[0].sceneLine.dialogLine.text,Yeah!····· I'd love that.····· It's really a beautiful campus too.
IntroTiffany,Tiffany,Intro,38,42,fa2fcd77fdeb,8633,steps[25].responseOptions[2].text,"If I end up going here, you'll have to show me around."
IntroTiffany,Tiffany,Intro,39,42,8caa2e75a19b,8633,steps[26].sceneLine.dialogLine.text,My name is Tiffany by the way.····· It's nice to meet you.
IntroTiffany,Tiffany,Intro,40,42,f2243e067b6f,8633,steps[28].sceneLine.dialogLine.secondaryText,You seem like a cool girl.·········· Hopefully I'll see you around campus!
IntroTiffany,Tiffany,Intro,41,42,31c0d69fffb9,8633,steps[28].sceneLine.dialogLine.text,You seem like a cool guy.·········· Hopefully I'll see you around campus!
IntroVenus,Venus,Intro,0,28,949b0c06df81,8634,steps[1].sceneLine.dialogLine.text,This...···················· is the one?
IntroVenus,Venus,Intro,1,28,995eda473d14,8634,steps[2].sceneLine.dialogLine.secondaryText,That's the girl.
IntroVenus,Venus,Intro,2,28,7199de65de63,8634,steps[2].sceneLine.dialogLine.text,That's the guy.
IntroVenus,Venus,Intro,3,28,384abc1d400d,8634,steps[3].sceneLine.dialogLine.text,How is that possible?·········· I····· don't understand...
IntroVenus,Venus,Intro,4,28,55292c193140,8634,steps[4].sceneLine.dialogLine.secondaryText,"I know.····· Believe me,··· I know.····· I'm just as surprised as you, but,····· that's her."
IntroVenus,Venus,Intro,5,28,272455035fb1,8634,steps[4].sceneLine.dialogLine.text,"I know.····· Believe me,··· I know.····· I'm just as surprised as you, but,····· that's him.·····"
IntroVenus,Venus,Intro,6,28,fde567b2cc2e,8634,steps[5].sceneLine.dialogLine.text,*aaaacc*········· Alright...········ I'll handle this.·········· You're dismissed.
IntroVenus,Venus,Intro,7,28,b34e55ce0a36,8634,steps[6].sceneLine.dialogLine.text,Have fun!
IntroVenus,Venus,Intro,8,28,6a341b3041ff,8634,steps[8].sceneLine.dialogLine.text,"Sooooo,················· you're good with women,····· are you?"
IntroVenus,Venus,Intro,9,28,2f8e50312fd2,8634,steps[9].responseOptions[0].steps[0].sceneLine.dialogLine.text,Quiet!············ I'll get to that in a moment.
IntroVenus,Venus,Intro,10,28,f09aec8800de,8634,steps[9].responseOptions[0].text,To whom do I have the pleasure of speaking?
IntroVenus,Venus,Intro,11,28,ee65416db876,8634,steps[9].responseOptions[1].steps[0].sceneLine.dialogLine.text,"You appear to have the confidence for it, at least."
IntroVenus,Venus,Intro,12,28,45ccc26b717e,8634,steps[9].responseOptions[2].steps[0].sceneLine.dialogLine.text,Shhhhh!····· I'll be asking the questions.
IntroVenus,Venus,Intro,13,28,26628114e02a,8634,steps[10].sceneLine.dialogLine.text,"You see,····· I've been hearing some very impressive reports from Kyu."
IntroVenus,Venus,Intro,14,28,c4e1bbed4906,8634,steps[11].sceneLine.dialogLine.text,"Reports that have me very,····· very...····· interested."
IntroVenus,Venus,Intro,15,28,972b753c15e1,8634,steps[12].sceneLine.dialogLine.text,Apparently you've been with every beautiful girl in your town...········ within a remarkably short time...
IntroVenus,Venus,Intro,16,28,013c16d57278,8634,steps[13].sceneLine.dialogLine.text,I've never heard of anything like it before...
IntroVenus,Venus,Intro,17,28,30e41c02ff2b,8634,steps[14].responseOptions[0].steps[0].sceneLine.dialogLine.text,"Yeeeeessssss,····· well we'll see about that."
IntroVenus,Venus,Intro,18,28,7b8955fc01eb,8634,steps[14].responseOptions[1].steps[0].sceneLine.dialogLine.text,This is no time for modesty!
IntroVenus,Venus,Intro,19,28,a1270f7b997e,8634,steps[14].responseOptions[2].steps[0].sceneLine.dialogLine.text,In···deed.············· But the question remains...····· how good are you?
IntroVenus,Venus,Intro,20,28,664efbe7bae2,8634,steps[15].sceneLine.dialogLine.text,"If you're to ultimately prove yourself,····· there is one final challenge..."
IntroVenus,Venus,Intro,21,28,eb1da1b5a99e,8634,steps[16].sceneLine.dialogLine.text,"*hahahahahaha*····· You're looking at her.·········· Venus,····· the goddess of love."
IntroVenus,Venus,Intro,22,28,4416f29d7670,8634,steps[18].sceneLine.dialogLine.text,"If you can claim the love of a goddess,·········· you will truly become a legend."
IntroVenus,Venus,Intro,23,28,c8446f3914c7,8634,steps[19].sceneLine.dialogLine.text,I can assure you however·········· that this is no simple task.
IntroVenus,Venus,Intro,24,28,a0d17bcf0a0c,8634,steps[20].sceneLine.dialogLine.text,"Few have tried,····· but all have failed.····· No human has ever known my embrace."
IntroVenus,Venus,Intro,25,28,07789665866e,8634,steps[21].responseOptions[0].text,I consider it an honor to accept your challenge.
IntroVenus,Venus,Intro,26,28,f3da1216d53c,8634,steps[21].responseOptions[1].text,"I am rock hard right now, you have no idea."
IntroVenus,Venus,Intro,27,28,653afcb19ad9,8634,steps[22].sceneLine.dialogLine.text,*hahahahahahahahahahahahaha*·····*ccaaaacc*········ Good luck...
InventoryFull,,,0,13,367e4840797e,9010,lineSets[0].label,inventory full
InventoryFull,,,1,13,8ec8c71e4303,9010,lineSets[0].lines[0].dialogLine[0].text,"Man,········ you have····· a lot of stuff!··············· Don't you want to make some room in your inventory?"
InventoryFull,,,2,13,fc2428efdc76,9010,lineSets[0].lines[0].dialogLine[1].text,"Jeeeeeeeeeeezzz,······· look at all this shit in your inventory.····· Hoard much?"
InventoryFull,,,3,13,c8c1d4098d31,9010,lineSets[0].lines[0].dialogLine[2].text,"Uhhhh,····· dude,····· your inventory is packed····· to the brim.······· You should make some room in there!"
InventoryFull,,,4,13,59238bc44ed9,9010,lineSets[0].lines[0].dialogLine[3].text,"Oh my god,·········· your inventory·· is a·· fuckin'··· mess.·········· Could you maybe clean that out?"
InventoryFull,,,5,13,56ec80072955,9010,lineSets[0].lines[0].dialogLine[4].text,Oops!····· It seems that your inventory might be full.············ Do you want to take a look at that?
InventoryFull,,,6,13,42c73bbc0b5b,9010,lineSets[0].lines[0].dialogLine[5].text,"Ummmm,····· you gotta do something about that inventory.········ It's like, overflowing."
InventoryFull,,,7,13,b546c1b1376c,9010,lineSets[0].lines[0].dialogLine[6].text,"Dear,·········· you have too many items in your inventory.·········· Can you make some room for me?"
InventoryFull,,,8,13,d79aff1efb21,9010,lineSets[0].lines[0].dialogLine[7].text,Whoops!·········· It looks like you have too many things taking up space in your inventory...
InventoryFull,,,9,13,24cd2f0b2b23,9010,lineSets[0].lines[0].dialogLine[8].text,You gotta do something about that inventory.····· It's getting a little outta hand.
InventoryFull,,,10,13,d66a8806e094,9010,lineSets[0].lines[0].dialogLine[9].text,"Oh,··· master!············· Your inventory has too many stuffs in it!····· You gotta throw some away!"
InventoryFull,,,11,13,a2d9611bfa64,9010,lineSets[0].lines[0].dialogLine[10].text,·····It appears your inventory has too many things in it.····· Anything you can part with?
InventoryFull,,,12,13,93ce9c644270,9010,lineSets[0].lines[0].dialogLine[11].text,"Would you please deal with your inventory?············· Honestly,····· how many things do you need?"
IsTooHungry,,,0,38,12a9e906daa3,9011,lineSets[0].label,is too hungry
IsTooHungry,,,1,38,c8e1f57a12b4,9011,lineSets[0].lines[0].dialogLine[0].text,I am sooo hungry right now...
IsTooHungry,,,2,38,3a175d1812d3,9011,lineSets[0].lines[0].dialogLine[1].text,I'm pretty fuckin' irritable when I'm hungry...
IsTooHungry,,,3,38,c92e84b8b299,9011,lineSets[0].lines[0].dialogLine[2].text,"Yo,····· you hungry?····· I know I am."
IsTooHungry,,,4,38,d4a136161387,9011,lineSets[0].lines[0].dialogLine[3].text,"So,····· I'm like··· starving,········ like,····· to death.·········· It's kind of a problem."
IsTooHungry,,,5,38,f150b4a730f1,9011,lineSets[0].lines[0].dialogLine[4].text,"Hey, I'm sorry, but··· can we grab a bite?····· I'm starving."
IsTooHungry,,,6,38,8b8e7a93197a,9011,lineSets[0].lines[0].dialogLine[5].text,"I'm sooo fuckin' hungry;·········· like,·· starving."
IsTooHungry,,,7,38,c39357a2ec9b,9011,lineSets[0].lines[0].dialogLine[6].text,Can you get me something to eat?····· Pretty please?·····
IsTooHungry,,,8,38,58cd2f34c63f,9011,lineSets[0].lines[0].dialogLine[7].text,I feel like I can't remember the last time I've eaten...
IsTooHungry,,,9,38,b6695c77f8ee,9011,lineSets[0].lines[0].dialogLine[8].text,Maybe some candy or something might be nice.
IsTooHungry,,,10,38,c7e4c20a91f2,9011,lineSets[0].lines[0].dialogLine[9].text,Mmmmm...····· I'm hungry...
IsTooHungry,,,11,38,13761ae16bfc,9011,lineSets[0].lines[0].dialogLine[10].text,I'm running a little low of fuel here.
IsTooHungry,,,12,38,da3064e332f9,9011,lineSets[0].lines[0].dialogLine[11].text,I'm feeling rather undernourished.·················· What do you intend to do about it?
IsTooHungry,,,13,38,5c389ce246f3,9011,lineSets[0].lines[1].dialogLine[0].text,I'm think I'm gonna pass out if I don't get something to eat.
IsTooHungry,,,14,38,f026baf342da,9011,lineSets[0].lines[1].dialogLine[1].text,Please put food into my face.
IsTooHungry,,,15,38,3e6d704258d7,9011,lineSets[0].lines[1].dialogLine[2].text,It feels like I haven't eaten anything in like a hundred and fifty years.
IsTooHungry,,,16,38,1668b1519299,9011,lineSets[0].lines[1].dialogLine[3].secondaryText,"If I don't get some food right now,········ I'm gonna punch somebody in the cunt."
IsTooHungry,,,17,38,db0895ee87e3,9011,lineSets[0].lines[1].dialogLine[3].text,"If I don't get some food,····· like········ right now,········ I'm gonna punch somebody in the dick."
IsTooHungry,,,18,38,091d0d44b8c4,9011,lineSets[0].lines[1].dialogLine[4].text,"I have got to get something inside me...····· Food,··· I mean."
IsTooHungry,,,19,38,91de6dc5efa5,9011,lineSets[0].lines[1].dialogLine[5].text,You're not hungry?·········· I gotta get something to eat.
IsTooHungry,,,20,38,3b92b8226ba4,9011,lineSets[0].lines[1].dialogLine[6].text,I'm hungry...
IsTooHungry,,,21,38,df607ae07bec,9011,lineSets[0].lines[1].dialogLine[7].text,"Hmm,····· I'm hungry.···················· Do you want to maybe grab something to eat?"
IsTooHungry,,,22,38,a0e7ea342c13,9011,lineSets[0].lines[1].dialogLine[8].text,"Check the appetite meter.····· See anything that might··*ccc*,····· I don't know,····· be an issue?"
IsTooHungry,,,23,38,58fb65ea7c55,9011,lineSets[0].lines[1].dialogLine[9].text,My tummy is growling.····· I think it's mad at me...
IsTooHungry,,,24,38,e86e2db1cb8f,9011,lineSets[0].lines[1].dialogLine[10].text,"I need to find a source of energy, fast.···"
IsTooHungry,,,25,38,2647a7872eca,9011,lineSets[0].lines[1].dialogLine[11].text,We won't be doing anything else until I get something to eat.
IsTooHungry,,,26,38,b95dbfc1199b,9011,lineSets[0].lines[2].dialogLine[0].text,All I can think about is food...
IsTooHungry,,,27,38,e7c468228591,9011,lineSets[0].lines[2].dialogLine[1].text,Can we get something to eat first?
IsTooHungry,,,28,38,64a0fd82551e,9011,lineSets[0].lines[2].dialogLine[2].text,"I'm starving over here.·········· Let's go eat,····· like,····· anything.····· Like,····· everything."
IsTooHungry,,,29,38,c9a01a953345,9011,lineSets[0].lines[2].dialogLine[3].text,Make yourself useful····· and go get me something to eat.
IsTooHungry,,,30,38,957f2932669d,9011,lineSets[0].lines[2].dialogLine[4].text,I'm feeling a little lightheaded.····· I should eat something.
IsTooHungry,,,31,38,a1c282f960a0,9011,lineSets[0].lines[2].dialogLine[5].text,"Instead of that,····· let's eat something."
IsTooHungry,,,32,38,732eb3f4c6f4,9011,lineSets[0].lines[2].dialogLine[6].text,Why don't you treat me to some food?······· Hmm?········
IsTooHungry,,,33,38,1274af5d799b,9011,lineSets[0].lines[2].dialogLine[7].text,I think my tummy is speaking to me.·········· It says:····· feed··· me*eee*!········*hahahahahaha*·····
IsTooHungry,,,34,38,78f6135548a1,9011,lineSets[0].lines[2].dialogLine[8].text,"Okay,····· seriously?············ I'm gonna need you to put some food directly into my face hole."
IsTooHungry,,,35,38,c39412da3fcf,9011,lineSets[0].lines[2].dialogLine[9].text,"Master,············ when are we going to eat? Huh?"
IsTooHungry,,,36,38,46e07b1cc879,9011,lineSets[0].lines[2].dialogLine[10].text,Do you have any food on you?··· I'm starving.
IsTooHungry,,,37,38,396451c374b8,9011,lineSets[0].lines[2].dialogLine[11].text,You really need to address my hunger issue before we can proceed.
KyuSpecial,Kyu,,0,28,635f72224d39,9012,lineSets[0].label,tiffany panties
KyuSpecial,Kyu,,1,28,1f1760f45152,9012,lineSets[0].lines[0].dialogLine[8].text,"Aw shit········ are these cute or what?····· All pink and frilly;····· what a sweetheart,····· that girl."
KyuSpecial,Kyu,,2,28,7ccdd567f8ce,9012,lineSets[1].label,aiko's panties
KyuSpecial,Kyu,,3,28,fda45dd93703,9012,lineSets[1].lines[0].dialogLine[8].text,"Oh··· my god··· are these Aiko's?····· Fuck,····· I have such a massive girl boner for her."
KyuSpecial,Kyu,,4,28,a910242ff1a2,9012,lineSets[2].label,kyanna's panties
KyuSpecial,Kyu,,5,28,b6bc99a31bc8,9012,lineSets[2].lines[0].dialogLine[8].text,Sweeeet.····· These haven't been washed in weeks;···*ccc*··· just the way I like 'em!
KyuSpecial,Kyu,,6,28,fea3828fc998,9012,lineSets[3].label,audrey's panties
KyuSpecial,Kyu,,7,28,989bd56232f0,9012,lineSets[3].lines[0].dialogLine[8].text,"Ahhh,····· the mega bitch.····· You wanna know the crazy thing about her?····· She was a virgin before you.····· Go figure.·····"
KyuSpecial,Kyu,,8,28,e33fb5e6d882,9012,lineSets[4].label,lola's panties
KyuSpecial,Kyu,,9,28,30fdaf6edfa7,9012,lineSets[4].lines[0].dialogLine[8].text,Oooohh!········ I like··· these!·········· You think she would mind if I tried them on for a little while?
KyuSpecial,Kyu,,10,28,b96e10492fde,9012,lineSets[5].label,nikki's panties
KyuSpecial,Kyu,,11,28,09b4cf269933,9012,lineSets[5].lines[0].dialogLine[8].text,Gray?·················*cccccc*········ I should have figured a girl like that would wear boring underwear.
KyuSpecial,Kyu,,12,28,7984add50ec0,9012,lineSets[6].label,jessie's panties
KyuSpecial,Kyu,,13,28,6923eb7cb2d4,9012,lineSets[6].lines[0].dialogLine[8].text,"Mmmm,······· the porn·· star.··············· Your junk start to itch yet?··················*hahahaha*··· I'm just fuckin' with ya,··· she's clean."
KyuSpecial,Kyu,,14,28,a255cdc61599,9012,lineSets[7].label,beli's panties
KyuSpecial,Kyu,,15,28,f2035714bac4,9012,lineSets[7].lines[0].dialogLine[8].text,"These are panties?········ This is like a string...········ That Beli girl is a closet freak,··· I'm telling' ya."
KyuSpecial,Kyu,,16,28,6605c8c88823,9012,lineSets[8].label,kyu's panties
KyuSpecial,Kyu,,17,28,ce5f3a07f3ae,9012,lineSets[8].lines[0].dialogLine[8].text,Thanks!····· I was looking for those.····· Not really though.····· I knew you had 'em ya sick perv.
KyuSpecial,Kyu,,18,28,28a2db60259c,9012,lineSets[9].label,momo's panties
KyuSpecial,Kyu,,19,28,e9fce2fcde0d,9012,lineSets[9].lines[0].dialogLine[8].text,"Beastiality········ huh?··············· Hey,····· I'm not judging;····· gotta do what you gotta do."
KyuSpecial,Kyu,,20,28,5a967a57024b,9012,lineSets[10].label,celeste's panties
KyuSpecial,Kyu,,21,28,80da9aecda0c,9012,lineSets[10].lines[0].dialogLine[8].text,Isn't it weird that a being from another planet has basically the same reproductive system?
KyuSpecial,Kyu,,22,28,c0ede2da94e8,9012,lineSets[11].label,venus' panties
KyuSpecial,Kyu,,23,28,dba73a64ac96,9012,lineSets[11].lines[0].dialogLine[8].text,"I still have no idea how you managed to get Venus in bed,····· but,··· I'm damn proud of it!"
KyuSpecial,Kyu,,24,28,4c220c83c911,9012,lineSets[12].label,all panties
KyuSpecial,Kyu,,25,28,19dbd3d8daf0,9012,lineSets[12].lines[0].dialogLine[8].text,"Alright!····· That's it,····· that's twelve pairs of panties.········ ""Alpha Mode""··· activated!····· Good Luck!"
KyuSpecial,Kyu,,26,28,c44242e2417b,9012,lineSets[13].label,tissue box
KyuSpecial,Kyu,,27,28,dc614918a12c,9012,lineSets[13].lines[0].dialogLine[8].text,"I guess you won't be having much need for these anymore····· huh?········*hahahaha*····· Here,····· I'll trade you for this!"
MatchToken,,MatchToken,0,97,11f5fc85e4c3,9013,lineSets[0].label,special
MatchToken,,MatchToken,1,97,c9546e0ab3eb,9013,lineSets[0].lines[0].dialogLine[0].text,Ahh!
MatchToken,,MatchToken,2,97,6e38359b9f10,9013,lineSets[0].lines[0].dialogLine[1].text,Not bad!
MatchToken,,MatchToken,3,97,8dc23ca250c8,9013,lineSets[0].lines[0].dialogLine[2].text,Right on!
MatchToken,,MatchToken,4,97,9a81573561c2,9013,lineSets[0].lines[0].dialogLine[4].text,Ahhh!
MatchToken,,MatchToken,5,97,93281fa3b054,9013,lineSets[0].lines[0].dialogLine[5].text,Not too bad!···
MatchToken,,MatchToken,6,97,9dc422369734,9013,lineSets[0].lines[0].dialogLine[6].text,·····Yay!
MatchToken,,MatchToken,7,97,0636767fb672,9013,lineSets[0].lines[0].dialogLine[7].text,Wow!
MatchToken,,MatchToken,8,97,da8c3ba08bfe,9013,lineSets[0].lines[0].dialogLine[8].text,"Okay, okay!"
MatchToken,,MatchToken,9,97,3ef80c0cfcd3,9013,lineSets[0].lines[0].dialogLine[9].text,Amazing!
MatchToken,,MatchToken,10,97,80b013a0e780,9013,lineSets[0].lines[0].dialogLine[10].text,Incredible...
MatchToken,,MatchToken,11,97,358fcca47c42,9013,lineSets[0].lines[0].dialogLine[11].text,Not bad...
MatchToken,,MatchToken,12,97,333d8490bb32,9013,lineSets[0].lines[1].dialogLine[0].text,Hahahahahahaha!
MatchToken,,MatchToken,13,97,8da216efb43c,9013,lineSets[0].lines[1].dialogLine[1].text,Okay!
MatchToken,,MatchToken,14,97,a956c3590663,9013,lineSets[0].lines[1].dialogLine[2].text,Hahahahaha!
MatchToken,,MatchToken,15,97,d12d95e4f778,9013,lineSets[0].lines[1].dialogLine[3].text,Whatever!
MatchToken,,MatchToken,16,97,70890976c8ff,9013,lineSets[0].lines[1].dialogLine[4].text,···Excellent!···
MatchToken,,MatchToken,17,97,491b5f6c754c,9013,lineSets[0].lines[1].dialogLine[5].text,Hahahahahaha!
MatchToken,,MatchToken,18,97,a98eb98a4aab,9013,lineSets[0].lines[1].dialogLine[6].text,Hehehe!·····*hah*
MatchToken,,MatchToken,19,97,b1a797c8471e,9013,lineSets[0].lines[1].dialogLine[7].text,Hahahaha!
MatchToken,,MatchToken,20,97,9119abdf710e,9013,lineSets[0].lines[1].dialogLine[8].text,Beautiful!
MatchToken,,MatchToken,21,97,fe801331e269,9013,lineSets[0].lines[1].dialogLine[9].text,Hehehehehehe!
MatchToken,,MatchToken,22,97,c67269268f87,9013,lineSets[0].lines[1].dialogLine[10].text,Exceptional...
MatchToken,,MatchToken,23,97,bcc4114ad822,9013,lineSets[0].lines[1].dialogLine[11].text,Impressive...
MatchToken,,MatchToken,24,97,047bf46b0494,9013,lineSets[0].lines[2].dialogLine[0].text,Awesome!
MatchToken,,MatchToken,25,97,c587f444daf6,9013,lineSets[0].lines[2].dialogLine[1].text,Nice!
MatchToken,,MatchToken,26,97,3ce1e2276a74,9013,lineSets[0].lines[2].dialogLine[2].text,Hehehe···hehe!
MatchToken,,MatchToken,27,97,36b5460608b4,9013,lineSets[0].lines[2].dialogLine[3].text,Don't get smug!
MatchToken,,MatchToken,28,97,af4393a4a654,9013,lineSets[0].lines[2].dialogLine[4].text,You're good!
MatchToken,,MatchToken,29,97,d209f97e6cd3,9013,lineSets[0].lines[2].dialogLine[5].text,"Alright, alright."
MatchToken,,MatchToken,30,97,0702b78d1d33,9013,lineSets[0].lines[2].dialogLine[6].text,Oh my gosh!
MatchToken,,MatchToken,31,97,6bdec8102142,9013,lineSets[0].lines[2].dialogLine[7].text,Oh my!
MatchToken,,MatchToken,32,97,58d270bfeea5,9013,lineSets[0].lines[2].dialogLine[8].text,Noice!
MatchToken,,MatchToken,33,97,37e674d4b92d,9013,lineSets[0].lines[2].dialogLine[9].text,Mmmmm!
MatchToken,,MatchToken,34,97,b66402c0b5c5,9013,lineSets[0].lines[2].dialogLine[10].text,Outstanding!
MatchToken,,MatchToken,35,97,475f76c9df2c,9013,lineSets[0].lines[2].dialogLine[11].text,Exceptional...
MatchToken,,MatchToken,36,97,2a8355019b15,9013,lineSets[0].lines[3].dialogLine[0].text,Yeah!
MatchToken,,MatchToken,37,97,5659a970bee3,9013,lineSets[0].lines[3].dialogLine[1].text,Yes!
MatchToken,,MatchToken,38,97,ac6ff18a9243,9013,lineSets[0].lines[3].dialogLine[2].text,Sweet!
MatchToken,,MatchToken,39,97,8c34f870a737,9013,lineSets[0].lines[3].dialogLine[3].text,Hehehehe!
MatchToken,,MatchToken,40,97,b61c1cf5443d,9013,lineSets[0].lines[3].dialogLine[4].text,Impressive!
MatchToken,,MatchToken,41,97,9d1c0449fbe0,9013,lineSets[0].lines[3].dialogLine[5].text,Pretty cool!
MatchToken,,MatchToken,42,97,08910d249e9c,9013,lineSets[0].lines[3].dialogLine[6].text,"Mmm,··· I love this!"
MatchToken,,MatchToken,43,97,89199653b141,9013,lineSets[0].lines[3].dialogLine[7].text,Wonderful!
MatchToken,,MatchToken,44,97,b4dd235bab18,9013,lineSets[0].lines[3].dialogLine[8].text,Like a bawse!
MatchToken,,MatchToken,45,97,6493ccbe4f71,9013,lineSets[0].lines[3].dialogLine[9].text,Hurray!
MatchToken,,MatchToken,46,97,8f5090360b61,9013,lineSets[0].lines[3].dialogLine[10].text,Stellar!
MatchToken,,MatchToken,47,97,290513343b63,9013,lineSets[0].lines[3].dialogLine[11].text,Lovely!
MatchToken,,MatchToken,48,97,49a9bff96416,9013,lineSets[0].lines[4].dialogLine[0].text,Aw yeah!
MatchToken,,MatchToken,49,97,f26ef24d0f75,9013,lineSets[0].lines[4].dialogLine[1].text,Hahahahahahaha!
MatchToken,,MatchToken,50,97,883617218d0d,9013,lineSets[0].lines[4].dialogLine[2].text,Alright!
MatchToken,,MatchToken,51,97,bc177cd2e55f,9013,lineSets[0].lines[4].dialogLine[3].text,Annnd?
MatchToken,,MatchToken,52,97,e92b008f356c,9013,lineSets[0].lines[4].dialogLine[4].text,Hahahahaha!
MatchToken,,MatchToken,53,97,b760c93d41d2,9013,lineSets[0].lines[4].dialogLine[5].text,"Aw,··· nice!"
MatchToken,,MatchToken,54,97,83528c99b56a,9013,lineSets[0].lines[4].dialogLine[6].text,That's my baby!
MatchToken,,MatchToken,55,97,01cf6ccab26f,9013,lineSets[0].lines[4].dialogLine[7].text,Excellent!
MatchToken,,MatchToken,56,97,0e189e658c27,9013,lineSets[0].lines[4].dialogLine[8].text,Respect!
MatchToken,,MatchToken,57,97,9ac718aa2831,9013,lineSets[0].lines[4].dialogLine[9].text,Yay!
MatchToken,,MatchToken,58,97,42f300143ef4,9013,lineSets[0].lines[4].dialogLine[10].text,Very impressive.
MatchToken,,MatchToken,59,97,9e484d6ec345,9013,lineSets[0].lines[4].dialogLine[11].text,Splendid!
MatchToken,,MatchToken,60,97,9472a31c001e,9013,lineSets[1].label,broken
MatchToken,,MatchToken,61,97,97641e15f92f,9013,lineSets[1].lines[0].dialogLine[0].text,Whaaat!?
MatchToken,,MatchToken,62,97,f150fff81075,9013,lineSets[1].lines[0].dialogLine[1].text,"Hey, fuck you!"
MatchToken,,MatchToken,63,97,2f53890c777d,9013,lineSets[1].lines[0].dialogLine[2].text,Dude... seriously right now?
MatchToken,,MatchToken,64,97,a4360a63b0c5,9013,lineSets[1].lines[0].dialogLine[3].text,What the FUCK!?
MatchToken,,MatchToken,65,97,604cf1249f8c,9013,lineSets[1].lines[0].dialogLine[4].text,Don't be a dick!
MatchToken,,MatchToken,66,97,fef876bb15d6,9013,lineSets[1].lines[0].dialogLine[5].text,"Just,··· no.··· Not ever."
MatchToken,,MatchToken,67,97,1ebc5b038ae3,9013,lineSets[1].lines[0].dialogLine[6].text,"No,·········· I'm sorry,·· but that is NOT sexy."
MatchToken,,MatchToken,68,97,0322bfa13625,9013,lineSets[1].lines[0].dialogLine[7].text,That wasn't very nice!
MatchToken,,MatchToken,69,97,2ceb30218c96,9013,lineSets[1].lines[0].dialogLine[8].text,Are you for real right now?
MatchToken,,MatchToken,70,97,a55f419dbf3b,9013,lineSets[1].lines[0].dialogLine[9].text,··What did I do wrong?
MatchToken,,MatchToken,71,97,e019f502d9c5,9013,lineSets[1].lines[0].dialogLine[10].text,I'd ask you to refrain from that!
MatchToken,,MatchToken,72,97,4d6f1ef50f9d,9013,lineSets[1].lines[0].dialogLine[11].text,How dare you!
MatchToken,,MatchToken,73,97,3c97bbc6e0e8,9013,lineSets[1].lines[1].dialogLine[0].text,"Oh,··· come on!"
MatchToken,,MatchToken,74,97,59e0eb5b980e,9013,lineSets[1].lines[1].dialogLine[1].text,Could you please not do that?
MatchToken,,MatchToken,75,97,d757544d2357,9013,lineSets[1].lines[1].dialogLine[2].text,"Hey, cut that out!"
MatchToken,,MatchToken,76,97,82393db7c7c6,9013,lineSets[1].lines[1].dialogLine[3].text,"Ughh,····· of course!"
MatchToken,,MatchToken,77,97,ebeb1c5a2fee,9013,lineSets[1].lines[1].dialogLine[4].text,That's not funny!
MatchToken,,MatchToken,78,97,1852ad856783,9013,lineSets[1].lines[1].dialogLine[5].text,Of·· fuckin'·· course!··
MatchToken,,MatchToken,79,97,195bfa68c588,9013,lineSets[1].lines[1].dialogLine[6].text,Hey!····· YOU asked ME out!
MatchToken,,MatchToken,80,97,5869cc1c2f3d,9013,lineSets[1].lines[1].dialogLine[7].text,*aaaacc*·····Why!?
MatchToken,,MatchToken,81,97,e7f02aea004c,9013,lineSets[1].lines[1].dialogLine[8].text,I can't even...····· I just can't...
MatchToken,,MatchToken,82,97,8704f8c1b0a1,9013,lineSets[1].lines[1].dialogLine[9].text,···Master!·· Why!?
MatchToken,,MatchToken,83,97,4baf2e904655,9013,lineSets[1].lines[1].dialogLine[10].text,What is your excuse for THAT?
MatchToken,,MatchToken,84,97,4c03fd8684cf,9013,lineSets[1].lines[1].dialogLine[11].text,*aaaacc*····· I'm insulted!
MatchToken,,MatchToken,85,97,272db6c68c18,9013,lineSets[1].lines[2].dialogLine[0].text,"Ughh,····· seriously!?"
MatchToken,,MatchToken,86,97,2b7f7d906906,9013,lineSets[1].lines[2].dialogLine[1].text,God dammit!
MatchToken,,MatchToken,87,97,71fd80affcb1,9013,lineSets[1].lines[2].dialogLine[2].text,Shit!
MatchToken,,MatchToken,88,97,a5cec2ad22ac,9013,lineSets[1].lines[2].dialogLine[3].text,You fuckin' moron!
MatchToken,,MatchToken,89,97,a6f25b5a3312,9013,lineSets[1].lines[2].dialogLine[4].text,What's the matter with you!?
MatchToken,,MatchToken,90,97,e0df340e9eda,9013,lineSets[1].lines[2].dialogLine[5].text,Could you please drop that shit?!
MatchToken,,MatchToken,91,97,895d9cc4789f,9013,lineSets[1].lines[2].dialogLine[6].text,What did I do to deserve that!?
MatchToken,,MatchToken,92,97,9456b34d1586,9013,lineSets[1].lines[2].dialogLine[7].text,Could you PLEASE not do that?
MatchToken,,MatchToken,93,97,bc180aea2e4c,9013,lineSets[1].lines[2].dialogLine[8].text,Oh my god!·· Fail!
MatchToken,,MatchToken,94,97,812f2271f69b,9013,lineSets[1].lines[2].dialogLine[9].text,···Heeey!····· That's not very nice!
MatchToken,,MatchToken,95,97,9b5c0c41c2c8,9013,lineSets[1].lines[2].dialogLine[10].text,I don't understand...
MatchToken,,MatchToken,96,97,c211c4be46e1,9013,lineSets[1].lines[2].dialogLine[11].text,What!?····· Unacceptable!
QueryDuplicate,,,0,37,ba651b4c6580,9016,lineSets[0].label,query duplicate
QueryDuplicate,,,1,37,685f076913c5,9016,lineSets[0].lines[0].dialogLine[0].text,You jerk!·········· I already told you;····· you don't remember?
QueryDuplicate,,,2,37,983cc446f57d,9016,lineSets[0].lines[0].dialogLine[1].text,"Ugghhh!········ If you ever listened, you'd know I already told you that."
QueryDuplicate,,,3,37,daf1ca29e41f,9016,lineSets[0].lines[0].dialogLine[2].text,Oh...····· didn't you already ask me that?
QueryDuplicate,,,4,37,4690dc218f73,9016,lineSets[0].lines[0].dialogLine[3].text,Forgot already·· huh?····· Well··· I'm not telling you again.
QueryDuplicate,,,5,37,527b6af65339,9016,lineSets[0].lines[0].dialogLine[4].text,You may have already asked me that...
QueryDuplicate,,,6,37,2b717a1a34c5,9016,lineSets[0].lines[0].dialogLine[5].text,I'm not going to answer the same question twice.
QueryDuplicate,,,7,37,24b048dd63b2,9016,lineSets[0].lines[0].dialogLine[6].text,"You're not going to make me repeat myself,····· are you?"
QueryDuplicate,,,8,37,134dac25f7db,9016,lineSets[0].lines[0].dialogLine[7].text,"I don't mean to be rude,········ but······· I think you've asked that before."
QueryDuplicate,,,9,37,17d810a273b7,9016,lineSets[0].lines[0].dialogLine[8].text,*aaaaacc*·····Already asked that one.
QueryDuplicate,,,10,37,80784e24b628,9016,lineSets[0].lines[0].dialogLine[9].text,"···*haha···cmcm*·····You silly,····· you already asked me that before!"
QueryDuplicate,,,11,37,1df7251ff1e2,9016,lineSets[0].lines[0].dialogLine[10].text,I've already given my response to that question.
QueryDuplicate,,,12,37,55d1911639a0,9016,lineSets[0].lines[0].dialogLine[11].text,How dare you ask me to repeat myself!
QueryDuplicate,,,13,37,d275e67aa7ce,9016,lineSets[0].lines[1].dialogLine[0].text,Ah-ha!········ Got you!······· You've already asked me that.····· Pay attention!
QueryDuplicate,,,14,37,6230c3da2b36,9016,lineSets[0].lines[1].dialogLine[1].text,"Hey, Einstein!····· You already asked that."
QueryDuplicate,,,15,37,e879dbdf052d,9016,lineSets[0].lines[1].dialogLine[2].text,I'm pretty sure you've asked me that before...
QueryDuplicate,,,16,37,7801daac1335,9016,lineSets[0].lines[1].dialogLine[3].text,You're·· such··· a moron.·········· I answered that question already.
QueryDuplicate,,,17,37,dceddddae4a0,9016,lineSets[0].lines[1].dialogLine[4].text,I believe I've already mentioned that to you...
QueryDuplicate,,,18,37,fdc3da7bdd0b,9016,lineSets[0].lines[1].dialogLine[5].text,Orrrrrr····· you could try asking me a new question.
QueryDuplicate,,,19,37,bf34478f62e9,9016,lineSets[0].lines[1].dialogLine[6].text,"Ummm,······· sweetie...············· you've already given me that question."
QueryDuplicate,,,20,37,034bfd8580c5,9016,lineSets[0].lines[1].dialogLine[7].text,Deja Vu...·········· did you already ask me that?
QueryDuplicate,,,21,37,cced28c08c92,9016,lineSets[0].lines[1].dialogLine[8].text,What's the matter?····· Couldn't get it the first time you asked that question?
QueryDuplicate,,,22,37,cab08ca50a1a,9016,lineSets[0].lines[1].dialogLine[9].text,···That's cheating!····· You can only ask a question one time.
QueryDuplicate,,,23,37,f9a1ef71f2b5,9016,lineSets[0].lines[1].dialogLine[10].text,Can you please refrain from asking the same question more than once.···
QueryDuplicate,,,24,37,0793f7ebc6a8,9016,lineSets[0].lines[1].dialogLine[11].text,You have your answer to that question already...
QueryDuplicate,,,25,37,efcae1a48528,9016,lineSets[0].lines[2].dialogLine[0].text,I could swear I've already told you that...
QueryDuplicate,,,26,37,43a8b81e46bf,9016,lineSets[0].lines[2].dialogLine[1].text,I'll give you a second to try and remember that last time I answered that...
QueryDuplicate,,,27,37,844acb09ef20,9016,lineSets[0].lines[2].dialogLine[2].text,"Come on dude,····· you should already know that!"
QueryDuplicate,,,28,37,724d149fcb1a,9016,lineSets[0].lines[2].dialogLine[3].text,How about asking me something··· you haven't asked?
QueryDuplicate,,,29,37,0692c4d35b4f,9016,lineSets[0].lines[2].dialogLine[4].text,I seem to remember answering that question before...
QueryDuplicate,,,30,37,8361db9714a8,9016,lineSets[0].lines[2].dialogLine[5].text,You honestly don't remember asking me that before?
QueryDuplicate,,,31,37,f21073fcab8b,9016,lineSets[0].lines[2].dialogLine[6].text,We've covered that.····· Ask me something different!
QueryDuplicate,,,32,37,3b76497b3b8d,9016,lineSets[0].lines[2].dialogLine[7].text,I've already told you!····· Nope!····· You have to remember!·····*hahahaha*
QueryDuplicate,,,33,37,a13c5da3cbcc,9016,lineSets[0].lines[2].dialogLine[8].text,You know you're not supposed to ask the same question twice.
QueryDuplicate,,,34,37,ea53653080e7,9016,lineSets[0].lines[2].dialogLine[9].text,···That's boring...····· I already answered that one!
QueryDuplicate,,,35,37,0e97848e3a73,9016,lineSets[0].lines[2].dialogLine[10].text,You've already asked me that question.
QueryDuplicate,,,36,37,955ff5095b1c,9016,lineSets[0].lines[2].dialogLine[11].text,Is this a game?·········· I've responded to that question before.
QueryIntro,,,0,37,ba811196b2ee,9017,lineSets[0].label,query intro
QueryIntro,,,1,37,9588fc18462a,9017,lineSets[0].lines[0].dialogLine[0].text,What's shakin' bacon?
QueryIntro,,,2,37,62b16a3f3d7a,9017,lineSets[0].lines[0].dialogLine[1].text,Something I can help you with?
QueryIntro,,,3,37,f6a565b8f64c,9017,lineSets[0].lines[0].dialogLine[2].text,Yeah?
QueryIntro,,,4,37,6a891e5e731c,9017,lineSets[0].lines[0].dialogLine[3].text,What?
QueryIntro,,,5,37,8d7ada1116bc,9017,lineSets[0].lines[0].dialogLine[4].text,What's cooking good lookin'?
QueryIntro,,,6,37,4dd3c26f2e5d,9017,lineSets[0].lines[0].dialogLine[5].text,What's on your mind?
QueryIntro,,,7,37,ccb282c7d0e3,9017,lineSets[0].lines[0].dialogLine[6].text,You can ask me anything you like...
QueryIntro,,,8,37,706175b1dad4,9017,lineSets[0].lines[0].dialogLine[7].text,What can I do for you?
QueryIntro,,,9,37,9ea98a778464,9017,lineSets[0].lines[0].dialogLine[8].text,What's good playa?····· Talk to me*ee*.
QueryIntro,,,10,37,e3e9b10ff801,9017,lineSets[0].lines[0].dialogLine[9].text,···Is there anything I can do for you master?
QueryIntro,,,11,37,8993d7824f92,9017,lineSets[0].lines[0].dialogLine[10].text,"Please,····· ask anything you'd like."
QueryIntro,,,12,37,bc4ad9fe02a8,9017,lineSets[0].lines[0].dialogLine[11].text,"Go ahead,·········· you may ask me one question."
QueryIntro,,,13,37,5b8e2f5f8595,9017,lineSets[0].lines[1].dialogLine[0].text,Somethin' on your mind?
QueryIntro,,,14,37,11b01f3bfdb8,9017,lineSets[0].lines[1].dialogLine[1].text,Yeeeess?
QueryIntro,,,15,37,01f7a56b164d,9017,lineSets[0].lines[1].dialogLine[2].text,"Go ahead,····· ask me anything!"
QueryIntro,,,16,37,ae968afa3550,9017,lineSets[0].lines[1].dialogLine[3].text,"If you're gonna ask,····· just ask."
QueryIntro,,,17,37,69660701c255,9017,lineSets[0].lines[1].dialogLine[4].text,Yes?
QueryIntro,,,18,37,682d7af3e2db,9017,lineSets[0].lines[1].dialogLine[5].text,"Ummmmm,····· soooooo,····· yeeeaaahhh..."
QueryIntro,,,19,37,2310df121e90,9017,lineSets[0].lines[1].dialogLine[6].text,"Something you need from me,····· sweetie?"
QueryIntro,,,20,37,ba4a54f8f6b3,9017,lineSets[0].lines[1].dialogLine[7].text,I get the sense something's on your mind.
QueryIntro,,,21,37,59a894b3c08f,9017,lineSets[0].lines[1].dialogLine[8].text,Hmmm...····· what've you got rattling in that little dome of yours?
QueryIntro,,,22,37,64932e33f054,9017,lineSets[0].lines[1].dialogLine[9].text,···I'm booorred!····· Ask me a question!
QueryIntro,,,23,37,5310e48f72cf,9017,lineSets[0].lines[1].dialogLine[10].text,I'm sure you must be curious about me...
QueryIntro,,,24,37,fe742b4cd085,9017,lineSets[0].lines[1].dialogLine[11].text,Make it quick...
QueryIntro,,,25,37,9908a7290de4,9017,lineSets[0].lines[2].dialogLine[0].text,What do you wanna know about me?
QueryIntro,,,26,37,9086f2352adf,9017,lineSets[0].lines[2].dialogLine[1].text,Mmmhmmm?
QueryIntro,,,27,37,8b8576e7e1d5,9017,lineSets[0].lines[2].dialogLine[2].text,Did you wanna say something?
QueryIntro,,,28,37,2560a7dad4a8,9017,lineSets[0].lines[2].dialogLine[3].text,Yeah?····· Out with it.
QueryIntro,,,29,37,54c401b1d6b0,9017,lineSets[0].lines[2].dialogLine[4].text,Ask me something about myself!
QueryIntro,,,30,37,0566c1b755f4,9017,lineSets[0].lines[2].dialogLine[5].text,Anything you wanna talk about?
QueryIntro,,,31,37,189e931f7ce6,9017,lineSets[0].lines[2].dialogLine[6].text,Is there··· anything else you'd like to know about me?
QueryIntro,,,32,37,b342d210797e,9017,lineSets[0].lines[2].dialogLine[7].text,You look like you have something to say...
QueryIntro,,,33,37,f7a8de595758,9017,lineSets[0].lines[2].dialogLine[8].text,You need something?····· Spit it out.
QueryIntro,,,34,37,c0dd08b4839e,9017,lineSets[0].lines[2].dialogLine[9].text,···Oookaay!············· What do you wanna talk about?··· Hmm?
QueryIntro,,,35,37,0f6f9050b2ce,9017,lineSets[0].lines[2].dialogLine[10].text,Is there anything you'd like to know about?
QueryIntro,,,36,37,88be600337e2,9017,lineSets[0].lines[2].dialogLine[11].text,I'm··· listening...
QuestionAiko1,Aiko,Question,0,2,952791cbb431,8690,steps[1].sceneLine.dialogLine.text,What's your favorite part of the female body?
QuestionAiko1,Aiko,Question,1,2,074df811035d,8690,steps[2].responseOptions[0].steps[0].sceneLine.dialogLine.text,*hahahahahahahahahaha*·····Of course!··············· Now I see why you came up to me.
QuestionAiko10,Aiko,Question,0,5,42971de66619,8691,steps[1].sceneLine.dialogLine.text,What's your kill count?····· Huh?········ How many notches you got on the ol' belt?
QuestionAiko10,Aiko,Question,1,5,e0ea6451f0a2,8691,steps[2].responseOptions[0].steps[0].sceneLine.dialogLine.secondaryText,Nice.············· Nothing worse than an inexperienced woman.
QuestionAiko10,Aiko,Question,2,5,75f71f31dec2,8691,steps[2].responseOptions[0].steps[0].sceneLine.dialogLine.text,Nice.············· Nothing worse than an inexperienced man.
QuestionAiko10,Aiko,Question,3,5,c7b4a93f1008,8691,steps[2].responseOptions[0].text,"I'm looking at a pretty decent amount, but nothing crazy."
QuestionAiko10,Aiko,Question,4,5,9e4ab7912023,8691,steps[2].responseOptions[1].text,"Haha, it's hard to keep track after a while you know what I'm saying!?"
QuestionAiko11,Aiko,Question,0,4,72cc49b66889,8692,steps[1].sceneLine.dialogLine.text,Let's····· seeeeeeee...·················· longest relationship you've ever had?
QuestionAiko11,Aiko,Question,1,4,abd4da4bb8cf,8692,steps[2].responseOptions[0].steps[0].sceneLine.dialogLine.text,Same····· here!··············· I don't like to be tied down for too long.
QuestionAiko11,Aiko,Question,2,4,699375519a4f,8692,steps[2].responseOptions[0].text,My longest? Probably a year and some change.
QuestionAiko11,Aiko,Question,3,4,67ed1fb50101,8692,steps[2].responseOptions[2].text,I'm lucky if I can keep it together for two weeks.
QuestionAiko12,Aiko,Question,0,5,c39c960f7c27,8693,steps[1].sceneLine.dialogLine.text,What's your most fucked up sexual fantasy?
QuestionAiko12,Aiko,Question,1,5,e28c65b7d574,8693,steps[2].responseOptions[0].steps[0].sceneLine.dialogLine.text,That...······· can be arranged...
QuestionAiko12,Aiko,Question,2,5,0dedfd5ae4cc,8693,steps[2].responseOptions[0].text,I want to be chained to the bed and dominated.
QuestionAiko12,Aiko,Question,3,5,95788cb9a5c3,8693,steps[2].responseOptions[1].text,I've always wanted to try the golden shower.
QuestionAiko12,Aiko,Question,4,5,46ff6df1d182,8693,steps[2].responseOptions[2].text,"A threesome... no, a foursome! As many girls as you can fit on a bed."
QuestionAiko13,Aiko,Question,0,4,a31a88c1c894,8694,steps[1].sceneLine.dialogLine.text,"What was your first time like?·········· With a girl, of course."
QuestionAiko13,Aiko,Question,1,4,176193bbce27,8694,steps[2].responseOptions[0].steps[0].sceneLine.dialogLine.text,*hahahahahaha*···*ha*···Well I hope you remember where it was.
QuestionAiko13,Aiko,Question,2,4,6a733db32045,8694,steps[2].responseOptions[0].text,Once I found the hole we were good to go.
QuestionAiko13,Aiko,Question,3,4,7a52039bd875,8694,steps[2].responseOptions[1].text,I don't like to brag but she came at least three times.
QuestionAiko14,Aiko,Question,0,4,a88de8391b2a,8695,steps[1].sceneLine.dialogLine.text,How do you define happiness?
QuestionAiko14,Aiko,Question,1,4,c042dce387dc,8695,steps[2].responseOptions[0].steps[0].sceneLine.dialogLine.text,"Yep,········ same here.·············· Please, let me know when you find it."
QuestionAiko14,Aiko,Question,2,4,50ea157a2b2a,8695,steps[2].responseOptions[0].text,I don't know... I guess I'm still searching for that answer.
QuestionAiko14,Aiko,Question,3,4,783abed514d0,8695,steps[2].responseOptions[1].text,I think achieving your goals is a big part of it.
QuestionAiko2,Aiko,Question,0,3,5f7683ffe5e8,8696,steps[1].sceneLine.dialogLine.text,"What's the craziest place you haven't done it,······· but would like to?"
QuestionAiko2,Aiko,Question,1,3,2c348038d581,8696,steps[2].responseOptions[0].steps[0].sceneLine.dialogLine.text,"Oh, shiiiit...···················· that would be pretty hot."
QuestionAiko2,Aiko,Question,2,3,59766e9a96ed,8696,steps[2].responseOptions[2].text,I'd be great just to have any sex at all.
QuestionAiko3,Aiko,Question,0,3,98cab49b365f,8697,steps[1].sceneLine.dialogLine.text,What do you usually do when you can't think of anything else to do?
QuestionAiko3,Aiko,Question,1,3,2c8c574ba224,8697,steps[2].responseOptions[0].steps[0].sceneLine.dialogLine.text,Really!?···*hahaha*····· Me too!····· I thought I was just weird.
QuestionAiko3,Aiko,Question,2,3,3f86768abb2a,8697,steps[2].responseOptions[2].text,Lay on the floor and contemplate existence.
QuestionAiko4,Aiko,Question,0,5,7fcc6d68a402,8698,steps[1].sceneLine.dialogLine.text,What kind of porn are you into?··············· What?····· I want to know.
QuestionAiko4,Aiko,Question,1,5,073dc68cf586,8698,steps[2].responseOptions[0].steps[0].sceneLine.dialogLine.text,Oh·· my·· god!·········· Now I'm curious!··············· It can't be worse than mine though.
QuestionAiko4,Aiko,Question,2,5,2091bdadf6ba,8698,steps[2].responseOptions[0].text,"Believe me, one look at my browser history would terrify you."
QuestionAiko4,Aiko,Question,3,5,07a78b6d5323,8698,steps[2].responseOptions[1].text,I don't really watch porn. It's just not my thing.
QuestionAiko4,Aiko,Question,4,5,c6f437c13b86,8698,steps[2].responseOptions[2].text,"Nothing weird. You know, pretty standard stuff."
QuestionAiko5,Aiko,Question,0,3,b39ae3bd7c1a,8699,steps[1].sceneLine.dialogLine.text,You a political person at all?
QuestionAiko5,Aiko,Question,1,3,44dbf6d2c6ef,8699,steps[2].responseOptions[0].steps[0].sceneLine.dialogLine.text,You too?·········· They all sound like a bunch of douchebags to me.
QuestionAiko5,Aiko,Question,2,3,9ec8f6e5c8a4,8699,steps[2].responseOptions[1].text,I suppose I lean to the conservative side.
QuestionAiko6,Aiko,Question,0,3,513c1cfbb6e5,8700,steps[1].sceneLine.dialogLine.text,This is a fun one...····· what's your biggest turn on?
QuestionAiko6,Aiko,Question,1,3,38db802bb3fc,8700,steps[2].responseOptions[0].steps[0].sceneLine.dialogLine.text,You mean like this?····· *ccaaaaaaacc*·····*ccaaaaaaacc*·····*hahahahahaha*
QuestionAiko6,Aiko,Question,2,3,01f082409f94,8700,steps[2].responseOptions[2].text,I'm pretty into feet and like shoes and stuff.
QuestionAiko7,Aiko,Question,0,3,1aa915659c97,8701,steps[1].sceneLine.dialogLine.text,"What's your ideal,····· perfect vacation like?"
QuestionAiko7,Aiko,Question,1,3,e301dc0889d4,8701,steps[2].responseOptions[0].steps[0].sceneLine.dialogLine.text,"No,····· I'm with you.·········· Who wants the stress of traveling?"
QuestionAiko7,Aiko,Question,2,3,13e942de755d,8701,steps[2].responseOptions[0].text,This is lame but I prefer to just stay home and relax.
QuestionAiko8,Aiko,Question,0,4,e8f346547cdf,8702,steps[1].sceneLine.dialogLine.text,"So honestly,········ how many chicks you seeing right now?"
QuestionAiko8,Aiko,Question,1,4,d0eb213bb2b2,8702,steps[2].responseOptions[0].steps[0].sceneLine.dialogLine.text,I respect your honesty.····· But they better not be cuter than me!
QuestionAiko8,Aiko,Question,2,4,728cefec6eff,8702,steps[2].responseOptions[0].text,There are a couple of girls I've met that I'm talking to.
QuestionAiko8,Aiko,Question,3,4,2f203728e2ff,8702,steps[2].responseOptions[2].text,You should see all the tail I'm chasing. It's crazy.
QuestionAiko9,Aiko,Question,0,4,e7be81e21aa5,8703,steps[1].sceneLine.dialogLine.text,Do you prefer to know your partner's sexual history?
QuestionAiko9,Aiko,Question,1,4,63c9622c286a,8703,steps[2].responseOptions[0].steps[0].sceneLine.dialogLine.text,"Yes!··············· I know this is····· pretty messed up,····· but it kinda turns me on to know."
QuestionAiko9,Aiko,Question,2,4,1feddf95e0b9,8703,steps[2].responseOptions[0].text,"Yeah, I like to know what I'm getting myself into."
QuestionAiko9,Aiko,Question,3,4,53f6bd2a677b,8703,steps[2].responseOptions[2].text,I prefer that she just lie about it. I know I would.
QuestionAudrey1,Audrey,Question,0,2,f5b2a7e92f7e,8704,steps[1].sceneLine.dialogLine.text,What are you supposed to do when you're bored?
QuestionAudrey1,Audrey,Question,1,2,ce6958eaa153,8704,steps[2].responseOptions[0].steps[0].sceneLine.dialogLine.text,"*hahahaha*·····Yeah,····· but then what?····· I'm still bored!"
QuestionAudrey10,Audrey,Question,0,4,fd1abe635f93,8705,steps[1].sceneLine.dialogLine.secondaryText,"If someone said they saw me with another girl,····· what would your reaction be?"
QuestionAudrey10,Audrey,Question,1,4,3859f4e008cd,8705,steps[1].sceneLine.dialogLine.text,"If someone said they saw me with another guy,····· what would your reaction be?"
QuestionAudrey10,Audrey,Question,2,4,57e04096d2bb,8705,steps[2].responseOptions[0].steps[0].sceneLine.dialogLine.text,Maaaybe I'll hate fuck someone to get their ass beat.*hahahaha*···
QuestionAudrey10,Audrey,Question,3,4,9614c1284ff5,8705,steps[2].responseOptions[1].text,I think I would just be really sad about it.
QuestionAudrey11,Audrey,Question,0,3,0b09fb482f62,8706,steps[1].sceneLine.dialogLine.text,Do you still talk to any of the girls you used to fuck?
QuestionAudrey11,Audrey,Question,1,3,9b61c0dbbe34,8706,steps[2].responseOptions[0].steps[0].sceneLine.dialogLine.text,Good!····· I'd have a thing or two to say to those fuckin' skanks.
QuestionAudrey11,Audrey,Question,2,3,8baeda00c2be,8706,steps[2].responseOptions[1].text,Yeah I like to check in and see how they are doing.
QuestionAudrey12,Audrey,Question,0,2,21fe9991c634,8707,steps[1].sceneLine.dialogLine.text,Do you prefer girls that shave their shit?
QuestionAudrey12,Audrey,Question,1,2,eeb3b463b494,8707,steps[2].responseOptions[0].steps[0].sceneLine.dialogLine.text,"Seriously!········ My one friend Nikki doesn't shave, it's so gross!"
QuestionAudrey13,Audrey,Question,0,3,263964a93869,8708,steps[1].sceneLine.dialogLine.text,"Sooo,········ what kinda shit are you on?"
QuestionAudrey13,Audrey,Question,1,3,db477f0bbc62,8708,steps[2].responseOptions[0].steps[0].sceneLine.dialogLine.text,Can I tell you a secret...? I'm high right now.··*hahahahaha*
QuestionAudrey13,Audrey,Question,2,3,a880c2d4afa4,8708,steps[2].responseOptions[1].text,"Some hard shit. You name it, I've done it."
QuestionAudrey14,Audrey,Question,0,3,5e6c50147ed9,8709,steps[1].sceneLine.dialogLine.text,You ever stolen anything?
QuestionAudrey14,Audrey,Question,1,3,6fa180694e45,8709,steps[2].responseOptions[0].steps[0].sceneLine.dialogLine.text,"Okay,····· sweet.····· I'm not trying to hang out with a pussy."
QuestionAudrey14,Audrey,Question,2,3,754c5f291654,8709,steps[2].responseOptions[0].text,Of course. It's too easy to get away with.
QuestionAudrey2,Audrey,Question,0,3,dfd370cb4831,8710,steps[1].sceneLine.dialogLine.text,What kind of people do you just fucking hate to even look at?
QuestionAudrey2,Audrey,Question,1,3,d0f76f5bbf25,8710,steps[2].responseOptions[0].steps[0].sceneLine.dialogLine.text,*aaaacc*·····I know!····· Even my friends can be so plastic sometimes.
QuestionAudrey2,Audrey,Question,2,3,11ec68d28d2f,8710,steps[2].responseOptions[1].text,I have no patience for people who are rude.
QuestionAudrey3,Audrey,Question,0,2,55eb1878314f,8711,steps[1].sceneLine.dialogLine.text,How do you vent when somebody pisses you off?
QuestionAudrey3,Audrey,Question,1,2,9896cf796fc8,8711,steps[2].responseOptions[0].steps[0].sceneLine.dialogLine.text,"Ughh,····· right?····· I don't take no fuckin' bullshit from nobody."
QuestionAudrey4,Audrey,Question,0,3,9f3ed2f45857,8712,steps[1].sceneLine.dialogLine.text,What's your biggest turn off?····· Huh?
QuestionAudrey4,Audrey,Question,1,3,d0716a208121,8712,steps[2].responseOptions[0].steps[0].sceneLine.dialogLine.text,Well you don't have to worry about me.····· Fun is pretty much my deal.
QuestionAudrey4,Audrey,Question,2,3,4cc1dc7116a0,8712,steps[2].responseOptions[0].text,Broads who don't know how to let lose and have fun.
QuestionAudrey5,Audrey,Question,0,2,f3dedd145425,8713,steps[1].sceneLine.dialogLine.text,"So,····· what's your go to position?"
QuestionAudrey5,Audrey,Question,1,2,4f1c6fdf3ae8,8713,steps[2].responseOptions[0].steps[0].sceneLine.dialogLine.text,*hahahaha*·····I think you and I are going to get along just fine...
QuestionAudrey6,Audrey,Question,0,2,49d420404ae6,8714,steps[1].sceneLine.dialogLine.text,What do you hate most about dating?
QuestionAudrey6,Audrey,Question,1,2,cbdd62ab3281,8714,steps[2].responseOptions[0].steps[0].sceneLine.dialogLine.text,"Oh my god,····· you too?····· It's so much easier to just fuck around."
QuestionAudrey7,Audrey,Question,0,4,edc3deca4560,8715,steps[1].sceneLine.dialogLine.text,Do you even work out?
QuestionAudrey7,Audrey,Question,1,4,7de1e33895f9,8715,steps[2].responseOptions[0].steps[0].sceneLine.dialogLine.text,"*hahahahaha*·····Yo,··· whatever...····· Think again."
QuestionAudrey7,Audrey,Question,2,4,c4f3aef2a0f9,8715,steps[2].responseOptions[0].text,"Bitch, I was born perfect. I don't need to work out."
QuestionAudrey7,Audrey,Question,3,4,c9e192f13681,8715,steps[2].responseOptions[1].text,What do you mean? I work out all the time.
QuestionAudrey8,Audrey,Question,0,2,aab54db7c1b6,8716,steps[1].sceneLine.dialogLine.text,"Ughh,····· I'm afraid to even ask...····· how many times a day do you touch yourself?"
QuestionAudrey8,Audrey,Question,1,2,c59bd4ed65b9,8716,steps[2].responseOptions[0].steps[0].sceneLine.dialogLine.text,Oh····· god!···············*hahahahahaha*········ I don't even want to know what that means!
QuestionAudrey9,Audrey,Question,0,4,f84ee3bcc3f4,8717,steps[1].sceneLine.dialogLine.text,"So,·········· what's your opinion on going to university?"
QuestionAudrey9,Audrey,Question,1,4,76e7a5973de7,8717,steps[2].responseOptions[0].steps[0].sceneLine.dialogLine.text,Finally someone agrees!········ It's so boring!·········· How am I supposed to deal with that?
QuestionAudrey9,Audrey,Question,2,4,f52f07857f07,8717,steps[2].responseOptions[0].text,School is nothing but a waste of time and money.
QuestionAudrey9,Audrey,Question,3,4,199a836463a4,8717,steps[2].responseOptions[1].text,It's the only way to get ahead in this world.
QuestionBadChoice,,Question,0,63,f0ba81c91c9d,9018,lineSets[0].label,question bad choice 1
QuestionBadChoice,,Question,1,63,041fc420d33b,9018,lineSets[0].lines[0].dialogLine[0].text,Oh...····· really?
QuestionBadChoice,,Question,2,63,9009c2b3825b,9018,lineSets[0].lines[0].dialogLine[1].text,*hahahahahahahaha* You wish!
QuestionBadChoice,,Question,3,63,157a0185afbc,9018,lineSets[0].lines[0].dialogLine[2].text,"*hahahahaha*·····Awww,··· you don't mean that..."
QuestionBadChoice,,Question,4,63,504feab28c99,9018,lineSets[0].lines[0].dialogLine[3].text,"Ummmm,····· yeah,····· no."
QuestionBadChoice,,Question,5,63,edfe386d78db,9018,lineSets[0].lines[0].dialogLine[4].text,*hahahaha*·····Nice try!
QuestionBadChoice,,Question,6,63,91e2c6cd1f41,9018,lineSets[0].lines[0].dialogLine[5].text,"Yeah,··· I·· guess that's true."
QuestionBadChoice,,Question,7,63,b4dec8407353,9018,lineSets[0].lines[0].dialogLine[6].text,"Ohhh,····· well that's...····· nice."
QuestionBadChoice,,Question,8,63,6f3ee26b5ee6,9018,lineSets[0].lines[0].dialogLine[7].text,Well if thats the way you feel...
QuestionBadChoice,,Question,9,63,4ecc49448eaa,9018,lineSets[1].label,question bad choice 2
QuestionBadChoice,,Question,10,63,bebe01055b65,9018,lineSets[1].lines[0].dialogLine[0].text,I see...
QuestionBadChoice,,Question,11,63,682bedfcb104,9018,lineSets[1].lines[0].dialogLine[1].text,Hah!····· What a load of shit.
QuestionBadChoice,,Question,12,63,6bbc6a6c3d3d,9018,lineSets[1].lines[0].dialogLine[2].text,I'm surprised to hear you say that!
QuestionBadChoice,,Question,13,63,700e955344cb,9018,lineSets[1].lines[0].dialogLine[3].text,FUUUCK that shit.
QuestionBadChoice,,Question,14,63,83dee5948d70,9018,lineSets[1].lines[0].dialogLine[4].text,*hahahaha*·····Stop it!
QuestionBadChoice,,Question,15,63,0bdc7f0283ed,9018,lineSets[1].lines[0].dialogLine[5].text,*aaaacc* Never mind...
QuestionBadChoice,,Question,16,63,c0e926bed16d,9018,lineSets[1].lines[0].dialogLine[6].text,"Awww,····· baby,····· that's no fun."
QuestionBadChoice,,Question,17,63,7e3ed80849a9,9018,lineSets[1].lines[0].dialogLine[7].text,"Hmm,·········· I don't think I've ever looked at it that way."
QuestionBadChoice,,Question,18,63,7b39dfaa5917,9018,lineSets[2].label,question bad choice 3
QuestionBadChoice,,Question,19,63,297cb816746e,9018,lineSets[2].lines[0].dialogLine[0].text,That's cool...
QuestionBadChoice,,Question,20,63,b8c0ede80bf0,9018,lineSets[2].lines[0].dialogLine[1].text,········*aacc*···Pathetic!
QuestionBadChoice,,Question,21,63,7388245df20f,9018,lineSets[2].lines[0].dialogLine[2].text,Oookaaaaayyy...
QuestionBadChoice,,Question,22,63,60c28be91fe5,9018,lineSets[2].lines[0].dialogLine[3].text,Figures you would say that...
QuestionBadChoice,,Question,23,63,92962d2e79a2,9018,lineSets[2].lines[0].dialogLine[4].text,"Mmmm,····· to each their own."
QuestionBadChoice,,Question,24,63,1ad43d8c6598,9018,lineSets[2].lines[0].dialogLine[5].text,"What!?····· No,····· you're bullshitting me."
QuestionBadChoice,,Question,25,63,63ac6cb56f37,9018,lineSets[2].lines[0].dialogLine[6].text,That's really how you feel?····· I see...·····
QuestionBadChoice,,Question,26,63,f92a51257765,9018,lineSets[2].lines[0].dialogLine[7].text,*aaaacc*·····That's terrible!
QuestionBadChoice,,Question,27,63,4a6d181709ff,9018,lineSets[3].label,question bad choice 4
QuestionBadChoice,,Question,28,63,66709bc3a805,9018,lineSets[3].lines[0].dialogLine[0].text,Hmmm...····· you think so?
QuestionBadChoice,,Question,29,63,81448f630c1f,9018,lineSets[3].lines[0].dialogLine[1].text,"Yeah,········ I had you figured like that."
QuestionBadChoice,,Question,30,63,d1feb878196d,9018,lineSets[3].lines[0].dialogLine[2].text,What!?*haha*····· You're such a jerk!
QuestionBadChoice,,Question,31,63,e307fb5e9b04,9018,lineSets[3].lines[0].dialogLine[3].text,What the fuck is that supposed to mean?
QuestionBadChoice,,Question,32,63,4518d0c7c57f,9018,lineSets[3].lines[0].dialogLine[4].text,"Alright,····· fair enough."
QuestionBadChoice,,Question,33,63,82a2bbe01bed,9018,lineSets[3].lines[0].dialogLine[5].text,"Oh,····· okay.····· That's cool."
QuestionBadChoice,,Question,34,63,7c62fea15b18,9018,lineSets[3].lines[0].dialogLine[6].text,*hahahaha*·····*eee*·····I have a hard time believing that one.
QuestionBadChoice,,Question,35,63,7be29da1904e,9018,lineSets[3].lines[0].dialogLine[7].text,Hmmmmmm...
QuestionBadChoice,,Question,36,63,cd31968eb29c,9018,lineSets[4].label,question bad choice 5
QuestionBadChoice,,Question,37,63,52572825492d,9018,lineSets[4].lines[0].dialogLine[0].text,I'm not so sure about that.
QuestionBadChoice,,Question,38,63,0db9e17ae3a3,9018,lineSets[4].lines[0].dialogLine[1].text,Boooooorrring!
QuestionBadChoice,,Question,39,63,6fbdadd01780,9018,lineSets[4].lines[0].dialogLine[2].text,"Hey man,····· whatever floats your boat."
QuestionBadChoice,,Question,40,63,1f113a6ffd06,9018,lineSets[4].lines[0].dialogLine[3].text,"*hahahaha*·····Oh my god,····· are you serious?"
QuestionBadChoice,,Question,41,63,54fa42fdcb2b,9018,lineSets[4].lines[0].dialogLine[4].text,"Ahhh,····· what?····· I hope you're not serious."
QuestionBadChoice,,Question,42,63,1a1c17dab709,9018,lineSets[4].lines[0].dialogLine[5].text,"Eww,····· I'm sorry I asked..."
QuestionBadChoice,,Question,43,63,28fc5bf4dfd1,9018,lineSets[4].lines[0].dialogLine[6].text,What?····· I wasn't expecting that from you.
QuestionBadChoice,,Question,44,63,575a8eab7f69,9018,lineSets[4].lines[0].dialogLine[7].text,Mmmmmmm...
QuestionBadChoice,,Question,45,63,654531f2d26f,9018,lineSets[5].label,question bad choice 6
QuestionBadChoice,,Question,46,63,a5fbd9d3b58a,9018,lineSets[5].lines[0].dialogLine[0].text,Pssssh!*hehe* You're such a liar!
QuestionBadChoice,,Question,47,63,c81e36728c82,9018,lineSets[5].lines[0].dialogLine[1].text,"··········*hahahaha*·····*haha*···Oh my god,····· I hope you're not serious!"
QuestionBadChoice,,Question,48,63,16b6ff4a634d,9018,lineSets[5].lines[0].dialogLine[2].text,"Yeah,····· I suppose that makes sense..."
QuestionBadChoice,,Question,49,63,f08c62afc878,9018,lineSets[5].lines[0].dialogLine[3].text,"Ughh,····· gaaaayy!"
QuestionBadChoice,,Question,50,63,cad763a0a225,9018,lineSets[5].lines[0].dialogLine[4].text,"Awwww!····· Nooo,··· come on!"
QuestionBadChoice,,Question,51,63,b82a84da939b,9018,lineSets[5].lines[0].dialogLine[5].text,"Uhhhh,····· yeah····· I'm not sure I agree with that..."
QuestionBadChoice,,Question,52,63,1b81d8c92337,9018,lineSets[5].lines[0].dialogLine[6].text,Really now?··············· I didn't take you for one of those types.
QuestionBadChoice,,Question,53,63,ad286ebc71cc,9018,lineSets[5].lines[0].dialogLine[7].text,"No,·········· I don't think that's true."
QuestionBadChoice,,Question,54,63,b694093da66f,9018,lineSets[6].label,question bad choice 7
QuestionBadChoice,,Question,55,63,81220ebeee41,9018,lineSets[6].lines[0].dialogLine[0].text,You jerk!
QuestionBadChoice,,Question,56,63,35edbcbaf021,9018,lineSets[6].lines[0].dialogLine[1].text,"Ughh,····· you're such a pig."
QuestionBadChoice,,Question,57,63,5d11b2efc6f8,9018,lineSets[6].lines[0].dialogLine[2].text,*hahahahaha*··········Get the fuck out of here with that shit!
QuestionBadChoice,,Question,58,63,68b07ffc7763,9018,lineSets[6].lines[0].dialogLine[3].text,"Yeah,····· Okaaay!"
QuestionBadChoice,,Question,59,63,fd09f0122c94,9018,lineSets[6].lines[0].dialogLine[4].text,"That's true,·· that's true.····· You can't deny that."
QuestionBadChoice,,Question,60,63,0f6bee9e6976,9018,lineSets[6].lines[0].dialogLine[5].text,"Ummmm,····· okaaaay...?"
QuestionBadChoice,,Question,61,63,c51b3990a24e,9018,lineSets[6].lines[0].dialogLine[6].text,Yeeaahh...····· I suppose that's true...
QuestionBadChoice,,Question,62,63,99f355e1a052,9018,lineSets[6].lines[0].dialogLine[7].text,I suppose I can't argue with that.
QuestionBeli1,Beli,Question,0,5,5c93aee64919,8718,steps[1].sceneLine.dialogLine.text,What are your feelings about true love?
QuestionBeli1,Beli,Question,1,5,70d3d44fc26c,8718,steps[2].responseOptions[0].steps[0].sceneLine.dialogLine.text,"Awww,····· you too?·········· It seems like today's world has given up hope on true love."
QuestionBeli1,Beli,Question,2,5,3b7abc20514b,8718,steps[2].responseOptions[0].text,I believe there is one special person out there for everyone.
QuestionBeli1,Beli,Question,3,5,101e7f92aab6,8718,steps[2].responseOptions[1].text,"I think love exists, but it has to be built between two people over time."
QuestionBeli1,Beli,Question,4,5,5c55364f2416,8718,steps[2].responseOptions[2].text,"I'm not convinced that love actually exists, it's just an abstract concept."
QuestionBeli10,Beli,Question,0,3,4bdee6d15d2e,8719,steps[1].sceneLine.dialogLine.text,Do you like to look at your partners face while making love?
QuestionBeli10,Beli,Question,1,3,eea94ee36ebd,8719,steps[2].responseOptions[0].steps[0].sceneLine.dialogLine.text,"Really?········ Wow,····· that's beautiful!"
QuestionBeli10,Beli,Question,2,3,aae2ff0c696f,8719,steps[2].responseOptions[2].text,Well I would but I'm usually looking at her butt.
QuestionBeli11,Beli,Question,0,3,0728fdd80486,8720,steps[1].sceneLine.dialogLine.text,"Umm,·········· funny question,··· but,·········· how do you feel about girls shaving...····· down there."
QuestionBeli11,Beli,Question,1,3,aaafe43192ee,8720,steps[2].responseOptions[0].steps[0].sceneLine.dialogLine.text,Oh good!··············· I mean...····· that's an··· interesting choice.
QuestionBeli11,Beli,Question,2,3,0810f5d3e5bf,8720,steps[2].responseOptions[2].text,I think it looks better when it's clean shaven.
QuestionBeli12,Beli,Question,0,5,82cbe2a13ace,8721,steps[1].sceneLine.dialogLine.text,Do you believe there is some form of life after death?
QuestionBeli12,Beli,Question,1,5,6fbef53d2b03,8721,steps[2].responseOptions[0].steps[0].sceneLine.dialogLine.text,"Surely!····· I think we live on,····· not in physical form,····· but we're around."
QuestionBeli12,Beli,Question,2,5,e1ae2c68b22a,8721,steps[2].responseOptions[0].text,"Well, I don't know what it might be, but surely there must be something."
QuestionBeli12,Beli,Question,3,5,79b0e6dc0d7c,8721,steps[2].responseOptions[1].text,Of course! We go to a magic city in the clouds and everything is great forever.
QuestionBeli12,Beli,Question,4,5,0369d09c1e18,8721,steps[2].responseOptions[2].text,Not a chance. Enjoy your life while you've got it.
QuestionBeli13,Beli,Question,0,4,4facc9e59bbf,8722,steps[1].sceneLine.dialogLine.text,What does happiness mean to you?
QuestionBeli13,Beli,Question,1,4,0021cf1e81f3,8722,steps[2].responseOptions[0].steps[0].sceneLine.dialogLine.text,"Hey,····· that's a good point...····· Life itself is such a precious gift!"
QuestionBeli13,Beli,Question,2,4,a69918d3ee5c,8722,steps[2].responseOptions[1].text,Laughing and having a good time with my friends.
QuestionBeli13,Beli,Question,3,4,5a249a8a411d,8722,steps[2].responseOptions[2].text,"Having nice things... you know, I shouldn't be without."
QuestionBeli14,Beli,Question,0,5,a384171d64d4,8723,steps[1].sceneLine.dialogLine.text,What does your morning routine look like?
QuestionBeli14,Beli,Question,1,5,ba789146f418,8723,steps[2].responseOptions[0].steps[0].sceneLine.dialogLine.text,Just like me!············· I begin each and every day with some light breathing exercises.
QuestionBeli14,Beli,Question,2,5,4fc1f58feddf,8723,steps[2].responseOptions[0].text,I like to take a few moments to reflect on the day ahead of me.
QuestionBeli14,Beli,Question,3,5,ae12230c3bdf,8723,steps[2].responseOptions[1].text,I hop right into the shower and get the day started!
QuestionBeli14,Beli,Question,4,5,ad6843c9ee12,8723,steps[2].responseOptions[2].text,There's a lot of alarm button hitting going on.
QuestionBeli2,Beli,Question,0,4,49b7c53cf771,8724,steps[1].sceneLine.dialogLine.text,How do you feel about war and disease in other countries?
QuestionBeli2,Beli,Question,1,4,f0722a8acc07,8724,steps[2].responseOptions[0].steps[0].sceneLine.dialogLine.text,"Isn't it?·········· It must be such frightening thing,·········· I wish there was more I could do."
QuestionBeli2,Beli,Question,2,4,fcd97f584c90,8724,steps[2].responseOptions[0].text,It's a terrible shame and it breaks my heart.
QuestionBeli2,Beli,Question,3,4,501b5049f10e,8724,steps[2].responseOptions[1].text,It's a complicated issue. I'm thankful that it's not happening here.
QuestionBeli3,Beli,Question,0,5,fe08e82e7719,8725,steps[1].sceneLine.dialogLine.text,What do you do to calm down when somebody makes you angry?
QuestionBeli3,Beli,Question,1,5,be8ac5329a8e,8725,steps[2].responseOptions[0].steps[0].sceneLine.dialogLine.text,"That's very admirable.·········· You're right though,····· we all have our flaws."
QuestionBeli3,Beli,Question,2,5,7c36f4a32e6c,8725,steps[2].responseOptions[0].text,I try to relax and remember that nobody is perfect.
QuestionBeli3,Beli,Question,3,5,4ab678d2b96b,8725,steps[2].responseOptions[1].text,I like to wait a little while and then plot my revenge.
QuestionBeli3,Beli,Question,4,5,3f33e7eccc11,8725,steps[2].responseOptions[2].text,Put a hole right through the wall. Works every time.
QuestionBeli4,Beli,Question,0,4,cf98b426168e,8726,steps[1].sceneLine.dialogLine.text,What's your favorite thing about yourself?
QuestionBeli4,Beli,Question,1,4,08ae0ead8ef3,8726,steps[2].responseOptions[0].steps[0].sceneLine.dialogLine.text,Wow!·········· I've never heard an answer like that before.·········· I like it!
QuestionBeli4,Beli,Question,2,4,e655788200d0,8726,steps[2].responseOptions[0].text,I like that I'm openminded and always learning.
QuestionBeli4,Beli,Question,3,4,777ddb8e5aee,8726,steps[2].responseOptions[1].text,I think my sense of humor is pretty damn funny.
QuestionBeli5,Beli,Question,0,5,2ed5c4a133ea,8727,steps[1].sceneLine.dialogLine.text,Do you believe there is some kind of deeper meaning to dreams?
QuestionBeli5,Beli,Question,1,5,0c5801c92fc8,8727,steps[2].responseOptions[0].steps[0].sceneLine.dialogLine.text,I agree!·········· I can't help but feel there's some purpose behind my dreams.
QuestionBeli5,Beli,Question,2,5,d85fdc9c2e30,8727,steps[2].responseOptions[0].text,It seems possible. Maybe there's a message in every dream.
QuestionBeli5,Beli,Question,3,5,4f27334784eb,8727,steps[2].responseOptions[1].text,I think dreams are premonitions of future events.
QuestionBeli5,Beli,Question,4,5,4ecc9efca2d5,8727,steps[2].responseOptions[2].text,"I doubt it. Dreams are probably just that, dreams."
QuestionBeli6,Beli,Question,0,3,526578da9b13,8728,steps[1].sceneLine.dialogLine.text,Are you happy with your body?
QuestionBeli6,Beli,Question,1,3,989aa8bc53a7,8728,steps[2].responseOptions[0].steps[0].sceneLine.dialogLine.text,That's an interesting way to think about it...·········· Very refreshing!
QuestionBeli6,Beli,Question,2,3,8f48888434a6,8728,steps[2].responseOptions[1].text,God no. I try to avoid going in rooms with mirrors.
QuestionBeli7,Beli,Question,0,5,3d8faa7e5f15,8729,steps[1].sceneLine.dialogLine.text,"If you found someone's wallet on the ground,········ what would you do?"
QuestionBeli7,Beli,Question,1,5,79d8d0716a70,8729,steps[2].responseOptions[0].steps[0].sceneLine.dialogLine.text,You're a good person.·········· Not everybody would be so honest.
QuestionBeli7,Beli,Question,2,5,5efb5795f21e,8729,steps[2].responseOptions[0].text,Look inside to see if I can find out who to return it to.
QuestionBeli7,Beli,Question,3,5,04d44b8c3854,8729,steps[2].responseOptions[1].text,"I'm not gonna lie, there's going to be a shopping spree involved."
QuestionBeli7,Beli,Question,4,5,a3c1bb743932,8729,steps[2].responseOptions[2].text,"Leave it right where I found it, as to not incriminate myself."
QuestionBeli8,Beli,Question,0,4,e80e0c485b92,8730,steps[1].sceneLine.dialogLine.text,"If you could change one thing about me,·········· what would it be?"
QuestionBeli8,Beli,Question,1,4,7e20381e6442,8730,steps[2].responseOptions[0].steps[0].sceneLine.dialogLine.text,You know what...····· you're right!······· I should just be secure in who I am.
QuestionBeli8,Beli,Question,2,4,45b16a8691e4,8730,steps[2].responseOptions[0].text,Only that you would ask such an insecure question.
QuestionBeli8,Beli,Question,3,4,2b6d4ff7ef3c,8730,steps[2].responseOptions[1].text,I might take you up a cup size. You can never have too much boob.
QuestionBeli9,Beli,Question,0,5,ec8dd639fc7d,8731,steps[1].sceneLine.dialogLine.text,How do you feel about spirituality?
QuestionBeli9,Beli,Question,1,5,ec78faa70828,8731,steps[2].responseOptions[0].steps[0].sceneLine.dialogLine.text,That's fair.····· As someone who practices yoga··· it's probably clear where I stand.·····*hahahaha*
QuestionBeli9,Beli,Question,2,5,b4023589636c,8731,steps[2].responseOptions[0].text,"I wouldn't say I'm 100% non-spiritual, but I don't lose my mind about it."
QuestionBeli9,Beli,Question,3,5,e4506332259f,8731,steps[2].responseOptions[1].text,I am a deeply spiritual person. I worship the great love goddess.
QuestionBeli9,Beli,Question,4,5,40bc356f5e27,8731,steps[2].responseOptions[2].text,Sounds like a bunch of hocus-pocus voodoo magic to me.
QuestionCeleste1,Celeste,Question,0,1,5380bec06394,8732,steps[1].sceneLine.dialogLine.text,What is the name of the spiral galaxy nearest to the Milky Way?
QuestionCeleste10,Celeste,Question,0,1,5d9618d9c0ee,8733,steps[1].sceneLine.dialogLine.text,Approximately how old is your planet Earth?
QuestionCeleste11,Celeste,Question,0,1,40dfaea4a711,8734,steps[1].sceneLine.dialogLine.text,"What are stars vastly made up of,····· more than anything else?·····"
QuestionCeleste12,Celeste,Question,0,1,994f3257a44e,8735,steps[1].sceneLine.dialogLine.text,What is the largest planet in your solar system?
QuestionCeleste13,Celeste,Question,0,1,e947a3a399ec,8736,steps[1].sceneLine.dialogLine.text,Which planet in your solar system is the most dense?·····
QuestionCeleste14,Celeste,Question,0,1,7debe4f499c9,8737,steps[1].sceneLine.dialogLine.text,What is··· a supernova?
QuestionCeleste2,Celeste,Question,0,1,89c438d4e974,8738,steps[1].sceneLine.dialogLine.text,What is the smallest planet in your solar system?
QuestionCeleste3,Celeste,Question,0,1,1392104d3303,8739,steps[1].sceneLine.dialogLine.text,"As far as we all know,····· what event began the universe?"
QuestionCeleste4,Celeste,Question,0,1,434040f4c3de,8740,steps[1].sceneLine.dialogLine.text,Roughly how many miles does light travel in one earth calendar year?
QuestionCeleste5,Celeste,Question,0,1,5f5e2449f510,8741,steps[1].sceneLine.dialogLine.text,What type of star··· is your planet's sun?
QuestionCeleste6,Celeste,Question,0,1,5a6e10e8800c,8742,steps[1].sceneLine.dialogLine.text,Which of these objects is made·· partly····· of ice?········
QuestionCeleste7,Celeste,Question,0,1,c8eb6c6bf916,8743,steps[1].sceneLine.dialogLine.text,How many moons does your planet Saturn have?
QuestionCeleste8,Celeste,Question,0,1,ad4c4979a8e4,8744,steps[1].sceneLine.dialogLine.text,What is the name of your planet Saturn's largest moon?
QuestionCeleste9,Celeste,Question,0,1,e2c7728f9f53,8745,steps[1].sceneLine.dialogLine.text,What is the approximate distance from your planet to it's moon?
QuestionCorrect,,Question,0,13,ed6dcc69bb1b,9019,lineSets[0].label,question correct
QuestionCorrect,,Question,1,13,eafc933a2995,9019,lineSets[0].lines[0].dialogLine[8].text,Ha!···*ccc*··· Too easy!····· I'll getcha next time.
QuestionCorrect,,Question,2,13,3a3b51ccc8ac,9019,lineSets[0].lines[0].dialogLine[9].text,···Yeah that's it!····· How'd you know?
QuestionCorrect,,Question,3,13,a685b248f56c,9019,lineSets[0].lines[0].dialogLine[10].text,That is correct.
QuestionCorrect,,Question,4,13,4b888cc3e460,9019,lineSets[0].lines[0].dialogLine[11].text,You're not as dumb as you look.
QuestionCorrect,,Question,5,13,9b25e1f48afe,9019,lineSets[0].lines[1].dialogLine[8].text,Of course.····· How could you forget?
QuestionCorrect,,Question,6,13,20af484325bb,9019,lineSets[0].lines[1].dialogLine[9].text,"···Mmmhmm!····· Yep, yep, yep!"
QuestionCorrect,,Question,7,13,c5ededed1d11,9019,lineSets[0].lines[1].dialogLine[10].text,That is right.····· Very good.
QuestionCorrect,,Question,8,13,31fa021711cd,9019,lineSets[0].lines[1].dialogLine[11].text,"Okay,····· that's one.·····*ccaacc*····· But there are more where that came from."
QuestionCorrect,,Question,9,13,faf326de5b7b,9019,lineSets[0].lines[2].dialogLine[8].text,Nice.····· I expected nothing less.
QuestionCorrect,,Question,10,13,4e000b2479a2,9019,lineSets[0].lines[2].dialogLine[9].text,···Wooow!····· You're really good at cats!
QuestionCorrect,,Question,11,13,722df3eee156,9019,lineSets[0].lines[2].dialogLine[10].text,You're smarter than I thought.
QuestionCorrect,,Question,12,13,319b540947b0,9019,lineSets[0].lines[2].dialogLine[11].text,"Surprisingly,··· yes,······ that's it.······· Well done."
QuestionIncorrect,,Question,0,13,b6d49f5cc9db,9020,lineSets[0].label,question incorrect
QuestionIncorrect,,Question,1,13,13230ef33057,9020,lineSets[0].lines[0].dialogLine[8].text,"The fuck?····· No,····· that's not even close."
QuestionIncorrect,,Question,2,13,3232ac8ce1b1,9020,lineSets[0].lines[0].dialogLine[9].text,···Nooooo··· silly!·········· Don't you know anything about kitties?
QuestionIncorrect,,Question,3,13,9f1a33befeda,9020,lineSets[0].lines[0].dialogLine[10].text,"Sorry,····· that is incorrect."
QuestionIncorrect,,Question,4,13,5123b30bdbcb,9020,lineSets[0].lines[0].dialogLine[11].text,Evidently I've given you too much credit.
QuestionIncorrect,,Question,5,13,37abcc3cd97a,9020,lineSets[0].lines[1].dialogLine[8].text,How don't you remember that?
QuestionIncorrect,,Question,6,13,ca14487427cf,9020,lineSets[0].lines[1].dialogLine[9].text,···Master you need to brush up on your cat knowledge.
QuestionIncorrect,,Question,7,13,551900b6a3a9,9020,lineSets[0].lines[1].dialogLine[10].text,I'm afraid that's not the answer.
QuestionIncorrect,,Question,8,13,bef6e1225933,9020,lineSets[0].lines[1].dialogLine[11].text,I'm sure these girls would be thrilled to know you can't remember the smallest things about them.
QuestionIncorrect,,Question,9,13,faffe2ab1432,9020,lineSets[0].lines[2].dialogLine[8].text,"Ummmmm, not quite."
QuestionIncorrect,,Question,10,13,1d23957b49f0,9020,lineSets[0].lines[2].dialogLine[9].text,···Wait...····· is that right?····· No... I don't think so.
QuestionIncorrect,,Question,11,13,88a96cc738d1,9020,lineSets[0].lines[2].dialogLine[10].text,*aaaaccc*·····Typical earthling...
QuestionIncorrect,,Question,12,13,18fc1df434bd,9020,lineSets[0].lines[2].dialogLine[11].text,How did you ever get this far with answers like that?
QuestionIntro,,Question,0,61,d90601482719,9021,lineSets[0].label,question intro
QuestionIntro,,Question,1,61,242a06202240,9021,lineSets[0].lines[0].dialogLine[0].text,Hey!····· Question...
QuestionIntro,,Question,2,61,93b72824e15e,9021,lineSets[0].lines[0].dialogLine[1].text,"So, hey,··· question..."
QuestionIntro,,Question,3,61,b64ba3628a67,9021,lineSets[0].lines[0].dialogLine[2].text,"Hey,····· question for ya!"
QuestionIntro,,Question,4,61,c0fae7f4950d,9021,lineSets[0].lines[0].dialogLine[3].text,"So,····· here's a question..."
QuestionIntro,,Question,5,61,25d1149ee088,9021,lineSets[0].lines[0].dialogLine[4].text,"Not to put you on the spot,···· but··· I wanna know something..."
QuestionIntro,,Question,6,61,800f34801359,9021,lineSets[0].lines[0].dialogLine[5].text,"So,····· maybe this is kinda personal,····· buuut..."
QuestionIntro,,Question,7,61,f4e6c0a1c0a5,9021,lineSets[0].lines[0].dialogLine[6].text,"Okay,······· sooo,·········· I've got a question for you..."
QuestionIntro,,Question,8,61,c1c376507dcd,9021,lineSets[0].lines[0].dialogLine[7].text,I'm trying to think of a question to ask you...·········· Oh!······· I've got a good one!
QuestionIntro,,Question,9,61,ad20c9b71a3c,9021,lineSets[0].lines[0].dialogLine[8].text,"Alright,····· let's review some of the basics..."
QuestionIntro,,Question,10,61,b20a075c9cb0,9021,lineSets[0].lines[0].dialogLine[9].text,···Time for a kitty quiz!
QuestionIntro,,Question,11,61,a6d631965a41,9021,lineSets[0].lines[0].dialogLine[10].text,Let's see what you know about the world beyond your planet...
QuestionIntro,,Question,12,61,49e18563f840,9021,lineSets[0].lines[0].dialogLine[11].text,Let's find out how observant you've been...
QuestionIntro,,Question,13,61,04f70c357e83,9021,lineSets[0].lines[1].dialogLine[0].text,"You know,····· I've kinda been wondering..."
QuestionIntro,,Question,14,61,c538d55363a8,9021,lineSets[0].lines[1].dialogLine[1].text,I've got a question for you...
QuestionIntro,,Question,15,61,288f98ccc2a8,9021,lineSets[0].lines[1].dialogLine[2].text,"Soooo,·········· I've been thinking..."
QuestionIntro,,Question,16,61,dd85360fb8ba,9021,lineSets[0].lines[1].dialogLine[3].text,"Since you're here,····· you can answer this for me..."
QuestionIntro,,Question,17,61,a120ebcd1703,9021,lineSets[0].lines[1].dialogLine[4].text,"Alright,····· answer me this..."
QuestionIntro,,Question,18,61,ea7d4ba58885,9021,lineSets[0].lines[1].dialogLine[5].text,"I don't mean to pry or anything,····· but I've gotta ask..."
QuestionIntro,,Question,19,61,46c44aed15b2,9021,lineSets[0].lines[1].dialogLine[6].text,"Well what should I ask you...····· Ohhh,····· I've got one.·····"
QuestionIntro,,Question,20,61,1456e7515f29,9021,lineSets[0].lines[1].dialogLine[7].text,Would you mind if I asked you something?·········· I'm curious...
QuestionIntro,,Question,21,61,8fae9b2db6ab,9021,lineSets[0].lines[1].dialogLine[8].text,I wonder how much I've rubbed off on ya...····· Let's see...
QuestionIntro,,Question,22,61,18c34dcfb38c,9021,lineSets[0].lines[1].dialogLine[9].text,···Ready for a kitty question?
QuestionIntro,,Question,23,61,97a14b2bd471,9021,lineSets[0].lines[1].dialogLine[10].text,I'm curious to know how much you really understand...
QuestionIntro,,Question,24,61,bc140fbb271d,9021,lineSets[0].lines[1].dialogLine[11].text,Have you been paying much attention to your dates...?
QuestionIntro,,Question,25,61,cfddae452e08,9021,lineSets[0].lines[2].dialogLine[0].text,I wanna ask you somethin'...
QuestionIntro,,Question,26,61,fb97ae80f55f,9021,lineSets[0].lines[2].dialogLine[1].text,Let me ask you something...
QuestionIntro,,Question,27,61,71619851c577,9021,lineSets[0].lines[2].dialogLine[2].text,Let me ask you something...
QuestionIntro,,Question,28,61,17b30f63811f,9021,lineSets[0].lines[2].dialogLine[3].text,"Oka*aa*y,·········· I want to know something..."
QuestionIntro,,Question,29,61,305ca45eaf7d,9021,lineSets[0].lines[2].dialogLine[4].text,You know what I'm kinda curious about?
QuestionIntro,,Question,30,61,880f01393bc1,9021,lineSets[0].lines[2].dialogLine[5].text,"Ummm,······· do you mind if I ask you a question real quick?"
QuestionIntro,,Question,31,61,a482fec8090d,9021,lineSets[0].lines[2].dialogLine[6].text,"Baby,····· I'm curious..."
QuestionIntro,,Question,32,61,db651a95c390,9021,lineSets[0].lines[2].dialogLine[7].text,I'm interested in knowing what you think about this...
QuestionIntro,,Question,33,61,09c9eafb3879,9021,lineSets[0].lines[2].dialogLine[8].text,Incoming question!
QuestionIntro,,Question,34,61,83372582550d,9021,lineSets[0].lines[2].dialogLine[9].text,"···I know more about cats than you!····· See,··· I'll show you..."
QuestionIntro,,Question,35,61,a08626453470,9021,lineSets[0].lines[2].dialogLine[10].text,I wonder...····· just how intelligent are you?
QuestionIntro,,Question,36,61,2979c59b449b,9021,lineSets[0].lines[2].dialogLine[11].text,Now for a true test of your memory...
QuestionIntro,,Question,37,61,61cd579f4b40,9021,lineSets[0].lines[3].dialogLine[0].text,So I've been curious what you think about this...
QuestionIntro,,Question,38,61,c9666b262715,9021,lineSets[0].lines[3].dialogLine[1].text,Give me your honest answer...
QuestionIntro,,Question,39,61,06e49cf2b245,9021,lineSets[0].lines[3].dialogLine[2].text,"What was I going to ask you again?...····· Oh,··· right!"
QuestionIntro,,Question,40,61,7dbb211652ca,9021,lineSets[0].lines[3].dialogLine[3].text,You know what I've been wondering...
QuestionIntro,,Question,41,61,c11ddfb51a00,9021,lineSets[0].lines[3].dialogLine[4].text,I just had a really good question in my head...····· shit...·········· Wait!····· Got it!
QuestionIntro,,Question,42,61,2436d26cc9dc,9021,lineSets[0].lines[3].dialogLine[5].text,"This is kind of a stupid question,····· but I guess I'll ask it anyway."
QuestionIntro,,Question,43,61,c8f11b31b5c6,9021,lineSets[0].lines[3].dialogLine[6].text,"So,·········· tell me something..."
QuestionIntro,,Question,44,61,0684eadc20a3,9021,lineSets[0].lines[3].dialogLine[7].text,I have a question for you!·········· Take your time answering.
QuestionIntro,,Question,45,61,d611ffefaa4a,9021,lineSets[0].lines[3].dialogLine[8].text,Oh here's a question for ya!
QuestionIntro,,Question,46,61,8cd7040ea929,9021,lineSets[0].lines[3].dialogLine[9].text,···Let's see how much you know about kitties!
QuestionIntro,,Question,47,61,3dc1ecc14ec5,9021,lineSets[0].lines[3].dialogLine[10].text,"I have question for you,····· so I hope you're prepared."
QuestionIntro,,Question,48,61,5737c6b4d7e1,9021,lineSets[0].lines[3].dialogLine[11].text,You're going to have to think about this one...
QuestionIntro,,Question,49,61,abe03a77809b,9021,lineSets[0].lines[4].dialogLine[0].text,Question time!
QuestionIntro,,Question,50,61,ba098d1dada8,9021,lineSets[0].lines[4].dialogLine[1].text,I've been wondering something...
QuestionIntro,,Question,51,61,669d83e448c4,9021,lineSets[0].lines[4].dialogLine[2].text,I'm just curious...
QuestionIntro,,Question,52,61,f0983a3bf605,9021,lineSets[0].lines[4].dialogLine[3].text,Question for ya...
QuestionIntro,,Question,53,61,1a7f7b683375,9021,lineSets[0].lines[4].dialogLine[4].text,Mind if I ask you a question?
QuestionIntro,,Question,54,61,d21dea5b0bb3,9021,lineSets[0].lines[4].dialogLine[5].text,Is it cool if I ask you something?····· I been thinking...
QuestionIntro,,Question,55,61,5344bd63ce22,9021,lineSets[0].lines[4].dialogLine[6].text,"Sooo,··········*ccc*··· I'm dying to know something right now..."
QuestionIntro,,Question,56,61,f2b51aca4bc0,9021,lineSets[0].lines[4].dialogLine[7].text,I've been wondering about something lately...
QuestionIntro,,Question,57,61,acf0ae57266f,9021,lineSets[0].lines[4].dialogLine[8].text,You might have to reach back for this one...
QuestionIntro,,Question,58,61,547af410424c,9021,lineSets[0].lines[4].dialogLine[9].text,···I'll teach you about kitties!····· Mmkay?
QuestionIntro,,Question,59,61,5d7285c77989,9021,lineSets[0].lines[4].dialogLine[10].text,Time to examine your knowledge of the universe...
QuestionIntro,,Question,60,61,0a9d627ecff3,9021,lineSets[0].lines[4].dialogLine[11].text,I wonder what you actually remember about the girls you've conquered...
QuestionJessie1,Jessie,Question,0,5,b0831096c2aa,8746,steps[1].sceneLine.dialogLine.text,"If you won a million dollars,····· how would you spend it?"
QuestionJessie1,Jessie,Question,1,5,7df81667e260,8746,steps[2].responseOptions[0].steps[0].sceneLine.dialogLine.text,"Ohhh····· b*aa*aby!·········· You knew that's what I wanted to hear,····· didn't you?"
QuestionJessie1,Jessie,Question,2,5,109c209a460a,8746,steps[2].responseOptions[0].text,I'd spend all of it on luxuries for my girlfriend.
QuestionJessie1,Jessie,Question,3,5,edda29f36f29,8746,steps[2].responseOptions[1].text,I think I'd just hang onto it. There's not much I want.
QuestionJessie1,Jessie,Question,4,5,f16daa948d0b,8746,steps[2].responseOptions[2].text,Feeding the hungry in less fortunate parts of the world.
QuestionJessie10,Jessie,Question,0,5,6eb8acbb0085,8747,steps[1].sceneLine.dialogLine.text,Would you ever consider...····· going through the back door?
QuestionJessie10,Jessie,Question,1,5,32a91b1d884f,8747,steps[2].responseOptions[0].steps[0].sceneLine.dialogLine.text,Is·· that·· soooo?··············· Well maybe I'll have to write out some invitations...
QuestionJessie10,Jessie,Question,2,5,f05ce2f347ed,8747,steps[2].responseOptions[0].text,I suppose if I was invited it would be rude not to stop in for a bit.
QuestionJessie10,Jessie,Question,3,5,626dce44d497,8747,steps[2].responseOptions[1].text,Consider it? That's the ONLY door I'm going through.
QuestionJessie10,Jessie,Question,4,5,780e0e156c99,8747,steps[2].responseOptions[2].text,"Eww, no. Sorry, that's not what that's for."
QuestionJessie11,Jessie,Question,0,4,7db53e5845e5,8748,steps[1].sceneLine.dialogLine.text,How would you feel about your partner seeing other people on the side?
QuestionJessie11,Jessie,Question,1,4,e0755391bbfb,8748,steps[2].responseOptions[0].steps[0].sceneLine.dialogLine.text,"Yeah,··· it's not a big deal.··· It's just sex!···"
QuestionJessie11,Jessie,Question,2,4,a5da11cdacd1,8748,steps[2].responseOptions[0].text,She can do whatever she wants. I don't own her.
QuestionJessie11,Jessie,Question,3,4,249d520ab7d2,8748,steps[2].responseOptions[1].text,It depends how serious the relationship is.
QuestionJessie12,Jessie,Question,0,4,43c89b02f9ad,8749,steps[1].sceneLine.dialogLine.text,Have you ever slept around while dating someone?
QuestionJessie12,Jessie,Question,1,4,19977ed2bfcd,8749,steps[2].responseOptions[0].steps[0].sceneLine.dialogLine.text,Thats okay honey!····· It's not exactly my cup of tea either.
QuestionJessie12,Jessie,Question,2,4,25a49d6deecc,8749,steps[2].responseOptions[0].text,"Yeah, I'm not exactly the best at commitment."
QuestionJessie12,Jessie,Question,3,4,ab565934f239,8749,steps[2].responseOptions[1].text,Just once and it was the biggest mistake of my life.
QuestionJessie13,Jessie,Question,0,5,df0c19f0024f,8750,steps[1].sceneLine.dialogLine.text,Do you like the lights on or off during sex?
QuestionJessie13,Jessie,Question,1,5,ff381bfe2942,8750,steps[2].responseOptions[0].steps[0].sceneLine.dialogLine.text,"I know!····· Me too,····· me too.····· I like to see what's going into my mouth."
QuestionJessie13,Jessie,Question,2,5,6b1c54d1cf7b,8750,steps[2].responseOptions[0].text,"All the way on, so I can watch her eyes roll back into her head."
QuestionJessie13,Jessie,Question,3,5,bb374ca50a11,8750,steps[2].responseOptions[1].text,I like them off. I don't need to bare witness to that event...
QuestionJessie13,Jessie,Question,4,5,343dff131feb,8750,steps[2].responseOptions[2].text,I'd say something in-between. Dim lighting is pretty romantic.
QuestionJessie14,Jessie,Question,0,5,0543cbbcda99,8751,steps[1].sceneLine.dialogLine.text,How do you feel about smokers?
QuestionJessie14,Jessie,Question,1,5,606be27f5534,8751,steps[2].responseOptions[0].steps[0].sceneLine.dialogLine.text,"Fuck you,····· really?·········· Oh, I'll have to keep that in mind..."
QuestionJessie14,Jessie,Question,2,5,5906eb64aee3,8751,steps[2].responseOptions[0].text,"To be honest, I think they're kinda sexy."
QuestionJessie14,Jessie,Question,3,5,89c05d7c9d74,8751,steps[2].responseOptions[1].text,Smoking is a disgusting habit. They should quit.
QuestionJessie14,Jessie,Question,4,5,2bad46b877c0,8751,steps[2].responseOptions[2].text,"It's bad for their health, but, it's a free country."
QuestionJessie2,Jessie,Question,0,5,1a86d4c1625b,8752,steps[1].sceneLine.dialogLine.text,How important is family to you?
QuestionJessie2,Jessie,Question,1,5,7efd4d98b3bb,8752,steps[2].responseOptions[0].steps[0].sceneLine.dialogLine.text,"·····Absolutely.············· Unfortunately,······· my daughter doesn't really speak to me anymore...····· What are you gonna do?"
QuestionJessie2,Jessie,Question,2,5,6cac976e18e8,8752,steps[2].responseOptions[0].text,It's the most important thing in the world.
QuestionJessie2,Jessie,Question,3,5,43422f6d9285,8752,steps[2].responseOptions[1].text,Whatever; as long as you show up for the holidays you're good.
QuestionJessie2,Jessie,Question,4,5,e87470ebf917,8752,steps[2].responseOptions[2].text,I don't really bother with my family these days.
QuestionJessie3,Jessie,Question,0,4,fb77c1cff7df,8753,steps[1].sceneLine.dialogLine.text,How often do you watch porn?
QuestionJessie3,Jessie,Question,1,4,1c0edfe50400,8753,steps[2].responseOptions[0].steps[0].sceneLine.dialogLine.text,"Ohhh my,····· I think I may have met my match."
QuestionJessie3,Jessie,Question,2,4,6c2fb336805d,8753,steps[2].responseOptions[0].text,I think the real question is how often am I not watching porn.
QuestionJessie3,Jessie,Question,3,4,a1750cbf1319,8753,steps[2].responseOptions[2].text,Only like once or twice a week. Give me some credit!
QuestionJessie4,Jessie,Question,0,4,6403970e794d,8754,steps[1].sceneLine.dialogLine.text,How do you feel about little tiny lies if nobody gets hurt?
QuestionJessie4,Jessie,Question,1,4,e79c1f03debb,8754,steps[2].responseOptions[0].steps[0].sceneLine.dialogLine.text,"Yeah,····· see?····· What people don't know can't hurt them.····· So,····· you just keep it to yourself!"
QuestionJessie4,Jessie,Question,2,4,898e2142f869,8754,steps[2].responseOptions[1].text,"I don't know, that's a difficult topic. It depends."
QuestionJessie4,Jessie,Question,3,4,228409e4ac3f,8754,steps[2].responseOptions[2].text,"Lying is never okay, no matter what the circumstance."
QuestionJessie5,Jessie,Question,0,3,40ab18a16b6d,8755,steps[1].sceneLine.dialogLine.text,What's your absolute favorite sex position?
QuestionJessie5,Jessie,Question,1,3,4f55d6465e2c,8755,steps[2].responseOptions[0].steps[0].sceneLine.dialogLine.secondaryText,"Mmmm,····· thank god.············ I love a girl who knows what he's doing down there."
QuestionJessie5,Jessie,Question,2,3,13d5cd3d9611,8755,steps[2].responseOptions[0].steps[0].sceneLine.dialogLine.text,"Mmmm,····· thank god.············ I love a guy who knows what he's doing down there."
QuestionJessie6,Jessie,Question,0,2,1df0155f9500,8756,steps[1].sceneLine.dialogLine.text,Do you have any dark secrets that you're keeping from me?
QuestionJessie6,Jessie,Question,1,2,aef10e9e28b2,8756,steps[2].responseOptions[0].steps[0].sceneLine.dialogLine.text,Ooooo...····· mysterious!···*hamcmc*·····
QuestionJessie7,Jessie,Question,0,3,a9d14128b416,8757,steps[1].sceneLine.dialogLine.text,Would you fault somebody for stupid mistakes they made in the past?
QuestionJessie7,Jessie,Question,1,3,20dee5fcbe95,8757,steps[2].responseOptions[0].steps[0].sceneLine.dialogLine.text,"I'm glad to hear you say that.····· People can change,····· you know?"
QuestionJessie7,Jessie,Question,2,3,d6f9ea66417e,8757,steps[2].responseOptions[2].text,I depends on the person. Some people are hard to trust.
QuestionJessie8,Jessie,Question,0,5,55272cd32b97,8758,steps[1].sceneLine.dialogLine.text,"Ideally,····· how many times a day would you have sex?"
QuestionJessie8,Jessie,Question,1,5,c7ffdf53b296,8758,steps[2].responseOptions[0].steps[0].sceneLine.dialogLine.text,"Ohhh,····· honey.····· I can handle plenty...··· trust me."
QuestionJessie8,Jessie,Question,2,5,9a59df444421,8758,steps[2].responseOptions[0].text,You couldn't handle how many times I would do it.
QuestionJessie8,Jessie,Question,3,5,69571e210490,8758,steps[2].responseOptions[1].text,One in the morning and again at night. Like brushing your teeth.
QuestionJessie8,Jessie,Question,4,5,f5ff0997f93e,8758,steps[2].responseOptions[2].text,Once is plenty enough. I need time to recharge.
QuestionJessie9,Jessie,Question,0,5,85b7dd7bb55e,8759,steps[1].sceneLine.dialogLine.text,How often do you masturbate when you're in a relationship?
QuestionJessie9,Jessie,Question,1,5,eee8efa804dc,8759,steps[2].responseOptions[0].steps[0].sceneLine.dialogLine.text,*hahaha*·····*heh*·····Well at least I don't have to worry about stamina...
QuestionJessie9,Jessie,Question,2,5,259fbb42bfe2,8759,steps[2].responseOptions[0].text,About as often as I do it when I'm single.
QuestionJessie9,Jessie,Question,3,5,ea41488c0617,8759,steps[2].responseOptions[1].text,I sneak a couple in whenever I can find the chance.
QuestionJessie9,Jessie,Question,4,5,2d90b1a11c59,8759,steps[2].responseOptions[2].text,I wouldn't do that behind her back. I have self control.
QuestionKyanna1,Kyanna,Question,0,4,9696745281ae,8760,steps[1].sceneLine.dialogLine.text,How did your last relationship end?
QuestionKyanna1,Kyanna,Question,1,4,3e2d542025a7,8760,steps[2].responseOptions[0].steps[0].sceneLine.dialogLine.text,"Yeah,····· it happens.····· Sounds like it was for the best though!"
QuestionKyanna1,Kyanna,Question,2,4,375ecd1c84e6,8760,steps[2].responseOptions[0].text,We sort of grew apart and mutually agreed that it was the right thing.
QuestionKyanna1,Kyanna,Question,3,4,73a9a16caf6f,8760,steps[2].responseOptions[1].text,I just got bored of her and wanted something else.
QuestionKyanna10,Kyanna,Question,0,2,aec69624d635,8761,steps[1].sceneLine.dialogLine.text,Do you think it's okay to tell little white lies?
QuestionKyanna10,Kyanna,Question,1,2,40a75039ce55,8761,steps[2].responseOptions[0].steps[0].sceneLine.dialogLine.text,I couldn't agree more.····· There's no good excuses to lie to someone.
QuestionKyanna11,Kyanna,Question,0,4,41c619832147,8762,steps[1].sceneLine.dialogLine.text,Do you exercise a lot··· or are you a major couch potato?
QuestionKyanna11,Kyanna,Question,1,4,0b293ab4e2b1,8762,steps[2].responseOptions[0].steps[0].sceneLine.dialogLine.text,Same··· here!····· I didn't get this body by taking days off.*hahahaha*
QuestionKyanna11,Kyanna,Question,2,4,16b69f647555,8762,steps[2].responseOptions[1].text,I've never lifted a weight in my fat life.
QuestionKyanna11,Kyanna,Question,3,4,655e57e8afc2,8762,steps[2].responseOptions[2].text,"I try to get to the gym when I can, but it's hard."
QuestionKyanna12,Kyanna,Question,0,5,6adf5a03f47d,8763,steps[1].sceneLine.dialogLine.text,What are you looking for in a relationship?
QuestionKyanna12,Kyanna,Question,1,5,864391fb5e45,8763,steps[2].responseOptions[0].steps[0].sceneLine.dialogLine.text,"That's cool!····· I'm the same way.····· No reason to rush into anything,····· right?"
QuestionKyanna12,Kyanna,Question,2,5,8aa6c6a93c4d,8763,steps[2].responseOptions[0].text,"I just want to hang out, have fun and see where it goes. You know?"
QuestionKyanna12,Kyanna,Question,3,5,9729ed9de8a3,8763,steps[2].responseOptions[1].text,I'm not getting any younger so I'm trying to find my wife.
QuestionKyanna12,Kyanna,Question,4,5,46f4a5be0e1c,8763,steps[2].responseOptions[2].text,I'm partial to the friends with benefits situation.
QuestionKyanna13,Kyanna,Question,0,5,2107eb5002b0,8764,steps[1].sceneLine.dialogLine.text,How do you feel about girls who wear makeup?
QuestionKyanna13,Kyanna,Question,1,5,9dd5eacfe91e,8764,steps[2].responseOptions[0].steps[0].sceneLine.dialogLine.text,That's good.····· I never leave the house without makeup on.····· I feel so weird without it.
QuestionKyanna13,Kyanna,Question,2,5,f38f5161cf9e,8764,steps[2].responseOptions[0].text,"I love makeup, it makes girls look so much prettier."
QuestionKyanna13,Kyanna,Question,3,5,9311764612ac,8764,steps[2].responseOptions[1].text,"A little bit is okay, but I prefer the more natural look."
QuestionKyanna13,Kyanna,Question,4,5,d556c268326b,8764,steps[2].responseOptions[2].text,"They should clean that crap off their face, they look ridiculous."
QuestionKyanna14,Kyanna,Question,0,4,7f8ccf5b08a2,8765,steps[1].sceneLine.dialogLine.text,What life advice would you give someone who asked?
QuestionKyanna14,Kyanna,Question,1,4,4218ef8514f0,8765,steps[2].responseOptions[0].steps[0].sceneLine.dialogLine.text,Yeah!····· I dig it.····· That makes a lot of sense.
QuestionKyanna14,Kyanna,Question,2,4,a5e7ab1a6807,8765,steps[2].responseOptions[0].text,Confidence is the foundation for all success in life.
QuestionKyanna14,Kyanna,Question,3,4,54d7e5c18e0c,8765,steps[2].responseOptions[1].text,Treat others as you would like others to treat you.
QuestionKyanna2,Kyanna,Question,0,5,59497f19fd69,8766,steps[1].sceneLine.dialogLine.text,Are you good with money?
QuestionKyanna2,Kyanna,Question,1,5,3f9a0d4a9143,8766,steps[2].responseOptions[0].steps[0].sceneLine.dialogLine.text,"I wish I could be more like that!····· I need to start saving for my future,····· seriously."
QuestionKyanna2,Kyanna,Question,2,5,3ab6c4726702,8766,steps[2].responseOptions[0].text,I would say so. I've always been good at saving up for important things.
QuestionKyanna2,Kyanna,Question,3,5,098b94c6979f,8766,steps[2].responseOptions[1].text,I'm terrible with money. There's just too much cool shit out there.
QuestionKyanna2,Kyanna,Question,4,5,f6e10b2739c1,8766,steps[2].responseOptions[2].text,I can assure you that I would be if only I had any.
QuestionKyanna3,Kyanna,Question,0,5,4c2793c60ed6,8767,steps[1].sceneLine.dialogLine.text,Do you prefer stability or spontaneity in your life?
QuestionKyanna3,Kyanna,Question,1,5,457f665656f2,8767,steps[2].responseOptions[0].steps[0].sceneLine.dialogLine.text,So important!·········· I used to party a lot and stuff but ever since I had my son I've had to grow up and settle down a bit.
QuestionKyanna3,Kyanna,Question,2,5,23f107038078,8767,steps[2].responseOptions[0].text,I prefer stability. It's important to have an anchor down somewhere in life.
QuestionKyanna3,Kyanna,Question,3,5,4465c0815e78,8767,steps[2].responseOptions[1].text,I think a little bit of both can be a good thing. Balance is important.
QuestionKyanna3,Kyanna,Question,4,5,d037e4b2cb57,8767,steps[2].responseOptions[2].text,"Spontaneity, without a doubt. Life should be a never ending adventure!"
QuestionKyanna4,Kyanna,Question,0,4,cdcb9a1800d6,8768,steps[1].sceneLine.dialogLine.text,"Is there like,·· a type of personality that you just can't stand?"
QuestionKyanna4,Kyanna,Question,1,4,bb00deb4d5b1,8768,steps[2].responseOptions[0].steps[0].sceneLine.dialogLine.text,"Oh dude,····· I know!····· There's this one little bitch I know. She is such a··· BITCH!·····"
QuestionKyanna4,Kyanna,Question,2,4,01ecc22442a3,8768,steps[2].responseOptions[0].text,"I don't like bitches. It's like, holy shit chill out bitch."
QuestionKyanna4,Kyanna,Question,3,4,31a7f9749665,8768,steps[2].responseOptions[2].text,There's nothing more boring than a shy or nerdy girl.
QuestionKyanna5,Kyanna,Question,0,5,71b4ed483de8,8769,steps[1].sceneLine.dialogLine.text,"This is kind of····· a serious question,····· but,····· what are your thoughts on unplanned pregnancies?"
QuestionKyanna5,Kyanna,Question,1,5,fd403ba5e35f,8769,steps[2].responseOptions[0].steps[0].sceneLine.dialogLine.text,I have the same view!····· I chose to have my son but I wouldn't want to force anybody.
QuestionKyanna5,Kyanna,Question,2,5,6c0e64a7b5b0,8769,steps[2].responseOptions[0].text,I think it should be left up to the potential mother to decide.
QuestionKyanna5,Kyanna,Question,3,5,b1b5b501b6ba,8769,steps[2].responseOptions[1].text,Nobody should have the right to decide if a baby is born or not.
QuestionKyanna5,Kyanna,Question,4,5,8d72096da9bf,8769,steps[2].responseOptions[2].text,"I say cancel the pregnancy. No sense in ruining two lives, right?"
QuestionKyanna6,Kyanna,Question,0,4,9bcd69386ec4,8770,steps[1].sceneLine.dialogLine.text,Do you get up early in the morning or stay up really late at night?
QuestionKyanna6,Kyanna,Question,1,4,472d8b26ca35,8770,steps[2].responseOptions[0].steps[0].sceneLine.dialogLine.text,That sounds just like me!····· I get up and head right to the gym.
QuestionKyanna6,Kyanna,Question,2,4,cc1830dfd40e,8770,steps[2].responseOptions[0].text,"Bright and early! Things to do, people to see."
QuestionKyanna6,Kyanna,Question,3,4,b62ad315c3e1,8770,steps[2].responseOptions[2].text,"Neither really, I just take short naps throughout the day."
QuestionKyanna7,Kyanna,Question,0,6,92cc88d00cf9,8771,steps[1].sceneLine.dialogLine.secondaryText,Do you think of yourself as a person who takes responsibility for her actions?
QuestionKyanna7,Kyanna,Question,1,6,3807ec33b425,8771,steps[1].sceneLine.dialogLine.text,Do you think of yourself as a person who takes responsibility for his actions?
QuestionKyanna7,Kyanna,Question,2,6,04b7df941b98,8771,steps[2].responseOptions[0].steps[0].sceneLine.dialogLine.text,"That's really,····· really good to hear.····· Unfortunately,····· I haven't met many people like that."
QuestionKyanna7,Kyanna,Question,3,6,968b70d84e44,8771,steps[2].responseOptions[0].text,Very much so. I take pride in always seeing my commitments through.
QuestionKyanna7,Kyanna,Question,4,6,f8a2dbc75bf6,8771,steps[2].responseOptions[1].text,I try not to let anybody down but we all make mistakes.
QuestionKyanna7,Kyanna,Question,5,6,9466c14aa0fd,8771,steps[2].responseOptions[2].text,"Not really, no. I can't be trusted with anything."
QuestionKyanna8,Kyanna,Question,0,5,7cf3d408c1df,8772,steps[1].sceneLine.dialogLine.text,How do you feel about kids?
QuestionKyanna8,Kyanna,Question,1,5,762a7828252b,8772,steps[2].responseOptions[0].steps[0].sceneLine.dialogLine.secondaryText,That's a relief.····· Most girls can't handle that I have a baby.
QuestionKyanna8,Kyanna,Question,2,5,142099cd4d6f,8772,steps[2].responseOptions[0].steps[0].sceneLine.dialogLine.text,That's a relief.····· Most guys can't handle that I have a baby.
QuestionKyanna8,Kyanna,Question,3,5,f2db0cafb1a7,8772,steps[2].responseOptions[0].text,I love kids. They bring so much joy into your life.
QuestionKyanna8,Kyanna,Question,4,5,d6120df54b83,8772,steps[2].responseOptions[2].text,"They're cute, but I'm not sure if I want any of my own."
QuestionKyanna9,Kyanna,Question,0,4,b29c5af8b384,8773,steps[1].sceneLine.dialogLine.text,What's an automatic relationship deal breaker for you?
QuestionKyanna9,Kyanna,Question,1,4,cd70b5094c16,8773,steps[2].responseOptions[0].steps[0].sceneLine.dialogLine.text,"Wow,····· good for you.····· That's a really nice way of looking at it."
QuestionKyanna9,Kyanna,Question,2,4,acbb9b655c5b,8773,steps[2].responseOptions[0].text,I don't think there's anything that can't be worked on.
QuestionKyanna9,Kyanna,Question,3,4,6060a47ec6b8,8773,steps[2].responseOptions[1].text,A girl with a lot of emotional baggage doesn't work for me.
QuestionKyu1,Kyu,Question,0,1,32305809063f,8774,steps[1].sceneLine.dialogLine.text,Where··· did you and I··· first meet?
QuestionKyu10,Kyu,Question,0,5,db96959dd1ca,8775,steps[1].sceneLine.dialogLine.text,What did I say about approaching Audrey··· when you first ran into her?
QuestionKyu10,Kyu,Question,1,5,f73b790ab9fe,8775,steps[2].responseOptions[0].text,Take charge and don't let any of her bullshit get to me.
QuestionKyu10,Kyu,Question,2,5,80c26628777f,8775,steps[2].responseOptions[1].text,Say something really stupid to try and cheer her up.
QuestionKyu10,Kyu,Question,3,5,f38dd415a165,8775,steps[2].responseOptions[2].secondaryText,The nice girl shit wasn't going to cut it so I had to be aggressive.
QuestionKyu10,Kyu,Question,4,5,e376bd5dc7ea,8775,steps[2].responseOptions[2].text,The nice guy shit wasn't going to cut it so I had to be aggressive.
QuestionKyu11,Kyu,Question,0,5,d8e434745469,8776,steps[1].sceneLine.dialogLine.text,How did I advise you to approach Lola····· when first meeting her?
QuestionKyu11,Kyu,Question,1,5,fd098435aa70,8776,steps[2].responseOptions[0].text,Open up with something safe to try and get on her good side.
QuestionKyu11,Kyu,Question,2,5,ebf374a538fc,8776,steps[2].responseOptions[1].secondaryText,She's looking for a decent girl so try not to be an asshole.
QuestionKyu11,Kyu,Question,3,5,4a63a4689fd2,8776,steps[2].responseOptions[1].text,She's looking for a decent guy so try not to be an asshole.
QuestionKyu11,Kyu,Question,4,5,435d43276d6c,8776,steps[2].responseOptions[2].text,Say something really stupid to try and cheer her up.
QuestionKyu12,Kyu,Question,0,4,da508be6a68e,8777,steps[1].sceneLine.dialogLine.text,How did I tell you to open up your initial interaction with Nikki?
QuestionKyu12,Kyu,Question,1,4,e52fea5d7be8,8777,steps[2].responseOptions[0].text,That my weirdness might actually pay off so just be myself.
QuestionKyu12,Kyu,Question,2,4,67d31d72b66c,8777,steps[2].responseOptions[1].text,Don't be afraid to take a chance but try not to scare her off.
QuestionKyu12,Kyu,Question,3,4,ccac1ba676aa,8777,steps[2].responseOptions[2].text,To quickly say something to her before she had a chance to get away.
QuestionKyu13,Kyu,Question,0,5,75e7383c0004,8778,steps[1].sceneLine.dialogLine.text,"When you first met Jessie,····· how did I suggest you approach her?"
QuestionKyu13,Kyu,Question,1,5,f3d39f873bc6,8778,steps[2].responseOptions[0].secondaryText,The nice girl shit wasn't going to cut it so I had to be aggressive.
QuestionKyu13,Kyu,Question,2,5,7dc0178ba0f9,8778,steps[2].responseOptions[0].text,The nice guy shit wasn't going to cut it so I had to be aggressive.
QuestionKyu13,Kyu,Question,3,5,ac2fb533dbf9,8778,steps[2].responseOptions[1].text,Open up with something safe to try and get on her good side.
QuestionKyu13,Kyu,Question,4,5,7b9cdf5250c8,8778,steps[2].responseOptions[2].text,To quickly say something to her before she had a chance to get away.
QuestionKyu14,Kyu,Question,0,4,ab95ce1e62e5,8779,steps[1].sceneLine.dialogLine.text,"When first meeting Beli,····· what was my advise to you?"
QuestionKyu14,Kyu,Question,1,4,9903e73a6fb8,8779,steps[2].responseOptions[0].text,To quickly say something to her before she had a chance to get away.
QuestionKyu14,Kyu,Question,2,4,3826545ab5ad,8779,steps[2].responseOptions[1].text,Don't be afraid to take a chance but try not to scare her off.
QuestionKyu14,Kyu,Question,3,4,f516d3112c9d,8779,steps[2].responseOptions[2].text,That my weirdness might actually pay off so just be myself.
QuestionKyu2,Kyu,Question,0,1,07c9bf661da8,8780,steps[1].sceneLine.dialogLine.text,What color was my hair when we first met?
QuestionKyu3,Kyu,Question,0,1,620a595c22a5,8781,steps[1].sceneLine.dialogLine.text,"When we first met,····· what color dress was I wearing?"
QuestionKyu4,Kyu,Question,0,1,01cac2a7960c,8782,steps[1].sceneLine.dialogLine.text,Do you remember what day it was when we first met?
QuestionKyu5,Kyu,Question,0,1,a6af0c8a4163,8783,steps[1].sceneLine.dialogLine.text,Where did we go so I could teach you about dating?
QuestionKyu6,Kyu,Question,0,1,de8b744df8d2,8784,steps[1].sceneLine.dialogLine.text,What type of token was your first ever token match?
QuestionKyu7,Kyu,Question,0,5,6005c71721b5,8785,steps[1].sceneLine.dialogLine.text,What was my advice to you when meeting Tiffany?
QuestionKyu7,Kyu,Question,1,5,669a4505ca86,8785,steps[2].responseOptions[0].text,Don't be afraid to take a chance but try not to scare her off.
QuestionKyu7,Kyu,Question,2,5,dc958b867e8a,8785,steps[2].responseOptions[1].secondaryText,She's looking for a decent girl so try not to be an asshole.
QuestionKyu7,Kyu,Question,3,5,845401251a59,8785,steps[2].responseOptions[1].text,She's looking for a decent guy so try not to be an asshole.
QuestionKyu7,Kyu,Question,4,5,c1b53f4e06e0,8785,steps[2].responseOptions[2].text,That my weirdness might actually pay off so just be myself.
QuestionKyu8,Kyu,Question,0,5,eb6549ca65e3,8786,steps[1].sceneLine.dialogLine.text,How did I suggest that you open the initial conversation with Aiko?
QuestionKyu8,Kyu,Question,1,5,3a7add0f4b9a,8786,steps[2].responseOptions[0].text,Say something really stupid to try and cheer her up.
QuestionKyu8,Kyu,Question,2,5,46f029252d6d,8786,steps[2].responseOptions[1].text,Take charge and don't let any of her bullshit get to me.
QuestionKyu8,Kyu,Question,3,5,835b6a63a2de,8786,steps[2].responseOptions[2].secondaryText,The nice girl shit wasn't going to cut it so I had to be aggressive.
QuestionKyu8,Kyu,Question,4,5,92e2d3fff03e,8786,steps[2].responseOptions[2].text,The nice guy shit wasn't going to cut it so I had to be aggressive.
QuestionKyu9,Kyu,Question,0,5,4d07bd72b15b,8787,steps[1].sceneLine.dialogLine.text,Do you remember what I said about approaching Kyanna··· for the first time?
QuestionKyu9,Kyu,Question,1,5,341296ee0b05,8787,steps[2].responseOptions[0].secondaryText,She's looking for a decent girl so try not to be an asshole.
QuestionKyu9,Kyu,Question,2,5,16dba184fb92,8787,steps[2].responseOptions[0].text,She's looking for a decent guy so try not to be an asshole.
QuestionKyu9,Kyu,Question,3,5,f61db3071300,8787,steps[2].responseOptions[1].text,Take charge and don't let any of her bullshit get to me.
QuestionKyu9,Kyu,Question,4,5,6339207feae3,8787,steps[2].responseOptions[2].text,Open up with something safe to try and get on her good side.
QuestionLola1,Lola,Question,0,4,308027cbaac8,8788,steps[1].sceneLine.dialogLine.text,What do you think is the most important trait to have in a girlfriend?
QuestionLola1,Lola,Question,1,4,4e10845323c8,8788,steps[2].responseOptions[0].steps[0].sceneLine.dialogLine.text,Well you're in luck!····· I think that defines me fairly well!
QuestionLola1,Lola,Question,2,4,b572af32b8d2,8788,steps[2].responseOptions[0].text,An ambitious and independent woman; a real go-getter.
QuestionLola1,Lola,Question,3,4,b59192e53073,8788,steps[2].responseOptions[1].text,I just want somebody who will laugh at my stupid jokes.
QuestionLola10,Lola,Question,0,5,d036e2961bec,8789,steps[1].sceneLine.dialogLine.text,What's your personal definition of success?
QuestionLola10,Lola,Question,1,5,301e7f3bf121,8789,steps[2].responseOptions[0].steps[0].sceneLine.dialogLine.text,Wow!·········· It's like you took the words right out of my mouth.
QuestionLola10,Lola,Question,2,5,2cf574554328,8789,steps[2].responseOptions[0].text,"Accomplishing the goals you set for yourself, whatever they might be."
QuestionLola10,Lola,Question,3,5,c4cbf476576d,8789,steps[2].responseOptions[1].text,I don't know... I guess I'm still searching for that answer.
QuestionLola10,Lola,Question,4,5,13bafcaa84c0,8789,steps[2].responseOptions[2].text,"A big house, fancy cars, exotic trips... the best life has to offer."
QuestionLola11,Lola,Question,0,5,9d1879c32863,8790,steps[1].sceneLine.dialogLine.text,"Tell me,····· what's the longest relationship you've ever had?"
QuestionLola11,Lola,Question,1,5,f3dc0939a27a,8790,steps[2].responseOptions[0].steps[0].sceneLine.dialogLine.secondaryText,That's good!·········· There aren't too many good women that show that kind of commitment anymore.
QuestionLola11,Lola,Question,2,5,4b4bb302a27e,8790,steps[2].responseOptions[0].steps[0].sceneLine.dialogLine.text,That's good!·········· There aren't too many good men that show that kind of commitment anymore.
QuestionLola11,Lola,Question,3,5,d8099270ab0e,8790,steps[2].responseOptions[1].text,My longest? Probably a year and some change.
QuestionLola11,Lola,Question,4,5,aed447c7e5c4,8790,steps[2].responseOptions[2].text,I'm lucky if I can keep it together for two weeks.
QuestionLola12,Lola,Question,0,5,8ef1fed9ba14,8791,steps[1].sceneLine.dialogLine.text,"What is it about me that made you approach me,··· really?"
QuestionLola12,Lola,Question,1,5,8419156ce096,8791,steps[2].responseOptions[0].steps[0].sceneLine.dialogLine.text,"I··· knew··· it!············· I can't blame you though,····· I do look good in the uniform."
QuestionLola12,Lola,Question,2,5,639830572628,8791,steps[2].responseOptions[0].text,Probably that form fitting uniform of yours.
QuestionLola12,Lola,Question,3,5,e9941329c5e9,8791,steps[2].responseOptions[1].text,I thought you seemed like a really nice girl.
QuestionLola12,Lola,Question,4,5,4303e1e2d3b8,8791,steps[2].responseOptions[2].text,"I've never been with a black girl before, so I wanna get that in."
QuestionLola13,Lola,Question,0,4,1fff27406596,8792,steps[1].sceneLine.dialogLine.text,What do you see yourself doing in ten or fifteen years?
QuestionLola13,Lola,Question,1,4,169feb77f91e,8792,steps[2].responseOptions[0].steps[0].sceneLine.dialogLine.text,That's what I like to hear!····· Where are people's ambitions these days?
QuestionLola13,Lola,Question,2,4,665f952ba71c,8792,steps[2].responseOptions[0].text,Still working my ass off to get what I want.
QuestionLola13,Lola,Question,3,4,cdb9377d582f,8792,steps[2].responseOptions[1].text,"Probably doing whatever I'm doing right now, except fatter."
QuestionLola14,Lola,Question,0,4,5808f23e05bd,8793,steps[1].sceneLine.dialogLine.text,What's the first thing you think about when you wake up in the morning?
QuestionLola14,Lola,Question,1,4,01c7749ad907,8793,steps[2].responseOptions[0].steps[0].sceneLine.dialogLine.text,That's right!····· Few people understand the power of starting the day in the right frame of mind.
QuestionLola14,Lola,Question,2,4,f3436580b53f,8793,steps[2].responseOptions[0].text,How am I going to make the most out of this day?
QuestionLola14,Lola,Question,3,4,43bf266c31f6,8793,steps[2].responseOptions[1].text,I'm glad I don't have a job or anything to go to.
QuestionLola2,Lola,Question,0,5,367a6af5913c,8794,steps[1].sceneLine.dialogLine.text,What does the perfect date look like to you?
QuestionLola2,Lola,Question,1,5,e3ea90ce2c0d,8794,steps[2].responseOptions[0].steps[0].sceneLine.dialogLine.text,Yes!····· That's exactly how I feel!····· If you're going to go out do something fun!
QuestionLola2,Lola,Question,2,5,c6ba3b785e29,8794,steps[2].responseOptions[0].text,Something outdoorsy and adventurous; a new experience.
QuestionLola2,Lola,Question,3,5,ea3c5a3509f5,8794,steps[2].responseOptions[1].text,You can't go wrong with the classic dinner and a movie.
QuestionLola2,Lola,Question,4,5,571b57b88d00,8794,steps[2].responseOptions[2].text,I like to invite the girl over for a glass of wine or two.
QuestionLola3,Lola,Question,0,5,8543e6b7725a,8795,steps[1].sceneLine.dialogLine.text,What's your greatest weakness?
QuestionLola3,Lola,Question,1,5,4a85c0ba4549,8795,steps[2].responseOptions[0].steps[0].sceneLine.dialogLine.text,"*hahahaha*·····You're such a clown.····· But,··· a funny one."
QuestionLola3,Lola,Question,2,5,e4a346476705,8795,steps[2].responseOptions[0].text,Weakness? I don't know the meaning of the word.
QuestionLola3,Lola,Question,3,5,0f95c0d627fc,8795,steps[2].responseOptions[1].text,It's difficult for me to make an emotional connection with someone.
QuestionLola3,Lola,Question,4,5,8eadcea26a59,8795,steps[2].responseOptions[2].text,I can get a little clingy when I really like somebody.
QuestionLola4,Lola,Question,0,4,7e6aa169726a,8796,steps[1].sceneLine.dialogLine.text,What motivates you to get up in the morning?
QuestionLola4,Lola,Question,1,4,43069bf90a39,8796,steps[2].responseOptions[0].steps[0].sceneLine.dialogLine.text,You're just like me!····· My future plans is what keeps me going every day.
QuestionLola4,Lola,Question,2,4,0b78fcd48fde,8796,steps[2].responseOptions[1].text,The awful noise coming from my alarm clock.
QuestionLola4,Lola,Question,3,4,3cbc898840fa,8796,steps[2].responseOptions[2].text,The idea of seeing your beautiful face once more.
QuestionLola5,Lola,Question,0,5,12819079dd11,8797,steps[1].sceneLine.dialogLine.text,What's your biggest goal in life?
QuestionLola5,Lola,Question,1,5,40e7be9c15a3,8797,steps[2].responseOptions[0].steps[0].sceneLine.dialogLine.text,"Hmmm,····· that's a good answer!····· Can I steal that from you?"
QuestionLola5,Lola,Question,2,5,ddbd740b9265,8797,steps[2].responseOptions[0].text,To discover new things to learn and explore.
QuestionLola5,Lola,Question,3,5,8f6d74f02c8e,8797,steps[2].responseOptions[1].text,I don't have a specific goal. I'm just along for the ride.
QuestionLola5,Lola,Question,4,5,c16579ee8494,8797,steps[2].responseOptions[2].text,Well right now I'm trying to get laid a whole lot.
QuestionLola6,Lola,Question,0,5,33910007415f,8798,steps[1].sceneLine.dialogLine.text,Do you enjoy drinking coffee?
QuestionLola6,Lola,Question,1,5,e404807a23a4,8798,steps[2].responseOptions[0].steps[0].sceneLine.dialogLine.text,"No,····· trust me,····· nobody is more addicted than this girl right here!"
QuestionLola6,Lola,Question,2,5,d384caa590cc,8798,steps[2].responseOptions[0].text,"You could say that, or you could say I'm a coffee addict."
QuestionLola6,Lola,Question,3,5,5a8f70032cd3,8798,steps[2].responseOptions[1].text,I like to brew a cup for myself every now and again.
QuestionLola6,Lola,Question,4,5,3cba92dd1f21,8798,steps[2].responseOptions[2].text,"No, all that caffeine is terrible for you."
QuestionLola7,Lola,Question,0,5,9eb1ae954545,8799,steps[1].sceneLine.dialogLine.text,Would you consider yourself an outdoorsy type?
QuestionLola7,Lola,Question,1,5,40135341c418,8799,steps[2].responseOptions[0].steps[0].sceneLine.dialogLine.text,I could not agree with you more!····· I need my sun and fresh air.
QuestionLola7,Lola,Question,2,5,9dfc3483b22a,8799,steps[2].responseOptions[0].text,"Definitely, I can't stand being cooped up inside all day."
QuestionLola7,Lola,Question,3,5,354669d2d485,8799,steps[2].responseOptions[1].text,When it's nice out. I can't handle the cold.
QuestionLola7,Lola,Question,4,5,d1d15ea17e41,8799,steps[2].responseOptions[2].text,Oh god no. I'm like a vampire; the sun burns my skin.
QuestionLola8,Lola,Question,0,5,f478d14cd3fb,8800,steps[1].sceneLine.dialogLine.text,Are you good at sports?
QuestionLola8,Lola,Question,1,5,b025d3a61582,8800,steps[2].responseOptions[0].steps[0].sceneLine.dialogLine.text,*hahahaha*·····We'll have to see about that...····· I'm pretty good myself.
QuestionLola8,Lola,Question,2,5,3046ffb2127d,8800,steps[2].responseOptions[0].text,"I don't like to brag... but yeah, I'm pretty much the best of all time."
QuestionLola8,Lola,Question,3,5,3a90fd2dae90,8800,steps[2].responseOptions[1].text,"I'm alright. I give it my best, that's all you can do really."
QuestionLola8,Lola,Question,4,5,d133d3d0abe9,8800,steps[2].responseOptions[2].text,"I was always picked last in gym class, so you tell me."
QuestionLola9,Lola,Question,0,5,bf33a7b0a774,8801,steps[1].sceneLine.dialogLine.text,What kind of books do you like to read?
QuestionLola9,Lola,Question,1,5,65f15feca536,8801,steps[2].responseOptions[0].steps[0].sceneLine.dialogLine.text,No way!····· You read self help too?····· I find those books so inspiring!
QuestionLola9,Lola,Question,2,5,cf495b9afcd8,8801,steps[2].responseOptions[0].text,You can usually find me in the self help section.
QuestionLola9,Lola,Question,3,5,7a26ad6f5c60,8801,steps[2].responseOptions[1].text,I like fiction; especially those epic fantasy novels.
QuestionLola9,Lola,Question,4,5,d75f1e322a0d,8801,steps[2].responseOptions[2].text,I haven't picked up a book since I graduated high school.
QuestionMomo1,Momo,Question,0,1,9a3e78e95f1a,8802,steps[1].sceneLine.dialogLine.text,"···What kinda aminal has more teeth,····· a kitty or a doggy?"
QuestionMomo10,Momo,Question,0,1,a33961e46682,8803,steps[1].sceneLine.dialogLine.text,···Uhhh...····· How long is a cat pregnant before it has a baby kitty?
QuestionMomo11,Momo,Question,0,1,c93a99613393,8804,steps[1].sceneLine.dialogLine.text,···What does it mean when a kitty has her tail under her body?
QuestionMomo12,Momo,Question,0,1,569acd037ee0,8805,steps[1].sceneLine.dialogLine.text,···Do you know about how much of their lives cats spend grooming?··· Huh?
QuestionMomo13,Momo,Question,0,1,d6e742265764,8806,steps[1].sceneLine.dialogLine.text,···What's another name for a female kitty?
QuestionMomo14,Momo,Question,0,1,7e9ea6e0f9d4,8807,steps[1].sceneLine.dialogLine.text,···What's it mean when a cat is called feral?
QuestionMomo2,Momo,Question,0,1,3dc365726f9e,8808,steps[1].sceneLine.dialogLine.text,···Do you know how long indoor cats usually live for about?
QuestionMomo3,Momo,Question,0,1,7e826c749ac6,8809,steps[1].sceneLine.dialogLine.text,"···Ohh,··············· what was it?····· Mmmm...····· Oh!··· Oh!····· What's a group of cats called?"
QuestionMomo4,Momo,Question,0,1,370dbbf406de,8810,steps[1].sceneLine.dialogLine.text,···What's the scientifical name for a kitty?
QuestionMomo5,Momo,Question,0,1,d52118199d13,8811,steps[1].sceneLine.dialogLine.text,···What's a kitty doing when it's trilling?
QuestionMomo6,Momo,Question,0,1,cfaa05616528,8812,steps[1].sceneLine.dialogLine.text,···What do you call a group of tiny baby kittens?
QuestionMomo7,Momo,Question,0,1,4dd18a96da11,8813,steps[1].sceneLine.dialogLine.text,···Which one of these is NOT a breed of cat?
QuestionMomo8,Momo,Question,0,1,0dccc642d05b,8814,steps[1].sceneLine.dialogLine.text,···Ummmm...········ How long does a cat spend sleeping in one day?
QuestionMomo9,Momo,Question,0,1,2d190cbd82d5,8815,steps[1].sceneLine.dialogLine.text,···Do you know what kind of taste kitties don't have?
QuestionNikki1,Nikki,Question,0,5,0891cea0c543,8816,steps[1].sceneLine.dialogLine.text,"What's more important to you,····· looks··· or personality?"
QuestionNikki1,Nikki,Question,1,5,0341a0042b00,8816,steps[2].responseOptions[0].steps[0].sceneLine.dialogLine.text,"Tell me about it.······· My friend Audrey is hot,····· but she's such a bitch."
QuestionNikki1,Nikki,Question,2,5,0f8ecff7db44,8816,steps[2].responseOptions[0].text,Looks don't do much for me if you're a piece of shit inside.
QuestionNikki1,Nikki,Question,3,5,73ab0cec7877,8816,steps[2].responseOptions[1].text,"I have to be attracted to my partner, otherwise it's not gonna work out."
QuestionNikki1,Nikki,Question,4,5,e461c15da0a2,8816,steps[2].responseOptions[2].text,"I mean, a little bit of both would be nice."
QuestionNikki10,Nikki,Question,0,5,f00eafa3ab08,8817,steps[1].sceneLine.dialogLine.text,How long do you usually make a girl wait after getting her number?
QuestionNikki10,Nikki,Question,1,5,03dbddf6749a,8817,steps[2].responseOptions[0].steps[0].sceneLine.dialogLine.text,See····· that's how it should be done;········ instead of all this bullshit game playing.·····
QuestionNikki10,Nikki,Question,2,5,c9fc7c8751c3,8817,steps[2].responseOptions[0].text,I'll call her that same day if I really like her.
QuestionNikki10,Nikki,Question,3,5,4087c6b57772,8817,steps[2].responseOptions[1].text,"You know, the standard two to three days."
QuestionNikki10,Nikki,Question,4,5,9105cf91630d,8817,steps[2].responseOptions[2].text,"About a week, I think it's good to make them sweat a little."
QuestionNikki11,Nikki,Question,0,5,cb9dec3f3d90,8818,steps[1].sceneLine.dialogLine.text,Do you believe in the paranormal?
QuestionNikki11,Nikki,Question,1,5,34a587b73310,8818,steps[2].responseOptions[0].steps[0].sceneLine.dialogLine.text,"Yeah,····· right?····· Like,····· I've read some pretty interesting theories online about this stuff."
QuestionNikki11,Nikki,Question,2,5,d38b1422334a,8818,steps[2].responseOptions[0].text,You never know. I don't think we can rule it out.
QuestionNikki11,Nikki,Question,3,5,578c86c8b543,8818,steps[2].responseOptions[1].text,Believe in it? I've actually seen a real ghost before.
QuestionNikki11,Nikki,Question,4,5,1eda4b41048d,8818,steps[2].responseOptions[2].text,"You mean like ghosts? Nah, don't be silly."
QuestionNikki12,Nikki,Question,0,4,3ca1df72d836,8819,steps[1].sceneLine.dialogLine.text,Why did you initially come up and talk to me?
QuestionNikki12,Nikki,Question,1,4,64a87c32672b,8819,steps[2].responseOptions[0].steps[0].sceneLine.dialogLine.text,Wow...·········· I don't think anybody has ever said that to me before.
QuestionNikki12,Nikki,Question,2,4,6cf594d5f267,8819,steps[2].responseOptions[0].text,I thought you looked really cute standing there all alone.
QuestionNikki12,Nikki,Question,3,4,9c7d3beb10fc,8819,steps[2].responseOptions[2].text,Because you looked different from all the other girls.
QuestionNikki13,Nikki,Question,0,5,1d10d16b80c7,8820,steps[1].sceneLine.dialogLine.text,Do you go to a lot of parties?
QuestionNikki13,Nikki,Question,1,5,0800fa32ac53,8820,steps[2].responseOptions[0].steps[0].sceneLine.dialogLine.text,Ditto.····· It's just an excuse to get drunk and act stupid.
QuestionNikki13,Nikki,Question,2,5,b33a5314fb75,8820,steps[2].responseOptions[0].text,I can't stand parties or the kind of people who go to them.
QuestionNikki13,Nikki,Question,3,5,5e4d789e6687,8820,steps[2].responseOptions[1].text,I go to pretty much every party I can get myself invited to.
QuestionNikki13,Nikki,Question,4,5,687074741830,8820,steps[2].responseOptions[2].text,I only go when I know my close friends are going to be there.
QuestionNikki14,Nikki,Question,0,5,491d81739b4e,8821,steps[1].sceneLine.dialogLine.text,Do you believe we're alone in the universe?
QuestionNikki14,Nikki,Question,1,5,aa1b0d4df2db,8821,steps[2].responseOptions[0].steps[0].sceneLine.dialogLine.text,"You're not alone.····· I know it sounds crazy,····· but I've seen some straaaange shit at night."
QuestionNikki14,Nikki,Question,2,5,a391248a8cee,8821,steps[2].responseOptions[0].text,"I don't know why, but I always get the feeling that we're not."
QuestionNikki14,Nikki,Question,3,5,ba21ffe73cf2,8821,steps[2].responseOptions[1].text,"The universe is a big place, but I'm not sure. I have my doubts."
QuestionNikki14,Nikki,Question,4,5,286598e857b3,8821,steps[2].responseOptions[2].text,If aliens existed we would have found them already.
QuestionNikki2,Nikki,Question,0,5,ddb6f9b9ddd6,8822,steps[1].sceneLine.dialogLine.text,Would you consider yourself a liberal or a conservative person?
QuestionNikki2,Nikki,Question,1,5,36ee0f704347,8822,steps[2].responseOptions[0].steps[0].sceneLine.dialogLine.text,"Okay,····· good.····· That's the feeling I had,····· I just wanted to make sure."
QuestionNikki2,Nikki,Question,2,5,20ec5c9537a9,8822,steps[2].responseOptions[0].text,I tend to swing to the liberal side of things.
QuestionNikki2,Nikki,Question,3,5,02f7d1b12f04,8822,steps[2].responseOptions[1].text,On most issues I feel pretty conservative.
QuestionNikki2,Nikki,Question,4,5,a8559a1f3913,8822,steps[2].responseOptions[2].text,I think both of those viewpoints are a load of shit.
QuestionNikki3,Nikki,Question,0,5,8a3ceb8bf1b7,8823,steps[1].sceneLine.dialogLine.text,How many kids do you plan on having?
QuestionNikki3,Nikki,Question,1,5,465f2bc1ed3f,8823,steps[2].responseOptions[0].steps[0].sceneLine.dialogLine.text,"Oh my god,····· you too?····· I can't even handle kids;····· they're so annoying."
QuestionNikki3,Nikki,Question,2,5,47ae7917c224,8823,steps[2].responseOptions[0].text,I should never be responsible for another human being.
QuestionNikki3,Nikki,Question,3,5,c8be8c62ffd4,8823,steps[2].responseOptions[1].text,I think just one would give me enough trouble.
QuestionNikki3,Nikki,Question,4,5,ec6ff95d29c3,8823,steps[2].responseOptions[2].text,Two or three. I wouldn't want them to grow up alone.
QuestionNikki4,Nikki,Question,0,5,1e42859a83ca,8824,steps[1].sceneLine.dialogLine.text,How do you feel about people who drink coffee every day?
QuestionNikki4,Nikki,Question,1,5,6150edc3ac28,8824,steps[2].responseOptions[0].steps[0].sceneLine.dialogLine.text,Right?·········· I've got these crackheads that come into the cafe every single day for their fix.
QuestionNikki4,Nikki,Question,2,5,764f5a410939,8824,steps[2].responseOptions[0].text,"I think once in a while is fine but damn, everyday?"
QuestionNikki4,Nikki,Question,3,5,b7073a445d66,8824,steps[2].responseOptions[1].text,Caffeine is poison. I gave that shit up a while ago.
QuestionNikki4,Nikki,Question,4,5,55080cbd19f1,8824,steps[2].responseOptions[2].text,I am most definitely one of those people.
QuestionNikki5,Nikki,Question,0,4,77bf058e0136,8825,steps[1].sceneLine.dialogLine.text,Do you think of yourself as an introvert or an extrovert?
QuestionNikki5,Nikki,Question,1,4,17352b0f707b,8825,steps[2].responseOptions[0].steps[0].sceneLine.dialogLine.text,"Same here!····· My friends drag me out sometimes····· but it's like,··· ughh,··· fuck this."
QuestionNikki5,Nikki,Question,2,4,f6dac0f045dd,8825,steps[2].responseOptions[0].text,I'd much rather be at home by myself most nights.
QuestionNikki5,Nikki,Question,3,4,760ab9e1aa7e,8825,steps[2].responseOptions[1].text,I enjoy being around other people; keeps me from getting bored.
QuestionNikki6,Nikki,Question,0,5,d3b0bf720c68,8826,steps[1].sceneLine.dialogLine.text,Are you generally an optimistic or pessimistic person?
QuestionNikki6,Nikki,Question,1,5,c5bc7355c9a5,8826,steps[2].responseOptions[0].steps[0].sceneLine.dialogLine.text,"Yeah,····· that's probably a good thing.····· You can't be a grump all the time."
QuestionNikki6,Nikki,Question,2,5,597711c56671,8826,steps[2].responseOptions[0].text,I don't know... I think I'm probably somewhere in the middle.
QuestionNikki6,Nikki,Question,3,5,1049151b5e86,8826,steps[2].responseOptions[1].text,"For my own sanity, I try to think positively."
QuestionNikki6,Nikki,Question,4,5,9ab5cd351db5,8826,steps[2].responseOptions[2].text,"Psssh, fuck this world and everybody in it."
QuestionNikki7,Nikki,Question,0,3,6375fa0929ea,8827,steps[1].sceneLine.dialogLine.text,Have you ever had·· like····· a serious relationship?
QuestionNikki7,Nikki,Question,1,3,07c8293371a9,8827,steps[2].responseOptions[0].steps[0].sceneLine.dialogLine.text,"Wait,··· really?····· Like····· ever?········ Wooow,········ I thought I was the only one..."
QuestionNikki7,Nikki,Question,2,3,ab9a87364487,8827,steps[2].responseOptions[2].text,"Yea, for sure. I thought it was pretty serious at least."
QuestionNikki8,Nikki,Question,0,5,a5f6bc717942,8828,steps[1].sceneLine.dialogLine.text,What kind of games you play?
QuestionNikki8,Nikki,Question,1,5,e02cd3fdc0ba,8828,steps[2].responseOptions[0].steps[0].sceneLine.dialogLine.text,Thank·· god.················· I was afraid you were another one of these····· FPS*eefpeeees* bros.··········
QuestionNikki8,Nikki,Question,2,5,ecb4c517a732,8828,steps[2].responseOptions[0].text,I'm more of an old school gamer; nothing like the classics.
QuestionNikki8,Nikki,Question,3,5,ef93b3e59601,8828,steps[2].responseOptions[1].text,I have all the latest consoles and games. You should see my sick setup.
QuestionNikki8,Nikki,Question,4,5,23097e3adf3c,8828,steps[2].responseOptions[2].text,I'm not that into it. Sometimes I play those mobile games though.
QuestionNikki9,Nikki,Question,0,5,b84dbb146d85,8829,steps[1].sceneLine.dialogLine.text,Is there anything in your past that you're too ashamed to tell anyone?
QuestionNikki9,Nikki,Question,1,5,788154c4e54a,8829,steps[2].responseOptions[0].steps[0].sceneLine.dialogLine.text,That's good.····· People shouldn't keep secrets.····· How's it any different from lying?
QuestionNikki9,Nikki,Question,2,5,4e9df47cb318,8829,steps[2].responseOptions[0].text,Nope! I have nothing to hide from anybody.
QuestionNikki9,Nikki,Question,3,5,b53bac2160dd,8829,steps[2].responseOptions[1].text,I don't think so... but there was that one thing...
QuestionNikki9,Nikki,Question,4,5,111b663185dd,8829,steps[2].responseOptions[2].text,"Well everybody has something they're hiding, right?"
QuestionTiffany1,Tiffany,Question,0,4,ba0bf9e734d7,8830,steps[1].sceneLine.dialogLine.text,Would you date an unattractive girl if you really liked her as a person?
QuestionTiffany1,Tiffany,Question,1,4,3fd25ee98bac,8830,steps[2].responseOptions[0].steps[0].sceneLine.dialogLine.text,"Honestly,····· me too!·····*hehehehe* Oh no,····· are we terrible people?"
QuestionTiffany1,Tiffany,Question,2,4,6bebf1b49712,8830,steps[2].responseOptions[0].text,Probably not. I need to be attracted to my partner.
QuestionTiffany1,Tiffany,Question,3,4,d9b46f2379ac,8830,steps[2].responseOptions[1].text,Of course. Looks aren't everything you know.
QuestionTiffany10,Tiffany,Question,0,5,58a37cd942de,8831,steps[1].sceneLine.dialogLine.text,"What are your thoughts on school?····· I mean,····· going to college."
QuestionTiffany10,Tiffany,Question,1,5,8830e14f67f7,8831,steps[2].responseOptions[0].steps[0].sceneLine.dialogLine.text,I know right?····· There's just something about the academic setting that I love.
QuestionTiffany10,Tiffany,Question,2,5,5c349341ce87,8831,steps[2].responseOptions[0].text,I love the academic environment. I wish school never ended.
QuestionTiffany10,Tiffany,Question,3,5,217d8b7ee81e,8831,steps[2].responseOptions[1].text,School is a huge waste of time and money.
QuestionTiffany10,Tiffany,Question,4,5,897bb40c7b13,8831,steps[2].responseOptions[2].text,It's a great place to meet young hot chicks.
QuestionTiffany11,Tiffany,Question,0,4,ab14764475d9,8832,steps[1].sceneLine.dialogLine.text,Have you ever cheated on anybody?····· Be honest!
QuestionTiffany11,Tiffany,Question,1,4,01a4dcf96d39,8832,steps[2].responseOptions[0].steps[0].sceneLine.dialogLine.text,"Good...··· wait,····· what do you mean not yet!?·····"
QuestionTiffany11,Tiffany,Question,2,4,c924526a177c,8832,steps[2].responseOptions[1].text,"Yes, but in my defense she was pretty ugly."
QuestionTiffany11,Tiffany,Question,3,4,fe6c3a782dd8,8832,steps[2].responseOptions[2].text,"Nah, it's only cheating if you get caught."
QuestionTiffany12,Tiffany,Question,0,3,857e202db69b,8833,steps[1].sceneLine.dialogLine.text,Do you still talk with any of your ex's?
QuestionTiffany12,Tiffany,Question,1,3,04e240ea2c9a,8833,steps[2].responseOptions[0].steps[0].sceneLine.dialogLine.text,That's really cool!·········· It's nice when you can still be friends.
QuestionTiffany12,Tiffany,Question,2,3,53761cfcdcd8,8833,steps[2].responseOptions[2].text,Well that would require having had a girlfriend.
QuestionTiffany13,Tiffany,Question,0,4,18265f5d2727,8834,steps[1].sceneLine.dialogLine.text,What's your opinion on people who smoke?
QuestionTiffany13,Tiffany,Question,1,4,13dbe28c3350,8834,steps[2].responseOptions[0].steps[0].sceneLine.dialogLine.text,Tell me about it!····· I had to grow up around it because of my mom.····· Ughh!
QuestionTiffany13,Tiffany,Question,2,4,0988dfad633e,8834,steps[2].responseOptions[1].text,It's fine by me. Smoke em' if you got 'em I guess.
QuestionTiffany13,Tiffany,Question,3,4,c9fa337cacc2,8834,steps[2].responseOptions[2].text,It would be awfully hypocritical of me to judge...
QuestionTiffany14,Tiffany,Question,0,4,c3a95573adf9,8835,steps[1].sceneLine.dialogLine.text,Have you ever done any drugs?
QuestionTiffany14,Tiffany,Question,1,4,4c1943a114e3,8835,steps[2].responseOptions[0].steps[0].sceneLine.dialogLine.text,"Yeah,····· my friend Audrey got me to try some stuff one time.····· I didn't like it."
QuestionTiffany14,Tiffany,Question,2,4,aa1f04b11550,8835,steps[2].responseOptions[0].text,I've messed around a little in the past but I'm over it.
QuestionTiffany14,Tiffany,Question,3,4,2527fecbda52,8835,steps[2].responseOptions[2].text,You kidding? I'm about to do some right now.
QuestionTiffany2,Tiffany,Question,0,5,41261da0ee08,8836,steps[1].sceneLine.dialogLine.text,"What's your idea of like,····· the perfect date?"
QuestionTiffany2,Tiffany,Question,1,5,2785c19a5940,8836,steps[2].responseOptions[0].steps[0].sceneLine.dialogLine.text,Right!?····· I was going to say pretty much the same thing.
QuestionTiffany2,Tiffany,Question,2,5,d1d9ce5fcb01,8836,steps[2].responseOptions[0].text,"Sitting at home, ordering a pizza and watching movie."
QuestionTiffany2,Tiffany,Question,3,5,872a24be4fa7,8836,steps[2].responseOptions[1].text,Any time spent with somebody I care about is good enough.
QuestionTiffany2,Tiffany,Question,4,5,a2d5a9669d0c,8836,steps[2].responseOptions[2].text,"A romantic candle lit dinner, followed by a moonlit walk on the beach."
QuestionTiffany3,Tiffany,Question,0,4,4dd9c49f5976,8837,steps[1].sceneLine.dialogLine.text,How close are you with your family?
QuestionTiffany3,Tiffany,Question,1,4,259f0b86e235,8837,steps[2].responseOptions[0].steps[0].sceneLine.dialogLine.text,"No way!····· You too?············ Ughh,····· I'd be perfectly fine if I never saw my mom again."
QuestionTiffany3,Tiffany,Question,2,4,3a8eff522832,8837,steps[2].responseOptions[0].text,I try to stay as far away from those freaks as I can.
QuestionTiffany3,Tiffany,Question,3,4,2062757cba78,8837,steps[2].responseOptions[1].text,"I talk with them every once in a while, but that's about it."
QuestionTiffany4,Tiffany,Question,0,5,4cdcd043f9ee,8838,steps[1].sceneLine.dialogLine.text,"If you had to pick one,····· what do you think your biggest weakness is?"
QuestionTiffany4,Tiffany,Question,1,5,e3412feb653a,8838,steps[2].responseOptions[0].steps[0].sceneLine.dialogLine.text,"You?·········· Naaah,······· what would you have to be insecure about?"
QuestionTiffany4,Tiffany,Question,2,5,f1292c9fb1c3,8838,steps[2].responseOptions[0].text,I can be pretty insecure about my relationship.
QuestionTiffany4,Tiffany,Question,3,5,4b38145d885f,8838,steps[2].responseOptions[1].text,It's hard for me to make an emotional connection with someone.
QuestionTiffany4,Tiffany,Question,4,5,96d3151cf05e,8838,steps[2].responseOptions[2].text,Weakness? I've never heard of such a thing.
QuestionTiffany5,Tiffany,Question,0,4,d7c0321b9934,8839,steps[1].sceneLine.dialogLine.text,What was your first kiss like?
QuestionTiffany5,Tiffany,Question,1,4,8549513c1744,8839,steps[2].responseOptions[0].steps[0].sceneLine.dialogLine.text,"Awww,··· that's cute.····· But I hope you've gotten better since.·····*hehehe*·····"
QuestionTiffany5,Tiffany,Question,2,4,6c0534b1da22,8839,steps[2].responseOptions[0].text,Sloppy! I don't think either of us knew what we were doing.
QuestionTiffany5,Tiffany,Question,3,4,9acc37e4923c,8839,steps[2].responseOptions[2].text,It was in the heat of the moment; really passionate.
QuestionTiffany6,Tiffany,Question,0,4,c88152375a3b,8840,steps[1].sceneLine.dialogLine.text,"Do you believe in extraterrestrial stuff?······· You know,····· like aliens and that?"
QuestionTiffany6,Tiffany,Question,1,4,cb24fad2b575,8840,steps[2].responseOptions[0].steps[0].sceneLine.dialogLine.text,"Okay,····· good!····· My friend Nikki is like obsessed with them.····· She's nuts."
QuestionTiffany6,Tiffany,Question,2,4,8f0af60c7baa,8840,steps[2].responseOptions[1].text,You never know what's out there. It's a pretty big universe.
QuestionTiffany6,Tiffany,Question,3,4,196fe35fc8e1,8840,steps[2].responseOptions[2].text,"They're real, believe me. I was visited once when I was a kid."
QuestionTiffany7,Tiffany,Question,0,2,223c0ae57886,8841,steps[1].sceneLine.dialogLine.text,"Ummm...············ you're not like,······· dating anybody else right now,······· are you?"
QuestionTiffany7,Tiffany,Question,1,2,de966efabc9c,8841,steps[2].responseOptions[0].steps[0].sceneLine.dialogLine.text,"*hehehe*·····Yeah right,····· you wish!"
QuestionTiffany8,Tiffany,Question,0,3,5679738a077a,8842,steps[1].sceneLine.dialogLine.text,"How do you feel about open relationships?····· Like,····· seeing other people on the side?"
QuestionTiffany8,Tiffany,Question,1,3,cbd5bd4f29af,8842,steps[2].responseOptions[0].steps[0].sceneLine.dialogLine.text,*cccccc*···For a second I thought you were going to say something else.
QuestionTiffany8,Tiffany,Question,2,3,c94d30e8256b,8842,steps[2].responseOptions[1].text,Well it certainly doesn't hurt to be open minded.
QuestionTiffany9,Tiffany,Question,0,3,b14ecd83d3c4,8843,steps[1].sceneLine.dialogLine.text,"Have you slept with a lot of girls?····· Wait,····· don't tell me...········ No!····· Wait!····· Yes,····· tell me."
QuestionTiffany9,Tiffany,Question,1,3,63d771854a9f,8843,steps[2].responseOptions[0].steps[0].sceneLine.dialogLine.text,*hehehe*·····Shut up! You're such a dork.
QuestionTiffany9,Tiffany,Question,2,3,bf848de111ec,8843,steps[2].responseOptions[2].text,I've literally never slept with anyone else.
QuestionVenus1,Venus,Question,0,1,84a3e7a44d44,8844,steps[1].sceneLine.dialogLine.text,Who is the youngest girl you've dated?
QuestionVenus10,Venus,Question,0,1,c6e84ef687b7,8845,steps[1].sceneLine.dialogLine.text,Can you tell me the name of the only girl who wears·· earrings?
QuestionVenus11,Venus,Question,0,1,41a1bd89405c,8846,steps[1].sceneLine.dialogLine.text,How many girls have you dated who have blue eyes?
QuestionVenus12,Venus,Question,0,1,88ac8bc63b24,8847,steps[1].sceneLine.dialogLine.text,Which of these girls does not smoke?
QuestionVenus13,Venus,Question,0,1,133e233b9960,8848,steps[1].sceneLine.dialogLine.text,"Out of all the girls you've dated,····· who is the only one····· to change her hair color?"
QuestionVenus14,Venus,Question,0,1,d2b0aeec20f0,8849,steps[1].sceneLine.dialogLine.text,Which one of these girls owns a pair of stockings?
QuestionVenus2,Venus,Question,0,1,740424e543b8,8850,steps[1].sceneLine.dialogLine.text,Who is the tallest girl you've dated?
QuestionVenus3,Venus,Question,0,1,85fe1ee18593,8851,steps[1].sceneLine.dialogLine.text,Which of these girls weighs the least?
QuestionVenus4,Venus,Question,0,1,7a87cf334c31,8852,steps[1].sceneLine.dialogLine.text,"Out of these girls,·· who has the largest cup size?"
QuestionVenus5,Venus,Question,0,1,4638022f6c8c,8853,steps[1].sceneLine.dialogLine.text,Who's birthday arrives latest in the year?
QuestionVenus6,Venus,Question,0,1,872c3fdd249a,8854,steps[1].sceneLine.dialogLine.text,Who is the only girl with violet colored eyes?
QuestionVenus7,Venus,Question,0,1,7cb9f5180f2a,8855,steps[1].sceneLine.dialogLine.text,Which of these pairs of girls·· are not close friends?
QuestionVenus8,Venus,Question,0,1,9762832c3d35,8856,steps[1].sceneLine.dialogLine.text,Which of these girls does not wear glasses?
QuestionVenus9,Venus,Question,0,1,14dae364a3d7,8857,steps[1].sceneLine.dialogLine.text,Which of these girls does not wear lipstick?
QuizAiko1,Aiko,,0,1,e29c18875ad6,8858,steps[1].sceneLine.dialogLine.text,This should be easy.·········· What's my last name?
QuizAiko10,Aiko,,0,1,0e827cf4a2ad,8859,steps[1].sceneLine.dialogLine.text,What did I say when you asked my favorite color?
QuizAiko11,Aiko,,0,1,72b5097a41af,8860,steps[1].sceneLine.dialogLine.text,Which season did I say I liked best?
QuizAiko12,Aiko,,0,1,fc749efe2524,8861,steps[1].sceneLine.dialogLine.text,Can you guess where I'd rather be right now?
QuizAiko2,Aiko,,0,1,33b4d59980a4,8862,steps[1].sceneLine.dialogLine.text,Do you remember how old I said I was?
QuizAiko3,Aiko,,0,2,730179f781ac,8863,steps[1].sceneLine.dialogLine.text,What college degree did I earn?
QuizAiko3,Aiko,,1,2,b81f23088414,8863,steps[2].responseOptions[1].text,You've graduated with a four year degree.
QuizAiko4,Aiko,,0,1,89c617a47209,8864,steps[1].sceneLine.dialogLine.text,"I bet you don't remember how tall I am, hmm?"
QuizAiko5,Aiko,,0,1,d7da9a138d5e,8865,steps[1].sceneLine.dialogLine.text,How much do I weigh?····· And do not get this wrong.
QuizAiko6,Aiko,,0,1,87a06f6c4c05,8866,steps[1].sceneLine.dialogLine.text,Please tell me you know what I do for a living...
QuizAiko7,Aiko,,0,1,abab93119870,8867,steps[1].sceneLine.dialogLine.text,How big are my boobs?····· As if I even have to ask...
QuizAiko8,Aiko,,0,1,b4acd370cab3,8868,steps[1].sceneLine.dialogLine.text,On what day was I born?
QuizAiko9,Aiko,,0,1,5ac4d7062996,8869,steps[1].sceneLine.dialogLine.text,What's my favorite way to spend an evening?
QuizAudrey1,Audrey,,0,1,31bed19e77c0,8870,steps[1].sceneLine.dialogLine.text,What's my last name?····· As if you cared.
QuizAudrey10,Audrey,,0,1,26aaf3ca3673,8871,steps[1].sceneLine.dialogLine.text,"My favorite color,····· what is it?····· Come on,····· I'm waiting..."
QuizAudrey11,Audrey,,0,1,e082c1ddd046,8872,steps[1].sceneLine.dialogLine.text,What's like··· the only season that doesn't suck total ass...
QuizAudrey12,Audrey,,0,1,de13c527786d,8873,steps[1].sceneLine.dialogLine.text,I know.····· What's my favorite spot to chill at?
QuizAudrey2,Audrey,,0,1,ff8dddb7bd87,8874,steps[1].sceneLine.dialogLine.text,Do you even know how old I am?
QuizAudrey3,Audrey,,0,1,7f901af6a79d,8875,steps[1].sceneLine.dialogLine.text,"Not that you give a shit,····· but··· what's my schooling level?"
QuizAudrey4,Audrey,,0,1,71a9518c3e57,8876,steps[1].sceneLine.dialogLine.text,How about my height?····· Do you remember that?
QuizAudrey5,Audrey,,0,1,e547511d38cd,8877,steps[1].sceneLine.dialogLine.text,How much did I say I weighed last time you asked?
QuizAudrey6,Audrey,,0,1,36108aa7e90e,8878,steps[1].sceneLine.dialogLine.text,You remember what I told you when you asked where I worked?
QuizAudrey7,Audrey,,0,1,807deab056c0,8879,steps[1].sceneLine.dialogLine.text,If you remembered anything I'm sure it's the size of my tits.····· Huh?
QuizAudrey8,Audrey,,0,1,e2c14e97729b,8880,steps[1].sceneLine.dialogLine.text,You better know my birthday.····· It's SO easy to remember.
QuizAudrey9,Audrey,,0,1,9a3b85e7cef6,8881,steps[1].sceneLine.dialogLine.text,"What's like,····· my favorite thing to do,····· ever?"
QuizBeli1,Beli,,0,1,40a4ae161b00,8882,steps[1].sceneLine.dialogLine.text,"I know it's sort of hard to remember,········ but········ do you know my last name?"
QuizBeli10,Beli,,0,1,4d51f31e2822,8883,steps[1].sceneLine.dialogLine.text,"What's my favorite color?·········· It's based off of my favorite flower,····· remember?"
QuizBeli11,Beli,,0,1,01b2ba7a9a42,8884,steps[1].sceneLine.dialogLine.text,How about...·········· my favorite season.·········· Do you know it?
QuizBeli12,Beli,,0,1,16ed7e6c6977,8885,steps[1].sceneLine.dialogLine.text,What was my answer when you asked about my favorite place to hang out?
QuizBeli2,Beli,,0,1,49b80d1ae406,8886,steps[1].sceneLine.dialogLine.text,How old am I right now?
QuizBeli3,Beli,,0,2,19d284cfa1b7,8887,steps[1].sceneLine.dialogLine.text,What can you recall about my education?
QuizBeli3,Beli,,1,2,4363097df809,8887,steps[2].responseOptions[1].text,You've graduated with a four year degree.
QuizBeli4,Beli,,0,1,22b1e331e6ca,8888,steps[1].sceneLine.dialogLine.text,Do you remember how tall I am?
QuizBeli5,Beli,,0,1,f32028b3f1cf,8889,steps[1].sceneLine.dialogLine.text,Do you remember what I got my weight down to?
QuizBeli6,Beli,,0,1,b9242fd938b8,8890,steps[1].sceneLine.dialogLine.text,"You do remember what my job is,····· yeah?"
QuizBeli7,Beli,,0,1,8d5682e79252,8891,steps[1].sceneLine.dialogLine.text,"Do you remember what size my...·········· chest,····· is?·····"
QuizBeli8,Beli,,0,1,8e7ffea81891,8892,steps[1].sceneLine.dialogLine.text,What day was I born on?
QuizBeli9,Beli,,0,1,96f6935f6925,8893,steps[1].sceneLine.dialogLine.text,What's the one thing I never forget to make time for every day?
QuizCeleste1,Celeste,,0,1,2d567c4646c7,8894,steps[1].sceneLine.dialogLine.text,Which clan do I belong to?
QuizCeleste10,Celeste,,0,1,7cec372563b3,8895,steps[1].sceneLine.dialogLine.text,What color do I like most?
QuizCeleste11,Celeste,,0,1,6dfa65183c71,8896,steps[1].sceneLine.dialogLine.text,Which of your four seasons do I find most comfortable?
QuizCeleste12,Celeste,,0,1,74c8407c6c7b,8897,steps[1].sceneLine.dialogLine.text,What location in town do I spend a lot of time at?
QuizCeleste2,Celeste,,0,1,344cdf9e1497,8898,steps[1].sceneLine.dialogLine.text,My earth age is how many years?·····
QuizCeleste3,Celeste,,0,1,fd87ddd74133,8899,steps[1].sceneLine.dialogLine.text,What is the name of my home planet?
QuizCeleste4,Celeste,,0,1,d806d208ed9d,8900,steps[1].sceneLine.dialogLine.text,How tall are the females of my species?
QuizCeleste5,Celeste,,0,1,8fcfbcc2db18,8901,steps[1].sceneLine.dialogLine.text,How much does my body weigh?
QuizCeleste6,Celeste,,0,1,9ff27cee9ae0,8902,steps[1].sceneLine.dialogLine.text,What is my primary occupation?
QuizCeleste7,Celeste,,0,1,003c99083d5b,8903,steps[1].sceneLine.dialogLine.text,What size bra am I wearing?
QuizCeleste8,Celeste,,0,1,582c72ee02ec,8904,steps[1].sceneLine.dialogLine.text,When would my day of birth be?
QuizCeleste9,Celeste,,0,1,9beeb03d1b13,8905,steps[1].sceneLine.dialogLine.text,What activity do I most enjoy doing?
QuizCorrect,,,0,40,13316ac95212,9022,lineSets[0].label,quiz correct
QuizCorrect,,,1,40,6c104aff9773,9022,lineSets[0].lines[0].dialogLine[0].text,"Awww,····· you remembered!"
QuizCorrect,,,2,40,1894fb42572c,9022,lineSets[0].lines[0].dialogLine[1].text,"Well I'll be damned,····· you got it."
QuizCorrect,,,3,40,3f1dcf7d19d9,9022,lineSets[0].lines[0].dialogLine[2].text,Yep!····· You got it!
QuizCorrect,,,4,40,935f8e090be6,9022,lineSets[0].lines[0].dialogLine[3].secondaryText,Holy shit! She actually got it right!
QuizCorrect,,,5,40,939e6e52dbd9,9022,lineSets[0].lines[0].dialogLine[3].text,Holy··· shit!·········· You actually got it right!
QuizCorrect,,,6,40,1f7afed309f9,9022,lineSets[0].lines[0].dialogLine[4].text,You have a pretty solid memory!
QuizCorrect,,,7,40,5d7e5fc8cfe1,9022,lineSets[0].lines[0].dialogLine[5].text,"Hmm,····· cool.····· Sorry I doubted you."
QuizCorrect,,,8,40,75ccf786c7d3,9022,lineSets[0].lines[0].dialogLine[6].text,"Ohhh!····· Baby, you did remember!"
QuizCorrect,,,9,40,5fbd9f2f3f9b,9022,lineSets[0].lines[0].dialogLine[7].text,"Good job!············· I have to say,····· I'm impressed!"
QuizCorrect,,,10,40,c9832b1e3855,9022,lineSets[0].lines[0].dialogLine[8].text,Now that's what I like to see!
QuizCorrect,,,11,40,972c6ffc21a3,9022,lineSets[0].lines[0].dialogLine[9].text,···Yessss!····· You got it!
QuizCorrect,,,12,40,6ff17d352e65,9022,lineSets[0].lines[0].dialogLine[10].text,Excellent.····· You remember.
QuizCorrect,,,13,40,5adf8ff00096,9022,lineSets[0].lines[0].dialogLine[11].text,Veeery goood...
QuizCorrect,,,14,40,2f775685c675,9022,lineSets[0].lines[1].dialogLine[0].text,Hmmmm...········ lucky guess!
QuizCorrect,,,15,40,d336983eb056,9022,lineSets[0].lines[1].dialogLine[1].text,"Alright,··· alright.····· You got lucky this time."
QuizCorrect,,,16,40,766c78d5e4e3,9022,lineSets[0].lines[1].dialogLine[2].text,*hahahahaha*·····For a second I wasn't sure you were gonna get it!
QuizCorrect,,,17,40,9267740905d6,9022,lineSets[0].lines[1].dialogLine[3].text,"Whatever...····· good job,····· what do you want,····· a cookie?"
QuizCorrect,,,18,40,16834dc3b10a,9022,lineSets[0].lines[1].dialogLine[4].text,Good job!·····*hahahaha*
QuizCorrect,,,19,40,1fc35800f6af,9022,lineSets[0].lines[1].dialogLine[5].text,I guess should have given you the benefit of the doubt.
QuizCorrect,,,20,40,eadbcc652125,9022,lineSets[0].lines[1].dialogLine[6].text,"Yeah,····· that's actually right...····· You're not like the others..."
QuizCorrect,,,21,40,40c3a3cf5eeb,9022,lineSets[0].lines[1].dialogLine[7].text,*hahahaha*·····Yep!····· You got it!
QuizCorrect,,,22,40,5ee0cb5da886,9022,lineSets[0].lines[1].dialogLine[8].text,"Oh, like you didn't just look it up on the internet!"
QuizCorrect,,,23,40,91a5813ceaf5,9022,lineSets[0].lines[1].dialogLine[9].text,···Mmmhmm!·····*cmcm*
QuizCorrect,,,24,40,d98424f47954,9022,lineSets[0].lines[1].dialogLine[10].text,I'm flattered that you haven't forgotten.
QuizCorrect,,,25,40,9b2093f99739,9022,lineSets[0].lines[1].dialogLine[11].text,"I must say,·········· I'm impressed..."
QuizCorrect,,,26,40,f14f101d7884,9022,lineSets[0].lines[2].dialogLine[0].secondaryText,Wow!····· You got it.····· Most girls would have forgotten by now.
QuizCorrect,,,27,40,22cabeba57d3,9022,lineSets[0].lines[2].dialogLine[0].text,Wow!····· You got it.····· Most guys would have forgotten by now.
QuizCorrect,,,28,40,e928884a7640,9022,lineSets[0].lines[2].dialogLine[1].text,"Mmmmmm,···················· I guess I underestimated you."
QuizCorrect,,,29,40,1308c92af3fb,9022,lineSets[0].lines[2].dialogLine[2].text,"Awww,····· you remembered!"
QuizCorrect,,,30,40,bf942b827c5e,9022,lineSets[0].lines[2].dialogLine[3].text,"What did you do,····· write it down?"
QuizCorrect,,,31,40,ae14782b1168,9022,lineSets[0].lines[2].dialogLine[4].text,Hey you remembered!····· You're sweet.
QuizCorrect,,,32,40,057632817f49,9022,lineSets[0].lines[2].dialogLine[5].text,"Nope...····· wait,·· no,·· that's actually right.····· Wow..."
QuizCorrect,,,33,40,34d76a468189,9022,lineSets[0].lines[2].dialogLine[6].secondaryText,I'm··· impressed!··············· Most chicks just freeze up when I ask something like that.
QuizCorrect,,,34,40,33971795c280,9022,lineSets[0].lines[2].dialogLine[6].text,I'm··· impressed!············· Most guys just freeze up when I ask them something like that.
QuizCorrect,,,35,40,d7960632321f,9022,lineSets[0].lines[2].dialogLine[7].text,Awwww!········ You do care...
QuizCorrect,,,36,40,41a03057b7c4,9022,lineSets[0].lines[2].dialogLine[8].text,"Pssssh,··· that was a softball question!"
QuizCorrect,,,37,40,c56d4ca63f0f,9022,lineSets[0].lines[2].dialogLine[9].text,···Yea!····· You remembered it!
QuizCorrect,,,38,40,c10226eb82f3,9022,lineSets[0].lines[2].dialogLine[10].text,"Hmmmm,······· I'll have to ask harder questions.·····*hehehe*"
QuizCorrect,,,39,40,92910508ce82,9022,lineSets[0].lines[2].dialogLine[11].text,*aaaaacc*····· Well anybody could have gotten that.
QuizIncorrect,,,0,37,b350c9121452,9023,lineSets[0].label,quiz incorrect
QuizIncorrect,,,1,37,fdd9af1395dd,9023,lineSets[0].lines[0].dialogLine[0].text,"Aw,····· come on!····· I know I've told you before."
QuizIncorrect,,,2,37,3fa629b5230f,9023,lineSets[0].lines[0].dialogLine[1].text,*aaaaacccc* Figures...
QuizIncorrect,,,3,37,2db90a665e35,9023,lineSets[0].lines[0].dialogLine[2].text,Duuuude!····· Really?
QuizIncorrect,,,4,37,108bc2c7967d,9023,lineSets[0].lines[0].dialogLine[3].text,"Surprise,····· surprise.····· Wrong again!"
QuizIncorrect,,,5,37,6224b6826b26,9023,lineSets[0].lines[0].dialogLine[4].text,Ahhhhhh...
QuizIncorrect,,,6,37,1d9944078e12,9023,lineSets[0].lines[0].dialogLine[5].text,Oooof course...
QuizIncorrect,,,7,37,a0ded5b88798,9023,lineSets[0].lines[0].dialogLine[6].text,Is that really your honest answer...?·····*cccccc*·····
QuizIncorrect,,,8,37,f99cf44dce72,9023,lineSets[0].lines[0].dialogLine[7].text,"Oh...·········· well,····· I suppose I can't expect you to remember everything..."
QuizIncorrect,,,9,37,b1a735fe20fe,9023,lineSets[0].lines[0].dialogLine[8].text,The only problem with that answer··· is*iiss*····· that it's not the right one.
QuizIncorrect,,,10,37,8010696be619,9023,lineSets[0].lines[0].dialogLine[9].text,"···Master!··· You silly,·· that's not the answer!"
QuizIncorrect,,,11,37,e29a3499de89,9023,lineSets[0].lines[0].dialogLine[10].text,"No,····· unfortunately that isn't the correct answer."
QuizIncorrect,,,12,37,0af02f881f0e,9023,lineSets[0].lines[0].dialogLine[11].text,Ha!··············· Not so good after all...
QuizIncorrect,,,13,37,4cf7a52d893e,9023,lineSets[0].lines[1].dialogLine[0].text,"Psssh,····· I see how it is."
QuizIncorrect,,,14,37,27e0e6067c76,9023,lineSets[0].lines[1].dialogLine[1].text,Faaaaaiiillll!
QuizIncorrect,,,15,37,8e8d567f7900,9023,lineSets[0].lines[1].dialogLine[2].text,Nope!····· Afraid not.
QuizIncorrect,,,16,37,119d63d88c85,9023,lineSets[0].lines[1].dialogLine[3].text,"Ughh,····· fuck you,····· you dickhead."
QuizIncorrect,,,17,37,4b1420165a80,9023,lineSets[0].lines[1].dialogLine[4].text,"Noooo,····· not exactly..."
QuizIncorrect,,,18,37,0f4064815bbd,9023,lineSets[0].lines[1].dialogLine[5].text,"Ooo·····kaaaaay,····· well I guess I was right about that..."
QuizIncorrect,,,19,37,73c99832786c,9023,lineSets[0].lines[1].dialogLine[6].text,"That's okay...····· you were...····· kinda close,····· at least..."
QuizIncorrect,,,20,37,95ad188a801b,9023,lineSets[0].lines[1].dialogLine[7].text,No...············· that isn't it...
QuizIncorrect,,,21,37,e30ec735502d,9023,lineSets[0].lines[1].dialogLine[8].text,*aaaaoooo*··You're·· so·· dumb...·····
QuizIncorrect,,,22,37,73fd091eef07,9023,lineSets[0].lines[1].dialogLine[9].text,···What?····· You didn't forget did you master!?
QuizIncorrect,,,23,37,8ba9bc6811ec,9023,lineSets[0].lines[1].dialogLine[10].text,It seems that your memory has failed you...
QuizIncorrect,,,24,37,4a901582a5ef,9023,lineSets[0].lines[1].dialogLine[11].text,*aaaaaacccc*····· Just as I was expecting...
QuizIncorrect,,,25,37,d08da10dd1ea,9023,lineSets[0].lines[2].dialogLine[0].text,Really...?····· Seriously?
QuizIncorrect,,,26,37,88d22e516d96,9023,lineSets[0].lines[2].dialogLine[1].text,Congratz!······· You're wrong!
QuizIncorrect,,,27,37,b2cb81813a50,9023,lineSets[0].lines[2].dialogLine[2].text,Nooooo...!····· You're just joking right?····· You know that's not the right answer?
QuizIncorrect,,,28,37,40c789dc7b58,9023,lineSets[0].lines[2].dialogLine[3].text,You've got to be kidding me...
QuizIncorrect,,,29,37,594e3e9131d6,9023,lineSets[0].lines[2].dialogLine[4].text,Wrong!····· Better luck next time.
QuizIncorrect,,,30,37,d1ac1cb429a2,9023,lineSets[0].lines[2].dialogLine[5].text,Terrible...
QuizIncorrect,,,31,37,2538dcdfdd22,9023,lineSets[0].lines[2].dialogLine[6].text,*aaaacc*··I'm heartbroken!
QuizIncorrect,,,32,37,978fc89bcfc0,9023,lineSets[0].lines[2].dialogLine[7].text,"I see...············· That's alight,····· I shouldn't have even asked."
QuizIncorrect,,,33,37,c7f32483ed41,9023,lineSets[0].lines[2].dialogLine[8].text,*aaaaccc*·····What am I gonna do with you?
QuizIncorrect,,,34,37,2d565ff62368,9023,lineSets[0].lines[2].dialogLine[9].text,···Awwwwwww...····· but how come you forgot?
QuizIncorrect,,,35,37,050b24d25dec,9023,lineSets[0].lines[2].dialogLine[10].text,You would really do better to remember these things...
QuizIncorrect,,,36,37,440ea97f9814,9023,lineSets[0].lines[2].dialogLine[11].text,*aaaaaacc*····· How...····· disappointing...
QuizIntro,,,0,37,03fdb0106b9d,9024,lineSets[0].label,quiz intro
QuizIntro,,,1,37,85e2402638cc,9024,lineSets[0].lines[0].dialogLine[0].text,I wonder if you'll remember this...
QuizIntro,,,2,37,d41d5d4083cc,9024,lineSets[0].lines[0].dialogLine[1].text,Pop quiz!
QuizIntro,,,3,37,915dec990598,9024,lineSets[0].lines[0].dialogLine[2].text,"Alright big shot,····· let's see if you can answer this..."
QuizIntro,,,4,37,bc4fe14f9a7e,9024,lineSets[0].lines[0].dialogLine[3].text,"Okay,····· here's an asshole test..."
QuizIntro,,,5,37,601b64837050,9024,lineSets[0].lines[0].dialogLine[4].text,Hmmm...····· I wonder if you've been paying attention...
QuizIntro,,,6,37,559cead2636b,9024,lineSets[0].lines[0].dialogLine[5].text,"I kinda doubt you'll get this,····· but·· I'm gonna ask anyway..."
QuizIntro,,,7,37,8deb631ada75,9024,lineSets[0].lines[0].dialogLine[6].text,I'm curious whether or not you've been paying attention to me...
QuizIntro,,,8,37,0890937ac88d,9024,lineSets[0].lines[0].dialogLine[7].text,I want to ask you about a prior conversation.
QuizIntro,,,9,37,afcdc7823e2d,9024,lineSets[0].lines[0].dialogLine[8].text,You know what time it is?····· Quiz··· time!·····
QuizIntro,,,10,37,31dd3f878b4e,9024,lineSets[0].lines[0].dialogLine[9].text,···I know!····· I'll ask you a question about me.
QuizIntro,,,11,37,2d210b5ed56b,9024,lineSets[0].lines[0].dialogLine[10].text,I'm going to test your knowledge...·· of me.
QuizIntro,,,12,37,d71ddb49d4cb,9024,lineSets[0].lines[0].dialogLine[11].text,Alllrrriiiiight...····· let's see just how good you······· really are...
QuizIntro,,,13,37,99a6ce019598,9024,lineSets[0].lines[1].dialogLine[0].text,I wanna find out how much you know about me.
QuizIntro,,,14,37,d7132faa6d18,9024,lineSets[0].lines[1].dialogLine[1].text,Let's find out if you've actually been listening to me...
QuizIntro,,,15,37,1a7e777fee3b,9024,lineSets[0].lines[1].dialogLine[2].text,Surprise question!
QuizIntro,,,16,37,b77aa1ca885b,9024,lineSets[0].lines[1].dialogLine[3].text,Don't EVEN get this question wrong...
QuizIntro,,,17,37,779b6cf35ea0,9024,lineSets[0].lines[1].dialogLine[4].text,"Oh,····· this is gonna be fun.····· I'm gonna quiz you!"
QuizIntro,,,18,37,4680bcd8d8b9,9024,lineSets[0].lines[1].dialogLine[5].text,"Don't freak out,····· but·· I wanna see if you remember something..."
QuizIntro,,,19,37,61072648f6d8,9024,lineSets[0].lines[1].dialogLine[6].text,Let's play a fun game!····· It's called····· make Jessie happy!
QuizIntro,,,20,37,b062e27bfa86,9024,lineSets[0].lines[1].dialogLine[7].text,I'm curious to find out if you'll remember this...
QuizIntro,,,21,37,9692adb09d1c,9024,lineSets[0].lines[1].dialogLine[8].text,I hope you've been studying!·· Because it's time for a teeeessst!·····
QuizIntro,,,22,37,cb93bf4bbfd0,9024,lineSets[0].lines[1].dialogLine[9].text,···Let's play the question game!··· It's really fun!···
QuizIntro,,,23,37,a6a4ee23219b,9024,lineSets[0].lines[1].dialogLine[10].text,Let's find out how strong your memory is...
QuizIntro,,,24,37,2d26847bfef6,9024,lineSets[0].lines[1].dialogLine[11].text,This ought to be··· illuminating...
QuizIntro,,,25,37,7e625bab7fd6,9024,lineSets[0].lines[2].dialogLine[0].text,"Question!·········· And I'm not giving you any hints,··· so don't ask!"
QuizIntro,,,26,37,9308d29ffab0,9024,lineSets[0].lines[2].dialogLine[1].text,This ought to be good...
QuizIntro,,,27,37,43c6af0b8b2d,9024,lineSets[0].lines[2].dialogLine[2].text,I've got an idea.····· I'm gonna quiz you.····· It'll be fun!
QuizIntro,,,28,37,81c119a91e84,9024,lineSets[0].lines[2].dialogLine[3].text,This should be good for a laugh...
QuizIntro,,,29,37,eea1fbcc1d14,9024,lineSets[0].lines[2].dialogLine[4].text,Get ready for a surprise test!
QuizIntro,,,30,37,d3e0aaa2be6c,9024,lineSets[0].lines[2].dialogLine[5].text,I wanna ask you about something we talked about before...
QuizIntro,,,31,37,881bbc73a3d2,9024,lineSets[0].lines[2].dialogLine[6].text,"Ohhh··· no,····· you're in trouble now!*hhmmm*·········· Quiz time!"
QuizIntro,,,32,37,f2dc85e234f9,9024,lineSets[0].lines[2].dialogLine[7].text,I want to know how interesting I am to you...·····*hahahaha*
QuizIntro,,,33,37,22a48ee5e1bd,9024,lineSets[0].lines[2].dialogLine[8].text,You best not get this question wrong...
QuizIntro,,,34,37,99d65b5cb212,9024,lineSets[0].lines[2].dialogLine[9].text,···I wanna know how much you remember about me!
QuizIntro,,,35,37,44c2dfedd8ca,9024,lineSets[0].lines[2].dialogLine[10].text,I want to see if you've been retaining the information I've shared with you...
QuizIntro,,,36,37,d6bb795e39dc,9024,lineSets[0].lines[2].dialogLine[11].text,I can't wait to hear what you come up with for this...
QuizJessie1,Jessie,,0,1,e890e531eafd,8906,steps[1].sceneLine.dialogLine.text,"What's my last name?·········· I mean,····· you have to at least remember that."
QuizJessie10,Jessie,,0,1,17108c19f33f,8907,steps[1].sceneLine.dialogLine.text,Please tell me you haven't forgotten my favorite color?
QuizJessie11,Jessie,,0,1,0637db22c259,8908,steps[1].sceneLine.dialogLine.text,Which season do I love the most?
QuizJessie12,Jessie,,0,1,7bd76ae1d3fe,8909,steps[1].sceneLine.dialogLine.text,"Oh,··· this question is so easy.·····*hahahaha*·····Where is my regular hangout?····· Like,····· duh!"
QuizJessie2,Jessie,,0,1,1452c8cc55bc,8910,steps[1].sceneLine.dialogLine.text,How incredibly young am I?
QuizJessie3,Jessie,,0,1,522894d278dd,8911,steps[1].sceneLine.dialogLine.text,"When you asked about my education,····· what did I say to you?"
QuizJessie4,Jessie,,0,1,7282e19a2b66,8912,steps[1].sceneLine.dialogLine.text,How tall am I again?
QuizJessie5,Jessie,,0,1,d79f7d018e69,8913,steps[1].sceneLine.dialogLine.text,How much do I weigh?····· And be nice...
QuizJessie6,Jessie,,0,1,d2db26c3502b,8914,steps[1].sceneLine.dialogLine.text,"You do know what I do for money,····· don't you?"
QuizJessie7,Jessie,,0,1,a1a4b094bc78,8915,steps[1].sceneLine.dialogLine.text,"Quick,··· without looking,····· what's my cup size?········ Well,············· ok···ay,·········· you can take a quick peek.·····"
QuizJessie8,Jessie,,0,1,125eb939f871,8916,steps[1].sceneLine.dialogLine.text,"You haven't forgotten my birthday,····· have you?"
QuizJessie9,Jessie,,0,1,ee38f031ff03,8917,steps[1].sceneLine.dialogLine.text,"I'm sure I don't have to remind you of my favorite hobby,····· do I?"
QuizKyanna1,Kyanna,,0,1,7fcf417dde8c,8918,steps[1].sceneLine.dialogLine.text,"You remember my last name,····· don't you?"
QuizKyanna10,Kyanna,,0,1,c6b0813d8b5c,8919,steps[1].sceneLine.dialogLine.text,I bet you can't recall my favorite color!····· Can ya?
QuizKyanna11,Kyanna,,0,1,7b1182f93c66,8920,steps[1].sceneLine.dialogLine.text,"Uhhh...····· I forgot what I was going to ask...····· Oh,··· yeah!····· What's my favorite season?"
QuizKyanna12,Kyanna,,0,1,0888e7d9aaf3,8921,steps[1].sceneLine.dialogLine.text,I'm sure you could just guess this one.····· What place am I always at?
QuizKyanna2,Kyanna,,0,1,383eaeab646c,8922,steps[1].sceneLine.dialogLine.text,What's my age?····· Most people think I'm older than I am because of my son.
QuizKyanna3,Kyanna,,0,1,0c44d8fa22ac,8923,steps[1].sceneLine.dialogLine.text,"You probably remember the level of school I've completed,····· right?"
QuizKyanna4,Kyanna,,0,1,5e6739aa04e5,8924,steps[1].sceneLine.dialogLine.text,How tall am I?····· Five foot what?
QuizKyanna5,Kyanna,,0,1,e64dcff3b5a9,8925,steps[1].sceneLine.dialogLine.text,I just weighed myself this morning;····· it hasn't changed.····· You remember what it is?
QuizKyanna6,Kyanna,,0,1,3d8cde4f2d14,8926,steps[1].sceneLine.dialogLine.text,What am I doing to pay the bills?
QuizKyanna7,Kyanna,,0,1,b541f1b473c3,8927,steps[1].sceneLine.dialogLine.text,"Since you're already staring at them,····· can you tell me what size my chest is?"
QuizKyanna8,Kyanna,,0,1,d163369d484b,8928,steps[1].sceneLine.dialogLine.text,I'll be surprised if you get this one!····· My birthday...?
QuizKyanna9,Kyanna,,0,1,f75cadac35a5,8929,steps[1].sceneLine.dialogLine.text,"Okay,····· this one is super easy,····· but I'll ask anyway.····· What's my main hobby?"
QuizKyu1,Kyu,,0,1,22eae5900519,8930,steps[1].sceneLine.dialogLine.text,"Ugghhh,····· I don't even wanna ask...·····*ccccc*····· What's my last name?"
QuizKyu10,Kyu,,0,1,dc8a1841dee5,8931,steps[1].sceneLine.dialogLine.text,"I know you're gonna be able to tell me what my favorite color is,····· right?"
QuizKyu11,Kyu,,0,1,615dbfe75c9d,8932,steps[1].sceneLine.dialogLine.text,Did you forget what my favorite season is?
QuizKyu12,Kyu,,0,1,1ee1ffd52f47,8933,steps[1].sceneLine.dialogLine.text,Where do I like to hang out?
QuizKyu2,Kyu,,0,1,96f6586ba860,8934,steps[1].sceneLine.dialogLine.text,How old am I?····· In····· fairy years of course.
QuizKyu3,Kyu,,0,1,6497fd5d2a47,8935,steps[1].sceneLine.dialogLine.text,Remember the name of the place I'm from?
QuizKyu4,Kyu,,0,1,5cc62fb5a311,8936,steps[1].sceneLine.dialogLine.text,How tall did I say I was?
QuizKyu5,Kyu,,0,1,33ff54f2def7,8937,steps[1].sceneLine.dialogLine.text,How heavy did I say I was?
QuizKyu6,Kyu,,0,1,714cbaf84dfb,8938,steps[1].sceneLine.dialogLine.text,This is literally the most obvious question in the game.····· What's my job?····· Duh!
QuizKyu7,Kyu,,0,1,3b432d5aa7cf,8939,steps[1].sceneLine.dialogLine.text,What size are my boobs?
QuizKyu8,Kyu,,0,1,320627f73e11,8940,steps[1].sceneLine.dialogLine.text,What day was I born on?
QuizKyu9,Kyu,,0,1,9b0cb3f6adab,8941,steps[1].sceneLine.dialogLine.text,What's my favorite hobby?····· It's a... pretty hard to forget.
QuizLola1,Lola,,0,1,2bfa1f22b6fe,8942,steps[1].sceneLine.dialogLine.text,Do you remember what my last name is?
QuizLola10,Lola,,0,1,07b98ad7e6d0,8943,steps[1].sceneLine.dialogLine.text,"If you get this one wrong,····· I'm gonna be bummed out.····· What's my favorite color?"
QuizLola11,Lola,,0,1,e155d2f97922,8944,steps[1].sceneLine.dialogLine.text,"You can tell me which season I like most,····· right?"
QuizLola12,Lola,,0,1,98811617ef45,8945,steps[1].sceneLine.dialogLine.text,There's a place in town I love to visit more than any other.····· What's the place?
QuizLola2,Lola,,0,1,3e024e7abda5,8946,steps[1].sceneLine.dialogLine.text,Do you know how old I am?····· I know I've mentioned it!
QuizLola3,Lola,,0,2,4c11617ccc4f,8947,steps[1].sceneLine.dialogLine.text,How long did I go to school for?
QuizLola3,Lola,,1,2,7b589cafbf1e,8947,steps[2].responseOptions[0].text,You've graduated with a four year degree.
QuizLola4,Lola,,0,1,63a3d01f2780,8948,steps[1].sceneLine.dialogLine.text,What's my height?····· And don't just guess!
QuizLola5,Lola,,0,1,e3916459694c,8949,steps[1].sceneLine.dialogLine.text,How heavy did I tell you I was?
QuizLola6,Lola,,0,1,cb0f713ca605,8950,steps[1].sceneLine.dialogLine.text,"You'll get this one, I'm sure.····· What do I do for work?"
QuizLola7,Lola,,0,1,c32a17c4173e,8951,steps[1].sceneLine.dialogLine.text,Of course you remember my cup size?
QuizLola8,Lola,,0,1,885af15928b1,8952,steps[1].sceneLine.dialogLine.text,When's m*aaa*y birthday?····· If you think you can recall it.
QuizLola9,Lola,,0,1,02656a3066fb,8953,steps[1].sceneLine.dialogLine.text,Which activity am I trying to get better at?
QuizMomo1,Momo,,0,1,43303978df41,8954,steps[1].sceneLine.dialogLine.text,···Do you remember what my last name is?
QuizMomo10,Momo,,0,1,04ef548300c5,8955,steps[1].sceneLine.dialogLine.text,···What's my most bestest favoritest color in the whole world?
QuizMomo11,Momo,,0,1,8c54b88e4883,8956,steps[1].sceneLine.dialogLine.text,···What...··· uhhh...····· What was I gonna ask?····· Oh!··· Yeah!····· What season do I like?
QuizMomo12,Momo,,0,1,12c9aa56300a,8957,steps[1].sceneLine.dialogLine.text,···What place do I loooooove to go play at?
QuizMomo2,Momo,,0,1,df0293aff159,8958,steps[1].sceneLine.dialogLine.text,···How old am I?······· You didn't forget did you?
QuizMomo3,Momo,,0,1,827dc410e397,8959,steps[1].sceneLine.dialogLine.text,"···Ummmm,·········· remember when you asked where I came from?····· Do you remember what I said?"
QuizMomo4,Momo,,0,1,de3118788a00,8960,steps[1].sceneLine.dialogLine.text,···How many feet and inches tall am I?
QuizMomo5,Momo,,0,1,a774e449b7bb,8961,steps[1].sceneLine.dialogLine.text,···How many pounds do I weigh?····· If you remember...
QuizMomo6,Momo,,0,1,a0b40b012f37,8962,steps[1].sceneLine.dialogLine.text,···What was my answer when you asked where I work at?
QuizMomo7,Momo,,0,1,4a872062097a,8963,steps[1].sceneLine.dialogLine.text,"···Uhhhh,· what's my...····· What do you call it again?····· Cup...··· yeah!··· Cup size!·····"
QuizMomo8,Momo,,0,1,2de3a75fb1c8,8964,steps[1].sceneLine.dialogLine.text,"···You didn't forget my birthday,·· did you?"
QuizMomo9,Momo,,0,1,9075429511e1,8965,steps[1].sceneLine.dialogLine.text,···What activity do I like to do a whole lot?
QuizNikki1,Nikki,,0,1,58520507ad7a,8966,steps[1].sceneLine.dialogLine.text,"My last name is pretty easy,········ you can't really forget it.········ Unless...···················· oh my god,········ did you?·······"
QuizNikki10,Nikki,,0,1,0a2c3f59d387,8967,steps[1].sceneLine.dialogLine.text,"If I had to pick a favorite color,····· what would it be?"
QuizNikki11,Nikki,,0,1,c8bf47afea51,8968,steps[1].sceneLine.dialogLine.text,Which of the seasons is the one I like best?
QuizNikki12,Nikki,,0,1,864440c5bb45,8969,steps[1].sceneLine.dialogLine.text,What did I tell you was my favorite place to hang out?
QuizNikki2,Nikki,,0,1,413b2eb184ba,8970,steps[1].sceneLine.dialogLine.text,Do you remember how old I am?
QuizNikki3,Nikki,,0,1,bafffcc997a2,8971,steps[1].sceneLine.dialogLine.text,How much school have I gone through?
QuizNikki4,Nikki,,0,1,d1164cb4f8a2,8972,steps[1].sceneLine.dialogLine.text,How tall would you say I am?
QuizNikki5,Nikki,,0,1,7a653511cbef,8973,steps[1].sceneLine.dialogLine.text,I'll actually be pretty impressed if you can recall my weight.
QuizNikki6,Nikki,,0,1,fc402d983e38,8974,steps[1].sceneLine.dialogLine.text,"So,····· I've told you what I do for work.······· Can you tell me what it is?"
QuizNikki7,Nikki,,0,1,37dc068287b1,8975,steps[1].sceneLine.dialogLine.text,"Part of me hopes you don't actually remember this,····· but,····· what size is my bra?"
QuizNikki8,Nikki,,0,1,528628b5ef47,8976,steps[1].sceneLine.dialogLine.text,"I have a fairly easy birthday to remember.············· I'm curious,········· do you know it?"
QuizNikki9,Nikki,,0,1,5c904653cec5,8977,steps[1].sceneLine.dialogLine.text,Please tell me you haven't forgotten my favorite hobby...?
QuizTiffany1,Tiffany,,0,1,a21e75d5f91c,8978,steps[1].sceneLine.dialogLine.text,What's my last name?
QuizTiffany10,Tiffany,,0,1,ed75f58cb7ca,8979,steps[1].sceneLine.dialogLine.text,What is my favorite color?····· You can't forget this!
QuizTiffany11,Tiffany,,0,1,467b022fd3a7,8980,steps[1].sceneLine.dialogLine.text,How about...··· my·· favorite·· season.····· Remember what I told you?
QuizTiffany12,Tiffany,,0,1,def74d6f3bc4,8981,steps[1].sceneLine.dialogLine.text,Where do I like to hang out most often?
QuizTiffany2,Tiffany,,0,1,5c08bbfd003e,8982,steps[1].sceneLine.dialogLine.text,How old am I?
QuizTiffany3,Tiffany,,0,1,50264ba45a2a,8983,steps[1].sceneLine.dialogLine.text,You remember my education level?
QuizTiffany4,Tiffany,,0,1,ce2890ae106d,8984,steps[1].sceneLine.dialogLine.text,How tall did I say I am?
QuizTiffany5,Tiffany,,0,1,d5364f8c0c22,8985,steps[1].sceneLine.dialogLine.text,How much do you think I weigh?
QuizTiffany6,Tiffany,,0,1,da394af9f43f,8986,steps[1].sceneLine.dialogLine.text,What do I do for work?
QuizTiffany7,Tiffany,,0,1,49054b89889f,8987,steps[1].sceneLine.dialogLine.text,I know you'll remember this.····· My cup size?
QuizTiffany8,Tiffany,,0,1,a16f3d96cc82,8988,steps[1].sceneLine.dialogLine.text,I really hope you'll know this.····· When's my birthday?
QuizTiffany9,Tiffany,,0,1,c5de26dd6b84,8989,steps[1].sceneLine.dialogLine.text,What's like... my favorite thing to do?
QuizVenus1,Venus,,0,1,4b5bf4728755,8990,steps[1].sceneLine.dialogLine.text,"Please,········ tell me,········ what is my last name?"
QuizVenus10,Venus,,0,1,90dd05d01a5b,8991,steps[1].sceneLine.dialogLine.text,Which color do I prefer more than any other?
QuizVenus11,Venus,,0,1,4d7b898eb32e,8992,steps[1].sceneLine.dialogLine.text,What season do I find the most endurable?
QuizVenus12,Venus,,0,1,238d1c2132a5,8993,steps[1].sceneLine.dialogLine.text,Where is my favorite place to be in town?
QuizVenus2,Venus,,0,1,ca73b8eb5354,8994,steps[1].sceneLine.dialogLine.text,For how many years have I lived?
QuizVenus3,Venus,,0,1,c90cbecb9008,8995,steps[1].sceneLine.dialogLine.text,In what kingdom do I preside as ruler?
QuizVenus4,Venus,,0,1,150117f48712,8996,steps[1].sceneLine.dialogLine.text,What is my height?
QuizVenus5,Venus,,0,1,9c00c16ddc55,8997,steps[1].sceneLine.dialogLine.text,What is my weight?
QuizVenus6,Venus,,0,1,7607e39d1261,8998,steps[1].sceneLine.dialogLine.text,What is my official position back home?
QuizVenus7,Venus,,0,1,cd5907caec88,8999,steps[1].sceneLine.dialogLine.text,"Tell me,····· what is the cup size of my bra?"
QuizVenus8,Venus,,0,1,10cf122c321a,9000,steps[1].sceneLine.dialogLine.text,On what day of the year would my birth have happened?
QuizVenus9,Venus,,0,1,33ac199e766a,9001,steps[1].sceneLine.dialogLine.text,"What is my...····· what did you call it?····· a····· ""hobby""?"
SexualSounds,,,0,18,7bae1707c62a,9014,lineSets[0].label,first
SexualSounds,,,1,18,e6d4bb61e639,9014,lineSets[1].label,second
SexualSounds,,,2,18,4f4406cc5087,9014,lineSets[2].label,third
SexualSounds,,,3,18,fa9706bfd1cf,9014,lineSets[2].lines[0].dialogLine[7].text,*ccaacc*···*cccc*··*cccc*
SexualSounds,,,4,18,64eee1b7ef4b,9014,lineSets[3].label,fourth
SexualSounds,,,5,18,01c00c14ef61,9014,lineSets[4].label,climax
SexualSounds,,,6,18,96f28c44f962,9014,lineSets[4].lines[0].dialogLine[0].text,"*cac*··*cac*··*cac**ccaacc*·····*yes,··· more*·····*ccaacc*·····*ccaacc**ccaacc**ccaacc**ccaacc**ccaacc*"
SexualSounds,,,7,18,7d66c8fca71c,9014,lineSets[4].lines[0].dialogLine[1].text,*ccaacc*···*ccaacc*········*ccaacc*··········*ccaacc*············*ccaacc*···············*ccaacc*···············*ccccaaaaaaaaaaaaaacccc*···············
SexualSounds,,,8,18,2ecf8cc29fee,9014,lineSets[4].lines[0].dialogLine[2].text,*ccaacc*·····*cac*···*ccaacc*···*ccaacc*···*cccaaaaccc*·····*ccaacc**ccaacc**ccaacc**ccaacc**ccaacc**ccaacc**ccaacc*
SexualSounds,,,9,18,94161747ebe1,9014,lineSets[4].lines[0].dialogLine[3].text,*caac*·····*cccaaacc*···*caac*···*ccaacc*·····*ccaacc*·····*ccaacc**ccaacc**ccaacc**ccaacc**ccaacc**ccaacc**ccaacc*
SexualSounds,,,10,18,dc59666a5ef4,9014,lineSets[4].lines[0].dialogLine[4].text,*ccaacc**ccaacc*·····*ccaacc*·····*ccaaccccaacc**ccaacc**ccaacc**ccaacc**ccaacc**ccaacc**ccaacc**ccaacc*
SexualSounds,,,11,18,b7f8ac99cbb4,9014,lineSets[4].lines[0].dialogLine[5].text,*ccaacc*···*ccaacc*·····*ccaacc*·····*ccaacc*·····*ccaacc*···*ccaacc*···············*ccccaaaaaaaaaaaaaacccc*···············
SexualSounds,,,12,18,2d9981908b3d,9014,lineSets[4].lines[0].dialogLine[6].text,"*oh my god,····· yeah*·····*ccccmmmm*·····*ccaacc*·····*ccaacc*·····*ccaacc**ccaacc**ccaacc**ccaacc**ccaacc**ccaacc*"
SexualSounds,,,13,18,96e129d8704c,9014,lineSets[4].lines[0].dialogLine[7].text,*caac**cccc*···*cccc**cccc*···*aaa**aaac**ccaacc**ccaacc**ccaacc**ccaacc**ccaacc**ccaacc*·····
SexualSounds,,,14,18,8dccf0db01c7,9014,lineSets[4].lines[0].dialogLine[8].text,*ccaacc*··*cac*···*caac*·····ohhh yeah·····*ccaacc**ccaacc*·····*ccaacc*·····*ccaacc*·····*ccaacc*·····
SexualSounds,,,15,18,436ae0d3e3db,9014,lineSets[4].lines[0].dialogLine[9].text,*ccaacc*·····*ccaacc*····*caac*·····*cccaaaaccc*·····*cccaaaccc*·····*ccaacc*·····*ccaacc**ccaacc**ccaacc**ccaacc*
SexualSounds,,,16,18,8d1ffbefcc15,9014,lineSets[4].lines[0].dialogLine[10].text,*ccaacc*·····*caac*·····*doont stoop*··*cccc*··*caac*·····*ccaacc**ccaacc**ccaacc**ccaacc**ccaacc**ccaacc**ccaacc*
SexualSounds,,,17,18,bcb96b5193dd,9014,lineSets[4].lines[0].dialogLine[11].text,*ccaacc*···*ccaacc*···*ccaacc**ccaacc**ccaacc*···*ccaacc*···············*ccccaaaaaaaaaaaaaacccc*······························
Valediction,,Valediction,0,150,6475d85479e1,9015,lineSets[0].label,morning
Valediction,,Valediction,1,150,52ddd02896aa,9015,lineSets[0].lines[0].dialogLine[0].text,Enjoy the rest of your day!
Valediction,,Valediction,2,150,25ffaa2fb54c,9015,lineSets[0].lines[0].dialogLine[1].text,Swing by the campus later and keep me company.
Valediction,,Valediction,3,150,4b38bb583c32,9015,lineSets[0].lines[0].dialogLine[2].text,"Okay,····· have a super awesome day!"
Valediction,,Valediction,4,150,62a4297ab606,9015,lineSets[0].lines[0].dialogLine[3].text,"Uhhh...····· yeah,····· okay.····· Bye..."
Valediction,,Valediction,5,150,0b9a3ccbb3c3,9015,lineSets[0].lines[0].dialogLine[4].text,Have a good day.
Valediction,,Valediction,6,150,108703bf56c0,9015,lineSets[0].lines[0].dialogLine[5].text,Take it easy.
Valediction,,Valediction,7,150,81499618e9e1,9015,lineSets[0].lines[0].dialogLine[6].text,"Awwww,····· I'll miss you!"
Valediction,,Valediction,8,150,744b0e8724c0,9015,lineSets[0].lines[0].dialogLine[7].text,"Take care out there,····· okay?"
Valediction,,Valediction,9,150,931de8a8851d,9015,lineSets[0].lines[0].dialogLine[8].text,Make me proud!
Valediction,,Valediction,10,150,6ac803ccf40d,9015,lineSets[0].lines[0].dialogLine[9].text,"···Awwwwww,····· come and see me later okay?"
Valediction,,Valediction,11,150,f9c97fd0e65b,9015,lineSets[0].lines[0].dialogLine[10].text,I hope to see you again soon.
Valediction,,Valediction,12,150,ab3695e47e44,9015,lineSets[0].lines[0].dialogLine[11].text,Off you go then!
Valediction,,Valediction,13,150,9347bd0b6a06,9015,lineSets[0].lines[1].dialogLine[0].text,I'll see you later!
Valediction,,Valediction,14,150,7b701fc1a33b,9015,lineSets[0].lines[1].dialogLine[1].text,"Yeah,····· I should be going too."
Valediction,,Valediction,15,150,ab5504b5e7b2,9015,lineSets[0].lines[1].dialogLine[2].text,"Aw man,····· is it that time already?"
Valediction,,Valediction,16,150,6a3a543b0d1c,9015,lineSets[0].lines[1].dialogLine[3].text,"Uhhh...····· yeah,····· okay.····· Bye..."
Valediction,,Valediction,17,150,58138c8f2037,9015,lineSets[0].lines[1].dialogLine[4].text,Be seeing you!
Valediction,,Valediction,18,150,6b5d61d948e3,9015,lineSets[0].lines[1].dialogLine[5].text,"Uhh,····· okay.····· See ya later."
Valediction,,Valediction,19,150,11d64dddd141,9015,lineSets[0].lines[1].dialogLine[6].text,Leaving...····· so soon?
Valediction,,Valediction,20,150,2346bbc2e989,9015,lineSets[0].lines[1].dialogLine[7].text,Yes!·········· Time to get this day underway.
Valediction,,Valediction,21,150,984a375f7e99,9015,lineSets[0].lines[1].dialogLine[8].secondaryText,Later girlfriend!
Valediction,,Valediction,22,150,59185de12756,9015,lineSets[0].lines[1].dialogLine[8].text,Later dude!
Valediction,,Valediction,23,150,75ebaf2228fa,9015,lineSets[0].lines[1].dialogLine[9].text,···Kay.····· Have a super good day!
Valediction,,Valediction,24,150,97450fa5b0cc,9015,lineSets[0].lines[1].dialogLine[10].text,I hope to see you again soon.
Valediction,,Valediction,25,150,48dce6b9fc4a,9015,lineSets[0].lines[1].dialogLine[11].text,Keep yourself busy out there!
Valediction,,Valediction,26,150,ce8076ebc8ef,9015,lineSets[0].lines[2].dialogLine[0].text,Shit is it that time already?····· Oops!
Valediction,,Valediction,27,150,e0504213aa02,9015,lineSets[0].lines[2].dialogLine[1].text,Enjoy your day.
Valediction,,Valediction,28,150,ed8f33f595f7,9015,lineSets[0].lines[2].dialogLine[2].text,Knock um' dead out there!
Valediction,,Valediction,29,150,9505481b171b,9015,lineSets[0].lines[2].dialogLine[3].text,"Uhhh...····· yeah,····· okay.····· Bye..."
Valediction,,Valediction,30,150,de882087623d,9015,lineSets[0].lines[2].dialogLine[4].text,Okay!····· I should really be going soon too.
Valediction,,Valediction,31,150,0afe0789abb1,9015,lineSets[0].lines[2].dialogLine[5].text,Take it easy.
Valediction,,Valediction,32,150,0d39f2845b5e,9015,lineSets[0].lines[2].dialogLine[6].text,Don't get into any trouble out there.·· That's my job.···*hahahaha*·····*hah*
Valediction,,Valediction,33,150,80d2d081d71b,9015,lineSets[0].lines[2].dialogLine[7].text,Have a great day!
Valediction,,Valediction,34,150,08fb7e4440cb,9015,lineSets[0].lines[2].dialogLine[8].text,See ya later superstar!
Valediction,,Valediction,35,150,2c80412db68b,9015,lineSets[0].lines[2].dialogLine[9].text,···See ya later alligator!
Valediction,,Valediction,36,150,964a42f887fb,9015,lineSets[0].lines[2].dialogLine[10].text,I hope to see you again soon.
Valediction,,Valediction,37,150,6d698a4ad81d,9015,lineSets[0].lines[2].dialogLine[11].text,I'll be keeping my eye on you.
Valediction,,Valediction,38,150,145ced3d5c62,9015,lineSets[1].label,afternoon
Valediction,,Valediction,39,150,336d91f7ecef,9015,lineSets[1].lines[0].dialogLine[0].text,Peace!
Valediction,,Valediction,40,150,6ab4b98e259a,9015,lineSets[1].lines[0].dialogLine[1].text,"Yup, take care."
Valediction,,Valediction,41,150,dcaa89b11ecd,9015,lineSets[1].lines[0].dialogLine[2].text,"Sounds cool,····· have a good one."
Valediction,,Valediction,42,150,63fee2b2260d,9015,lineSets[1].lines[0].dialogLine[3].text,Later!
Valediction,,Valediction,43,150,f9a28a181dc6,9015,lineSets[1].lines[0].dialogLine[4].text,Take care!
Valediction,,Valediction,44,150,dffe162d39f5,9015,lineSets[1].lines[0].dialogLine[5].text,"Okay,····· later."
Valediction,,Valediction,45,150,fea7fe7a564d,9015,lineSets[1].lines[0].dialogLine[6].text,I'll be thinking about you!
Valediction,,Valediction,46,150,289afaa53a13,9015,lineSets[1].lines[0].dialogLine[7].text,Until next time!
Valediction,,Valediction,47,150,37e2fcd65e01,9015,lineSets[1].lines[0].dialogLine[8].text,Keeps it real.
Valediction,,Valediction,48,150,dc3f3958a050,9015,lineSets[1].lines[0].dialogLine[9].text,··Bye bye!
Valediction,,Valediction,49,150,dad4caf03c8e,9015,lineSets[1].lines[0].dialogLine[10].text,I hope to see you again soon.
Valediction,,Valediction,50,150,1d720570a9a5,9015,lineSets[1].lines[0].dialogLine[11].text,Farewell!
Valediction,,Valediction,51,150,b0b4bff7cbea,9015,lineSets[1].lines[1].dialogLine[0].text,Catch ya later!
Valediction,,Valediction,52,150,b591b78cd2b1,9015,lineSets[1].lines[1].dialogLine[1].secondaryText,Be a good girl out there.
Valediction,,Valediction,53,150,e99cc9512576,9015,lineSets[1].lines[1].dialogLine[1].text,Be a good boy out there.
Valediction,,Valediction,54,150,1d00d9f4c524,9015,lineSets[1].lines[1].dialogLine[2].text,Catch you on the flip flop!
Valediction,,Valediction,55,150,3bb5c2f3b295,9015,lineSets[1].lines[1].dialogLine[3].text,*aaaacc*·····Finally...
Valediction,,Valediction,56,150,31b40944fd1b,9015,lineSets[1].lines[1].dialogLine[4].text,"I'll talk to you later,·· then?"
Valediction,,Valediction,57,150,e832069ad977,9015,lineSets[1].lines[1].dialogLine[5].text,See ya.
Valediction,,Valediction,58,150,bf23ff1fd194,9015,lineSets[1].lines[1].dialogLine[6].text,Okay...····· come and see me real soon.
Valediction,,Valediction,59,150,4832579ea953,9015,lineSets[1].lines[1].dialogLine[7].text,I hope to see you soon!
Valediction,,Valediction,60,150,0a6ac053d6e3,9015,lineSets[1].lines[1].dialogLine[8].text,Keep your head in the game!
Valediction,,Valediction,61,150,eabf2e9362e2,9015,lineSets[1].lines[1].dialogLine[9].text,···Mmmmm...····· okaaaay...····· miss you!
Valediction,,Valediction,62,150,a1f92c2b6c1b,9015,lineSets[1].lines[1].dialogLine[10].text,I hope to see you again soon.
Valediction,,Valediction,63,150,a98ce3112b55,9015,lineSets[1].lines[1].dialogLine[11].text,"Yes,····· of course.·········· Goodbye then..."
Valediction,,Valediction,64,150,82d0909f1da2,9015,lineSets[1].lines[2].dialogLine[0].text,"Yeah,····· I should really be leaving too.····· See ya!"
Valediction,,Valediction,65,150,f8e8bcd8eb5e,9015,lineSets[1].lines[2].dialogLine[1].text,"Hopefully,····· I'll see you later?"
Valediction,,Valediction,66,150,406eb073b126,9015,lineSets[1].lines[2].dialogLine[2].text,Deuces!
Valediction,,Valediction,67,150,56e6d7aebc90,9015,lineSets[1].lines[2].dialogLine[3].text,"Fine,····· whatever."
Valediction,,Valediction,68,150,0a5087e7ad47,9015,lineSets[1].lines[2].dialogLine[4].text,Bye!
Valediction,,Valediction,69,150,a64a1be258ac,9015,lineSets[1].lines[2].dialogLine[5].text,I guess I'll be seeing you around then?
Valediction,,Valediction,70,150,249cd2b81d01,9015,lineSets[1].lines[2].dialogLine[6].text,"You stay away from all those younger girls out there,····· okay?"
Valediction,,Valediction,71,150,83879169eeac,9015,lineSets[1].lines[2].dialogLine[7].text,Enjoy!
Valediction,,Valediction,72,150,be4d2aac85d4,9015,lineSets[1].lines[2].dialogLine[8].text,I'll be around if you need me!
Valediction,,Valediction,73,150,c0f5af6f94b4,9015,lineSets[1].lines[2].dialogLine[9].text,···Kisses!·····*aacc*
Valediction,,Valediction,74,150,d46bfc4432d9,9015,lineSets[1].lines[2].dialogLine[10].text,I hope to see you again soon.
Valediction,,Valediction,75,150,30312dbb49d0,9015,lineSets[1].lines[2].dialogLine[11].text,I'll look forward to our next encounter.
Valediction,,Valediction,76,150,3aeedc0b58fe,9015,lineSets[2].label,evening
Valediction,,Valediction,77,150,cf161a0c6c36,9015,lineSets[2].lines[0].dialogLine[0].text,Buh-bye!
Valediction,,Valediction,78,150,ec2d3de33a22,9015,lineSets[2].lines[0].dialogLine[1].text,"Don't be a stranger,·· okay?"
Valediction,,Valediction,79,150,af7058452d35,9015,lineSets[2].lines[0].dialogLine[2].text,Take it easy!
Valediction,,Valediction,80,150,218db4ce80f0,9015,lineSets[2].lines[0].dialogLine[3].text,Bye!
Valediction,,Valediction,81,150,b76b5a455f1e,9015,lineSets[2].lines[0].dialogLine[4].text,Take care of yourself.
Valediction,,Valediction,82,150,626bd508f476,9015,lineSets[2].lines[0].dialogLine[5].text,Bye.
Valediction,,Valediction,83,150,0aa323f4dd3a,9015,lineSets[2].lines[0].dialogLine[6].text,Bye bye sweetie.
Valediction,,Valediction,84,150,1d4f74b98523,9015,lineSets[2].lines[0].dialogLine[7].text,Bye bye!
Valediction,,Valediction,85,150,de2a57de81d6,9015,lineSets[2].lines[0].dialogLine[8].text,Stay focused!····· Don't loose your cool.
Valediction,,Valediction,86,150,c01e9c77d28c,9015,lineSets[2].lines[0].dialogLine[9].text,···Goodbye!·····
Valediction,,Valediction,87,150,fff335078b90,9015,lineSets[2].lines[0].dialogLine[10].text,Come and visit me anytime.
Valediction,,Valediction,88,150,953c834e0b92,9015,lineSets[2].lines[0].dialogLine[11].text,Until next time...
Valediction,,Valediction,89,150,209007dde29c,9015,lineSets[2].lines[1].dialogLine[0].text,"Psssh, I see how it is!*hehe*·····"
Valediction,,Valediction,90,150,c830c1350389,9015,lineSets[2].lines[1].dialogLine[1].text,Byyyyyeee.
Valediction,,Valediction,91,150,0576d5ce2c90,9015,lineSets[2].lines[1].dialogLine[2].text,Peace!
Valediction,,Valediction,92,150,cce100c45771,9015,lineSets[2].lines[1].dialogLine[3].text,Get at me later.
Valediction,,Valediction,93,150,55c6c9df1aff,9015,lineSets[2].lines[1].dialogLine[4].text,Alright then!
Valediction,,Valediction,94,150,4e828e832f8f,9015,lineSets[2].lines[1].dialogLine[5].text,Peace.
Valediction,,Valediction,95,150,033a0ddf7d98,9015,lineSets[2].lines[1].dialogLine[6].text,Kisses!
Valediction,,Valediction,96,150,49bbd1362aab,9015,lineSets[2].lines[1].dialogLine[7].text,Take care of yourself!
Valediction,,Valediction,97,150,482d8f394125,9015,lineSets[2].lines[1].dialogLine[8].text,Go get her!
Valediction,,Valediction,98,150,43bc80d09c85,9015,lineSets[2].lines[1].dialogLine[9].text,"···Take care, okay?"
Valediction,,Valediction,99,150,ffa8cf7c6467,9015,lineSets[2].lines[1].dialogLine[10].text,I'm anticipating our next meeting.
Valediction,,Valediction,100,150,bbde5a7a84f1,9015,lineSets[2].lines[1].dialogLine[11].text,Take care!
Valediction,,Valediction,101,150,dcbfe56c5c4c,9015,lineSets[2].lines[2].dialogLine[0].text,Toods!
Valediction,,Valediction,102,150,c92477345b6a,9015,lineSets[2].lines[2].dialogLine[1].text,Alright.······· Don't party too hard tonight!
Valediction,,Valediction,103,150,7c363148edb9,9015,lineSets[2].lines[2].dialogLine[2].text,"Alright dude,····· I'll see you later."
Valediction,,Valediction,104,150,ffa0eb370943,9015,lineSets[2].lines[2].dialogLine[3].text,I guess I'll be seein' ya...
Valediction,,Valediction,105,150,542e00dd7315,9015,lineSets[2].lines[2].dialogLine[4].text,Have a good evening.
Valediction,,Valediction,106,150,dd395fb3e8b0,9015,lineSets[2].lines[2].dialogLine[5].text,"Enjoy the rest of your night,····· if·· you can."
Valediction,,Valediction,107,150,c5327241353d,9015,lineSets[2].lines[2].dialogLine[6].text,Until next time...
Valediction,,Valediction,108,150,58b84597ea18,9015,lineSets[2].lines[2].dialogLine[7].text,Have a pleasant night.
Valediction,,Valediction,109,150,734f5c76d129,9015,lineSets[2].lines[2].dialogLine[8].text,Deuces!
Valediction,,Valediction,110,150,b35aed2ce4fa,9015,lineSets[2].lines[2].dialogLine[9].text,···Mmm·····kaaay...····· Now I have to figure out what I'm gonna tonight...
Valediction,,Valediction,111,150,789af303439a,9015,lineSets[2].lines[2].dialogLine[10].text,Leaving already.····· Alright...
Valediction,,Valediction,112,150,8b4de8fe65d0,9015,lineSets[2].lines[2].dialogLine[11].text,Goodbye for now.
Valediction,,Valediction,113,150,95c2f2e91616,9015,lineSets[3].label,night
Valediction,,Valediction,114,150,18f4863fac8f,9015,lineSets[3].lines[0].dialogLine[0].text,Goodnight!
Valediction,,Valediction,115,150,0821a94727d2,9015,lineSets[3].lines[0].dialogLine[1].text,"Try to keep those dreams about me under control, alright? *hahahaha*"
Valediction,,Valediction,116,150,7081d1e45e13,9015,lineSets[3].lines[0].dialogLine[2].text,Goodnight!
Valediction,,Valediction,117,150,994319ba2efb,9015,lineSets[3].lines[0].dialogLine[3].text,"You're just leaving,····· like that?····· Fine."
Valediction,,Valediction,118,150,650089659fe0,9015,lineSets[3].lines[0].dialogLine[4].text,Goodnight.
Valediction,,Valediction,119,150,cde806a567a8,9015,lineSets[3].lines[0].dialogLine[5].text,Night.
Valediction,,Valediction,120,150,a40a3d194ec1,9015,lineSets[3].lines[0].dialogLine[6].text,Sweet dreams...
Valediction,,Valediction,121,150,d35eba7fc21f,9015,lineSets[3].lines[0].dialogLine[7].text,"Alright,····· rest easy!"
Valediction,,Valediction,122,150,12417cc5682d,9015,lineSets[3].lines[0].dialogLine[8].text,"Get some rest,····· you deserve it."
Valediction,,Valediction,123,150,25312f0e27b7,9015,lineSets[3].lines[0].dialogLine[9].text,···Night night!·····
Valediction,,Valediction,124,150,45ce8ef8df16,9015,lineSets[3].lines[0].dialogLine[10].text,"Rest easy,····· okay?"
Valediction,,Valediction,125,150,af2f3467b648,9015,lineSets[3].lines[0].dialogLine[11].text,I trust I'll be seeing you tomorrow?
Valediction,,Valediction,126,150,68bc55ef3a89,9015,lineSets[3].lines[1].dialogLine[0].text,Have a good night!
Valediction,,Valediction,127,150,4fc431df5de8,9015,lineSets[3].lines[1].dialogLine[1].text,"Awwwwww,····· really?"
Valediction,,Valediction,128,150,b874945cd814,9015,lineSets[3].lines[1].dialogLine[2].text,"You're leaving already?····· Awww,····· come see me tomorrow!"
Valediction,,Valediction,129,150,25601525f665,9015,lineSets[3].lines[1].dialogLine[3].text,"Please,····· you'll be back."
Valediction,,Valediction,130,150,ad47195f92f8,9015,lineSets[3].lines[1].dialogLine[4].text,Sleep well.
Valediction,,Valediction,131,150,41ee44fbc68a,9015,lineSets[3].lines[1].dialogLine[5].text,"Okay, cool.······· Maybe I'll see you tomorrow?"
Valediction,,Valediction,132,150,402d779ac63a,9015,lineSets[3].lines[1].dialogLine[6].text,But...····· who's going to keep me warm tonight...?
Valediction,,Valediction,133,150,fc45e4b29333,9015,lineSets[3].lines[1].dialogLine[7].text,"Mmmm,····· sleep well!"
Valediction,,Valediction,134,150,8dd2342c1794,9015,lineSets[3].lines[1].dialogLine[8].text,Byyyyeee...····· Love ya to pieces!
Valediction,,Valediction,135,150,2c774e8dfad2,9015,lineSets[3].lines[1].dialogLine[9].text,···Sleep tight!····· Don't let the bed bugs bite!···
Valediction,,Valediction,136,150,02de871bf782,9015,lineSets[3].lines[1].dialogLine[10].text,*aaaaccc*·····*cccc*·····I should be getting to sleep too.·····
Valediction,,Valediction,137,150,246ce91e0fa7,9015,lineSets[3].lines[1].dialogLine[11].text,Sleep well.
Valediction,,Valediction,138,150,b3e76366777b,9015,lineSets[3].lines[2].dialogLine[0].text,"Okay,··· cool.········ Maybe I'll see you tomorrow?"
Valediction,,Valediction,139,150,14a80d1e8883,9015,lineSets[3].lines[2].dialogLine[1].text,Have a good night.
Valediction,,Valediction,140,150,8cc3b1861de7,9015,lineSets[3].lines[2].dialogLine[2].text,Conking out so soon?····· You baby!·····
Valediction,,Valediction,141,150,33572a8d20a3,9015,lineSets[3].lines[2].dialogLine[3].text,See ya.
Valediction,,Valediction,142,150,90283c48c1fc,9015,lineSets[3].lines[2].dialogLine[4].text,Fair enough.····· Night!
Valediction,,Valediction,143,150,226ccdd65321,9015,lineSets[3].lines[2].dialogLine[5].text,"Ughh,··· me too.······· I need to go home and pass out..."
Valediction,,Valediction,144,150,81f79c7e5a26,9015,lineSets[3].lines[2].dialogLine[6].text,"Ohhh,············ alriiight.·········· You better come visit me tomorrow!"
Valediction,,Valediction,145,150,6ba88d1a65ab,9015,lineSets[3].lines[2].dialogLine[7].text,Good night!
Valediction,,Valediction,146,150,8b8fca2a518d,9015,lineSets[3].lines[2].dialogLine[8].text,"Good work,····· bring it in for today."
Valediction,,Valediction,147,150,001658048ae1,9015,lineSets[3].lines[2].dialogLine[9].text,···Byyyeee...····· I'll be dreaming of you!·····*hahahaha*
Valediction,,Valediction,148,150,705dead5a207,9015,lineSets[3].lines[2].dialogLine[10].text,I hope to see you again soon.
Valediction,,Valediction,149,150,831e6cbecdd6,9015,lineSets[3].lines[2].dialogLine[11].text,Have a pleasant night...
path_9567,,,0,1,1dc23472fb0c,9567,data.text,"AMICE Maxim, Matthew Potter, Aiden ""Numbers"" Schaefer, Bradley Pabatang, David ""Socratics101"" Chang, Derrick Pilgrim Jr, Miguel Lollett, T. Cook, Timmothy Clarke, Aaron Reishaun Dixon, Accelsharp, Alex Martin, Alexis Helen, Alice Gutierrez, Almost Human, Andrew Mark Cathie, B ""King of Anime"" T, Benjamin Aurin, Boehmi, Cabbage, Charles Russell, Closet Pervert, Crystal Young, Daniel M Nguyen, Dark Mystic Squatter 69, Dylan Smith, Eddie Arenas, epeeguy, Erik Konpaku, Ethan Chiang, F. Javier Leon, FrostBlue, Incredible_Scarf, Jared Katz, Jens Schunck, Jim Cates, John Allen IV, John Smith Tardis, Johnathan Smithwick, Joshua Miller, Juryel, Justin Groves, Jyles Cinco, Kaazmo, Kaggie Kendall, Keeper O Books, Kellen McIntyre, Kenny Good, Lazgodie, Mathias Boogh, Matt, Maxwell Franklin, Michael B., Michan, Mikael Knall, Nico Schmitz, Ominous Nominous, Pablo Tourino, Patrick Regling, Patrick Shimizu, Paul ""Shimraa"" Webb, PkkFrank, Quackk_Attack, Quill Kirkland, Sebastian Berger, ShadowFox, Shining Arrow, shinobi, Shiori Misaka, Sonny Le, Sprout, Taon Bower, The Gamer GJMCJG, tofuji, Tyarian Solvluna, Ultramatic, Valkyri, Venron, webJoker, William Bryant, Wraith, Yuji Sato, Yurii ""Saodhar"" Furtat, zack wood, ZackFair(Joel), Zuhur Abdo"
path_9606,,,0,1,b522e93da785,9606,data.text,"Michael Brand, William Cook, Olivier Riedo, Stuart Telfer, Donnie Roos Jr., James Groshon Parker, Shawn Baird, Steve Koons, Aaron Holding, Alexandre ""Scratch"", Chua Chong Yi, Dominic ""RocK_M"" Ferrer, Erwin Sutrisno, Felipe Augusto Batista, Jostein Strand, Kendra ""Tundra"" Langille, ""Baroness"" Aki Caithlyn, Abdullah Albasha, Andrew ""Leefizzy"" Lee, Apenguindidit, Bradley Jensen, densha_dan, Derek Newton, Marco EDLS13, Matthew James Harkins, Patrick Green, Richard Leiva, Steven Chin, Steven Garcia, Will S, xzpwnz, Billy Herrington, Anael Verrier, Andrea Martinelli, Lim Ye Ping, Marius Dagestad, Meracle Silvern, Michael Simon, Mika Flinkman, MK, Richard Ford, Simon 'garkham' Lockheart, Simon Do, Svein Meling, A Patron, Aaron Danczyk, Aaron King, Adam P, Archibald Dupree, Billy Harris, Brian Koonce, Chadwick ""lilo"" Johnson, Charles Mickendrow, Chris Downs, Craig Chapman, Dan W Zhang, David M. Thomas, Elliott D. Gleason, Grant Hansen, GuardianE, Helen Hieble, Jaslyn, Jason & Victoria Zagar, Jesus Aguirre, Johnathan Torres, Johnathon ""The Rooster"" Cisneros, Johnny Parker, Justin Demafilis, Kamil Knapczyk, Keimarios, LordMatsu, Mario Velardita, Matty C., Nathaniel Pahl, Neko-Reo, Nick Andrzejewski, Nidoking, Ro, Robbie Boerner, Robert ""Saka"" Ramos, Ryan Riley-Mercado, Serra Angel, Some Random Anime Lover, Steven J. Koons II, Tim Reilly, Troy Turner, Yaka, Adrian 'Telaran' von Allmen, AndCycle, Anthony Cash, CaptainToasters, CJ Barrett, David Chuhay, Dustin Roop, faeriehunter, Ivan de Neymet Franco, Ivron, Joel E. Reichenbach, Juha Laaksonen, Lucif3rhawk, MAO, Plusi, R.Jackson, Remy ""Skuz974"" STIEGLITZ, Takayuki, tfkmaster (the brick), Jamie Yakeleya, Jason Anthony, Jecht2, joachim_kamikaze, John J. Walsh IV, John Nathan Fernandez, Joni Lappalainen, Justin ""Wafflewolf"" Ho, Keith Hall, Kuga, Lachlan John Poots, Lane Edgington, Lyssiar Schilling, Magentawolf, MakoDeth, Mario Clarke, Melfion, Michael ""beefsack"" Alexander, Michael Bohl, Michael Hording, Mike Paul, Mitchell Moreno, Nathan Green, Necrosis Thanatos, Niclas, Nik Das, Omar Rodriguez, Onsokumaru The Trip, Orcus, Oyvind Meling, Pasha, Piron P, Remi Sinou, Rob ""theused182""  Johnston, Robert, Serena ""Intendant S"" Nelson, Stefan Schreiber, the chimerical collective, theVandeman, Thomas McKeon, Tyler Q Nguyen, Tyrell Neufeld, Valdis_Belial, Wesley Tabor, William Cook, yaymos, Zero Null, Merc, Mho, Michael Holcombe, Michael Miller, mirumu, mmx, Morten Due, nephalite, nih, Nora Elisa Sotelo, Oliver James Minall, Olivier ""Eivoril"" RAQUIN, Orrin Sensathien, Patrick Tan, Paul H.C.M. Barron, Paul Rock, Paul S. Enns, Petter SF, quamp, Rafe Morrel, Richard van der Schoor, Roger Vargas Ramirez, Ryan Whorton, SaoBunneh, Sean Taylor, Shadowx1800, Sheenariel, ShimaPantsu, Sierra Meador, Speculations, Steif O. Rever, Steve Hinckley, Steven Bice, Steven Broka, Steven Caneda, Thomas Zilling, ToadnoChikara, Top-Ranger, Tornel, toshiro kanchou, V Lopez, Valinnis, Warpwny, WhaTEvaHBoI, William Sharpe, Z.M. Schaffer, Zak Anttila, AAAYogibearAAA, Aaron Davenport, Adin Knight, Adipose Wrex, Adrian Gallegos, Alex Rathbone, Alexander John Aristotle Kimball, Alexander Kendall, Andrew P. Bullen, Andy ""YukaTakeuchiFan"" Kurland, Antonio Vincentelli, Apollo, Archon, autfag, awowamax, Ax_kidson, Bastiaan Rours, Benjamin J Sheahan, Big Dan, Bill Murashie, Bobby Skeens, Brent K. Smith, Brian Clinton, Brian VD, Bryan, Bryan E, Bryan Khoo, Btburns, Chris ""Codo"" Congdon, Chris Amos, Chris Miller, Chris Park, Christian Singh, Christoph ""Fr33l4ncer"" Huber, CHT a.k.a Death Cruzer, Claus Lutke, Collapsar, Damon English, Danger Mouse, Daniel Perrio, Danny Kriegbaum Laursen, Dark09, Darryll smith-walker, David White, Dean ""the great dong"" Thurston, Dominik Dalek, Dubbles WildHogsGaming, Dustin Frisch, Earl Fiorito, Eastborn, Erik The Viking, Ethan Roy, Evan Mitchell, Filipp Filippenkov, Forzdan, Franny Jay, G.K., Gabriel ""Gabe Khronos"" Godoy, Galronir, Gazz91, Geovanni Villagran, Godewijn W. Perizonius, Hans Christian Solberg, Henry Tran, Howru, Hugo Viklund, Humberto ""StarChuck"" Meireles, Hutch, Ian Wolfe, ichi, Ignatiev Vladimir, Ikaboom, ittoujuu, Ivo, J. Gentilini, J4K3S7A, Jacques Alexander Katzoff, James Buckley, James Graham, James O'Connell, Jared Winteregg, Jason ""CombatWars"" Chen, Jay Choi, Jaymark108, JD, Jens Kristian Rode-Moller, Jesus Roberto Martinez Garcia, JimmySSChou06, Joe Saint, John Pushnik, Jonathan Tang, Juanjo Barrio, Justin Horn, JVizzy, Karl Ivar Billy Niemela Olsson, kayman, Kaypar, Kays, Kern Handa, Kevin Osburn, KiddoCabbusses, Lassi Helio, Laura Gohl, Lazzarus, Levi McConnell, LunarKnite, Lyraphor, M_yth, Marie Elizondo, Mark ""Aahz"" Montgomery, Markus Magnitz, Marten Chronoes Tarkin, Matt Chan, Matt Lawson, Matt P, Matthew Drieling, Matthew Murray, Max R., MC Snyd, MDuh, Michael Douglas Meyer Jr., Michael Falinski, Michael G. Roth, Michael J. Crowley, Michael R. Jeschke, Mike Fischer, Minh Tri Philip Hoang, Mr. Lieutenant Time Bonkers, N Wright, Nat Fowler, Nathan Jarrell, Nathan Mckeeman, Nathan Whelihan, Nicholas Medeiros, Nikola Milinkovic, Nolan ""AnalFries"" Raven, Patrick ""EPL"" Londema, Patrick Riedel, Per Axmark, Pete Davison, Phil Brown, Philip Bradley, Phill ""TheRage"" Couzens, piDERF, PMD, prototype00, RealZero, Reynard Dwi Saputra, Richard Wardell Cook, Rin Hatune, Robert Oldfield, Robert Salender (AskaLangly), Roy L, Rufus, Ryan M., Ryan Mills, Ryan P., S Greatorex, S. A. Bellamy, Sam Klein, Sami 'Hamsu' Saarela, Samu Valimaki, Sanguinius, Scythation, Serge, Sergio ""Gamesta64"" Quinones, SexySex69 Spambot, Shun Tse, skkn, Sleepington, Slepchenkov Vladimir, SlothFacts FGC, SosukeDrake, Stephen Couch, Steven Day, The Blue-Eyed Infidel, Thomas Nickel, Tim ""TypeFirebird"" Bucknell, Tim Danysh, Tim S, Timothy, Todd Ellerman, Tourak, Trent Slater, Trip C, Tristan D. Carl, Tuyen Ngo, Tyler Jackson, Tyler Spears, Vahn Kergonan, Vladimir V., Vladislav ""Dramatheurgist"" Goldakovsky, Wererat42, William Dylan Butcher, William Mills, Wyatt Moser (Table645), Yousif Al Khalifa, Yuriko, Yuta Hoshina, Zandri, Zanthulol, Zebrian ODell, ZirCreepsAlot, -iwayandk-, ""Mr. Ninja"", ""Not A Spy"", [HYBRID BEING], A Lonely Weeaboo, Aaron R Corff, Adam Testagrossa, adamma666, Adol Christin, Aggie Lenoir, Aile Windsor, AJTilley.com, Akaecius, Akienous, Alan Manganti Lalonde, Alanna McTavish, Alex ""Is Playing"" Martin, Alex Downs, Alex Kramer, Alexander Otto, Alexis ""poetfox"" Long, alexito, Alfredo Torres, Alzael, Anders Kronquist, Andrew Craig, Andrew Cummings, Andrew Fults, Andrew McDermott, Andrew Wilson, Angel Aaron Reyes, Anonymous, Anthony Feldhake, Archange, archigram, Ari Lautamaki, Armando Perez, Artik Dube, Aun Na Tan, Austin Kue, Bartosz Krawcewicz, baskat, bchan84, BedfordLovesNisekoi, Benjamin Abrams, Bluefire, bluemeep, Bobular, Boomsickle, Bowman W, Bradford Cone, Brandon Lavell Edwards, Brendan Ferris, Brett Martinez, Brian Bowman, Brian Weiss, BubbleKings, ByunTaeNy, C Miller, C. Wallace, Calvin C., Calvin Snowden, Cameron ""Aurora"" Forrester, Canardwcx, Captain Turtle, Cardician, Carsten Berg, Casey Walsh, Cedric ""Makura"" Richard, Ceph Hart, Chance Stephens, Chankit Pongdhana, Charles Cope, Chi Shing Li, Chia Chong Yee, Chimerical Tales, Chris Cornell, Chris Marsden, Chris Punska, Chris Tran, Chriss, Christopher Bee, Christopher D. Sandford, Christopher McKenzie, Christopher Roberts, Chun, Cirno Hakurei, cleverwings, closer013, Cody Hester, Colin, Conrad Manzano, Coral Cockle, Corey C., Cory ""FL4GG"" Lieske, Cowdenstar, Crimrui, curescurse, Dablue, Daniel ""Kyimo"" Russell, Daniel D Magnan, Daniel Han, Daniel Thornhill, Daniele lai, Dare Sid ""WOW"" Phile, Darn, David Long (neko), David Lyons, David R Miler, David Terry, David Wilson, Dawn_, Deko Kantara, Dennis Andreas, Derek A. Roncal, dgc1980, Dickson Lee, difuzed, Diogo Baquini, Dish, DJ Fool, Dmitry Sokol, Doc Thomsen, Donovan, Drae Thompson, Dude, Durdya Zeugme, Dvvarf, Dylan Patrick, Edward ""ArdentPurple"" Engquist, Edward Dang, Ektorus, Emma Williams, Emperor Aljust, Enigma416, Entercoven, Eric Zhang, Ervonymous, Estey Dayo, FaylynSeryph, Felipe Lins, Filiel, Flinx1138, Fluffy McDuck, Frikkie van niekerk, Fuin, Furio Kensei, Fuseji, FusionWarrior, Fuzzy, Gareth Robinson, Garrett Muggy, Garth Schmidt, GeiR, General JP, Giako, Gold Star Anime & Games, Gonsalo Ceja, Gontier Eric ""Ericia"", Graeme 'Rooster' Miller, Gregory ""Yumeji"" Bernal, Gregory Polander, Guido Tantowie, Haken Browning, Halko, Hampus Karlsson, Harald Hellerud, Heavy_McFatso, hi guy, Husker Dan, Hznbrg, Iain E. Anderson, Igor Kozyrin, Islew, Ivannorr, Ives Rountree, IvyLoveRoses, J Brad Woodfin, J Scott Knell, Jack Frazee, Jack Zackowitz, Jackie Chou, Jacob ""FAKKU"" Grady, Jacob Helou, Jacob Koonce, Jake the boardgaming robot from the future, Jake Walston, James ""Rixh"" Haygood, James ""Sneezie"" Eddy, James Kennan, James Lange, James Lofshult ((Solav)), James Sunderland, Jamieson Whitehead, Jan ""Psyfe"" Ostby, Japanese Tech Curse, Jason Kapalka, Jason Logan, JaxWax, Jay Shurman, JBL, JCD2150, Jeff Koons, Jeff Morris, Jeffrey (raz) Adams, Jeremi Guevarra, Jeremy Kuhne, Jeroen Dekkers, Jesse Gillespie, Jinx, JNR, Joann Youngblood, Joe Straatmann, Joel ""Jolt"" Smith, John ""Ogre"" Seals, John Enright, John Kelbaugh, Johnny Laurence, JoJo, Jonas Westerberg, Jonathan Grimm, Jonathan J. Louie, Jonathan Melendez, jonathan stewart ""bikke the pirate"", Jonathon ""Data"" Skillman, Jose Tenorio, Joseph W. Conner, Josh Minol, Joshua Alvarez, Joshua D. Padro, Joshua Munro, Juan Carlos Norianueva, Julien CASTAGNE aka MasterTao, Julius Belmont, Justin O, Jye ""Yuki Hyou"" Karl-Perry, K. Leitch, Kaja Foglio, Kanon, Karl Lassen, Karl Maurer, Keigan Wise, KeiichiFace, Keith Lamond, Kelly Stewart, Ken Pichakun, Kenneth Glasdam, Kenpachi Ramasama, Kent Keltner, Kevin Monkhouse, Kevin Smerbeck, Kiavie, Kim Vidar Lund, KogX, KoH, Kurisu <3, kuzakun, KW Bergman, Kyle Reese, Lasse Lohde, Lee Lawson, Leo ""ExBest"" Lafram, Leon B.R aka Nuragna, Leon Fiddler, Level 1 Imp, Lewkas Fugazi, Loki Fluffy Cat, Lorenzo Arreola, Luca Frigerio, Lucas Alves, Luis Parra, Lumpy, M. H.True, Mads Poulsen, Magnoth, Makosuke, Mara Pieson, Marcel Matz, Marco. P, Marius Thomassen, Mark, Mark 'Footy' Bearden, Mark Douglas, Mark Enkerud, Mark Jackson (Ironstrom), Mark Shaw, Mary Burns, Mathias Jacobsen, Matt ""Overdose"" O'Donnel, Matt A. Rosario, Matt Hoffmann, Matt J, Matt R., Matt Wepee, Matteo ""Klezzon"" Brisinello, Matthew Roberts, Max Juchheim, McBomb, McLOVIN, Michael ""BookwormOtaku"" Connell, Michael (G-Nitro) Camacho, Michael Barnes, Michael Davis-Ickes, Michael J. Musumeci, Michael Scuderi, Michel ""{Tio_Sukita}"" Mattos, Mike the Elf, Mil-kun, Miro Mendoza, Mirokunite, Mistermatrix24, Morning Trick, mrgogo, n1cknak, Nakamura Taiki, Naxxramas, ndkid, Nguyen Minh Tuan, Nicholas J. Hodgson, Nicolas Davila, Nicolas Dufer, Nicolas Kaiser, Nile Bernard, No_Way301, Norman McDonald II, Nuclear42, Nyzarlh, Obi Omatseye, Olivier Lebeau-Paradis, OnpuElena, Oscar Bello, Otto ""Sandshrew2"" Araujo, Patricio Parga, Paul 'Topottsel' Robinson, Pedro Arnulfo Garcia Meza, Pedro Perez, Pedro Shing Rosa, Pete SkyRocket, Peter Kuo, Peter Sandbeck Nielsen, Philipp Bornschein, Pineapple Steak, Pitchingace88, PMar, PrimalWrath, R, Raconis Death, Railgun, Random, Ratdrake, Ratralsis, Ray Higgs, Rebecca Lewis, Redglus, Rene Mesia Cabanza Jr., Rene S. Ramos Jr., Reza Malik, Riddlescoper, RiFiu, Rob Zwetsloot, Robert ""HealyHQ"" Healy III, Robert Stevens, Roberto Quintans, Roman Ryabov, Romy Pham, Ross Celer, Ross Hornsby, Roy Archer, Rt, Ryan ""H Fiend"" Tabb, Ryan Davis, Ryan King, Samuel Nunes, Sara ""Pandy91"" S., Sara P. <3, Sarah Jessica Walker, Sarah Kitty, SayEric, ScapeGod, Scott Aoki, Scott Hardin, Sean Dunham, Sean Ulczycki, Semi-James, Sengoku Nadeko, Serle McPhee, Seto Konowa, Sexualbeanbun, Shaun ""IrishWonda"" Danis, Shaun Skelton, ShyMel, Silvio Herrera Gea, Sindre Saebo, Skyler Arnulfo Topete, Sobriquet, Solomon Silence, Solution, SomePoorSap, SoulCyber, Space G. Host, Spoonykipper, Stefan Guhl, Steffan Dueling, Steven Anderson, Steven Hoffmann, Stephen Hazlewood, Stooks, SuperSN, Takumi Taiki, Tanfew, TepidTwisTed, Tera_GX, Terminax, That Yoshi Guy, The Ferret, The Japanese Sandman, TheFlamingJesus, thezeldagamer, Thomas Scroggs, Thomas Wessel, Thony the Man, Tiffany 'Distraction' Cleveland, Timothy J Lincoln, TLink, Tobin Cristos, tomsatab, Travis (Nogard) Fuller, Tremprod, Tyrone ""r3d tiger"" Tigger Queensborough, uberDirk, veiti, Victor Majko, Videogamer25, Viet Phan, VK, vonb, Wade Ghaleon, waffle_zone, Welis, Weoneo, Wesley Dunbar, William H. Jackson IV, Willian G. Hopfgartner, Woong Gun Choi, world of wandag, wtfuxisup, Xander Weber, Xon890, xrain_cc, xzpwnz, xzpwnz, Zach Stewart, zach!, Zalminen, Zonz, Zork, Zouxstark, Zuu, Zynk Oxhyde, Zyrdarya, Danielle Johnson, Ivan Doronin, Henry Fortuna"
path_9619,,,0,1,305809d83e19,9619,data.text,"^CF2F2F2FFKyu:  ^CB2B2B2FFJaclyn ""Jack"" Hernandez
^CF2F2F2FFTiffany:  ^CB2B2B2FFLori Fischer
^CF2F2F2FFAiko:  ^CB2B2B2FFMarie Rhys
^CF2F2F2FFKyanna:  ^CB2B2B2FFHelene Daviau
^CF2F2F2FFAudrey:  ^CB2B2B2FFBrittany Lauda
^CF2F2F2FFLola:  ^CB2B2B2FFKira Buckland
^CF2F2F2FFNikki:  ^CB2B2B2FFSkyler Davenport
^CF2F2F2FFJessie:  ^CB2B2B2FFAmanda Berning
^CF2F2F2FFBeli:  ^CB2B2B2FFAmber Lee Connors
^CF2F2F2FF???:  ^CB2B2B2FFArden Jones
^CF2F2F2FF???:  ^CB2B2B2FFSarah Wiedenheft
^CF2F2F2FF???:  ^CB2B2B2FFTracey-Jane Lovely"
path_9645,,,0,1,4705eea74e36,9645,data.text,^CF2F2F2FFComposer:  ^CB2B2B2FFWorld of Wandag
path_9683,,,0,1,b26dc060f88a,9683,data.text,"^CF2F2F2FFLead Artist:  ^CB2B2B2FFRizky Prahesa ""Kopianget""
^CF2F2F2FFCG Artist:  ^CB2B2B2FFLaura Casulleras ""Ninamo""
^CF2F2F2FFGraphic Illustrator:  ^CB2B2B2FFAgata Wiejak
^CF2F2F2FFGraphic Illustrator:  ^CB2B2B2FFCihan Gelerli
^CF2F2F2FFPromo Artist:  ^CB2B2B2FFKaskia
^CF2F2F2FFPromo Artist:  ^CB2B2B2FFPinguin-Kotak"
path_9695,,,0,1,d74255f29fef,9695,data.text,"^CF2F2F2FFDesigner, Programmer & Writer:  ^CB2B2B2FFRyan Koons"
