id,category,source_file,path_id,object_name,field_path,text,pt_BR
12fe7eda92c4,dialogue,sharedassets0.assets,8623,IntroAiko,steps[10].sceneLine.dialogLine.text,Nothing like a little exercise to melt that stress away.,
805058c2f0d5,dialogue,sharedassets0.assets,8623,IntroAiko,steps[11].sceneLine.dialogLine.text,"Ehhhhh,····· not today.············ I'm just not feelin' it.",
9f8f13cafb38,dialogue,sharedassets0.assets,8623,IntroAiko,steps[12].sceneLine.dialogLine.text,Will I at least be seeing you this weekend at the studio?,
c70b22e0ae85,dialogue,sharedassets0.assets,8623,IntroAiko,steps[13].sceneLine.dialogLine.text,"I'll be there.·········· I don't think I have anything else going on, for once.",
c7a425a68008,dialogue,sharedassets0.assets,8623,IntroAiko,steps[14].sceneLine.dialogLine.text,Great!····· Can't wait!·········· See you there.,
41bda1e71007,dialogue,sharedassets0.assets,8623,IntroAiko,steps[16].sceneLine.dialogLine.secondaryText,Asian chicks...·········· don't even get me started.,
ab75519b4196,dialogue,sharedassets0.assets,8623,IntroAiko,steps[16].sceneLine.dialogLine.text,Dude...······· bro...········· Asian chicks...·········· don't even get me started.,
267ff08d4fd3,dialogue,sharedassets0.assets,8623,IntroAiko,steps[17].sceneLine.dialogLine.text,I··· have like the worst case of yellow fever··· ever...····· EV··ER.····· Like··· a yellow··· plague.,
de3f01f7dce4,dialogue,sharedassets0.assets,8623,IntroAiko,steps[1].sceneLine.dialogLine.text,Aaaaaaaaaahhhhh...,
7573806a2305,dialogue,sharedassets0.assets,8623,IntroAiko,steps[20].sceneLine.dialogLine.text,"This is a tough approach.····· She's kinda in a shitty mood, so··· say something stupid to try and cheer her up.",
dc26044e8f8d,dialogue,sharedassets0.assets,8623,IntroAiko,steps[21].sceneLine.dialogLine.text,It doesn't matter what.····· The stupider the better.,
2b085e8e59ce,dialogue,sharedassets0.assets,8623,IntroAiko,steps[23].responseOptions[0].steps[0].sceneLine.dialogLine.text,*hahahahahahahaha*··········I ask myself the same thing··· all the time.,
9a603c3b212d,dialogue,sharedassets0.assets,8623,IntroAiko,steps[23].responseOptions[0].text,Isn't it funny how life is pointless and nothing matters?,
f0974454b22d,dialogue,sharedassets0.assets,8623,IntroAiko,steps[23].responseOptions[1].steps[0].sceneLine.dialogLine.text,*hahahahahahaha*·····Oh my god!····· Could you please be more racist?,
7962ee2d5456,dialogue,sharedassets0.assets,8623,IntroAiko,steps[23].responseOptions[2].steps[0].sceneLine.dialogLine.text,"*haha*··*hahahaha*·····Nooo,····· I like the birds.",
3cad45c0642c,dialogue,sharedassets0.assets,8623,IntroAiko,steps[24].responseOptions[0].steps[0].sceneLine.dialogLine.text,Noooooo...········ I look like a mess right now.····· I'm sure my hair is a disaster.,
167f1308aa6f,dialogue,sharedassets0.assets,8623,IntroAiko,steps[24].responseOptions[0].text,I'm only kidding. I just thought you were cute and wanted to meet you.,
9b820874c38c,dialogue,sharedassets0.assets,8623,IntroAiko,steps[24].responseOptions[1].steps[0].sceneLine.dialogLine.text,"Oh,····· no,····· I'm good.",
bc196fd33452,dialogue,sharedassets0.assets,8623,IntroAiko,steps[24].responseOptions[1].text,"Haha, but, for real, what's up? You look a little bummed out over here.",
6713722dc597,dialogue,sharedassets0.assets,8623,IntroAiko,steps[24].responseOptions[2].steps[0].sceneLine.dialogLine.text,"Well,····· mission accomplished.········ Good work!",
cb99dfe855cc,dialogue,sharedassets0.assets,8623,IntroAiko,steps[24].responseOptions[2].text,"Nah, I just like to bother people who look like they want to be left alone.",
6bb4b3db11ae,dialogue,sharedassets0.assets,8623,IntroAiko,steps[25].sceneLine.dialogLine.text,I'm just trying to relax;·········· enjoy a little down time between classes.,
e2ab3230dbc8,dialogue,sharedassets0.assets,8623,IntroAiko,steps[26].sceneLine.dialogLine.text,I teach up at U.O.G.*uuu ooo ggg*····· You know the place?··········· It's like the only university in the city for some reason.,
5e1444588555,dialogue,sharedassets0.assets,8623,IntroAiko,steps[27].responseOptions[0].steps[0].sceneLine.dialogLine.text,I don't know about that.·········· I have a couple students who would probably agree with you though. *hahahahahahaha*·····,
a22bcc84a328,dialogue,sharedassets0.assets,8623,IntroAiko,steps[27].responseOptions[0].text,"Oh, so you've got that sexy teacher angle going then?",
ba1439696b49,dialogue,sharedassets0.assets,8623,IntroAiko,steps[27].responseOptions[1].steps[0].sceneLine.dialogLine.text,Sure;········ yes.·········· Let's go with that. *hahahahaha*·····*hahahahahahahahaha*··*aaaacc*,
270538f89de0,dialogue,sharedassets0.assets,8623,IntroAiko,steps[27].responseOptions[1].text,A teacher? You must be like really smart.,
ccdf4b537343,dialogue,sharedassets0.assets,8623,IntroAiko,steps[27].responseOptions[2].steps[0].sceneLine.dialogLine.text,"Well,········ I'm supposed to be a physics professor,····· let's just leave it at that. *hahahahahahaha*·····*aaaacc*",
6e413bef2ae1,dialogue,sharedassets0.assets,8623,IntroAiko,steps[28].sceneLine.dialogLine.text,I'm glad you came over here.····· I needed a good laugh.,
93d7b921ca9a,dialogue,sharedassets0.assets,8623,IntroAiko,steps[29].sceneLine.dialogLine.text,"The kids call me Ms. Yumi,········ but,····· you····· can call me Aiko.",
dfa4e34e56d2,dialogue,sharedassets0.assets,8623,IntroAiko,steps[2].sceneLine.dialogLine.text,Good morning Aiko!,
36d1565aabd2,dialogue,sharedassets0.assets,8623,IntroAiko,steps[3].sceneLine.dialogLine.text,"Oh,····· hey Beli.",
66abfbdb563f,dialogue,sharedassets0.assets,8623,IntroAiko,steps[4].sceneLine.dialogLine.text,What's wrong?···················· Seem's like something's bothering you.,
679b05a59ecb,dialogue,sharedassets0.assets,8623,IntroAiko,steps[5].sceneLine.dialogLine.text,"Yeah,····· life.",
103f21879844,dialogue,sharedassets0.assets,8623,IntroAiko,steps[6].sceneLine.dialogLine.text,*hahaha*··········How are classes going?,
d01e617cc699,dialogue,sharedassets0.assets,8623,IntroAiko,steps[7].sceneLine.dialogLine.text,"Ugghhhhh,····· I don't want to talk about that.",
48711ffcf0b5,dialogue,sharedassets0.assets,8623,IntroAiko,steps[8].sceneLine.dialogLine.text,"Mmmm,····· well,····· I think I have just the thing!",
8ab05a26bde6,dialogue,sharedassets0.assets,8623,IntroAiko,steps[9].sceneLine.dialogLine.text,I'm headed to the beach to work on a few poses.········ You should join me.,
898e013ef18c,dialogue,sharedassets0.assets,8624,IntroAudrey,steps[10].sceneLine.dialogLine.text,"Turn around,····· and walk away.",
6c80e33fe5cd,dialogue,sharedassets0.assets,8624,IntroAudrey,steps[11].sceneLine.dialogLine.text,Gla*aaaa*dly.·········· At least I won't have to look at your whore face anymore.,
127551d8aad6,dialogue,sharedassets0.assets,8624,IntroAudrey,steps[13].sceneLine.dialogLine.text,Fuckin' whore ass bitch needs to learn...,
7bd33fbef952,dialogue,sharedassets0.assets,8624,IntroAudrey,steps[15].sceneLine.dialogLine.text,"Ooh,··· she's a little feisty one,··· huh?",
cfbb20790155,dialogue,sharedassets0.assets,8624,IntroAudrey,steps[18].sceneLine.dialogLine.text,*aacc*This····· is what we refer to·· as····· a mega bitch.····· Confidence is key here.,
72c88cf0db97,dialogue,sharedassets0.assets,8624,IntroAudrey,steps[19].sceneLine.dialogLine.text,She has to know you're in charge and her bullshit isn't going to faze you.,
d4c9c2963747,dialogue,sharedassets0.assets,8624,IntroAudrey,steps[1].sceneLine.dialogLine.text,"Ughh!····· What the fuck!····· Of course you screwed it up, again!",
923d0f103678,dialogue,sharedassets0.assets,8624,IntroAudrey,steps[20].sceneLine.dialogLine.text,"So whatever you do,····· just,····· stay cool.",
cd4566d5356a,dialogue,sharedassets0.assets,8624,IntroAudrey,steps[22].sceneLine.dialogLine.text,"Uhh,····· could you move please?····· You're kind of in my way.",
b7a9f66b9bb7,dialogue,sharedassets0.assets,8624,IntroAudrey,steps[23].responseOptions[0].steps[0].sceneLine.dialogLine.text,"Ok,····· whatever...····· that was so lame.",
ea922ab6e612,dialogue,sharedassets0.assets,8624,IntroAudrey,steps[23].responseOptions[0].text,...and let you walk out of my life forever?,
7c9b4bae08c5,dialogue,sharedassets0.assets,8624,IntroAudrey,steps[23].responseOptions[1].steps[0].sceneLine.dialogLine.text,"*hahahahaha*···Oh my god,····· seriously?",
76015829bb60,dialogue,sharedassets0.assets,8624,IntroAudrey,steps[23].responseOptions[1].text,"Sorry, I wasn't paying attention. I got lost in your eyes.",
57aafdd698c6,dialogue,sharedassets0.assets,8624,IntroAudrey,steps[23].responseOptions[2].steps[0].sceneLine.dialogLine.text,"Uhhh,····· eww?",
df5ebcbfa864,dialogue,sharedassets0.assets,8624,IntroAudrey,steps[23].responseOptions[2].text,In a minute. I'm not finished checking you out.,
02d495397810,dialogue,sharedassets0.assets,8624,IntroAudrey,steps[24].sceneLine.dialogLine.text,What are you even doing at the mall anyway?····· Besides creeping on girls.,
b5a99eb03077,dialogue,sharedassets0.assets,8624,IntroAudrey,steps[25].responseOptions[0].secondaryText,I need to pick up some lube for our date tonight.,
eeb858f8543d,dialogue,sharedassets0.assets,8624,IntroAudrey,steps[25].responseOptions[0].steps[0].sceneLine.dialogLine.secondaryText,*hahahahaha*·····Is that so?,
f8f884444226,dialogue,sharedassets0.assets,8624,IntroAudrey,steps[25].responseOptions[0].steps[0].sceneLine.dialogLine.text,*hahahahahaha*Is that sooo?·····,
b2ee0063027f,dialogue,sharedassets0.assets,8624,IntroAudrey,steps[25].responseOptions[0].text,I need to pick up some condoms for our date tonight.,
589929b90ed2,dialogue,sharedassets0.assets,8624,IntroAudrey,steps[25].responseOptions[1].steps[0].sceneLine.dialogLine.text,*hahahahaha*·····At least you're honest.,
adc0abee7518,dialogue,sharedassets0.assets,8624,IntroAudrey,steps[25].responseOptions[2].steps[0].sceneLine.dialogLine.text,Haah!····· How many cheesy lines have you memorized··· anyway?,
990efdad8501,dialogue,sharedassets0.assets,8624,IntroAudrey,steps[25].responseOptions[2].text,I had a dream I would find my soulmate here. Turns out dreams CAN come true.,
9c43177bca35,dialogue,sharedassets0.assets,8624,IntroAudrey,steps[26].sceneLine.dialogLine.text,"Well,····· you're going to have to do a lot better than that,····· sorry.",
9e9d68dac34a,dialogue,sharedassets0.assets,8624,IntroAudrey,steps[27].sceneLine.dialogLine.text,Buuut...····· you did put in effort I guess...····· and you are kind of cute.,
3b3c59e00817,dialogue,sharedassets0.assets,8624,IntroAudrey,steps[28].sceneLine.dialogLine.text,"I'll tell you what.··· If you're lucky,··· maybe we can go get high sometime.····· You down?",
12654d97c474,dialogue,sharedassets0.assets,8624,IntroAudrey,steps[29].responseOptions[0].steps[0].sceneLine.dialogLine.text,Niiice...,
1d1e48c7509e,dialogue,sharedassets0.assets,8624,IntroAudrey,steps[29].responseOptions[1].steps[0].sceneLine.dialogLine.text,That works for me.,
13d0e3d4f2b7,dialogue,sharedassets0.assets,8624,IntroAudrey,steps[29].responseOptions[1].text,I've been known to get a little stupid from time to time.,
bf7bef9f79d6,dialogue,sharedassets0.assets,8624,IntroAudrey,steps[29].responseOptions[2].steps[0].sceneLine.dialogLine.text,"Ew,·········· well,····· you need to start.",
394833d41d7a,dialogue,sharedassets0.assets,8624,IntroAudrey,steps[2].sceneLine.dialogLine.text,That's exactly what you asked for!····· Are you joking!?,
adb63e3ed05f,dialogue,sharedassets0.assets,8624,IntroAudrey,steps[30].sceneLine.dialogLine.text,Name's Audrey.····· Get at me if you wanna make things crazy.,
5870b40dc82c,dialogue,sharedassets0.assets,8624,IntroAudrey,steps[32].sceneLine.dialogLine.text,"Now,····· if you don't mind,····· could get the fuck out of my way?",
b11a8dc06805,dialogue,sharedassets0.assets,8624,IntroAudrey,steps[3].sceneLine.dialogLine.text,"Bitch,····· do I look like I'm joking!?····· How am I supposed to walk around like this?",
25583a15138d,dialogue,sharedassets0.assets,8624,IntroAudrey,steps[4].sceneLine.dialogLine.text,You're·· fuckin'·· loco*co*.·· This is how I always cut your nasty ass hair!,
b226db591b2a,dialogue,sharedassets0.assets,8624,IntroAudrey,steps[5].sceneLine.dialogLine.text,"Nasty···· ass······· hair?·········· Eww,·········· don't··· even!·········· Look who's talking,····· skank!",
978b10978ea4,dialogue,sharedassets0.assets,8624,IntroAudrey,steps[6].sceneLine.dialogLine.text,"No····· bitch,····· my hair isn't dried out and reeking of smoke, okay?",
ccb8359280f7,dialogue,sharedassets0.assets,8624,IntroAudrey,steps[7].sceneLine.dialogLine.text,"Whatever··· ho,····· why don't you go get knocked up again.",
5265a8d5e3b6,dialogue,sharedassets0.assets,8624,IntroAudrey,steps[8].sceneLine.dialogLine.text,You need to turn around and walk away.,
13efe65c6a24,dialogue,sharedassets0.assets,8624,IntroAudrey,steps[9].sceneLine.dialogLine.text,What's wrong!?····· Did I hurt your whore feelings?,
705a6bf7bd47,dialogue,sharedassets0.assets,8625,IntroBeli,steps[10].sceneLine.dialogLine.text,"Jess,····· I can't wear this!",
a2e70f097da2,dialogue,sharedassets0.assets,8625,IntroBeli,steps[11].sceneLine.dialogLine.text,What are you talking about?····· You look cute!,
12acc9be4216,dialogue,sharedassets0.assets,8625,IntroBeli,steps[12].sceneLine.dialogLine.text,Cute!?,
f72585a77073,dialogue,sharedassets0.assets,8625,IntroBeli,steps[13].sceneLine.dialogLine.text,"Ohhh,··· stop.········ There's nothing wrong with a little skin.",
29c418abf36e,dialogue,sharedassets0.assets,8625,IntroBeli,steps[14].sceneLine.dialogLine.text,You can't keep all that boob to yourself hun.····· It's not fair to the rest of the world.,
a34d92393c27,dialogue,sharedassets0.assets,8625,IntroBeli,steps[15].sceneLine.dialogLine.text,The world will be just fine without my...················ boo*oo*bs.··,
f1ac19a7e2c1,dialogue,sharedassets0.assets,8625,IntroBeli,steps[16].sceneLine.dialogLine.text,"Yeah··· but,········ I won't.····· Besides,····· it wasn't cheap,····· soooo,····· you're stuck with it.",
8322a966dcc0,dialogue,sharedassets0.assets,8625,IntroBeli,steps[17].sceneLine.dialogLine.text,"So come on,····· let's go!",
1e676c7fd786,dialogue,sharedassets0.assets,8625,IntroBeli,steps[18].sceneLine.dialogLine.text,I am NOT going anywhere in this.············· I'm changing back.,
303ea983037e,dialogue,sharedassets0.assets,8625,IntroBeli,steps[19].sceneLine.dialogLine.text,*aaaaccc*·····You are impossible...,
3df2bc24cb05,dialogue,sharedassets0.assets,8625,IntroBeli,steps[1].sceneLine.dialogLine.text,Are you serious!?,
ea1c6af5d35d,dialogue,sharedassets0.assets,8625,IntroBeli,steps[21].sceneLine.dialogLine.text,Enjoying the view?,
ab02c999a7b5,dialogue,sharedassets0.assets,8625,IntroBeli,steps[22].sceneLine.dialogLine.text,"Quick,··· now's your chance.··· Before she goes to change just say something; anything!",
94d25d07a667,dialogue,sharedassets0.assets,8625,IntroBeli,steps[24].responseOptions[0].steps[0].sceneLine.dialogLine.text,What!?,
6ffcd24a3d7e,dialogue,sharedassets0.assets,8625,IntroBeli,steps[24].responseOptions[0].text,"Excuse me, but if I don't stop you now I'm going to regret it forever.",
1392c2710f73,dialogue,sharedassets0.assets,8625,IntroBeli,steps[24].responseOptions[1].steps[0].sceneLine.dialogLine.text,Huh?,
c4cabd14d513,dialogue,sharedassets0.assets,8625,IntroBeli,steps[24].responseOptions[2].steps[0].sceneLine.dialogLine.text,Ahhh!,
ae2ebe986276,dialogue,sharedassets0.assets,8625,IntroBeli,steps[24].responseOptions[2].text,"Dayum girl! Is it hot out here, or is it just you?",
ae30429a1e58,dialogue,sharedassets0.assets,8625,IntroBeli,steps[25].sceneLine.dialogLine.text,"Ohhh,·· jeez.···················· Hi,········ sorry,········ *uu*ummmmm,·········· *aaaacc*···I'm so embarrassed right now.",
0f037ecee34d,dialogue,sharedassets0.assets,8625,IntroBeli,steps[26].sceneLine.dialogLine.text,"My friend made me put this stupid thing on,·········· sorry.·········· One second,·········· let me go change.",
7af4d7457704,dialogue,sharedassets0.assets,8625,IntroBeli,steps[27].responseOptions[0].steps[0].sceneLine.dialogLine.text,"*hahahaha*·····*haah*·····Somehow,····· I'm not so sure I believe that.",
1c4b69b3a30f,dialogue,sharedassets0.assets,8625,IntroBeli,steps[27].responseOptions[0].text,"Oh, what? The bikini? I hadn't even noticed.",
77fcb9b7bfd8,dialogue,sharedassets0.assets,8625,IntroBeli,steps[27].responseOptions[1].text,What's the rush? I was kinda hoping you would leave it on.,
454fa48bd75b,dialogue,sharedassets0.assets,8625,IntroBeli,steps[27].responseOptions[2].steps[0].sceneLine.dialogLine.text,Really?·········· No.················ You think so?·········· I don't know...,
8efa7ca137ba,dialogue,sharedassets0.assets,8625,IntroBeli,steps[27].responseOptions[2].text,Your friend has good taste. That bikini was destined for you.,
76da88b902c7,dialogue,sharedassets0.assets,8625,IntroBeli,steps[28].sceneLine.dialogLine.text,It's a little revealing.········ Don't you think?,
2d6d029d00e9,dialogue,sharedassets0.assets,8625,IntroBeli,steps[29].sceneLine.dialogLine.text,"I don't want people to think...·········· I'm like that,·········· you know?",
d62f1c1a0e4c,dialogue,sharedassets0.assets,8625,IntroBeli,steps[2].sceneLine.dialogLine.text,Ohhh·· come·· on!····· Just try it on!····· It's going to look sooooo cute.,
cb82b07abdae,dialogue,sharedassets0.assets,8625,IntroBeli,steps[30].responseOptions[0].steps[0].sceneLine.dialogLine.text,*hahahaha*Shut up.·····*haah*····· You know what I mean.,
41ce1131f7da,dialogue,sharedassets0.assets,8625,IntroBeli,steps[30].responseOptions[1].steps[0].sceneLine.dialogLine.text,Sooooo...··············· are you saying····· I have it····· then?,
cc5713e5da7c,dialogue,sharedassets0.assets,8625,IntroBeli,steps[30].responseOptions[2].steps[0].sceneLine.dialogLine.text,*aaaacc*·····You jerk!·····*hahahaha*,
362b1fa2aa35,dialogue,sharedassets0.assets,8625,IntroBeli,steps[30].responseOptions[2].text,"Oh, so you're not like that? Never mind then.",
d282251a68ae,dialogue,sharedassets0.assets,8625,IntroBeli,steps[31].sceneLine.dialogLine.text,"Hmmm...·········· well,·········· I guess it's not that bad...",
b77f8de6fb0e,dialogue,sharedassets0.assets,8625,IntroBeli,steps[32].sceneLine.dialogLine.text,"I mean,·········· if you're really saying you like it...",
d12921642efa,dialogue,sharedassets0.assets,8625,IntroBeli,steps[33].sceneLine.dialogLine.text,"Oh,··· and,····· hi.············· The person inside of the bikini you're talking to;············· her name is Beli.···*hahahaha*·····",
2249e096b8f2,dialogue,sharedassets0.assets,8625,IntroBeli,steps[3].sceneLine.dialogLine.text,Try what on?············· There's nothing here!,
48203c450e99,dialogue,sharedassets0.assets,8625,IntroBeli,steps[4].sceneLine.dialogLine.text,Come·· *oooo*on!····· I saw it and I immediately thought of you.·· You're going to love it.··· I promise.········,
acc93d812c4b,dialogue,sharedassets0.assets,8625,IntroBeli,steps[5].sceneLine.dialogLine.text,Oh····· *aa*my...······················· uggghhh...··············· alright.·········· Just...·········· make sure nobody else is around.,
eedbc85a5cfb,dialogue,sharedassets0.assets,8625,IntroBeli,steps[6].sceneLine.dialogLine.text,"Yeah,··· sure,··· the coast is clear.·····*mmcccmm*·····You're good.",
b68bf4bf5299,dialogue,sharedassets0.assets,8626,IntroCeleste,steps[0].sceneLine.dialogLine.text,Hold it right there!,
5ad7f13dbb3d,dialogue,sharedassets0.assets,8626,IntroCeleste,steps[10].responseOptions[0].steps[2].sceneLine.dialogLine.text,...and just why would you want to learn more about me?,
248dd2d4999e,dialogue,sharedassets0.assets,8626,IntroCeleste,steps[10].responseOptions[0].text,Wait! We were just getting to know each other.,
98e33a878341,dialogue,sharedassets0.assets,8626,IntroCeleste,steps[10].responseOptions[1].steps[2].sceneLine.dialogLine.text,For what reason would we possibly need to meet again?,
843a8a0bce7c,dialogue,sharedassets0.assets,8626,IntroCeleste,steps[10].responseOptions[1].text,Before you go! Will I ever get to see you again?,
5620044f0269,dialogue,sharedassets0.assets,8626,IntroCeleste,steps[10].responseOptions[2].steps[2].sceneLine.dialogLine.text,My name?······· Why would you want to know my name?,
b10bbd52ed9b,dialogue,sharedassets0.assets,8626,IntroCeleste,steps[11].responseOptions[0].steps[0].sceneLine.dialogLine.text,*aaaacc*·····You think...····· I'm cute?,
d357671e7569,dialogue,sharedassets0.assets,8626,IntroCeleste,steps[11].responseOptions[0].text,I just kinda thought you were cute is all...,
14a0a56dbacc,dialogue,sharedassets0.assets,8626,IntroCeleste,steps[11].responseOptions[1].steps[0].sceneLine.dialogLine.text,You...····· want to go on a date?····· With me?·· *aaacc*·····,
3a6ccae59cf1,dialogue,sharedassets0.assets,8626,IntroCeleste,steps[11].responseOptions[1].text,I was wondering if maybe you wanted to go on a date sometime.,
06d0fe86c438,dialogue,sharedassets0.assets,8626,IntroCeleste,steps[11].responseOptions[2].steps[0].sceneLine.dialogLine.text,*iii*I...·········· Oohhhh...······· you really think I'm attractive...?,
044c8fbea8db,dialogue,sharedassets0.assets,8626,IntroCeleste,steps[11].responseOptions[2].text,You're like the sexiest thing I've ever laid eyes on.,
c30d617e1f2a,dialogue,sharedassets0.assets,8626,IntroCeleste,steps[12].sceneLine.dialogLine.text,"Well,········ I suppose you're not terribly hideous for a human.····· *hahahahahaha*",
7c875b8a0499,dialogue,sharedassets0.assets,8626,IntroCeleste,steps[13].sceneLine.dialogLine.text,I don't know...····· this goes against my better judgement...,
0d5f37b49b16,dialogue,sharedassets0.assets,8626,IntroCeleste,steps[14].sceneLine.dialogLine.text,Not to mention that fact····· that it's strictly against protocol...,
42c495cf1625,dialogue,sharedassets0.assets,8626,IntroCeleste,steps[15].sceneLine.dialogLine.text,"But,····· as long as I'm stranded here,····· I may as well try to enjoy myself...",
85bdf4d3ec40,dialogue,sharedassets0.assets,8626,IntroCeleste,steps[16].responseOptions[0].steps[0].sceneLine.dialogLine.text,You're right.····· How would command ever find out?,
cc9a301b56f6,dialogue,sharedassets0.assets,8626,IntroCeleste,steps[16].responseOptions[0].text,It's not like anybody is going to know...,
18d1ef43ec5d,dialogue,sharedassets0.assets,8626,IntroCeleste,steps[16].responseOptions[1].steps[0].sceneLine.dialogLine.text,"I like this way of thinking...····· It is whatever,····· right?",
ba13836e642b,dialogue,sharedassets0.assets,8626,IntroCeleste,steps[16].responseOptions[2].steps[0].sceneLine.dialogLine.text,"That's trruuuue...*aacc*····· Well, in your case anyway.",
98551ed93c83,dialogue,sharedassets0.assets,8626,IntroCeleste,steps[17].sceneLine.dialogLine.text,"Alright then,····· you've just earned yourself a new friend.····· My name is Celeste.·····",
ad12e59bedd2,dialogue,sharedassets0.assets,8626,IntroCeleste,steps[19].sceneLine.dialogLine.text,"If you'd like to come and see me,····· try to find me later in the day.",
97f893f05542,dialogue,sharedassets0.assets,8626,IntroCeleste,steps[1].sceneLine.dialogLine.text,I believe you have something that belongs to me.····· I'd like it back.·····,
960b7f7478fd,dialogue,sharedassets0.assets,8626,IntroCeleste,steps[20].sceneLine.dialogLine.text,"My people are nocturnal. Besides,····· it's too risky to be walking around in broad daylight.",
39a3a721c12a,dialogue,sharedassets0.assets,8626,IntroCeleste,steps[2].sceneLine.dialogLine.text,That gear is a critical component to my ship's engine.····· How did you get that?,
8021afd62706,dialogue,sharedassets0.assets,8626,IntroCeleste,steps[3].responseOptions[0].steps[0].sceneLine.dialogLine.text,Damn!····· How could I be so careless?,
ec3c621281e0,dialogue,sharedassets0.assets,8626,IntroCeleste,steps[3].responseOptions[1].steps[0].sceneLine.dialogLine.text,Save it!····· I've no time for stories.,
c2727c633bcc,dialogue,sharedassets0.assets,8626,IntroCeleste,steps[3].responseOptions[2].steps[0].sceneLine.dialogLine.text,What!?····· What are you staring at?,
8a117d200885,dialogue,sharedassets0.assets,8626,IntroCeleste,steps[4].sceneLine.dialogLine.text,No matter.······· I'll be taking that back now...,
260218bdc5de,dialogue,sharedassets0.assets,8626,IntroCeleste,steps[7].sceneLine.dialogLine.text,Thank you...····· Your cooperation is appreciated.,
eedab484b6ec,dialogue,sharedassets0.assets,8626,IntroCeleste,steps[8].sceneLine.dialogLine.text,It would be wise for you to forget this encounter ever happened.,
99f6801f2161,dialogue,sharedassets0.assets,8627,IntroJessie,steps[10].sceneLine.dialogLine.text,*aaaacc*·····Where do I start?,
4b5075be40dd,dialogue,sharedassets0.assets,8627,IntroJessie,steps[11].sceneLine.dialogLine.text,"Hold that thought.····· Have a seat,····· I'm gonna go grab you a drink.····· I want to hear all about it.",
9b63e3860db0,dialogue,sharedassets0.assets,8627,IntroJessie,steps[12].sceneLine.dialogLine.text,"Ahhhh,·· I'd love to...",
a4f46a02117d,dialogue,sharedassets0.assets,8627,IntroJessie,steps[13].sceneLine.dialogLine.text,Buuuut...?,
ef32cbd45321,dialogue,sharedassets0.assets,8627,IntroJessie,steps[14].sceneLine.dialogLine.text,"Yeah,····· I've got an early day tomorrow.····· I just stopped in for a second.",
189aeadbdbdb,dialogue,sharedassets0.assets,8627,IntroJessie,steps[15].sceneLine.dialogLine.text,"Ahhh,··· coooome *ooooo*ooon.··············· You're not going to make me sit here and drink all by myself are you?",
1db53b5c02ed,dialogue,sharedassets0.assets,8627,IntroJessie,steps[16].sceneLine.dialogLine.text,"Raincheck.····· I'll call you later this week;····· girls night out,····· all the way.",
012f181e495e,dialogue,sharedassets0.assets,8627,IntroJessie,steps[17].sceneLine.dialogLine.text,"Yeah, yeah, yeah.·········· Get out of here already.",
1cc1b48c61cf,dialogue,sharedassets0.assets,8627,IntroJessie,steps[18].sceneLine.dialogLine.text,Love you baby!·····*ccaacc*,
34419f610f05,dialogue,sharedassets0.assets,8627,IntroJessie,steps[1].sceneLine.dialogLine.text,"Hey····· Lol*ooll*a!············ Aww you bitch,····· you didn't tell me you were back in town!",
3854296abca2,dialogue,sharedassets0.assets,8627,IntroJessie,steps[20].sceneLine.dialogLine.text,Ooh!····· Milf alert!····· Looks like a total cougar too.,
4a9fdccfe10e,dialogue,sharedassets0.assets,8627,IntroJessie,steps[21].sceneLine.dialogLine.text,I don't think you realize the gravity of the situation here.,
0870455a7115,dialogue,sharedassets0.assets,8627,IntroJessie,steps[22].sceneLine.dialogLine.secondaryText,This is what separates the women from the girls.,
2722a83d05c6,dialogue,sharedassets0.assets,8627,IntroJessie,steps[22].sceneLine.dialogLine.text,This is what separates the men from the boys.,
c46380fc18c9,dialogue,sharedassets0.assets,8627,IntroJessie,steps[23].sceneLine.dialogLine.secondaryText,You've got to be aggressive.····· That nice girl shit isn't gonna cut it.,
24264ef03ad7,dialogue,sharedassets0.assets,8627,IntroJessie,steps[23].sceneLine.dialogLine.text,You've got to be aggressive.····· That nice guy shit isn't gonna cut it.,
a1d53994ffea,dialogue,sharedassets0.assets,8627,IntroJessie,steps[25].responseOptions[0].steps[0].sceneLine.dialogLine.text,"Well·· then,········ come a little closer.····· There's a lot more to see.",
9a19f3b220a2,dialogue,sharedassets0.assets,8627,IntroJessie,steps[25].responseOptions[0].text,"Hey beautiful, I can't seem take my eyes off you.",
9527a3306d69,dialogue,sharedassets0.assets,8627,IntroJessie,steps[25].responseOptions[1].steps[0].sceneLine.dialogLine.text,*mmmhhhmmmhhh*·····Aren't they?····· What can I say?····· I'm blessed.,
1cdfe51f47fc,dialogue,sharedassets0.assets,8627,IntroJessie,steps[25].responseOptions[1].text,That is a supremely nice set of tits. Ten outta ten.,
71cdfe86471e,dialogue,sharedassets0.assets,8627,IntroJessie,steps[25].responseOptions[2].steps[0].sceneLine.dialogLine.text,How much ya got?*mcmcmcmcmc*·····,
0e8ce5699ef6,dialogue,sharedassets0.assets,8627,IntroJessie,steps[26].sceneLine.dialogLine.text,I don't believe I've had the pleasure of meeting you.·········· The·· cute·· ones·· are·· always·· hiding.·····,
ca519858963d,dialogue,sharedassets0.assets,8627,IntroJessie,steps[27].sceneLine.dialogLine.text,"Hun,·········· do me a favor and help me out with my empty glass?·········· Pretty please?",
fe5c77ec3229,dialogue,sharedassets0.assets,8627,IntroJessie,steps[28].responseOptions[0].steps[0].sceneLine.dialogLine.text,"Ooohh,········ I can make it worth your while sweetie.····· Trust··· me.",
4a595c5d1c7f,dialogue,sharedassets0.assets,8627,IntroJessie,steps[28].responseOptions[1].steps[0].sceneLine.dialogLine.text,"Hmmm,·········· surprise me.·········· I like surprises...",
6d3682b50381,dialogue,sharedassets0.assets,8627,IntroJessie,steps[28].responseOptions[2].steps[0].sceneLine.dialogLine.secondaryText,Now this····· is a woman who knows how to treat a lady.,
27de278693f8,dialogue,sharedassets0.assets,8627,IntroJessie,steps[28].responseOptions[2].steps[0].sceneLine.dialogLine.text,Now this····· is a man who knows how to treat a lady.,
a88cbd03c4cf,dialogue,sharedassets0.assets,8627,IntroJessie,steps[29].responseOptions[0].steps[0].sceneLine.dialogLine.text,"Awwwww,·········· you're desperately attracted to me?·········· You're sweet.",
39d06f2c54ac,dialogue,sharedassets0.assets,8627,IntroJessie,steps[29].responseOptions[0].text,What should we do about the fact that we're desperately attracted to each other?,
43bd9dec9f16,dialogue,sharedassets0.assets,8627,IntroJessie,steps[29].responseOptions[1].steps[0].sceneLine.dialogLine.text,"Only one way to find out,····· huh?",
0c0d1d96dcb4,dialogue,sharedassets0.assets,8627,IntroJessie,steps[29].responseOptions[1].text,How many drinks does it take to get underneath that shirt?,
6b96274cc3a0,dialogue,sharedassets0.assets,8627,IntroJessie,steps[29].responseOptions[2].steps[0].sceneLine.dialogLine.text,"Oh,····· honey,··············· that wouldn't be very ladylike of me,····· would it?",
8e59d6e75580,dialogue,sharedassets0.assets,8627,IntroJessie,steps[2].sceneLine.dialogLine.text,Hey lover!····· Just got in a couple days ago.····· Missed you!,
2bddf35f7928,dialogue,sharedassets0.assets,8627,IntroJessie,steps[30].sceneLine.dialogLine.text,You haven't even asked my name yet.····· I'm more than just a pretty face you know.,
10f214785b97,dialogue,sharedassets0.assets,8627,IntroJessie,steps[31].sceneLine.dialogLine.secondaryText,"Most ladies your age··· know me as Misty,····· but you can call me Jessie.",
c74fbc83ddf5,dialogue,sharedassets0.assets,8627,IntroJessie,steps[31].sceneLine.dialogLine.text,"Most gentlemen your age··· know me as Misty,····· but you can call me Jessie.",
e8a4f2e83464,dialogue,sharedassets0.assets,8627,IntroJessie,steps[33].sceneLine.dialogLine.text,You should feel honored.·········· I only share that secret with people I like.,
57cee6e2da5d,dialogue,sharedassets0.assets,8627,IntroJessie,steps[3].sceneLine.dialogLine.text,··Excuses*excuseseseses*!·········· You know you're supposed to check in with me as soon as you hit the ground.,
880f6cdfca75,dialogue,sharedassets0.assets,8627,IntroJessie,steps[4].sceneLine.dialogLine.text,"*hahahahahaha*·····*cccc*·····Of course!····· What was I thinking?············· I'm sorry honey,········ won't happen again.",
ac8249fc97ce,dialogue,sharedassets0.assets,8627,IntroJessie,steps[5].sceneLine.dialogLine.text,That's more like it.,
d5b365b85bee,dialogue,sharedassets0.assets,8627,IntroJessie,steps[6].sceneLine.dialogLine.text,How've you been my darling?····· Staying out of trouble?,
b9cadf3a1195,dialogue,sharedassets0.assets,8627,IntroJessie,steps[7].sceneLine.dialogLine.text,"Well,····· I try,····· but····· trouble has a hard time staying out of me.",
359f956192a8,dialogue,sharedassets0.assets,8627,IntroJessie,steps[8].sceneLine.dialogLine.text,"*hahahahaha*·····Sooo,··· I take it work is good?",
dfd5317e7d8c,dialogue,sharedassets0.assets,8627,IntroJessie,steps[9].sceneLine.dialogLine.text,Never better.····· But enough about me.····· What's goin' on girl?····· Any new mischief to share?,
0eee3a692570,dialogue,sharedassets0.assets,8628,IntroKyanna,steps[10].sceneLine.dialogLine.text,Shhhhh!·· I won't hear of it.····· I was more than happy to help out.,
a384c005643d,dialogue,sharedassets0.assets,8628,IntroKyanna,steps[11].sceneLine.dialogLine.text,Nonsense!······· I'm not taking no for an answer.,
3e63e00aeef3,dialogue,sharedassets0.assets,8628,IntroKyanna,steps[12].sceneLine.dialogLine.text,Too late!·····*hahahaha*····· Have a good workout!,
c1c3d1f17cea,dialogue,sharedassets0.assets,8628,IntroKyanna,steps[14].sceneLine.dialogLine.text,Hey!····· Get back here!····· This isn't over!,
d62fa4c55653,dialogue,sharedassets0.assets,8628,IntroKyanna,steps[16].sceneLine.dialogLine.text,"Man,····· will you get a load of these two...",
b1d6823d3328,dialogue,sharedassets0.assets,8628,IntroKyanna,steps[17].sceneLine.dialogLine.text,I'd kill to have tits like that.,
d4929388efa6,dialogue,sharedassets0.assets,8628,IntroKyanna,steps[1].sceneLine.dialogLine.text,Yo!·········· I didn't expect to see you here today Tiffany.,
5ff47dad89c3,dialogue,sharedassets0.assets,8628,IntroKyanna,steps[20].sceneLine.dialogLine.text,This chick is clearly out of your league.····· But there may be hope.,
24f1241a2c47,dialogue,sharedassets0.assets,8628,IntroKyanna,steps[21].sceneLine.dialogLine.secondaryText,She's probably looking for a decent girl because of that baby mama drama.,
b05dfb6cbcbc,dialogue,sharedassets0.assets,8628,IntroKyanna,steps[21].sceneLine.dialogLine.text,She's probably looking for a decent guy because of that baby mama drama.,
026f6beb0931,dialogue,sharedassets0.assets,8628,IntroKyanna,steps[22].sceneLine.dialogLine.text,"So just try not to be an ass for like,····· five minutes...?",
59cfeb4a520d,dialogue,sharedassets0.assets,8628,IntroKyanna,steps[23].sceneLine.dialogLine.text,Oh!······· She's looking over this way!····· Show time!,
c45be9e58dc3,dialogue,sharedassets0.assets,8628,IntroKyanna,steps[25].sceneLine.dialogLine.text,"Hey,····· are you finished with that machine?····· I have one set left to jam out.",
38bb26a31623,dialogue,sharedassets0.assets,8628,IntroKyanna,steps[26].responseOptions[0].steps[0].sceneLine.dialogLine.text,*hahahahaha*········It worked.····· You look wicked cool.,
456595fd5619,dialogue,sharedassets0.assets,8628,IntroKyanna,steps[26].responseOptions[0].text,I was just trying to look cool. I don't even know what this machine does.,
e54642830482,dialogue,sharedassets0.assets,8628,IntroKyanna,steps[26].responseOptions[1].steps[0].sceneLine.dialogLine.text,"Awesome,····· thanks so much.",
75df41d0292e,dialogue,sharedassets0.assets,8628,IntroKyanna,steps[26].responseOptions[2].steps[0].sceneLine.dialogLine.text,Hey what's that supposed to mean?,
31aafaa8ee3e,dialogue,sharedassets0.assets,8628,IntroKyanna,steps[26].responseOptions[2].text,"Go ahead, you look like you need it more than I do.",
9d0d93089240,dialogue,sharedassets0.assets,8628,IntroKyanna,steps[27].responseOptions[0].steps[0].sceneLine.dialogLine.text,Really!?·············· Oh·· em·· gee!····· I've done a couple local commercials but I never thought I'd be recognized!,
ec1cd2372aa9,dialogue,sharedassets0.assets,8628,IntroKyanna,steps[27].responseOptions[0].text,Have I seen you on T.V. or something? You look familiar...,
000efd918dae,dialogue,sharedassets0.assets,8628,IntroKyanna,steps[27].responseOptions[1].steps[0].sceneLine.dialogLine.text,"What?·········· Oh,··· shit!····· Totally forgot about these.·····*hahahaha*····· Thanks!",
0cb71555d8b1,dialogue,sharedassets0.assets,8628,IntroKyanna,steps[27].responseOptions[1].text,I don't know too many girls who work out with earrings on.,
c616aa202e87,dialogue,sharedassets0.assets,8628,IntroKyanna,steps[27].responseOptions[2].steps[0].sceneLine.dialogLine.text,*hahahahahaha*·····Thanks.····· I try.,
628ab678d9a2,dialogue,sharedassets0.assets,8628,IntroKyanna,steps[27].responseOptions[2].text,Forgive me for saying this... but your body is straight bangin'.,
87093744ad55,dialogue,sharedassets0.assets,8628,IntroKyanna,steps[28].sceneLine.dialogLine.text,"You must be new here.········ I don't think we've met before,··· right?.",
9a4a9bd893f3,dialogue,sharedassets0.assets,8628,IntroKyanna,steps[29].sceneLine.dialogLine.text,I like to think I know all the regulars here on a first name basis.,
ce8d2a9a56b3,dialogue,sharedassets0.assets,8628,IntroKyanna,steps[2].sceneLine.dialogLine.text,Yeah! My english lit class was cancelled;········ tryin' to make good use of the time.,
158575dae011,dialogue,sharedassets0.assets,8628,IntroKyanna,steps[30].sceneLine.dialogLine.text,"You could say I'm a little obsessed with this place, I guess.····· *hahahahaha*·····",
b6324d76008e,dialogue,sharedassets0.assets,8628,IntroKyanna,steps[31].sceneLine.dialogLine.text,My name's Kyanna.······· Will I be seeing you here more often?,
1e4952fd6532,dialogue,sharedassets0.assets,8628,IntroKyanna,steps[33].responseOptions[0].steps[0].sceneLine.dialogLine.text,Great!······· I'm counting on it!,
52fa42b6f273,dialogue,sharedassets0.assets,8628,IntroKyanna,steps[33].responseOptions[1].steps[0].sceneLine.dialogLine.text,"I know what you mean.····· I have those days too,··· sometimes.",
0b6a5882e109,dialogue,sharedassets0.assets,8628,IntroKyanna,steps[33].responseOptions[1].text,If I can pull myself off the couch long enough.,
ceb81333d0df,dialogue,sharedassets0.assets,8628,IntroKyanna,steps[33].responseOptions[2].steps[0].sceneLine.dialogLine.text,"Yeeeahh,····· heh,··· that happens.····· My bad.",
b6c176a3375a,dialogue,sharedassets0.assets,8628,IntroKyanna,steps[33].responseOptions[2].text,Your hands are mad sweaty. I'm not complaining.,
fe5a24995c81,dialogue,sharedassets0.assets,8628,IntroKyanna,steps[34].sceneLine.dialogLine.text,"Oh,····· dude,····· you know what?",
05973e9660ee,dialogue,sharedassets0.assets,8628,IntroKyanna,steps[35].sceneLine.dialogLine.text,You have to try one of the yoga classes they do here.,
fed5d4084abf,dialogue,sharedassets0.assets,8628,IntroKyanna,steps[36].sceneLine.dialogLine.text,The instructor is awesome.······· I think you'd dig it.,
e4a809350b1c,dialogue,sharedassets0.assets,8628,IntroKyanna,steps[37].sceneLine.dialogLine.text,"If you like being in a room with a bunch of sweaty girls,·· that is.·····*hahahahahaha*··········",
f96592891e33,dialogue,sharedassets0.assets,8628,IntroKyanna,steps[3].sceneLine.dialogLine.text,"Hey,····· listen.······· Thanks soooo*oooo* much for watching Philip the other day.·········· I know it was last minute.",
ec14810a709e,dialogue,sharedassets0.assets,8628,IntroKyanna,steps[4].sceneLine.dialogLine.text,"Nooo,····· don't even mention it.········ I love to hang out with Philly,····· he's my little buddy.",
fdcaad6b28b1,dialogue,sharedassets0.assets,8628,IntroKyanna,steps[5].sceneLine.dialogLine.text,Did he give you any trouble?,
8efd00f30b2d,dialogue,sharedassets0.assets,8628,IntroKyanna,steps[6].sceneLine.dialogLine.text,Nope!····· Like an angel.,
6e1361135b6f,dialogue,sharedassets0.assets,8628,IntroKyanna,steps[7].sceneLine.dialogLine.text,An angel?················ Are you sure you were watching the right kid? *hahahahahahahahaha*········,
b1679f472da3,dialogue,sharedassets0.assets,8628,IntroKyanna,steps[8].sceneLine.dialogLine.text,Hehehe...,
76b54b56a4fe,dialogue,sharedassets0.assets,8628,IntroKyanna,steps[9].sceneLine.dialogLine.text,"I know I still owe you too,····· so don't worry.····· I should be getting my paycheck tomorrow.",
497752f7d5f4,dialogue,sharedassets0.assets,8629,IntroKyu,steps[0].sceneLine.dialogLine.secondaryText,Well I'll be damned!····· Will you look at this bitch?,
97353d670060,dialogue,sharedassets0.assets,8629,IntroKyu,steps[0].sceneLine.dialogLine.text,Well I'll be damned!····· Will you look at this guy?,
f03ab02411dd,dialogue,sharedassets0.assets,8629,IntroKyu,steps[1].sceneLine.dialogLine.text,I hardly recognize you without the virginity!,
50d1186021aa,dialogue,sharedassets0.assets,8629,IntroKyu,steps[2].sceneLine.dialogLine.secondaryText,Congratulations girl!····· And with such a fine young thing too...····· I'm impressed.,
8ca98cd8951e,dialogue,sharedassets0.assets,8629,IntroKyu,steps[2].sceneLine.dialogLine.text,Congratulations man!····· And with such a fine young thing too...····· I'm impressed.,
0de42a7d5991,dialogue,sharedassets0.assets,8629,IntroKyu,steps[3].responseOptions[0].steps[0].sceneLine.dialogLine.text,"Yeah,··· no shit!····· We make a good team though.",
e18a34e40de9,dialogue,sharedassets0.assets,8629,IntroKyu,steps[3].responseOptions[0].text,Well I couldn't have done it without you.,
5961b7c484f6,dialogue,sharedassets0.assets,8629,IntroKyu,steps[3].responseOptions[1].steps[0].sceneLine.dialogLine.text,Believe it buddy!····· You earned it.,
c23d0d996c4e,dialogue,sharedassets0.assets,8629,IntroKyu,steps[3].responseOptions[2].steps[0].sceneLine.dialogLine.secondaryText,Ooohhhh dayum!····· She's unstoppable!·····*hehehehe*,
b6d018bf4097,dialogue,sharedassets0.assets,8629,IntroKyu,steps[3].responseOptions[2].steps[0].sceneLine.dialogLine.text,Ooohhhh dayum!····· He's unstoppable!·····*hehehehe*,
8c9e04061554,dialogue,sharedassets0.assets,8629,IntroKyu,steps[3].responseOptions[2].text,"Heh, that was nothing. I'm just getting started.",
5e7af0e8ddb3,dialogue,sharedassets0.assets,8629,IntroKyu,steps[4].sceneLine.dialogLine.text,"You know...····· I have to say,····· I might even be a little jealous.",
0446e2f0ce20,dialogue,sharedassets0.assets,8629,IntroKyu,steps[5].sceneLine.dialogLine.text,I mean you've got a ways to go...····· but you're turning out to be a regular sex machine.,
c86693eff3fb,dialogue,sharedassets0.assets,8629,IntroKyu,steps[6].sceneLine.dialogLine.text,Be a shame to let these girls have you all to themselves...,
eeb7d629f4b0,dialogue,sharedassets0.assets,8629,IntroKyu,steps[7].sceneLine.dialogLine.text,"Yeah,·· you know what?··· Fuck it! I'm in!",
670c5d24213a,dialogue,sharedassets0.assets,8630,IntroLola,steps[11].sceneLine.dialogLine.text,Wow...*ccc*··· okay?,
c6932817a15d,dialogue,sharedassets0.assets,8630,IntroLola,steps[13].sceneLine.dialogLine.text,"Mmm, mmm!····· I love me some chocolate.",
d8b9dc287a85,dialogue,sharedassets0.assets,8630,IntroLola,steps[14].sceneLine.dialogLine.text,I'll have a tall glass of whatever she's serving;········ know what I'm sayin'?,
8fd217109c96,dialogue,sharedassets0.assets,8630,IntroLola,steps[17].sceneLine.dialogLine.text,"Let's see...····· Considering what just went down,·· she's·· probably a little pissed off.",
1889c52c7d63,dialogue,sharedassets0.assets,8630,IntroLola,steps[18].sceneLine.dialogLine.text,"Try to get on her good side.····· Open with something safe;··· umm,··· like,··· something she probably wants to hear.",
947029870584,dialogue,sharedassets0.assets,8630,IntroLola,steps[1].sceneLine.dialogLine.text,"Excuse·· me*ee*,·· miss!",
07c3e05fce44,dialogue,sharedassets0.assets,8630,IntroLola,steps[20].responseOptions[0].steps[0].sceneLine.dialogLine.text,"I know,···· right!?·· It's ridiculous.",
6e01c4be7a12,dialogue,sharedassets0.assets,8630,IntroLola,steps[20].responseOptions[1].steps[0].sceneLine.dialogLine.text,"No,··· it's fine.·········· Thanks for offering,··· but I'm not sure it would do much good.",
2190ee5a6f3b,dialogue,sharedassets0.assets,8630,IntroLola,steps[20].responseOptions[1].steps[1].sceneLine.dialogLine.text,The nerve of some people though...,
43b372bca110,dialogue,sharedassets0.assets,8630,IntroLola,steps[20].responseOptions[1].text,Ridiculous. Do you want me to talk to the manager?,
3cce095c908f,dialogue,sharedassets0.assets,8630,IntroLola,steps[20].responseOptions[2].steps[0].sceneLine.dialogLine.text,"*aaacc*·····No, trust me,······· that's just her.············ I've had to deal with her before.",
2d795a063545,dialogue,sharedassets0.assets,8630,IntroLola,steps[20].responseOptions[2].text,Somebody woke up on the wrong side of the bed today.,
b2bd18a07c1d,dialogue,sharedassets0.assets,8630,IntroLola,steps[21].sceneLine.dialogLine.text,"I mean really,····· is a cup of coffee so much to ask?····· Soooo sorry to inconvenience you.",
523ea17c26f6,dialogue,sharedassets0.assets,8630,IntroLola,steps[22].sceneLine.dialogLine.text,Have you been waiting here long too?,
2f4641107c6b,dialogue,sharedassets0.assets,8630,IntroLola,steps[23].responseOptions[0].steps[0].sceneLine.dialogLine.text,*hahahahaha*·······Is that the case?········ I'm glad I could be of service.,
90f7f066c5aa,dialogue,sharedassets0.assets,8630,IntroLola,steps[23].responseOptions[0].text,"Yeah, but it's okay because I've had you to admire while I wait.",
d08fbe04bc9e,dialogue,sharedassets0.assets,8630,IntroLola,steps[23].responseOptions[1].steps[0].sceneLine.dialogLine.text,Me...?·········· Why?············ You see something you like?,
756d3d5e9295,dialogue,sharedassets0.assets,8630,IntroLola,steps[23].responseOptions[1].text,I've only been waiting for a chance to talk with you.,
6aab2603b6ba,dialogue,sharedassets0.assets,8630,IntroLola,steps[23].responseOptions[2].steps[0].sceneLine.dialogLine.text,*hahahahaha*·····*cccc*·····Did you really just say that?············· I don't think I've ever heard that one before.,
51151b7d857e,dialogue,sharedassets0.assets,8630,IntroLola,steps[23].responseOptions[2].text,I can't remember. When I look at you time stands still.,
9edf08003c7c,dialogue,sharedassets0.assets,8630,IntroLola,steps[24].sceneLine.dialogLine.text,"I have to give you credit though,····· that's pretty brave.········ You don't hear that often enough.",
783e934d7a88,dialogue,sharedassets0.assets,8630,IntroLola,steps[25].sceneLine.dialogLine.text,Is that your technique?····· Hitting on girls at the coffee shop?,
c0c975b10f8e,dialogue,sharedassets0.assets,8630,IntroLola,steps[26].responseOptions[0].steps[0].sceneLine.dialogLine.text,"Oh··· geez,······· really?··············· Alright,····· you're good.",
a8cf8354012e,dialogue,sharedassets0.assets,8630,IntroLola,steps[26].responseOptions[1].steps[0].sceneLine.dialogLine.text,I wouldn't say it's NOT working...,
19e5b6807cc4,dialogue,sharedassets0.assets,8630,IntroLola,steps[26].responseOptions[2].steps[0].sceneLine.dialogLine.text,"*hahahahahaha*·····*cccc*·····Okay,··· now that one I know I've never heard before.",
375510cd9dff,dialogue,sharedassets0.assets,8630,IntroLola,steps[26].responseOptions[2].text,I just do whatever the magic fairy that follows me around tells me.,
aa7995146ab1,dialogue,sharedassets0.assets,8630,IntroLola,steps[27].sceneLine.dialogLine.text,I'll tell you what big shot.····· You caught me in a good mood.,
ec63adfa2cf2,dialogue,sharedassets0.assets,8630,IntroLola,steps[28].sceneLine.dialogLine.text,"I normally don't give in so easily,····· so··· consider yourself lucky.",
9b27ecce5394,dialogue,sharedassets0.assets,8630,IntroLola,steps[29].sceneLine.dialogLine.text,My name is Lola.····· Pleasure.,
85a09bc4a9c9,dialogue,sharedassets0.assets,8630,IntroLola,steps[2].sceneLine.dialogLine.text,Yeah?,
385512120132,dialogue,sharedassets0.assets,8630,IntroLola,steps[31].sceneLine.dialogLine.text,If I can get my capp sometime in the next year··· maybe we can sit down.,
cbdb8243799e,dialogue,sharedassets0.assets,8630,IntroLola,steps[32].sceneLine.dialogLine.text,I want to hear more about how attractive I am.···*hahahaha*·····*cccc*,
447159556554,dialogue,sharedassets0.assets,8630,IntroLola,steps[3].sceneLine.dialogLine.text,I've been here for a while now.····· I'm still waiting to be helped.,
bb4bed7f3316,dialogue,sharedassets0.assets,8630,IntroLola,steps[4].sceneLine.dialogLine.text,Oh...····· yeeeeaaahhh.····· So·· my shift just·· ended.········ I'm pretty much out the door already.,
aea3e7d663ed,dialogue,sharedassets0.assets,8630,IntroLola,steps[5].sceneLine.dialogLine.text,"Ummmm,·········· I think someone else should be in any minute.",
4a3df3a81135,dialogue,sharedassets0.assets,8630,IntroLola,steps[6].sceneLine.dialogLine.text,I'm just looking to get a cappuccino.····· It only takes a second.···,
a04aab2b3ee0,dialogue,sharedassets0.assets,8630,IntroLola,steps[7].sceneLine.dialogLine.text,I meeeaann...· it's more than a second.· Soooooo...···,
c6ceb74c6971,dialogue,sharedassets0.assets,8630,IntroLola,steps[8].sceneLine.dialogLine.text,Are you serious?,
d7fe0cccb00a,dialogue,sharedassets0.assets,8630,IntroLola,steps[9].sceneLine.dialogLine.text,"I should have left over fifteen minutes ago,·· okay?········ I'm done.·······",
02c48fd887f5,dialogue,sharedassets0.assets,8631,IntroMomo,steps[0].sceneLine.dialogLine.text,Ummm!····· Excuse me!,
91c5b7098abd,dialogue,sharedassets0.assets,8631,IntroMomo,steps[10].responseOptions[0].steps[0].sceneLine.dialogLine.text,···*aaacc*·····What?····· WHAT!?············ I can't believe it!·· For real?,
9123d92f7d47,dialogue,sharedassets0.assets,8631,IntroMomo,steps[10].responseOptions[1].steps[0].sceneLine.dialogLine.text,··*aaacc*·····Really!? Thank you! Thank you!,
57091d16bd5e,dialogue,sharedassets0.assets,8631,IntroMomo,steps[10].responseOptions[1].text,"Well, okay! How can I say no to that face?",
4fef1fdcb34d,dialogue,sharedassets0.assets,8631,IntroMomo,steps[10].responseOptions[2].steps[0].sceneLine.dialogLine.text,Pleeeeeease?·····*cccccccc*,
bdb273615f86,dialogue,sharedassets0.assets,8631,IntroMomo,steps[12].sceneLine.dialogLine.text,I'll be the best kitty in the whole world. I promise!,
9b5b5fadf8bc,dialogue,sharedassets0.assets,8631,IntroMomo,steps[13].sceneLine.dialogLine.text,I can't believe this!····· My own master!,
6de4c98ac116,dialogue,sharedassets0.assets,8631,IntroMomo,steps[1].sceneLine.dialogLine.text,"Did you drop these fishies here?····· If you don't want them, can I have them?",
6d5b591eb8a7,dialogue,sharedassets0.assets,8631,IntroMomo,steps[2].responseOptions[0].steps[0].sceneLine.dialogLine.text,·····Yeessss!····· Thank you!····· I'll love them forever and ever!,
161e8a7041cd,dialogue,sharedassets0.assets,8631,IntroMomo,steps[2].responseOptions[1].steps[0].sceneLine.dialogLine.text,Nooooo····· silly!····· You don't eat pets!········· I'll take good care of them;··· so can I have um'?,
e1d1b7f0ddfa,dialogue,sharedassets0.assets,8631,IntroMomo,steps[2].responseOptions[2].steps[0].sceneLine.dialogLine.text,"Awwwww!····· But,····· but,·· pleeeeease?",
0d31a5f2cbe0,dialogue,sharedassets0.assets,8631,IntroMomo,steps[3].responseOptions[1].steps[0].sceneLine.dialogLine.text,Mmmhmm!····· It is!····· I have these furry ears too.,
b8b2b6aef72e,dialogue,sharedassets0.assets,8631,IntroMomo,steps[3].responseOptions[1].text,Is that a tail coming out of your backside?,
58c11c4c10ae,dialogue,sharedassets0.assets,8631,IntroMomo,steps[3].responseOptions[2].steps[0].sceneLine.dialogLine.text,Cos...?····· Play...?····· I don't think so...,
2a789e33e07c,dialogue,sharedassets0.assets,8631,IntroMomo,steps[3].responseOptions[2].text,Soooo... are you like a cosplayer or something?,
ca7a29d32742,dialogue,sharedassets0.assets,8631,IntroMomo,steps[4].sceneLine.dialogLine.text,I'm··· Momo!········ I'm a kitty!····· *hahahahaha*,
17f9ae770964,dialogue,sharedassets0.assets,8631,IntroMomo,steps[5].sceneLine.dialogLine.text,Buuuut...··· well...··· I don't have a master...,
208a535a1945,dialogue,sharedassets0.assets,8631,IntroMomo,steps[6].sceneLine.dialogLine.text,I don't like being a stray kitty...····· it's no fun...,
1592f391f71b,dialogue,sharedassets0.assets,8631,IntroMomo,steps[7].responseOptions[0].steps[0].sceneLine.dialogLine.text,A thing?····· What kinda thing?·· A treat!?,
d08a0d252bdb,dialogue,sharedassets0.assets,8631,IntroMomo,steps[7].responseOptions[0].text,You know... I kinda have a thing for cat girls...,
b433291a4788,dialogue,sharedassets0.assets,8631,IntroMomo,steps[7].responseOptions[1].steps[0].sceneLine.dialogLine.text,Do you think so?·····*hahahahaha*,
c3a2c4fb3c3d,dialogue,sharedassets0.assets,8631,IntroMomo,steps[7].responseOptions[1].text,Whaaat? You're too adorable to be a stray.,
c5fe0923d4e1,dialogue,sharedassets0.assets,8631,IntroMomo,steps[7].responseOptions[2].steps[0].sceneLine.dialogLine.text,Mmmhmm...················· it's really cold and scary at night...,
16f35ebb1644,dialogue,sharedassets0.assets,8631,IntroMomo,steps[8].sceneLine.dialogLine.text,·····Wait!····· I just got a idea!,
6a27fc40ce9a,dialogue,sharedassets0.assets,8631,IntroMomo,steps[9].sceneLine.dialogLine.text,·····You can be my master!·········· You're super duper nice!·········· You'll take good care of me.·· Yeah?,
f96934835df8,dialogue,sharedassets0.assets,8632,IntroNikki,steps[10].sceneLine.dialogLine.text,I told you I didn't want to come here and you dragged me anyway.·········· Just like last time.,
4227efb24e28,dialogue,sharedassets0.assets,8632,IntroNikki,steps[11].sceneLine.dialogLine.text,Because you can't just sit in your room all day.······· You need to fucking··· exist or··· something!·····,
3409cf5958fa,dialogue,sharedassets0.assets,8632,IntroNikki,steps[12].sceneLine.dialogLine.text,I don't sit in my room all day.,
2ae1907e2b6d,dialogue,sharedassets0.assets,8632,IntroNikki,steps[13].sceneLine.dialogLine.text,Whatever!····· Go.····· Leave.····· Byyyyeee.,
f236bf57b82c,dialogue,sharedassets0.assets,8632,IntroNikki,steps[15].sceneLine.dialogLine.text,Awwww·· shit...·········· I was afraid we might run into one of these.,
61139cf39c39,dialogue,sharedassets0.assets,8632,IntroNikki,steps[16].sceneLine.dialogLine.text,Doesn't look like she's a big fan of people...,
0d261ef6a202,dialogue,sharedassets0.assets,8632,IntroNikki,steps[17].sceneLine.dialogLine.text,Buuuuuuuuut...····· your weirdness might actually pay off here.,
155a46568a14,dialogue,sharedassets0.assets,8632,IntroNikki,steps[18].sceneLine.dialogLine.text,"Hmmm,····· I never thought I'd say this to you,··· but,·········· just be yourself.",
906daacd2ec9,dialogue,sharedassets0.assets,8632,IntroNikki,steps[1].sceneLine.dialogLine.text,"Ughh...····· Audrey,····· can we leave now?",
677c2e01b1fa,dialogue,sharedassets0.assets,8632,IntroNikki,steps[20].responseOptions[0].steps[0].sceneLine.dialogLine.text,She's a bitch.,
a7f7126b0618,dialogue,sharedassets0.assets,8632,IntroNikki,steps[20].responseOptions[1].steps[0].sceneLine.dialogLine.text,Hiiii...?,
89e7cbb1cbe7,dialogue,sharedassets0.assets,8632,IntroNikki,steps[20].responseOptions[2].steps[0].sceneLine.dialogLine.text,No shit.····· What gave it away?,
8022557b0c10,dialogue,sharedassets0.assets,8632,IntroNikki,steps[20].responseOptions[2].text,You look like you'd rather be anywhere else.,
baeeb0d4207c,dialogue,sharedassets0.assets,8632,IntroNikki,steps[21].responseOptions[0].steps[0].sceneLine.dialogLine.text,Okay...····· so why are you here exactly...?,
e0476410c7e0,dialogue,sharedassets0.assets,8632,IntroNikki,steps[21].responseOptions[0].text,I feel your pain. This isn't really my scene either.,
b6606d548540,dialogue,sharedassets0.assets,8632,IntroNikki,steps[21].responseOptions[1].steps[0].sceneLine.dialogLine.text,"Seriously?········ Yeah,····· I have naturally blue hair.····· Because that's a thing.",
2c9786d02ada,dialogue,sharedassets0.assets,8632,IntroNikki,steps[21].responseOptions[2].steps[0].sceneLine.dialogLine.text,Please don't.,
f0db896c9b28,dialogue,sharedassets0.assets,8632,IntroNikki,steps[22].sceneLine.dialogLine.text,"Sorry,····· but,····· can you leave me alone?",
d88c9097a247,dialogue,sharedassets0.assets,8632,IntroNikki,steps[23].sceneLine.dialogLine.text,There's plenty of other girls here for you to talk to.,
b05032636b4f,dialogue,sharedassets0.assets,8632,IntroNikki,steps[24].responseOptions[0].steps[0].sceneLine.dialogLine.text,"Look,····· I see what you're trying to do,········ but I'm not interested.·········· Okay?",
07ed9a00e46a,dialogue,sharedassets0.assets,8632,IntroNikki,steps[24].responseOptions[0].text,That's why I'm talking to you. I can't stand these other girls.,
2d9429ebb080,dialogue,sharedassets0.assets,8632,IntroNikki,steps[24].responseOptions[1].steps[0].sceneLine.dialogLine.text,"Well,····· I'd rather you didn't.····· So,····· good night.",
69ac14ebf9da,dialogue,sharedassets0.assets,8632,IntroNikki,steps[24].responseOptions[1].text,Why are you so hostile? I'm just trying to say hi.,
628a29e34409,dialogue,sharedassets0.assets,8632,IntroNikki,steps[27].sceneLine.dialogLine.text,Don't beat yourself up over it.····· She was a lost cause to begin with.,
00077d932a61,dialogue,sharedassets0.assets,8632,IntroNikki,steps[28].sceneLine.dialogLine.text,Plenty of fish in the sea.····· Let's see... hoooww aboooouuuut...,
c56eb89116c6,dialogue,sharedassets0.assets,8632,IntroNikki,steps[29].sceneLine.dialogLine.text,Wait...·········· is she coming back over here?······· This ought to be interesting.,
5622ec7854df,dialogue,sharedassets0.assets,8632,IntroNikki,steps[2].sceneLine.dialogLine.text,"Calm down Nik,····· we just got here.",
0f14f9e34b35,dialogue,sharedassets0.assets,8632,IntroNikki,steps[32].sceneLine.dialogLine.text,"Ummmm,····· hey,········ you know what?····· It's Nikki...····· my name.",
4afbc4e798ac,dialogue,sharedassets0.assets,8632,IntroNikki,steps[34].sceneLine.dialogLine.text,Maybe I was a little bit quick to judge...····· force of habit.,
b27b4b46f8de,dialogue,sharedassets0.assets,8632,IntroNikki,steps[35].sceneLine.dialogLine.text,"I'm normally not the type of girl·· that··· like...····· talks to people,····· or·· whatever...",
28db5842904b,dialogue,sharedassets0.assets,8632,IntroNikki,steps[36].sceneLine.dialogLine.text,But I guess you can keep me company until my friend is ready to go.,
6963d536e8f3,dialogue,sharedassets0.assets,8632,IntroNikki,steps[3].sceneLine.dialogLine.text,Just got here?······· We've been here for at least an hour.,
1ef319cf5a48,dialogue,sharedassets0.assets,8632,IntroNikki,steps[4].sceneLine.dialogLine.text,Don't·· be such·· a downer.·········· Loosen up a little!······· I'll buy you a drink.····· What do you want?,
70db67188fad,dialogue,sharedassets0.assets,8632,IntroNikki,steps[5].sceneLine.dialogLine.text,I don't want anything.····· I'm not even old enough to drink.,
0c8ba502e583,dialogue,sharedassets0.assets,8632,IntroNikki,steps[6].sceneLine.dialogLine.text,*aaacc*·····They don't care...,
6a995297d6f2,dialogue,sharedassets0.assets,8632,IntroNikki,steps[7].sceneLine.dialogLine.text,"Okay,·········· ohhhh my god.·········· Why do you do this every, fucking, time?",
3d56eb4264f7,dialogue,sharedassets0.assets,8632,IntroNikki,steps[8].sceneLine.dialogLine.text,"Can't you just like chill out for once and I don't know,··· have fun?",
8838e3ece7bd,dialogue,sharedassets0.assets,8632,IntroNikki,steps[9].sceneLine.dialogLine.text,This isn't fun.·········· Everybody here is a complete douche bag.,
36985d6b2efa,dialogue,sharedassets0.assets,8633,IntroTiffany,steps[10].sceneLine.dialogLine.text,Next week?······················ I····· don't know yet...,
73f433df829b,dialogue,sharedassets0.assets,8633,IntroTiffany,steps[11].sceneLine.dialogLine.text,"Actually,····· I have a pounding headache right now.····· Can we do this later please?",
ff637f397fbc,dialogue,sharedassets0.assets,8633,IntroTiffany,steps[12].sceneLine.dialogLine.text,"Yeah,····· okay.······· Sorry to bother you Ms. Yumi.",
4532c559f10c,dialogue,sharedassets0.assets,8633,IntroTiffany,steps[13].sceneLine.dialogLine.text,"No,····· it's fine.················· I'll talk to you later.",
df1c376384c6,dialogue,sharedassets0.assets,8633,IntroTiffany,steps[15].sceneLine.dialogLine.text,Whoa.······· Is·· this·· chick·· serious?····· That school girl uniform is a little on the nose don't cha think?,
2bb3d6f7b2ee,dialogue,sharedassets0.assets,8633,IntroTiffany,steps[16].sceneLine.dialogLine.text,"She's cute though.··· Blonde too, so ah... bonus points!",
7ebef113fe27,dialogue,sharedassets0.assets,8633,IntroTiffany,steps[19].sceneLine.dialogLine.text,"This is your classic girl next door situation.····· She's nice,··· so don't say anything to scare her off.",
ad166a787b91,dialogue,sharedassets0.assets,8633,IntroTiffany,steps[1].sceneLine.dialogLine.text,"Oh, Ms. Yumi!······· I'm glad I ran into you.",
34922b6cfd31,dialogue,sharedassets0.assets,8633,IntroTiffany,steps[20].sceneLine.dialogLine.text,But don't be afraid to take a chance!,
92444284f951,dialogue,sharedassets0.assets,8633,IntroTiffany,steps[22].responseOptions[0].steps[0].sceneLine.dialogLine.text,I sure do!········ I know this place inside and out.,
78155933eff4,dialogue,sharedassets0.assets,8633,IntroTiffany,steps[22].responseOptions[0].steps[1].sceneLine.dialogLine.text,You go past the building here··· and take a left at the fountain.····· You can't miss it.,
44c4f9b3dcd3,dialogue,sharedassets0.assets,8633,IntroTiffany,steps[22].responseOptions[0].text,"Excuse me, do you know where I can find the student union?",
493d6698012a,dialogue,sharedassets0.assets,8633,IntroTiffany,steps[22].responseOptions[1].steps[0].sceneLine.dialogLine.text,"Who?··· me?················· Ohhh, no!······· I'm·· so·· not·· cute...············· but thanks for the compliment!",
3e3ef8d8c8d2,dialogue,sharedassets0.assets,8633,IntroTiffany,steps[22].responseOptions[1].text,"Hey, don't take this the wrong way, but I just thought you were cute and had to say hi.",
f2cb3c74abdf,dialogue,sharedassets0.assets,8633,IntroTiffany,steps[22].responseOptions[2].steps[0].sceneLine.dialogLine.text,"Oh,····· wow.······· Uhhh...················ I'm not sure.················· I don't even know you.",
1c11c7cf6b0a,dialogue,sharedassets0.assets,8633,IntroTiffany,steps[22].responseOptions[2].text,Would it be too forward of me to ask you on a date?,
d180aa95b9d6,dialogue,sharedassets0.assets,8633,IntroTiffany,steps[23].sceneLine.dialogLine.text,I haven't seen you around here before.····· Are you starting this semester?,
248c2d57eb94,dialogue,sharedassets0.assets,8633,IntroTiffany,steps[24].responseOptions[0].secondaryText,I teach here. Professor Sexy they call me.,
9a6027ee1432,dialogue,sharedassets0.assets,8633,IntroTiffany,steps[24].responseOptions[0].steps[0].sceneLine.dialogLine.text,"*hehehehe* Come on,·· give me a break.····· Stop teasing me!",
581cf9ef4571,dialogue,sharedassets0.assets,8633,IntroTiffany,steps[24].responseOptions[0].text,I teach here. Professor Handsome they call me.,
4552ac5c7f4f,dialogue,sharedassets0.assets,8633,IntroTiffany,steps[24].responseOptions[1].steps[0].sceneLine.dialogLine.text,"What?····· You're crazy,····· stop it.",
a3a436eb3306,dialogue,sharedassets0.assets,8633,IntroTiffany,steps[24].responseOptions[1].text,"No, but if all the girls here are as cute as you I might have to reconsider.",
800e62000317,dialogue,sharedassets0.assets,8633,IntroTiffany,steps[24].responseOptions[2].steps[0].sceneLine.dialogLine.text,Of course!····· This place is awesome.····· My professors are the best.,
d4977a65f97d,dialogue,sharedassets0.assets,8633,IntroTiffany,steps[24].responseOptions[2].text,I'm thinking about it. Would you recommend this school?,
5d232588228f,dialogue,sharedassets0.assets,8633,IntroTiffany,steps[25].responseOptions[0].steps[0].sceneLine.dialogLine.text,"Oh my god,····· yeah!·········· That's so crazy,··· how did you know?",
4ddf5db0a990,dialogue,sharedassets0.assets,8633,IntroTiffany,steps[25].responseOptions[0].steps[1].sceneLine.dialogLine.text,I'm on the cheerleading team;······· the cheer captain to be exact.,
5fa191b66100,dialogue,sharedassets0.assets,8633,IntroTiffany,steps[25].responseOptions[0].text,You strike me as an athletic type. You on a varsity team?,
784f94626282,dialogue,sharedassets0.assets,8633,IntroTiffany,steps[25].responseOptions[1].steps[0].sceneLine.dialogLine.text,No!····· Don't worry about it.····· I'm all done with classes for now.,
607006caa439,dialogue,sharedassets0.assets,8633,IntroTiffany,steps[25].responseOptions[1].text,"Sorry, am I holding you up from getting to class?",
06b018a9831e,dialogue,sharedassets0.assets,8633,IntroTiffany,steps[25].responseOptions[2].steps[0].sceneLine.dialogLine.text,Yeah!····· I'd love that.····· It's really a beautiful campus too.,
fa2fcd77fdeb,dialogue,sharedassets0.assets,8633,IntroTiffany,steps[25].responseOptions[2].text,"If I end up going here, you'll have to show me around.",
8caa2e75a19b,dialogue,sharedassets0.assets,8633,IntroTiffany,steps[26].sceneLine.dialogLine.text,My name is Tiffany by the way.····· It's nice to meet you.,
f2243e067b6f,dialogue,sharedassets0.assets,8633,IntroTiffany,steps[28].sceneLine.dialogLine.secondaryText,You seem like a cool girl.·········· Hopefully I'll see you around campus!,
31c0d69fffb9,dialogue,sharedassets0.assets,8633,IntroTiffany,steps[28].sceneLine.dialogLine.text,You seem like a cool guy.·········· Hopefully I'll see you around campus!,
dfab8f77644e,dialogue,sharedassets0.assets,8633,IntroTiffany,steps[2].sceneLine.dialogLine.text,Have you had a chance to grade our exams yet?,
36e9e0546b76,dialogue,sharedassets0.assets,8633,IntroTiffany,steps[3].sceneLine.dialogLine.text,"Uhhhhhh,········ remind me what that was on again.",
83a531c307e3,dialogue,sharedassets0.assets,8633,IntroTiffany,steps[4].sceneLine.dialogLine.text,"You know,····· the conservation of··· whatever-you-call-it.",
6cd2c689ceb7,dialogue,sharedassets0.assets,8633,IntroTiffany,steps[5].sceneLine.dialogLine.text,"Ohhh····· yeah,···· yeah.··············· I·· think those·· are on·· my desk...············· somewhere.",
9dc9c746dfea,dialogue,sharedassets0.assets,8633,IntroTiffany,steps[6].sceneLine.dialogLine.text,"Ohhhhh,··· okay.············· Do you know when you might be able to get them back to us?",
c65cbcaec9e8,dialogue,sharedassets0.assets,8633,IntroTiffany,steps[7].sceneLine.dialogLine.text,"Later.····· Next week,·· probably.········ I'm sure you did fine Tiffany.",
07181028af14,dialogue,sharedassets0.assets,8633,IntroTiffany,steps[8].sceneLine.dialogLine.text,"You think?········ I hope·· so.·················· I don't know, I was having trouble with some of the material.",
09f0e7e3f99f,dialogue,sharedassets0.assets,8633,IntroTiffany,steps[9].sceneLine.dialogLine.text,Do you know what we're going over next week?····· I'd like to try to get a head start this time.,
26628114e02a,dialogue,sharedassets0.assets,8634,IntroVenus,steps[10].sceneLine.dialogLine.text,"You see,····· I've been hearing some very impressive reports from Kyu.",
c4e1bbed4906,dialogue,sharedassets0.assets,8634,IntroVenus,steps[11].sceneLine.dialogLine.text,"Reports that have me very,····· very...····· interested.",
972b753c15e1,dialogue,sharedassets0.assets,8634,IntroVenus,steps[12].sceneLine.dialogLine.text,Apparently you've been with every beautiful girl in your town...········ within a remarkably short time...,
013c16d57278,dialogue,sharedassets0.assets,8634,IntroVenus,steps[13].sceneLine.dialogLine.text,I've never heard of anything like it before...,
30e41c02ff2b,dialogue,sharedassets0.assets,8634,IntroVenus,steps[14].responseOptions[0].steps[0].sceneLine.dialogLine.text,"Yeeeeessssss,····· well we'll see about that.",
7b8955fc01eb,dialogue,sharedassets0.assets,8634,IntroVenus,steps[14].responseOptions[1].steps[0].sceneLine.dialogLine.text,This is no time for modesty!,
a1270f7b997e,dialogue,sharedassets0.assets,8634,IntroVenus,steps[14].responseOptions[2].steps[0].sceneLine.dialogLine.text,In···deed.············· But the question remains...····· how good are you?,
664efbe7bae2,dialogue,sharedassets0.assets,8634,IntroVenus,steps[15].sceneLine.dialogLine.text,"If you're to ultimately prove yourself,····· there is one final challenge...",
eb1da1b5a99e,dialogue,sharedassets0.assets,8634,IntroVenus,steps[16].sceneLine.dialogLine.text,"*hahahahahaha*····· You're looking at her.·········· Venus,····· the goddess of love.",
4416f29d7670,dialogue,sharedassets0.assets,8634,IntroVenus,steps[18].sceneLine.dialogLine.text,"If you can claim the love of a goddess,·········· you will truly become a legend.",
c8446f3914c7,dialogue,sharedassets0.assets,8634,IntroVenus,steps[19].sceneLine.dialogLine.text,I can assure you however·········· that this is no simple task.,
949b0c06df81,dialogue,sharedassets0.assets,8634,IntroVenus,steps[1].sceneLine.dialogLine.text,This...···················· is the one?,
a0d17bcf0a0c,dialogue,sharedassets0.assets,8634,IntroVenus,steps[20].sceneLine.dialogLine.text,"Few have tried,····· but all have failed.····· No human has ever known my embrace.",
07789665866e,dialogue,sharedassets0.assets,8634,IntroVenus,steps[21].responseOptions[0].text,I consider it an honor to accept your challenge.,
f3da1216d53c,dialogue,sharedassets0.assets,8634,IntroVenus,steps[21].responseOptions[1].text,"I am rock hard right now, you have no idea.",
653afcb19ad9,dialogue,sharedassets0.assets,8634,IntroVenus,steps[22].sceneLine.dialogLine.text,*hahahahahahahahahahahahaha*·····*ccaaaacc*········ Good luck...,
995eda473d14,dialogue,sharedassets0.assets,8634,IntroVenus,steps[2].sceneLine.dialogLine.secondaryText,That's the girl.,
7199de65de63,dialogue,sharedassets0.assets,8634,IntroVenus,steps[2].sceneLine.dialogLine.text,That's the guy.,
384abc1d400d,dialogue,sharedassets0.assets,8634,IntroVenus,steps[3].sceneLine.dialogLine.text,How is that possible?·········· I····· don't understand...,
55292c193140,dialogue,sharedassets0.assets,8634,IntroVenus,steps[4].sceneLine.dialogLine.secondaryText,"I know.····· Believe me,··· I know.····· I'm just as surprised as you, but,····· that's her.",
272455035fb1,dialogue,sharedassets0.assets,8634,IntroVenus,steps[4].sceneLine.dialogLine.text,"I know.····· Believe me,··· I know.····· I'm just as surprised as you, but,····· that's him.·····",
fde567b2cc2e,dialogue,sharedassets0.assets,8634,IntroVenus,steps[5].sceneLine.dialogLine.text,*aaaacc*········· Alright...········ I'll handle this.·········· You're dismissed.,
b34e55ce0a36,dialogue,sharedassets0.assets,8634,IntroVenus,steps[6].sceneLine.dialogLine.text,Have fun!,
6a341b3041ff,dialogue,sharedassets0.assets,8634,IntroVenus,steps[8].sceneLine.dialogLine.text,"Sooooo,················· you're good with women,····· are you?",
2f8e50312fd2,dialogue,sharedassets0.assets,8634,IntroVenus,steps[9].responseOptions[0].steps[0].sceneLine.dialogLine.text,Quiet!············ I'll get to that in a moment.,
f09aec8800de,dialogue,sharedassets0.assets,8634,IntroVenus,steps[9].responseOptions[0].text,To whom do I have the pleasure of speaking?,
ee65416db876,dialogue,sharedassets0.assets,8634,IntroVenus,steps[9].responseOptions[1].steps[0].sceneLine.dialogLine.text,"You appear to have the confidence for it, at least.",
45ccc26b717e,dialogue,sharedassets0.assets,8634,IntroVenus,steps[9].responseOptions[2].steps[0].sceneLine.dialogLine.text,Shhhhh!····· I'll be asking the questions.,
24cde7829837,dialogue,sharedassets0.assets,8635,GameEnding,steps[0].sceneLine.dialogLine.text,Whohohoooa!!····· That.·········· Was.·········· Awesome!·········· I saw the whole thing.····· I can't believe you nailed my boss!,
dfe591639853,dialogue,sharedassets0.assets,8635,GameEnding,steps[10].responseOptions[0].steps[0].sceneLine.dialogLine.text,*cccc*·····Why you gotta be like that?····· Will you cut me a break over here?,
a84489f1f1a5,dialogue,sharedassets0.assets,8635,GameEnding,steps[10].responseOptions[0].text,Didn't Venus say she was the final challenge?,
2e9d23be6bbb,dialogue,sharedassets0.assets,8635,GameEnding,steps[10].responseOptions[1].steps[0].sceneLine.dialogLine.text,That's what I'm talkin' about!········ I had a feeling you'd be down.,
2ac0edc61c5c,dialogue,sharedassets0.assets,8635,GameEnding,steps[10].responseOptions[2].steps[0].sceneLine.dialogLine.text,Uhhhh...····· what?········· Whatever.··········· I'll explain it anyway incase you change your mind.,
4335fa13e60b,dialogue,sharedassets0.assets,8635,GameEnding,steps[11].sceneLine.dialogLine.text,"The final challenge is called ""Alpha Mode"".····· In alpha mode,····· the difficulty will be locked into the ""Hard"" setting.",
22e0c4c75c60,dialogue,sharedassets0.assets,8635,GameEnding,steps[12].sceneLine.dialogLine.text,"Dates will continue to increase in difficulty, indefinitely.····· The question is,··· how far can you get?",
c80f73c1eb6e,dialogue,sharedassets0.assets,8635,GameEnding,steps[13].sceneLine.dialogLine.text,"Sounds fun,····· right?·········· It is!·············· But,············ we need to make sure you're really prepared for it.",
03e61e90a658,dialogue,sharedassets0.assets,8635,GameEnding,steps[14].sceneLine.dialogLine.text,"So before I activate ""Alpha Mode"",····· I'm going to need you to fork over those panties.",
275b83e37475,dialogue,sharedassets0.assets,8635,GameEnding,steps[15].sceneLine.dialogLine.text,All together I need twelve pairs of panties from you;····· each pair from a different girl.,
26c42468faea,dialogue,sharedassets0.assets,8635,GameEnding,steps[16].sceneLine.dialogLine.text,"So if you got 'em,····· hand 'em over!····· I'll be waiting!",
ab0a02681c6f,dialogue,sharedassets0.assets,8635,GameEnding,steps[1].sceneLine.dialogLine.text,"I mean····· I've heard stories,····· but I've never seen anybody actually pull it off.",
f5163b468bf1,dialogue,sharedassets0.assets,8635,GameEnding,steps[2].sceneLine.dialogLine.text,*cccc*·····Was she as good as I imagine?,
c5dfffed7475,dialogue,sharedassets0.assets,8635,GameEnding,steps[3].responseOptions[0].steps[0].sceneLine.dialogLine.text,"Awwww··· man!····· Alright····· stop,····· stop.····· I can't believe I'm jealous of you right now.",
ff569ebaedf0,dialogue,sharedassets0.assets,8635,GameEnding,steps[3].responseOptions[0].text,She was incredible. There are no words to describe that kind of pleasure.,
2cc9fb505323,dialogue,sharedassets0.assets,8635,GameEnding,steps[3].responseOptions[1].steps[0].sceneLine.dialogLine.text,"*hehe*Yo,····· shut······· up.········· You're killin' my dream.····· You know you loved it.",
646f12a36ea2,dialogue,sharedassets0.assets,8635,GameEnding,steps[3].responseOptions[2].steps[0].sceneLine.dialogLine.text,"*hahahaha*·····Well,····· yeah,····· I am pretty good...",
309a5e1149a3,dialogue,sharedassets0.assets,8635,GameEnding,steps[4].sceneLine.dialogLine.text,"Mmmmm,····· I'm not even sure what else to say.",
dddfef405312,dialogue,sharedassets0.assets,8635,GameEnding,steps[5].sceneLine.dialogLine.text,It feels like just a couple of days ago you could barely get a sentence out in front of a cute girl.,
f2d7c01b7054,dialogue,sharedassets0.assets,8635,GameEnding,steps[6].sceneLine.dialogLine.text,Now you're bangin' 'em out left and right.·····*cccc*····· I guess I'm better at my job than I thought...,
d016e73c2e55,dialogue,sharedassets0.assets,8635,GameEnding,steps[7].responseOptions[0].steps[0].sceneLine.dialogLine.text,Oh··· please!····· You'd still be crying yourself to sleep if it wasn't for me.,
17c573240dfa,dialogue,sharedassets0.assets,8635,GameEnding,steps[7].responseOptions[1].steps[0].sceneLine.dialogLine.text,"Yeah,····· pretty much.····· What can I say?····· I'm kind of a slut.",
6dcd94ecac93,dialogue,sharedassets0.assets,8635,GameEnding,steps[7].responseOptions[1].text,"Wait, so like, do you have sex with all your clients?",
4806f8a8bcf7,dialogue,sharedassets0.assets,8635,GameEnding,steps[7].responseOptions[2].steps[0].sceneLine.dialogLine.text,"Don't mention it.····· It's like I said,··· I'm just doing my job.",
b6d99ed2c56b,dialogue,sharedassets0.assets,8635,GameEnding,steps[7].responseOptions[2].text,You're the best. Thanks for everything you taught me.,
92cea946bc44,dialogue,sharedassets0.assets,8635,GameEnding,steps[8].sceneLine.dialogLine.text,"I'll admit it though, you did good.····· Real good.····· I'm proud of ya!",
e124e755783f,dialogue,sharedassets0.assets,8635,GameEnding,steps[9].sceneLine.dialogLine.text,There's really only one place to go from here...····· one final challenge.········· If you think you're up for it...,
fa3b6a5f47c5,dialogue,sharedassets0.assets,8636,GameOpeningPart1,steps[0].sceneLine.dialogLine.text,Hi there!,
d12abf3b9e34,dialogue,sharedassets0.assets,8636,GameOpeningPart1,steps[10].sceneLine.dialogLine.text,"Listen,····· I gotta go.····· But, we'll meet again, real soon.····· Trust me.",
a2430b0babe8,dialogue,sharedassets0.assets,8636,GameOpeningPart1,steps[11].sceneLine.dialogLine.text,Niiight!,
b7563e7c343c,dialogue,sharedassets0.assets,8636,GameOpeningPart1,steps[1].responseOptions[0].steps[0].sceneLine.dialogLine.text,"Wow,····· okay.····· Could I get you to maybe take it down a notch?· I'm· right here.",
0364e6c91b5b,dialogue,sharedassets0.assets,8636,GameOpeningPart1,steps[1].responseOptions[1].steps[0].sceneLine.dialogLine.text,"Ummm, hello?·········· Is anybody home?",
aa86cbb949d0,dialogue,sharedassets0.assets,8636,GameOpeningPart1,steps[1].responseOptions[2].steps[0].sceneLine.dialogLine.text,"Yeah, you!",
0f5141fcd1de,dialogue,sharedassets0.assets,8636,GameOpeningPart1,steps[2].responseOptions[0].steps[0].sceneLine.dialogLine.text,"Well you're talking to one now,··· champ.",
4aec05609b0c,dialogue,sharedassets0.assets,8636,GameOpeningPart1,steps[2].responseOptions[0].text,"Oh, sorry. I just... don't talk to many girls.",
41ee21ca348a,dialogue,sharedassets0.assets,8636,GameOpeningPart1,steps[2].responseOptions[1].steps[0].sceneLine.dialogLine.text,I know right?····· It's crazy.,
c95409e4f987,dialogue,sharedassets0.assets,8636,GameOpeningPart1,steps[2].responseOptions[2].steps[0].sceneLine.dialogLine.text,"Ooo···kaaaayy,········ maybe we can take a step back here.",
8ab309483788,dialogue,sharedassets0.assets,8636,GameOpeningPart1,steps[3].sceneLine.dialogLine.text,My name is Kyu;····· nice to meet you.,
538c8129497e,dialogue,sharedassets0.assets,8636,GameOpeningPart1,steps[4].responseOptions[0].steps[0].sceneLine.dialogLine.text,"Oh thanks.········ No that's great,····· I have a weird name.·····",
542257b43a6f,dialogue,sharedassets0.assets,8636,GameOpeningPart1,steps[4].responseOptions[1].steps[0].sceneLine.dialogLine.text,Nope.····· Not like that at all.,
cd94a4f4fd81,dialogue,sharedassets0.assets,8636,GameOpeningPart1,steps[4].responseOptions[2].steps[0].sceneLine.dialogLine.text,Riiiiiight.··············· We'll try that again later.,
8ce54cb838a3,dialogue,sharedassets0.assets,8636,GameOpeningPart1,steps[4].responseOptions[2].text,I literally can't remember my name right now.,
343ce008f5fa,dialogue,sharedassets0.assets,8636,GameOpeningPart1,steps[5].sceneLine.dialogLine.secondaryText,"Look girl,····· are you gonna be alright?····· Looks like you're having some trouble holding it together over there.",
6f1b91604bce,dialogue,sharedassets0.assets,8636,GameOpeningPart1,steps[5].sceneLine.dialogLine.text,"Look dude,····· are you gonna be alright?····· Looks like you're having some trouble holding it together over there.",
43fb29395f5c,dialogue,sharedassets0.assets,8636,GameOpeningPart1,steps[6].responseOptions[0].steps[0].sceneLine.dialogLine.text,Psssh!····· That's a fat load of shit and you know it.,
05c294fb6968,dialogue,sharedassets0.assets,8636,GameOpeningPart1,steps[6].responseOptions[1].steps[0].sceneLine.dialogLine.text,What do I mean?····· I mean I can literally see you sweating through your shirt.,
bb4c506a13d6,dialogue,sharedassets0.assets,8636,GameOpeningPart1,steps[6].responseOptions[2].steps[0].sceneLine.dialogLine.text,"You just... You just...····· Yeah, that's what I thought.",
d12bab84d6a3,dialogue,sharedassets0.assets,8636,GameOpeningPart1,steps[7].responseOptions[0].steps[0].sceneLine.dialogLine.text,Or you could just stop being so weird about it.,
26d581c9f7b5,dialogue,sharedassets0.assets,8636,GameOpeningPart1,steps[7].responseOptions[1].steps[0].sceneLine.dialogLine.text,I could see how uncomfortable you are right now from space.,
f4a522b1e3fb,dialogue,sharedassets0.assets,8636,GameOpeningPart1,steps[7].responseOptions[2].steps[0].sceneLine.dialogLine.text,"Oh god,·· did you just say that?····· Is this happening?",
b2ec1937d006,dialogue,sharedassets0.assets,8636,GameOpeningPart1,steps[7].responseOptions[2].text,"Well, it's just that... you're so pretty and stuff.",
5f9ce9cc5807,dialogue,sharedassets0.assets,8636,GameOpeningPart1,steps[8].sceneLine.dialogLine.text,"Hmmmmm,····· wait,····· you know what?····· This might actually work...",
f11a901655c1,dialogue,sharedassets0.assets,8636,GameOpeningPart1,steps[9].sceneLine.dialogLine.secondaryText,"Yeah,····· yeah... Oh man, this is your lucky day sister!",
52473dd612b4,dialogue,sharedassets0.assets,8636,GameOpeningPart1,steps[9].sceneLine.dialogLine.text,"Yeah,····· yeah... Oh man, this is your lucky day buddy!",
3d811d54411d,dialogue,sharedassets0.assets,8637,GameOpeningPart2,steps[0].sceneLine.dialogLine.text,"Hey, you!····· Rise and shine!····· We've got work to do.",
776b5317ba55,dialogue,sharedassets0.assets,8637,GameOpeningPart2,steps[10].sceneLine.dialogLine.text,"I don't like to brag,····· but I'll have you know I have a very impressive track record.",
e0cd89aba366,dialogue,sharedassets0.assets,8637,GameOpeningPart2,steps[11].sceneLine.dialogLine.text,All of my previous clients are basically walking babe magnets now.,
d3a5b46a2286,dialogue,sharedassets0.assets,8637,GameOpeningPart2,steps[12].sceneLine.dialogLine.text,"You, though...··· *cccmmccc*········Let's just say, you will be my greatest accomplishment yet.",
ecd9abf9a0a7,dialogue,sharedassets0.assets,8637,GameOpeningPart2,steps[13].responseOptions[0].steps[0].sceneLine.dialogLine.text,"*haaah*·····No, but seriously.",
75b5ebf70ca7,dialogue,sharedassets0.assets,8637,GameOpeningPart2,steps[13].responseOptions[0].text,Thanks but no thanks. I'm doing just fine on my own.,
fa51a87a6d72,dialogue,sharedassets0.assets,8637,GameOpeningPart2,steps[13].responseOptions[1].steps[0].sceneLine.dialogLine.secondaryText,"Man,····· you and all the questions.····· Can't a fairy just help a sister out?",
215fc29af867,dialogue,sharedassets0.assets,8637,GameOpeningPart2,steps[13].responseOptions[1].steps[0].sceneLine.dialogLine.text,"Man,····· you and all the questions.····· Can't a fairy just help a brother out?",
7c56058b7ccc,dialogue,sharedassets0.assets,8637,GameOpeningPart2,steps[13].responseOptions[1].text,Why do you want to help me? What's in it for you?,
6deeed05f0a8,dialogue,sharedassets0.assets,8637,GameOpeningPart2,steps[13].responseOptions[2].steps[0].sceneLine.dialogLine.text,"*aaaccc*·····It's fine,····· just go with it;····· it's gonna be great.",
4846d2ce924c,dialogue,sharedassets0.assets,8637,GameOpeningPart2,steps[13].responseOptions[2].text,I'm still having a hard time accepting the fairy thing. It kinda crushes my reality.,
fdc89c18fbd2,dialogue,sharedassets0.assets,8637,GameOpeningPart2,steps[14].sceneLine.dialogLine.text,"We need to get started right away.····· Tell me,····· how many dates HAVE you been on?",
4970a711746b,dialogue,sharedassets0.assets,8637,GameOpeningPart2,steps[16].sceneLine.dialogLine.text,"Oh··· my··· god,····· it's worse than I thought,····· isn't it?",
98ce66ec4111,dialogue,sharedassets0.assets,8637,GameOpeningPart2,steps[17].sceneLine.dialogLine.text,"Alright,··· grab your shit,····· we're going on a date,··· right now.····· Someone has to show you the ropes.",
3a13b3cbaebb,dialogue,sharedassets0.assets,8637,GameOpeningPart2,steps[18].sceneLine.dialogLine.text,I know a place nearby that's open pretty late.····· You'll love it.····· Or not;··· I don't care.,
b8e78a050a96,dialogue,sharedassets0.assets,8637,GameOpeningPart2,steps[2].sceneLine.dialogLine.text,I said····· GET UP!,
01ed241362b8,dialogue,sharedassets0.assets,8637,GameOpeningPart2,steps[3].responseOptions[0].steps[0].sceneLine.dialogLine.secondaryText,No way girlfriend.····· No time to waste!,
f071b77e651e,dialogue,sharedassets0.assets,8637,GameOpeningPart2,steps[3].responseOptions[0].steps[0].sceneLine.dialogLine.text,No way dude.····· No time to waste!,
a097281a2475,dialogue,sharedassets0.assets,8637,GameOpeningPart2,steps[3].responseOptions[1].steps[0].sceneLine.dialogLine.text,Am I gonna have to pull the covers off?,
d2e6b82f035c,dialogue,sharedassets0.assets,8637,GameOpeningPart2,steps[3].responseOptions[1].text,"Alright, alright... I'm up... I'm... zZzZzZz...",
6b8174e3054f,dialogue,sharedassets0.assets,8637,GameOpeningPart2,steps[3].responseOptions[2].steps[0].sceneLine.dialogLine.text,*hmmm*···I bet you were...,
a5e8edcbbe68,dialogue,sharedassets0.assets,8637,GameOpeningPart2,steps[4].responseOptions[1].steps[0].sceneLine.dialogLine.text,Afraid not.····· This is totally happening.,
56548e5a8233,dialogue,sharedassets0.assets,8637,GameOpeningPart2,steps[4].responseOptions[1].text,That getup... I'm definitely still dreaming.,
bf3ccd165720,dialogue,sharedassets0.assets,8637,GameOpeningPart2,steps[4].responseOptions[2].steps[0].sceneLine.dialogLine.text,Chill out for a second.····· You'll be glad I showed up.,
225cb95aec6e,dialogue,sharedassets0.assets,8637,GameOpeningPart2,steps[4].responseOptions[2].text,How did you get in here? I'm calling the police.,
a5e742af3a52,dialogue,sharedassets0.assets,8637,GameOpeningPart2,steps[5].sceneLine.dialogLine.text,"Don't you recognize this adorable face?····· *hehe*It's·· Kyu,·· from the bar.",
0c782939f0c3,dialogue,sharedassets0.assets,8637,GameOpeningPart2,steps[6].responseOptions[0].steps[0].sceneLine.dialogLine.text,"Clever disguise,····· right?····· I can change my hair any color I want.····· It's pretty sweet.",
35bb38242ed5,dialogue,sharedassets0.assets,8637,GameOpeningPart2,steps[6].responseOptions[0].text,"Yeah... but you had brown hair. Also, not wings.",
baa7f3a324bf,dialogue,sharedassets0.assets,8637,GameOpeningPart2,steps[6].responseOptions[1].steps[0].sceneLine.dialogLine.text,"*hahahahahaha*·····No...······· no.······· God no.·········· Besides,····· I was on the clock.",
a7a84b64b845,dialogue,sharedassets0.assets,8637,GameOpeningPart2,steps[6].responseOptions[2].steps[0].sceneLine.dialogLine.text,*hhmmmm*·····Why are they always confused?,
ba2e49f91d77,dialogue,sharedassets0.assets,8637,GameOpeningPart2,steps[6].responseOptions[2].text,I'm so confused right now. What's going on?,
7011179a2a3f,dialogue,sharedassets0.assets,8637,GameOpeningPart2,steps[7].sceneLine.dialogLine.text,"If you can't tell by now,····· I'm a fairy.··· Well,··· a love fairy to be exact.",
0e95a3395b53,dialogue,sharedassets0.assets,8637,GameOpeningPart2,steps[8].responseOptions[0].steps[0].sceneLine.dialogLine.text,"Common misconception.····· I assure you that fairies are indeed,····· a thing.",
d2d62e8149b0,dialogue,sharedassets0.assets,8637,GameOpeningPart2,steps[8].responseOptions[0].text,"Okay. But, fairies aren't actually a thing.",
8297bed1e580,dialogue,sharedassets0.assets,8637,GameOpeningPart2,steps[8].responseOptions[1].steps[0].sceneLine.dialogLine.text,Good question.····· I'm glad you asked.,
3a9da9de99b8,dialogue,sharedassets0.assets,8637,GameOpeningPart2,steps[8].responseOptions[2].steps[0].sceneLine.dialogLine.text,"*aaacccc*·····Funny,········ but let's leave the sarcasm to me,········ alright?",
5d27a130bec3,dialogue,sharedassets0.assets,8637,GameOpeningPart2,steps[9].sceneLine.dialogLine.secondaryText,"Ya see,··· as a love fairy,· it's my job to help poor gals like you out with the ladies.····· It's just...·· what I do.",
f64c49ea6c82,dialogue,sharedassets0.assets,8637,GameOpeningPart2,steps[9].sceneLine.dialogLine.text,"Ya see,··· as a love fairy,· it's my job to help poor saps like you out with the ladies.····· It's just...·· what I do.",
898339f9ee76,dialogue,sharedassets0.assets,8638,GameOpeningPart3,steps[0].sceneLine.dialogLine.text,"Alright,····· I'll try to make this quick.",
109812c5cdda,dialogue,sharedassets0.assets,8638,GameOpeningPart3,steps[10].sceneLine.dialogLine.text,Pay attention to which trait your date prefers!····· It'll go a long way.,
1019b9b627ae,dialogue,sharedassets0.assets,8638,GameOpeningPart3,steps[11].sceneLine.dialogLine.text,Of course matching four or five tokens will get you even more affection.,
c13826106757,dialogue,sharedassets0.assets,8638,GameOpeningPart3,steps[12].sceneLine.dialogLine.text,I'll show you.····· Match those four Sexuality tokens in the bottom right of the grid.····· The red ones.,
fdd944e9b155,dialogue,sharedassets0.assets,8638,GameOpeningPart3,steps[15].sceneLine.dialogLine.text,"Sweet.····· Okay,····· what's next...",
06ddcce441ba,dialogue,sharedassets0.assets,8638,GameOpeningPart3,steps[16].sceneLine.dialogLine.text,Oh right.····· Let me cover the other token types real quick.,
176645a695ac,dialogue,sharedassets0.assets,8638,GameOpeningPart3,steps[17].sceneLine.dialogLine.text,The pink hearts are Passion tokens.····· Matching those will raise your date's Passion level.,
35d29828580b,dialogue,sharedassets0.assets,8638,GameOpeningPart3,steps[18].sceneLine.dialogLine.text,"The higher her passion level is,····· the more affection you'll earn.",
dce469908404,dialogue,sharedassets0.assets,8638,GameOpeningPart3,steps[19].sceneLine.dialogLine.text,The gold bells are Joy tokens.····· You'll get an extra move by matching those;····· very useful.,
633824530567,dialogue,sharedassets0.assets,8638,GameOpeningPart3,steps[1].sceneLine.dialogLine.text,This is the date grid.····· These little pieces are called tokens.,
996fe1929b68,dialogue,sharedassets0.assets,8638,GameOpeningPart3,steps[20].sceneLine.dialogLine.text,"The Broken Heart tokens are bad news.····· Seriously,····· avoid matching those as best you can.",
b61ea2c9ada1,dialogue,sharedassets0.assets,8638,GameOpeningPart3,steps[21].sceneLine.dialogLine.text,"Finally,····· the tear drops are Sentiment tokens.····· Matching those gives you...····· well,····· Sentiment.",
37ad8ce1940f,dialogue,sharedassets0.assets,8638,GameOpeningPart3,steps[22].sceneLine.dialogLine.text,You need Sentiment in order to use date gifts.,
94317b21561d,dialogue,sharedassets0.assets,8638,GameOpeningPart3,steps[23].sceneLine.dialogLine.text,Annnnnnd seeing as how you don't have any date gifts...····· I'm guessing I need to explain that too?,
6435b3757807,dialogue,sharedassets0.assets,8638,GameOpeningPart3,steps[24].sceneLine.dialogLine.text,"Here,····· I'll hook you up with one of mine.····· It's on the house.",
5276cb2a8d6a,dialogue,sharedassets0.assets,8638,GameOpeningPart3,steps[28].sceneLine.dialogLine.text,"Like I said,····· you'll need Sentiment to use it.",
4727b5894721,dialogue,sharedassets0.assets,8638,GameOpeningPart3,steps[29].sceneLine.dialogLine.text,So go ahead and match those three Sentiment tokens in the left most column.····· The tear drops.,
173145c0ca62,dialogue,sharedassets0.assets,8638,GameOpeningPart3,steps[2].sceneLine.dialogLine.text,You earn affection by matching three or more of the circular tokens horizontally or vertically.,
1cfa17777875,dialogue,sharedassets0.assets,8638,GameOpeningPart3,steps[32].sceneLine.dialogLine.text,"Okay,····· now go ahead and give that date gift to me.",
23c3ef25697b,dialogue,sharedassets0.assets,8638,GameOpeningPart3,steps[35].sceneLine.dialogLine.text,Cool huh?,
370f9ccc7e4c,dialogue,sharedassets0.assets,8638,GameOpeningPart3,steps[36].sceneLine.dialogLine.text,"There are like,··· a ton of different date gifts that you can get too.",
e246167280d2,dialogue,sharedassets0.assets,8638,GameOpeningPart3,steps[37].sceneLine.dialogLine.text,They each have a unique effect on the date and can be extremely useful in combination.,
7670c49831cd,dialogue,sharedassets0.assets,8638,GameOpeningPart3,steps[38].sceneLine.dialogLine.text,"Oh,·····*cccc*·· and thanks to a little fairy magic,····· you'll never actually lose them.",
7ffdf7663f92,dialogue,sharedassets0.assets,8638,GameOpeningPart3,steps[39].sceneLine.dialogLine.text,So you can use them on your next date too!····· Is that cool or what?,
9b70b24ec969,dialogue,sharedassets0.assets,8638,GameOpeningPart3,steps[3].sceneLine.dialogLine.text,"For a successful date,····· you have to fill the affection meter before you run out of moves.",
40cad039814f,dialogue,sharedassets0.assets,8638,GameOpeningPart3,steps[40].sceneLine.dialogLine.text,"Alright,····· alright.····· I've gone on long enough.",
5d9e21cf5528,dialogue,sharedassets0.assets,8638,GameOpeningPart3,steps[41].sceneLine.dialogLine.text,I'll let you finish up the date so you can get the hang of it.,
a1a37456911e,dialogue,sharedassets0.assets,8638,GameOpeningPart3,steps[42].sceneLine.dialogLine.text,"Oh and don't worry,····· I won't let you fail this one.····· I'm not THAT mean.",
8f9a489ed16c,dialogue,sharedassets0.assets,8638,GameOpeningPart3,steps[4].sceneLine.dialogLine.text,"Go ahead,····· give it a shot.····· Match those orange ones with the crescent shape in the middle of the grid.",
34e93d6388f2,dialogue,sharedassets0.assets,8638,GameOpeningPart3,steps[7].sceneLine.dialogLine.text,See?····· Easy!,
2170cdd05c5f,dialogue,sharedassets0.assets,8638,GameOpeningPart3,steps[8].sceneLine.dialogLine.text,Each of the four types of Affection tokens represents a particular trait.,
e97d3dce2d81,dialogue,sharedassets0.assets,8638,GameOpeningPart3,steps[9].sceneLine.dialogLine.text,"The orange ones represent Romance,····· blue is Talent,····· green is Flirtation··· and red is Sexuality.",
43aa788e06fe,dialogue,sharedassets0.assets,8639,GameOpeningPart4,steps[0].sceneLine.dialogLine.text,"Aww, shit.····· It's morning already?····· We are way behind schedule.",
5e02c8b3fc93,dialogue,sharedassets0.assets,8639,GameOpeningPart4,steps[10].sceneLine.dialogLine.text,Or····· if you're weird····· you can use that button at the top of the screen.,
0b8f722e0cca,dialogue,sharedassets0.assets,8639,GameOpeningPart4,steps[11].sceneLine.dialogLine.text,Go ahead.····· Break that bad boy open!,
29d4b60e54ff,dialogue,sharedassets0.assets,8639,GameOpeningPart4,steps[14].sceneLine.dialogLine.text,"Okay,····· great!····· I think that's it for now.····· Let's get out there and talk to some broads!",
a3213eb7b44b,dialogue,sharedassets0.assets,8639,GameOpeningPart4,steps[15].responseOptions[0].steps[0].sceneLine.dialogLine.text,That's what I like to hear!,
7f2c04cab8f6,dialogue,sharedassets0.assets,8639,GameOpeningPart4,steps[15].responseOptions[1].steps[0].sceneLine.dialogLine.text,I saaaiiiid...····· let's go talk to some broads!···,
18b8617cefaa,dialogue,sharedassets0.assets,8639,GameOpeningPart4,steps[15].responseOptions[1].text,Or... we just chill here and play video games.,
4facea2ca698,dialogue,sharedassets0.assets,8639,GameOpeningPart4,steps[15].responseOptions[2].steps[0].sceneLine.dialogLine.text,What's that?····· I didn't hear you?··· Did you say...····· hell yeah?,
18987a481de1,dialogue,sharedassets0.assets,8639,GameOpeningPart4,steps[15].responseOptions[2].text,I'm not ready! Please don't make me do this!,
d87f24dee915,dialogue,sharedassets0.assets,8639,GameOpeningPart4,steps[16].sceneLine.dialogLine.text,"Now if you wanna meet a hot chick,····· you gotta go where the hot chicks are.",
6270447ad385,dialogue,sharedassets0.assets,8639,GameOpeningPart4,steps[17].sceneLine.dialogLine.text,I've done some scouting and I have a few ideas of where to start.····· It depends what type of girls you're into.,
8b46071bd79f,dialogue,sharedassets0.assets,8639,GameOpeningPart4,steps[18].sceneLine.dialogLine.text,"We can check out the university,····· the mall,··· the gym,·· the park·· or the nearby cafe.····· What'll it be?",
802efdb20ff5,dialogue,sharedassets0.assets,8639,GameOpeningPart4,steps[1].sceneLine.dialogLine.text,"Okay,····· check it out.····· I have one last thing to give you;····· and this is important.",
ffb9db8660b7,dialogue,sharedassets0.assets,8639,GameOpeningPart4,steps[20].sceneLine.dialogLine.text,Good choice rookie!······· Couldn't have picked it better myself.,
d10571cc82ca,dialogue,sharedassets0.assets,8639,GameOpeningPart4,steps[21].sceneLine.dialogLine.text,"Alright,····· ready?····· Get your game face on!",
7890c0fd151e,dialogue,sharedassets0.assets,8639,GameOpeningPart4,steps[2].sceneLine.dialogLine.text,Introducing...····· the latest in love fairy technology...····· The HunieBee four-point-oh.,
d2ebac3117a0,dialogue,sharedassets0.assets,8639,GameOpeningPart4,steps[5].sceneLine.dialogLine.text,The HunieBee is an essential lifeline for any player on the go.,
76d0178f0af0,dialogue,sharedassets0.assets,8639,GameOpeningPart4,steps[6].sceneLine.dialogLine.text,It automatically registers the info of new girls you meet····· and can even track their location.,
8b9c7edfc06e,dialogue,sharedassets0.assets,8639,GameOpeningPart4,steps[7].sceneLine.dialogLine.text,"You can organize your inventory,····· buy new gifts,····· upgrade your traits...····· It's awesome!",
e50400a4c576,dialogue,sharedassets0.assets,8639,GameOpeningPart4,steps[8].sceneLine.dialogLine.secondaryText,"We don't have time to go over every feature,····· but you're a big girl,····· you can figure it out.",
7dd9aab64d0c,dialogue,sharedassets0.assets,8639,GameOpeningPart4,steps[8].sceneLine.dialogLine.text,"We don't have time to go over every feature,····· but you're a big boy,····· you can figure it out.",
8665fcd6c61d,dialogue,sharedassets0.assets,8639,GameOpeningPart4,steps[9].sceneLine.dialogLine.text,To access the HunieBee····· all you have to do is right-click at pretty much any time.,
0e6dcb9d8a80,dialogue,sharedassets0.assets,8640,GirlIntroInjection1,steps[0].sceneLine.dialogLine.text,"Oh yeah.····· Don't worry,····· they can't see or hear me.····· I'm just a figment of your imagination.",
12886b8c1446,dialogue,sharedassets0.assets,8640,GirlIntroInjection1,steps[1].sceneLine.dialogLine.text,Ploooot twiiiiiist!,
c591af6c6950,dialogue,sharedassets0.assets,8640,GirlIntroInjection1,steps[2].sceneLine.dialogLine.text,"*hahahaha*·····Nah, I'm crazy real.····· I just hid myself from everyone so I can give you advice on the sidelines.",
a4a63712355f,dialogue,sharedassets0.assets,8641,GirlIntroInjection2,steps[1].sceneLine.dialogLine.text,"No!····· Way!...····· You did it!········ Well,··· with my help of course.",
8237edf082c0,dialogue,sharedassets0.assets,8641,GirlIntroInjection2,steps[2].sceneLine.dialogLine.text,I gotta admit I did not expect you to pull that off.,
be18eccae558,dialogue,sharedassets0.assets,8641,GirlIntroInjection2,steps[3].sceneLine.dialogLine.text,Beginner's luck.····· Don't let it go to your head.,
3cb4ffccb097,dialogue,sharedassets0.assets,8641,GirlIntroInjection2,steps[4].sceneLine.dialogLine.text,"By the way,····· that other chick that was here just a second ago?",
2678c666f8fc,dialogue,sharedassets0.assets,8641,GirlIntroInjection2,steps[5].sceneLine.dialogLine.text,"Since she was in range,····· the HunieBee started tracking her location too.",
5c7cf845b5e8,dialogue,sharedassets0.assets,8641,GirlIntroInjection2,steps[6].sceneLine.dialogLine.text,"So after you're done here with this girl,····· you can go catch up with her too.",
d252f6981bd3,dialogue,sharedassets0.assets,8641,GirlIntroInjection2,steps[7].sceneLine.dialogLine.text,Just bust out the HunieBee and check the girl finder screen.,
754443436765,dialogue,sharedassets0.assets,8641,GirlIntroInjection2,steps[8].sceneLine.dialogLine.text,"I'm pumped!····· You pumped?····· Yeah,··· you're pumped!····· Go get em!",
9c79b783f054,dialogue,sharedassets0.assets,8641,GirlIntroInjection2,steps[9].sceneLine.dialogLine.text,I'll be around if you need me!····· *ccccc*·····What am I saying?····· Of course you need me.,
952791cbb431,dialogue,sharedassets0.assets,8690,QuestionAiko1,steps[1].sceneLine.dialogLine.text,What's your favorite part of the female body?,
074df811035d,dialogue,sharedassets0.assets,8690,QuestionAiko1,steps[2].responseOptions[0].steps[0].sceneLine.dialogLine.text,*hahahahahahahahahaha*·····Of course!··············· Now I see why you came up to me.,
42971de66619,dialogue,sharedassets0.assets,8691,QuestionAiko10,steps[1].sceneLine.dialogLine.text,What's your kill count?····· Huh?········ How many notches you got on the ol' belt?,
e0ea6451f0a2,dialogue,sharedassets0.assets,8691,QuestionAiko10,steps[2].responseOptions[0].steps[0].sceneLine.dialogLine.secondaryText,Nice.············· Nothing worse than an inexperienced woman.,
75f71f31dec2,dialogue,sharedassets0.assets,8691,QuestionAiko10,steps[2].responseOptions[0].steps[0].sceneLine.dialogLine.text,Nice.············· Nothing worse than an inexperienced man.,
c7b4a93f1008,dialogue,sharedassets0.assets,8691,QuestionAiko10,steps[2].responseOptions[0].text,"I'm looking at a pretty decent amount, but nothing crazy.",
9e4ab7912023,dialogue,sharedassets0.assets,8691,QuestionAiko10,steps[2].responseOptions[1].text,"Haha, it's hard to keep track after a while you know what I'm saying!?",
72cc49b66889,dialogue,sharedassets0.assets,8692,QuestionAiko11,steps[1].sceneLine.dialogLine.text,Let's····· seeeeeeee...·················· longest relationship you've ever had?,
abd4da4bb8cf,dialogue,sharedassets0.assets,8692,QuestionAiko11,steps[2].responseOptions[0].steps[0].sceneLine.dialogLine.text,Same····· here!··············· I don't like to be tied down for too long.,
699375519a4f,dialogue,sharedassets0.assets,8692,QuestionAiko11,steps[2].responseOptions[0].text,My longest? Probably a year and some change.,
67ed1fb50101,dialogue,sharedassets0.assets,8692,QuestionAiko11,steps[2].responseOptions[2].text,I'm lucky if I can keep it together for two weeks.,
c39c960f7c27,dialogue,sharedassets0.assets,8693,QuestionAiko12,steps[1].sceneLine.dialogLine.text,What's your most fucked up sexual fantasy?,
e28c65b7d574,dialogue,sharedassets0.assets,8693,QuestionAiko12,steps[2].responseOptions[0].steps[0].sceneLine.dialogLine.text,That...······· can be arranged...,
0dedfd5ae4cc,dialogue,sharedassets0.assets,8693,QuestionAiko12,steps[2].responseOptions[0].text,I want to be chained to the bed and dominated.,
95788cb9a5c3,dialogue,sharedassets0.assets,8693,QuestionAiko12,steps[2].responseOptions[1].text,I've always wanted to try the golden shower.,
46ff6df1d182,dialogue,sharedassets0.assets,8693,QuestionAiko12,steps[2].responseOptions[2].text,"A threesome... no, a foursome! As many girls as you can fit on a bed.",
a31a88c1c894,dialogue,sharedassets0.assets,8694,QuestionAiko13,steps[1].sceneLine.dialogLine.text,"What was your first time like?·········· With a girl, of course.",
176193bbce27,dialogue,sharedassets0.assets,8694,QuestionAiko13,steps[2].responseOptions[0].steps[0].sceneLine.dialogLine.text,*hahahahahaha*···*ha*···Well I hope you remember where it was.,
6a733db32045,dialogue,sharedassets0.assets,8694,QuestionAiko13,steps[2].responseOptions[0].text,Once I found the hole we were good to go.,
7a52039bd875,dialogue,sharedassets0.assets,8694,QuestionAiko13,steps[2].responseOptions[1].text,I don't like to brag but she came at least three times.,
a88de8391b2a,dialogue,sharedassets0.assets,8695,QuestionAiko14,steps[1].sceneLine.dialogLine.text,How do you define happiness?,
c042dce387dc,dialogue,sharedassets0.assets,8695,QuestionAiko14,steps[2].responseOptions[0].steps[0].sceneLine.dialogLine.text,"Yep,········ same here.·············· Please, let me know when you find it.",
50ea157a2b2a,dialogue,sharedassets0.assets,8695,QuestionAiko14,steps[2].responseOptions[0].text,I don't know... I guess I'm still searching for that answer.,
783abed514d0,dialogue,sharedassets0.assets,8695,QuestionAiko14,steps[2].responseOptions[1].text,I think achieving your goals is a big part of it.,
5f7683ffe5e8,dialogue,sharedassets0.assets,8696,QuestionAiko2,steps[1].sceneLine.dialogLine.text,"What's the craziest place you haven't done it,······· but would like to?",
2c348038d581,dialogue,sharedassets0.assets,8696,QuestionAiko2,steps[2].responseOptions[0].steps[0].sceneLine.dialogLine.text,"Oh, shiiiit...···················· that would be pretty hot.",
59766e9a96ed,dialogue,sharedassets0.assets,8696,QuestionAiko2,steps[2].responseOptions[2].text,I'd be great just to have any sex at all.,
98cab49b365f,dialogue,sharedassets0.assets,8697,QuestionAiko3,steps[1].sceneLine.dialogLine.text,What do you usually do when you can't think of anything else to do?,
2c8c574ba224,dialogue,sharedassets0.assets,8697,QuestionAiko3,steps[2].responseOptions[0].steps[0].sceneLine.dialogLine.text,Really!?···*hahaha*····· Me too!····· I thought I was just weird.,
3f86768abb2a,dialogue,sharedassets0.assets,8697,QuestionAiko3,steps[2].responseOptions[2].text,Lay on the floor and contemplate existence.,
7fcc6d68a402,dialogue,sharedassets0.assets,8698,QuestionAiko4,steps[1].sceneLine.dialogLine.text,What kind of porn are you into?··············· What?····· I want to know.,
073dc68cf586,dialogue,sharedassets0.assets,8698,QuestionAiko4,steps[2].responseOptions[0].steps[0].sceneLine.dialogLine.text,Oh·· my·· god!·········· Now I'm curious!··············· It can't be worse than mine though.,
2091bdadf6ba,dialogue,sharedassets0.assets,8698,QuestionAiko4,steps[2].responseOptions[0].text,"Believe me, one look at my browser history would terrify you.",
07a78b6d5323,dialogue,sharedassets0.assets,8698,QuestionAiko4,steps[2].responseOptions[1].text,I don't really watch porn. It's just not my thing.,
c6f437c13b86,dialogue,sharedassets0.assets,8698,QuestionAiko4,steps[2].responseOptions[2].text,"Nothing weird. You know, pretty standard stuff.",
b39ae3bd7c1a,dialogue,sharedassets0.assets,8699,QuestionAiko5,steps[1].sceneLine.dialogLine.text,You a political person at all?,
44dbf6d2c6ef,dialogue,sharedassets0.assets,8699,QuestionAiko5,steps[2].responseOptions[0].steps[0].sceneLine.dialogLine.text,You too?·········· They all sound like a bunch of douchebags to me.,
9ec8f6e5c8a4,dialogue,sharedassets0.assets,8699,QuestionAiko5,steps[2].responseOptions[1].text,I suppose I lean to the conservative side.,
513c1cfbb6e5,dialogue,sharedassets0.assets,8700,QuestionAiko6,steps[1].sceneLine.dialogLine.text,This is a fun one...····· what's your biggest turn on?,
38db802bb3fc,dialogue,sharedassets0.assets,8700,QuestionAiko6,steps[2].responseOptions[0].steps[0].sceneLine.dialogLine.text,You mean like this?····· *ccaaaaaaacc*·····*ccaaaaaaacc*·····*hahahahahaha*,
01f082409f94,dialogue,sharedassets0.assets,8700,QuestionAiko6,steps[2].responseOptions[2].text,I'm pretty into feet and like shoes and stuff.,
1aa915659c97,dialogue,sharedassets0.assets,8701,QuestionAiko7,steps[1].sceneLine.dialogLine.text,"What's your ideal,····· perfect vacation like?",
e301dc0889d4,dialogue,sharedassets0.assets,8701,QuestionAiko7,steps[2].responseOptions[0].steps[0].sceneLine.dialogLine.text,"No,····· I'm with you.·········· Who wants the stress of traveling?",
13e942de755d,dialogue,sharedassets0.assets,8701,QuestionAiko7,steps[2].responseOptions[0].text,This is lame but I prefer to just stay home and relax.,
e8f346547cdf,dialogue,sharedassets0.assets,8702,QuestionAiko8,steps[1].sceneLine.dialogLine.text,"So honestly,········ how many chicks you seeing right now?",
d0eb213bb2b2,dialogue,sharedassets0.assets,8702,QuestionAiko8,steps[2].responseOptions[0].steps[0].sceneLine.dialogLine.text,I respect your honesty.····· But they better not be cuter than me!,
728cefec6eff,dialogue,sharedassets0.assets,8702,QuestionAiko8,steps[2].responseOptions[0].text,There are a couple of girls I've met that I'm talking to.,
2f203728e2ff,dialogue,sharedassets0.assets,8702,QuestionAiko8,steps[2].responseOptions[2].text,You should see all the tail I'm chasing. It's crazy.,
e7be81e21aa5,dialogue,sharedassets0.assets,8703,QuestionAiko9,steps[1].sceneLine.dialogLine.text,Do you prefer to know your partner's sexual history?,
63c9622c286a,dialogue,sharedassets0.assets,8703,QuestionAiko9,steps[2].responseOptions[0].steps[0].sceneLine.dialogLine.text,"Yes!··············· I know this is····· pretty messed up,····· but it kinda turns me on to know.",
1feddf95e0b9,dialogue,sharedassets0.assets,8703,QuestionAiko9,steps[2].responseOptions[0].text,"Yeah, I like to know what I'm getting myself into.",
53f6bd2a677b,dialogue,sharedassets0.assets,8703,QuestionAiko9,steps[2].responseOptions[2].text,I prefer that she just lie about it. I know I would.,
f5b2a7e92f7e,dialogue,sharedassets0.assets,8704,QuestionAudrey1,steps[1].sceneLine.dialogLine.text,What are you supposed to do when you're bored?,
ce6958eaa153,dialogue,sharedassets0.assets,8704,QuestionAudrey1,steps[2].responseOptions[0].steps[0].sceneLine.dialogLine.text,"*hahahaha*·····Yeah,····· but then what?····· I'm still bored!",
fd1abe635f93,dialogue,sharedassets0.assets,8705,QuestionAudrey10,steps[1].sceneLine.dialogLine.secondaryText,"If someone said they saw me with another girl,····· what would your reaction be?",
3859f4e008cd,dialogue,sharedassets0.assets,8705,QuestionAudrey10,steps[1].sceneLine.dialogLine.text,"If someone said they saw me with another guy,····· what would your reaction be?",
57e04096d2bb,dialogue,sharedassets0.assets,8705,QuestionAudrey10,steps[2].responseOptions[0].steps[0].sceneLine.dialogLine.text,Maaaybe I'll hate fuck someone to get their ass beat.*hahahaha*···,
9614c1284ff5,dialogue,sharedassets0.assets,8705,QuestionAudrey10,steps[2].responseOptions[1].text,I think I would just be really sad about it.,
0b09fb482f62,dialogue,sharedassets0.assets,8706,QuestionAudrey11,steps[1].sceneLine.dialogLine.text,Do you still talk to any of the girls you used to fuck?,
9b61c0dbbe34,dialogue,sharedassets0.assets,8706,QuestionAudrey11,steps[2].responseOptions[0].steps[0].sceneLine.dialogLine.text,Good!····· I'd have a thing or two to say to those fuckin' skanks.,
8baeda00c2be,dialogue,sharedassets0.assets,8706,QuestionAudrey11,steps[2].responseOptions[1].text,Yeah I like to check in and see how they are doing.,
21fe9991c634,dialogue,sharedassets0.assets,8707,QuestionAudrey12,steps[1].sceneLine.dialogLine.text,Do you prefer girls that shave their shit?,
eeb3b463b494,dialogue,sharedassets0.assets,8707,QuestionAudrey12,steps[2].responseOptions[0].steps[0].sceneLine.dialogLine.text,"Seriously!········ My one friend Nikki doesn't shave, it's so gross!",
263964a93869,dialogue,sharedassets0.assets,8708,QuestionAudrey13,steps[1].sceneLine.dialogLine.text,"Sooo,········ what kinda shit are you on?",
db477f0bbc62,dialogue,sharedassets0.assets,8708,QuestionAudrey13,steps[2].responseOptions[0].steps[0].sceneLine.dialogLine.text,Can I tell you a secret...? I'm high right now.··*hahahahaha*,
a880c2d4afa4,dialogue,sharedassets0.assets,8708,QuestionAudrey13,steps[2].responseOptions[1].text,"Some hard shit. You name it, I've done it.",
5e6c50147ed9,dialogue,sharedassets0.assets,8709,QuestionAudrey14,steps[1].sceneLine.dialogLine.text,You ever stolen anything?,
6fa180694e45,dialogue,sharedassets0.assets,8709,QuestionAudrey14,steps[2].responseOptions[0].steps[0].sceneLine.dialogLine.text,"Okay,····· sweet.····· I'm not trying to hang out with a pussy.",
754c5f291654,dialogue,sharedassets0.assets,8709,QuestionAudrey14,steps[2].responseOptions[0].text,Of course. It's too easy to get away with.,
dfd370cb4831,dialogue,sharedassets0.assets,8710,QuestionAudrey2,steps[1].sceneLine.dialogLine.text,What kind of people do you just fucking hate to even look at?,
d0f76f5bbf25,dialogue,sharedassets0.assets,8710,QuestionAudrey2,steps[2].responseOptions[0].steps[0].sceneLine.dialogLine.text,*aaaacc*·····I know!····· Even my friends can be so plastic sometimes.,
11ec68d28d2f,dialogue,sharedassets0.assets,8710,QuestionAudrey2,steps[2].responseOptions[1].text,I have no patience for people who are rude.,
55eb1878314f,dialogue,sharedassets0.assets,8711,QuestionAudrey3,steps[1].sceneLine.dialogLine.text,How do you vent when somebody pisses you off?,
9896cf796fc8,dialogue,sharedassets0.assets,8711,QuestionAudrey3,steps[2].responseOptions[0].steps[0].sceneLine.dialogLine.text,"Ughh,····· right?····· I don't take no fuckin' bullshit from nobody.",
9f3ed2f45857,dialogue,sharedassets0.assets,8712,QuestionAudrey4,steps[1].sceneLine.dialogLine.text,What's your biggest turn off?····· Huh?,
d0716a208121,dialogue,sharedassets0.assets,8712,QuestionAudrey4,steps[2].responseOptions[0].steps[0].sceneLine.dialogLine.text,Well you don't have to worry about me.····· Fun is pretty much my deal.,
4cc1dc7116a0,dialogue,sharedassets0.assets,8712,QuestionAudrey4,steps[2].responseOptions[0].text,Broads who don't know how to let lose and have fun.,
f3dedd145425,dialogue,sharedassets0.assets,8713,QuestionAudrey5,steps[1].sceneLine.dialogLine.text,"So,····· what's your go to position?",
4f1c6fdf3ae8,dialogue,sharedassets0.assets,8713,QuestionAudrey5,steps[2].responseOptions[0].steps[0].sceneLine.dialogLine.text,*hahahaha*·····I think you and I are going to get along just fine...,
49d420404ae6,dialogue,sharedassets0.assets,8714,QuestionAudrey6,steps[1].sceneLine.dialogLine.text,What do you hate most about dating?,
cbdd62ab3281,dialogue,sharedassets0.assets,8714,QuestionAudrey6,steps[2].responseOptions[0].steps[0].sceneLine.dialogLine.text,"Oh my god,····· you too?····· It's so much easier to just fuck around.",
edc3deca4560,dialogue,sharedassets0.assets,8715,QuestionAudrey7,steps[1].sceneLine.dialogLine.text,Do you even work out?,
7de1e33895f9,dialogue,sharedassets0.assets,8715,QuestionAudrey7,steps[2].responseOptions[0].steps[0].sceneLine.dialogLine.text,"*hahahahaha*·····Yo,··· whatever...····· Think again.",
c4f3aef2a0f9,dialogue,sharedassets0.assets,8715,QuestionAudrey7,steps[2].responseOptions[0].text,"Bitch, I was born perfect. I don't need to work out.",
c9e192f13681,dialogue,sharedassets0.assets,8715,QuestionAudrey7,steps[2].responseOptions[1].text,What do you mean? I work out all the time.,
aab54db7c1b6,dialogue,sharedassets0.assets,8716,QuestionAudrey8,steps[1].sceneLine.dialogLine.text,"Ughh,····· I'm afraid to even ask...····· how many times a day do you touch yourself?",
c59bd4ed65b9,dialogue,sharedassets0.assets,8716,QuestionAudrey8,steps[2].responseOptions[0].steps[0].sceneLine.dialogLine.text,Oh····· god!···············*hahahahahaha*········ I don't even want to know what that means!,
f84ee3bcc3f4,dialogue,sharedassets0.assets,8717,QuestionAudrey9,steps[1].sceneLine.dialogLine.text,"So,·········· what's your opinion on going to university?",
76e7a5973de7,dialogue,sharedassets0.assets,8717,QuestionAudrey9,steps[2].responseOptions[0].steps[0].sceneLine.dialogLine.text,Finally someone agrees!········ It's so boring!·········· How am I supposed to deal with that?,
f52f07857f07,dialogue,sharedassets0.assets,8717,QuestionAudrey9,steps[2].responseOptions[0].text,School is nothing but a waste of time and money.,
199a836463a4,dialogue,sharedassets0.assets,8717,QuestionAudrey9,steps[2].responseOptions[1].text,It's the only way to get ahead in this world.,
5c93aee64919,dialogue,sharedassets0.assets,8718,QuestionBeli1,steps[1].sceneLine.dialogLine.text,What are your feelings about true love?,
70d3d44fc26c,dialogue,sharedassets0.assets,8718,QuestionBeli1,steps[2].responseOptions[0].steps[0].sceneLine.dialogLine.text,"Awww,····· you too?·········· It seems like today's world has given up hope on true love.",
3b7abc20514b,dialogue,sharedassets0.assets,8718,QuestionBeli1,steps[2].responseOptions[0].text,I believe there is one special person out there for everyone.,
101e7f92aab6,dialogue,sharedassets0.assets,8718,QuestionBeli1,steps[2].responseOptions[1].text,"I think love exists, but it has to be built between two people over time.",
5c55364f2416,dialogue,sharedassets0.assets,8718,QuestionBeli1,steps[2].responseOptions[2].text,"I'm not convinced that love actually exists, it's just an abstract concept.",
4bdee6d15d2e,dialogue,sharedassets0.assets,8719,QuestionBeli10,steps[1].sceneLine.dialogLine.text,Do you like to look at your partners face while making love?,
eea94ee36ebd,dialogue,sharedassets0.assets,8719,QuestionBeli10,steps[2].responseOptions[0].steps[0].sceneLine.dialogLine.text,"Really?········ Wow,····· that's beautiful!",
aae2ff0c696f,dialogue,sharedassets0.assets,8719,QuestionBeli10,steps[2].responseOptions[2].text,Well I would but I'm usually looking at her butt.,
0728fdd80486,dialogue,sharedassets0.assets,8720,QuestionBeli11,steps[1].sceneLine.dialogLine.text,"Umm,·········· funny question,··· but,·········· how do you feel about girls shaving...····· down there.",
aaafe43192ee,dialogue,sharedassets0.assets,8720,QuestionBeli11,steps[2].responseOptions[0].steps[0].sceneLine.dialogLine.text,Oh good!··············· I mean...····· that's an··· interesting choice.,
0810f5d3e5bf,dialogue,sharedassets0.assets,8720,QuestionBeli11,steps[2].responseOptions[2].text,I think it looks better when it's clean shaven.,
82cbe2a13ace,dialogue,sharedassets0.assets,8721,QuestionBeli12,steps[1].sceneLine.dialogLine.text,Do you believe there is some form of life after death?,
6fbef53d2b03,dialogue,sharedassets0.assets,8721,QuestionBeli12,steps[2].responseOptions[0].steps[0].sceneLine.dialogLine.text,"Surely!····· I think we live on,····· not in physical form,····· but we're around.",
e1ae2c68b22a,dialogue,sharedassets0.assets,8721,QuestionBeli12,steps[2].responseOptions[0].text,"Well, I don't know what it might be, but surely there must be something.",
79b0e6dc0d7c,dialogue,sharedassets0.assets,8721,QuestionBeli12,steps[2].responseOptions[1].text,Of course! We go to a magic city in the clouds and everything is great forever.,
0369d09c1e18,dialogue,sharedassets0.assets,8721,QuestionBeli12,steps[2].responseOptions[2].text,Not a chance. Enjoy your life while you've got it.,
4facc9e59bbf,dialogue,sharedassets0.assets,8722,QuestionBeli13,steps[1].sceneLine.dialogLine.text,What does happiness mean to you?,
0021cf1e81f3,dialogue,sharedassets0.assets,8722,QuestionBeli13,steps[2].responseOptions[0].steps[0].sceneLine.dialogLine.text,"Hey,····· that's a good point...····· Life itself is such a precious gift!",
a69918d3ee5c,dialogue,sharedassets0.assets,8722,QuestionBeli13,steps[2].responseOptions[1].text,Laughing and having a good time with my friends.,
5a249a8a411d,dialogue,sharedassets0.assets,8722,QuestionBeli13,steps[2].responseOptions[2].text,"Having nice things... you know, I shouldn't be without.",
a384171d64d4,dialogue,sharedassets0.assets,8723,QuestionBeli14,steps[1].sceneLine.dialogLine.text,What does your morning routine look like?,
ba789146f418,dialogue,sharedassets0.assets,8723,QuestionBeli14,steps[2].responseOptions[0].steps[0].sceneLine.dialogLine.text,Just like me!············· I begin each and every day with some light breathing exercises.,
4fc1f58feddf,dialogue,sharedassets0.assets,8723,QuestionBeli14,steps[2].responseOptions[0].text,I like to take a few moments to reflect on the day ahead of me.,
ae12230c3bdf,dialogue,sharedassets0.assets,8723,QuestionBeli14,steps[2].responseOptions[1].text,I hop right into the shower and get the day started!,
ad6843c9ee12,dialogue,sharedassets0.assets,8723,QuestionBeli14,steps[2].responseOptions[2].text,There's a lot of alarm button hitting going on.,
49b7c53cf771,dialogue,sharedassets0.assets,8724,QuestionBeli2,steps[1].sceneLine.dialogLine.text,How do you feel about war and disease in other countries?,
f0722a8acc07,dialogue,sharedassets0.assets,8724,QuestionBeli2,steps[2].responseOptions[0].steps[0].sceneLine.dialogLine.text,"Isn't it?·········· It must be such frightening thing,·········· I wish there was more I could do.",
fcd97f584c90,dialogue,sharedassets0.assets,8724,QuestionBeli2,steps[2].responseOptions[0].text,It's a terrible shame and it breaks my heart.,
501b5049f10e,dialogue,sharedassets0.assets,8724,QuestionBeli2,steps[2].responseOptions[1].text,It's a complicated issue. I'm thankful that it's not happening here.,
fe08e82e7719,dialogue,sharedassets0.assets,8725,QuestionBeli3,steps[1].sceneLine.dialogLine.text,What do you do to calm down when somebody makes you angry?,
be8ac5329a8e,dialogue,sharedassets0.assets,8725,QuestionBeli3,steps[2].responseOptions[0].steps[0].sceneLine.dialogLine.text,"That's very admirable.·········· You're right though,····· we all have our flaws.",
7c36f4a32e6c,dialogue,sharedassets0.assets,8725,QuestionBeli3,steps[2].responseOptions[0].text,I try to relax and remember that nobody is perfect.,
4ab678d2b96b,dialogue,sharedassets0.assets,8725,QuestionBeli3,steps[2].responseOptions[1].text,I like to wait a little while and then plot my revenge.,
3f33e7eccc11,dialogue,sharedassets0.assets,8725,QuestionBeli3,steps[2].responseOptions[2].text,Put a hole right through the wall. Works every time.,
cf98b426168e,dialogue,sharedassets0.assets,8726,QuestionBeli4,steps[1].sceneLine.dialogLine.text,What's your favorite thing about yourself?,
08ae0ead8ef3,dialogue,sharedassets0.assets,8726,QuestionBeli4,steps[2].responseOptions[0].steps[0].sceneLine.dialogLine.text,Wow!·········· I've never heard an answer like that before.·········· I like it!,
e655788200d0,dialogue,sharedassets0.assets,8726,QuestionBeli4,steps[2].responseOptions[0].text,I like that I'm openminded and always learning.,
777ddb8e5aee,dialogue,sharedassets0.assets,8726,QuestionBeli4,steps[2].responseOptions[1].text,I think my sense of humor is pretty damn funny.,
2ed5c4a133ea,dialogue,sharedassets0.assets,8727,QuestionBeli5,steps[1].sceneLine.dialogLine.text,Do you believe there is some kind of deeper meaning to dreams?,
0c5801c92fc8,dialogue,sharedassets0.assets,8727,QuestionBeli5,steps[2].responseOptions[0].steps[0].sceneLine.dialogLine.text,I agree!·········· I can't help but feel there's some purpose behind my dreams.,
d85fdc9c2e30,dialogue,sharedassets0.assets,8727,QuestionBeli5,steps[2].responseOptions[0].text,It seems possible. Maybe there's a message in every dream.,
4f27334784eb,dialogue,sharedassets0.assets,8727,QuestionBeli5,steps[2].responseOptions[1].text,I think dreams are premonitions of future events.,
4ecc9efca2d5,dialogue,sharedassets0.assets,8727,QuestionBeli5,steps[2].responseOptions[2].text,"I doubt it. Dreams are probably just that, dreams.",
526578da9b13,dialogue,sharedassets0.assets,8728,QuestionBeli6,steps[1].sceneLine.dialogLine.text,Are you happy with your body?,
989aa8bc53a7,dialogue,sharedassets0.assets,8728,QuestionBeli6,steps[2].responseOptions[0].steps[0].sceneLine.dialogLine.text,That's an interesting way to think about it...·········· Very refreshing!,
8f48888434a6,dialogue,sharedassets0.assets,8728,QuestionBeli6,steps[2].responseOptions[1].text,God no. I try to avoid going in rooms with mirrors.,
3d8faa7e5f15,dialogue,sharedassets0.assets,8729,QuestionBeli7,steps[1].sceneLine.dialogLine.text,"If you found someone's wallet on the ground,········ what would you do?",
79d8d0716a70,dialogue,sharedassets0.assets,8729,QuestionBeli7,steps[2].responseOptions[0].steps[0].sceneLine.dialogLine.text,You're a good person.·········· Not everybody would be so honest.,
5efb5795f21e,dialogue,sharedassets0.assets,8729,QuestionBeli7,steps[2].responseOptions[0].text,Look inside to see if I can find out who to return it to.,
04d44b8c3854,dialogue,sharedassets0.assets,8729,QuestionBeli7,steps[2].responseOptions[1].text,"I'm not gonna lie, there's going to be a shopping spree involved.",
a3c1bb743932,dialogue,sharedassets0.assets,8729,QuestionBeli7,steps[2].responseOptions[2].text,"Leave it right where I found it, as to not incriminate myself.",
e80e0c485b92,dialogue,sharedassets0.assets,8730,QuestionBeli8,steps[1].sceneLine.dialogLine.text,"If you could change one thing about me,·········· what would it be?",
7e20381e6442,dialogue,sharedassets0.assets,8730,QuestionBeli8,steps[2].responseOptions[0].steps[0].sceneLine.dialogLine.text,You know what...····· you're right!······· I should just be secure in who I am.,
45b16a8691e4,dialogue,sharedassets0.assets,8730,QuestionBeli8,steps[2].responseOptions[0].text,Only that you would ask such an insecure question.,
2b6d4ff7ef3c,dialogue,sharedassets0.assets,8730,QuestionBeli8,steps[2].responseOptions[1].text,I might take you up a cup size. You can never have too much boob.,
ec8dd639fc7d,dialogue,sharedassets0.assets,8731,QuestionBeli9,steps[1].sceneLine.dialogLine.text,How do you feel about spirituality?,
ec78faa70828,dialogue,sharedassets0.assets,8731,QuestionBeli9,steps[2].responseOptions[0].steps[0].sceneLine.dialogLine.text,That's fair.····· As someone who practices yoga··· it's probably clear where I stand.·····*hahahaha*,
b4023589636c,dialogue,sharedassets0.assets,8731,QuestionBeli9,steps[2].responseOptions[0].text,"I wouldn't say I'm 100% non-spiritual, but I don't lose my mind about it.",
e4506332259f,dialogue,sharedassets0.assets,8731,QuestionBeli9,steps[2].responseOptions[1].text,I am a deeply spiritual person. I worship the great love goddess.,
40bc356f5e27,dialogue,sharedassets0.assets,8731,QuestionBeli9,steps[2].responseOptions[2].text,Sounds like a bunch of hocus-pocus voodoo magic to me.,
5380bec06394,dialogue,sharedassets0.assets,8732,QuestionCeleste1,steps[1].sceneLine.dialogLine.text,What is the name of the spiral galaxy nearest to the Milky Way?,
5d9618d9c0ee,dialogue,sharedassets0.assets,8733,QuestionCeleste10,steps[1].sceneLine.dialogLine.text,Approximately how old is your planet Earth?,
40dfaea4a711,dialogue,sharedassets0.assets,8734,QuestionCeleste11,steps[1].sceneLine.dialogLine.text,"What are stars vastly made up of,····· more than anything else?·····",
994f3257a44e,dialogue,sharedassets0.assets,8735,QuestionCeleste12,steps[1].sceneLine.dialogLine.text,What is the largest planet in your solar system?,
e947a3a399ec,dialogue,sharedassets0.assets,8736,QuestionCeleste13,steps[1].sceneLine.dialogLine.text,Which planet in your solar system is the most dense?·····,
7debe4f499c9,dialogue,sharedassets0.assets,8737,QuestionCeleste14,steps[1].sceneLine.dialogLine.text,What is··· a supernova?,
89c438d4e974,dialogue,sharedassets0.assets,8738,QuestionCeleste2,steps[1].sceneLine.dialogLine.text,What is the smallest planet in your solar system?,
1392104d3303,dialogue,sharedassets0.assets,8739,QuestionCeleste3,steps[1].sceneLine.dialogLine.text,"As far as we all know,····· what event began the universe?",
434040f4c3de,dialogue,sharedassets0.assets,8740,QuestionCeleste4,steps[1].sceneLine.dialogLine.text,Roughly how many miles does light travel in one earth calendar year?,
5f5e2449f510,dialogue,sharedassets0.assets,8741,QuestionCeleste5,steps[1].sceneLine.dialogLine.text,What type of star··· is your planet's sun?,
5a6e10e8800c,dialogue,sharedassets0.assets,8742,QuestionCeleste6,steps[1].sceneLine.dialogLine.text,Which of these objects is made·· partly····· of ice?········,
c8eb6c6bf916,dialogue,sharedassets0.assets,8743,QuestionCeleste7,steps[1].sceneLine.dialogLine.text,How many moons does your planet Saturn have?,
ad4c4979a8e4,dialogue,sharedassets0.assets,8744,QuestionCeleste8,steps[1].sceneLine.dialogLine.text,What is the name of your planet Saturn's largest moon?,
e2c7728f9f53,dialogue,sharedassets0.assets,8745,QuestionCeleste9,steps[1].sceneLine.dialogLine.text,What is the approximate distance from your planet to it's moon?,
b0831096c2aa,dialogue,sharedassets0.assets,8746,QuestionJessie1,steps[1].sceneLine.dialogLine.text,"If you won a million dollars,····· how would you spend it?",
7df81667e260,dialogue,sharedassets0.assets,8746,QuestionJessie1,steps[2].responseOptions[0].steps[0].sceneLine.dialogLine.text,"Ohhh····· b*aa*aby!·········· You knew that's what I wanted to hear,····· didn't you?",
109c209a460a,dialogue,sharedassets0.assets,8746,QuestionJessie1,steps[2].responseOptions[0].text,I'd spend all of it on luxuries for my girlfriend.,
edda29f36f29,dialogue,sharedassets0.assets,8746,QuestionJessie1,steps[2].responseOptions[1].text,I think I'd just hang onto it. There's not much I want.,
f16daa948d0b,dialogue,sharedassets0.assets,8746,QuestionJessie1,steps[2].responseOptions[2].text,Feeding the hungry in less fortunate parts of the world.,
6eb8acbb0085,dialogue,sharedassets0.assets,8747,QuestionJessie10,steps[1].sceneLine.dialogLine.text,Would you ever consider...····· going through the back door?,
32a91b1d884f,dialogue,sharedassets0.assets,8747,QuestionJessie10,steps[2].responseOptions[0].steps[0].sceneLine.dialogLine.text,Is·· that·· soooo?··············· Well maybe I'll have to write out some invitations...,
f05ce2f347ed,dialogue,sharedassets0.assets,8747,QuestionJessie10,steps[2].responseOptions[0].text,I suppose if I was invited it would be rude not to stop in for a bit.,
626dce44d497,dialogue,sharedassets0.assets,8747,QuestionJessie10,steps[2].responseOptions[1].text,Consider it? That's the ONLY door I'm going through.,
780e0e156c99,dialogue,sharedassets0.assets,8747,QuestionJessie10,steps[2].responseOptions[2].text,"Eww, no. Sorry, that's not what that's for.",
7db53e5845e5,dialogue,sharedassets0.assets,8748,QuestionJessie11,steps[1].sceneLine.dialogLine.text,How would you feel about your partner seeing other people on the side?,
e0755391bbfb,dialogue,sharedassets0.assets,8748,QuestionJessie11,steps[2].responseOptions[0].steps[0].sceneLine.dialogLine.text,"Yeah,··· it's not a big deal.··· It's just sex!···",
a5da11cdacd1,dialogue,sharedassets0.assets,8748,QuestionJessie11,steps[2].responseOptions[0].text,She can do whatever she wants. I don't own her.,
249d520ab7d2,dialogue,sharedassets0.assets,8748,QuestionJessie11,steps[2].responseOptions[1].text,It depends how serious the relationship is.,
43c89b02f9ad,dialogue,sharedassets0.assets,8749,QuestionJessie12,steps[1].sceneLine.dialogLine.text,Have you ever slept around while dating someone?,
19977ed2bfcd,dialogue,sharedassets0.assets,8749,QuestionJessie12,steps[2].responseOptions[0].steps[0].sceneLine.dialogLine.text,Thats okay honey!····· It's not exactly my cup of tea either.,
25a49d6deecc,dialogue,sharedassets0.assets,8749,QuestionJessie12,steps[2].responseOptions[0].text,"Yeah, I'm not exactly the best at commitment.",
ab565934f239,dialogue,sharedassets0.assets,8749,QuestionJessie12,steps[2].responseOptions[1].text,Just once and it was the biggest mistake of my life.,
df0c19f0024f,dialogue,sharedassets0.assets,8750,QuestionJessie13,steps[1].sceneLine.dialogLine.text,Do you like the lights on or off during sex?,
ff381bfe2942,dialogue,sharedassets0.assets,8750,QuestionJessie13,steps[2].responseOptions[0].steps[0].sceneLine.dialogLine.text,"I know!····· Me too,····· me too.····· I like to see what's going into my mouth.",
6b1c54d1cf7b,dialogue,sharedassets0.assets,8750,QuestionJessie13,steps[2].responseOptions[0].text,"All the way on, so I can watch her eyes roll back into her head.",
bb374ca50a11,dialogue,sharedassets0.assets,8750,QuestionJessie13,steps[2].responseOptions[1].text,I like them off. I don't need to bare witness to that event...,
343dff131feb,dialogue,sharedassets0.assets,8750,QuestionJessie13,steps[2].responseOptions[2].text,I'd say something in-between. Dim lighting is pretty romantic.,
0543cbbcda99,dialogue,sharedassets0.assets,8751,QuestionJessie14,steps[1].sceneLine.dialogLine.text,How do you feel about smokers?,
606be27f5534,dialogue,sharedassets0.assets,8751,QuestionJessie14,steps[2].responseOptions[0].steps[0].sceneLine.dialogLine.text,"Fuck you,····· really?·········· Oh, I'll have to keep that in mind...",
5906eb64aee3,dialogue,sharedassets0.assets,8751,QuestionJessie14,steps[2].responseOptions[0].text,"To be honest, I think they're kinda sexy.",
89c05d7c9d74,dialogue,sharedassets0.assets,8751,QuestionJessie14,steps[2].responseOptions[1].text,Smoking is a disgusting habit. They should quit.,
2bad46b877c0,dialogue,sharedassets0.assets,8751,QuestionJessie14,steps[2].responseOptions[2].text,"It's bad for their health, but, it's a free country.",
1a86d4c1625b,dialogue,sharedassets0.assets,8752,QuestionJessie2,steps[1].sceneLine.dialogLine.text,How important is family to you?,
7efd4d98b3bb,dialogue,sharedassets0.assets,8752,QuestionJessie2,steps[2].responseOptions[0].steps[0].sceneLine.dialogLine.text,"·····Absolutely.············· Unfortunately,······· my daughter doesn't really speak to me anymore...····· What are you gonna do?",
6cac976e18e8,dialogue,sharedassets0.assets,8752,QuestionJessie2,steps[2].responseOptions[0].text,It's the most important thing in the world.,
43422f6d9285,dialogue,sharedassets0.assets,8752,QuestionJessie2,steps[2].responseOptions[1].text,Whatever; as long as you show up for the holidays you're good.,
e87470ebf917,dialogue,sharedassets0.assets,8752,QuestionJessie2,steps[2].responseOptions[2].text,I don't really bother with my family these days.,
fb77c1cff7df,dialogue,sharedassets0.assets,8753,QuestionJessie3,steps[1].sceneLine.dialogLine.text,How often do you watch porn?,
1c0edfe50400,dialogue,sharedassets0.assets,8753,QuestionJessie3,steps[2].responseOptions[0].steps[0].sceneLine.dialogLine.text,"Ohhh my,····· I think I may have met my match.",
6c2fb336805d,dialogue,sharedassets0.assets,8753,QuestionJessie3,steps[2].responseOptions[0].text,I think the real question is how often am I not watching porn.,
a1750cbf1319,dialogue,sharedassets0.assets,8753,QuestionJessie3,steps[2].responseOptions[2].text,Only like once or twice a week. Give me some credit!,
6403970e794d,dialogue,sharedassets0.assets,8754,QuestionJessie4,steps[1].sceneLine.dialogLine.text,How do you feel about little tiny lies if nobody gets hurt?,
e79c1f03debb,dialogue,sharedassets0.assets,8754,QuestionJessie4,steps[2].responseOptions[0].steps[0].sceneLine.dialogLine.text,"Yeah,····· see?····· What people don't know can't hurt them.····· So,····· you just keep it to yourself!",
898e2142f869,dialogue,sharedassets0.assets,8754,QuestionJessie4,steps[2].responseOptions[1].text,"I don't know, that's a difficult topic. It depends.",
228409e4ac3f,dialogue,sharedassets0.assets,8754,QuestionJessie4,steps[2].responseOptions[2].text,"Lying is never okay, no matter what the circumstance.",
40ab18a16b6d,dialogue,sharedassets0.assets,8755,QuestionJessie5,steps[1].sceneLine.dialogLine.text,What's your absolute favorite sex position?,
4f55d6465e2c,dialogue,sharedassets0.assets,8755,QuestionJessie5,steps[2].responseOptions[0].steps[0].sceneLine.dialogLine.secondaryText,"Mmmm,····· thank god.············ I love a girl who knows what he's doing down there.",
13d5cd3d9611,dialogue,sharedassets0.assets,8755,QuestionJessie5,steps[2].responseOptions[0].steps[0].sceneLine.dialogLine.text,"Mmmm,····· thank god.············ I love a guy who knows what he's doing down there.",
1df0155f9500,dialogue,sharedassets0.assets,8756,QuestionJessie6,steps[1].sceneLine.dialogLine.text,Do you have any dark secrets that you're keeping from me?,
aef10e9e28b2,dialogue,sharedassets0.assets,8756,QuestionJessie6,steps[2].responseOptions[0].steps[0].sceneLine.dialogLine.text,Ooooo...····· mysterious!···*hamcmc*·····,
a9d14128b416,dialogue,sharedassets0.assets,8757,QuestionJessie7,steps[1].sceneLine.dialogLine.text,Would you fault somebody for stupid mistakes they made in the past?,
20dee5fcbe95,dialogue,sharedassets0.assets,8757,QuestionJessie7,steps[2].responseOptions[0].steps[0].sceneLine.dialogLine.text,"I'm glad to hear you say that.····· People can change,····· you know?",
d6f9ea66417e,dialogue,sharedassets0.assets,8757,QuestionJessie7,steps[2].responseOptions[2].text,I depends on the person. Some people are hard to trust.,
55272cd32b97,dialogue,sharedassets0.assets,8758,QuestionJessie8,steps[1].sceneLine.dialogLine.text,"Ideally,····· how many times a day would you have sex?",
c7ffdf53b296,dialogue,sharedassets0.assets,8758,QuestionJessie8,steps[2].responseOptions[0].steps[0].sceneLine.dialogLine.text,"Ohhh,····· honey.····· I can handle plenty...··· trust me.",
9a59df444421,dialogue,sharedassets0.assets,8758,QuestionJessie8,steps[2].responseOptions[0].text,You couldn't handle how many times I would do it.,
69571e210490,dialogue,sharedassets0.assets,8758,QuestionJessie8,steps[2].responseOptions[1].text,One in the morning and again at night. Like brushing your teeth.,
f5ff0997f93e,dialogue,sharedassets0.assets,8758,QuestionJessie8,steps[2].responseOptions[2].text,Once is plenty enough. I need time to recharge.,
85b7dd7bb55e,dialogue,sharedassets0.assets,8759,QuestionJessie9,steps[1].sceneLine.dialogLine.text,How often do you masturbate when you're in a relationship?,
eee8efa804dc,dialogue,sharedassets0.assets,8759,QuestionJessie9,steps[2].responseOptions[0].steps[0].sceneLine.dialogLine.text,*hahaha*·····*heh*·····Well at least I don't have to worry about stamina...,
259fbb42bfe2,dialogue,sharedassets0.assets,8759,QuestionJessie9,steps[2].responseOptions[0].text,About as often as I do it when I'm single.,
ea41488c0617,dialogue,sharedassets0.assets,8759,QuestionJessie9,steps[2].responseOptions[1].text,I sneak a couple in whenever I can find the chance.,
2d90b1a11c59,dialogue,sharedassets0.assets,8759,QuestionJessie9,steps[2].responseOptions[2].text,I wouldn't do that behind her back. I have self control.,
9696745281ae,dialogue,sharedassets0.assets,8760,QuestionKyanna1,steps[1].sceneLine.dialogLine.text,How did your last relationship end?,
3e2d542025a7,dialogue,sharedassets0.assets,8760,QuestionKyanna1,steps[2].responseOptions[0].steps[0].sceneLine.dialogLine.text,"Yeah,····· it happens.····· Sounds like it was for the best though!",
375ecd1c84e6,dialogue,sharedassets0.assets,8760,QuestionKyanna1,steps[2].responseOptions[0].text,We sort of grew apart and mutually agreed that it was the right thing.,
73a9a16caf6f,dialogue,sharedassets0.assets,8760,QuestionKyanna1,steps[2].responseOptions[1].text,I just got bored of her and wanted something else.,
aec69624d635,dialogue,sharedassets0.assets,8761,QuestionKyanna10,steps[1].sceneLine.dialogLine.text,Do you think it's okay to tell little white lies?,
40a75039ce55,dialogue,sharedassets0.assets,8761,QuestionKyanna10,steps[2].responseOptions[0].steps[0].sceneLine.dialogLine.text,I couldn't agree more.····· There's no good excuses to lie to someone.,
41c619832147,dialogue,sharedassets0.assets,8762,QuestionKyanna11,steps[1].sceneLine.dialogLine.text,Do you exercise a lot··· or are you a major couch potato?,
0b293ab4e2b1,dialogue,sharedassets0.assets,8762,QuestionKyanna11,steps[2].responseOptions[0].steps[0].sceneLine.dialogLine.text,Same··· here!····· I didn't get this body by taking days off.*hahahaha*,
16b69f647555,dialogue,sharedassets0.assets,8762,QuestionKyanna11,steps[2].responseOptions[1].text,I've never lifted a weight in my fat life.,
655e57e8afc2,dialogue,sharedassets0.assets,8762,QuestionKyanna11,steps[2].responseOptions[2].text,"I try to get to the gym when I can, but it's hard.",
6adf5a03f47d,dialogue,sharedassets0.assets,8763,QuestionKyanna12,steps[1].sceneLine.dialogLine.text,What are you looking for in a relationship?,
864391fb5e45,dialogue,sharedassets0.assets,8763,QuestionKyanna12,steps[2].responseOptions[0].steps[0].sceneLine.dialogLine.text,"That's cool!····· I'm the same way.····· No reason to rush into anything,····· right?",
8aa6c6a93c4d,dialogue,sharedassets0.assets,8763,QuestionKyanna12,steps[2].responseOptions[0].text,"I just want to hang out, have fun and see where it goes. You know?",
9729ed9de8a3,dialogue,sharedassets0.assets,8763,QuestionKyanna12,steps[2].responseOptions[1].text,I'm not getting any younger so I'm trying to find my wife.,
46f4a5be0e1c,dialogue,sharedassets0.assets,8763,QuestionKyanna12,steps[2].responseOptions[2].text,I'm partial to the friends with benefits situation.,
2107eb5002b0,dialogue,sharedassets0.assets,8764,QuestionKyanna13,steps[1].sceneLine.dialogLine.text,How do you feel about girls who wear makeup?,
9dd5eacfe91e,dialogue,sharedassets0.assets,8764,QuestionKyanna13,steps[2].responseOptions[0].steps[0].sceneLine.dialogLine.text,That's good.····· I never leave the house without makeup on.····· I feel so weird without it.,
f38f5161cf9e,dialogue,sharedassets0.assets,8764,QuestionKyanna13,steps[2].responseOptions[0].text,"I love makeup, it makes girls look so much prettier.",
9311764612ac,dialogue,sharedassets0.assets,8764,QuestionKyanna13,steps[2].responseOptions[1].text,"A little bit is okay, but I prefer the more natural look.",
d556c268326b,dialogue,sharedassets0.assets,8764,QuestionKyanna13,steps[2].responseOptions[2].text,"They should clean that crap off their face, they look ridiculous.",
7f8ccf5b08a2,dialogue,sharedassets0.assets,8765,QuestionKyanna14,steps[1].sceneLine.dialogLine.text,What life advice would you give someone who asked?,
4218ef8514f0,dialogue,sharedassets0.assets,8765,QuestionKyanna14,steps[2].responseOptions[0].steps[0].sceneLine.dialogLine.text,Yeah!····· I dig it.····· That makes a lot of sense.,
a5e7ab1a6807,dialogue,sharedassets0.assets,8765,QuestionKyanna14,steps[2].responseOptions[0].text,Confidence is the foundation for all success in life.,
54d7e5c18e0c,dialogue,sharedassets0.assets,8765,QuestionKyanna14,steps[2].responseOptions[1].text,Treat others as you would like others to treat you.,
59497f19fd69,dialogue,sharedassets0.assets,8766,QuestionKyanna2,steps[1].sceneLine.dialogLine.text,Are you good with money?,
3f9a0d4a9143,dialogue,sharedassets0.assets,8766,QuestionKyanna2,steps[2].responseOptions[0].steps[0].sceneLine.dialogLine.text,"I wish I could be more like that!····· I need to start saving for my future,····· seriously.",
3ab6c4726702,dialogue,sharedassets0.assets,8766,QuestionKyanna2,steps[2].responseOptions[0].text,I would say so. I've always been good at saving up for important things.,
098b94c6979f,dialogue,sharedassets0.assets,8766,QuestionKyanna2,steps[2].responseOptions[1].text,I'm terrible with money. There's just too much cool shit out there.,
f6e10b2739c1,dialogue,sharedassets0.assets,8766,QuestionKyanna2,steps[2].responseOptions[2].text,I can assure you that I would be if only I had any.,
4c2793c60ed6,dialogue,sharedassets0.assets,8767,QuestionKyanna3,steps[1].sceneLine.dialogLine.text,Do you prefer stability or spontaneity in your life?,
457f665656f2,dialogue,sharedassets0.assets,8767,QuestionKyanna3,steps[2].responseOptions[0].steps[0].sceneLine.dialogLine.text,So important!·········· I used to party a lot and stuff but ever since I had my son I've had to grow up and settle down a bit.,
23f107038078,dialogue,sharedassets0.assets,8767,QuestionKyanna3,steps[2].responseOptions[0].text,I prefer stability. It's important to have an anchor down somewhere in life.,
4465c0815e78,dialogue,sharedassets0.assets,8767,QuestionKyanna3,steps[2].responseOptions[1].text,I think a little bit of both can be a good thing. Balance is important.,
d037e4b2cb57,dialogue,sharedassets0.assets,8767,QuestionKyanna3,steps[2].responseOptions[2].text,"Spontaneity, without a doubt. Life should be a never ending adventure!",
cdcb9a1800d6,dialogue,sharedassets0.assets,8768,QuestionKyanna4,steps[1].sceneLine.dialogLine.text,"Is there like,·· a type of personality that you just can't stand?",
bb00deb4d5b1,dialogue,sharedassets0.assets,8768,QuestionKyanna4,steps[2].responseOptions[0].steps[0].sceneLine.dialogLine.text,"Oh dude,····· I know!····· There's this one little bitch I know. She is such a··· BITCH!·····",
01ecc22442a3,dialogue,sharedassets0.assets,8768,QuestionKyanna4,steps[2].responseOptions[0].text,"I don't like bitches. It's like, holy shit chill out bitch.",
31a7f9749665,dialogue,sharedassets0.assets,8768,QuestionKyanna4,steps[2].responseOptions[2].text,There's nothing more boring than a shy or nerdy girl.,
71b4ed483de8,dialogue,sharedassets0.assets,8769,QuestionKyanna5,steps[1].sceneLine.dialogLine.text,"This is kind of····· a serious question,····· but,····· what are your thoughts on unplanned pregnancies?",
fd403ba5e35f,dialogue,sharedassets0.assets,8769,QuestionKyanna5,steps[2].responseOptions[0].steps[0].sceneLine.dialogLine.text,I have the same view!····· I chose to have my son but I wouldn't want to force anybody.,
6c0e64a7b5b0,dialogue,sharedassets0.assets,8769,QuestionKyanna5,steps[2].responseOptions[0].text,I think it should be left up to the potential mother to decide.,
b1b5b501b6ba,dialogue,sharedassets0.assets,8769,QuestionKyanna5,steps[2].responseOptions[1].text,Nobody should have the right to decide if a baby is born or not.,
8d72096da9bf,dialogue,sharedassets0.assets,8769,QuestionKyanna5,steps[2].responseOptions[2].text,"I say cancel the pregnancy. No sense in ruining two lives, right?",
9bcd69386ec4,dialogue,sharedassets0.assets,8770,QuestionKyanna6,steps[1].sceneLine.dialogLine.text,Do you get up early in the morning or stay up really late at night?,
472d8b26ca35,dialogue,sharedassets0.assets,8770,QuestionKyanna6,steps[2].responseOptions[0].steps[0].sceneLine.dialogLine.text,That sounds just like me!····· I get up and head right to the gym.,
cc1830dfd40e,dialogue,sharedassets0.assets,8770,QuestionKyanna6,steps[2].responseOptions[0].text,"Bright and early! Things to do, people to see.",
b62ad315c3e1,dialogue,sharedassets0.assets,8770,QuestionKyanna6,steps[2].responseOptions[2].text,"Neither really, I just take short naps throughout the day.",
92cc88d00cf9,dialogue,sharedassets0.assets,8771,QuestionKyanna7,steps[1].sceneLine.dialogLine.secondaryText,Do you think of yourself as a person who takes responsibility for her actions?,
3807ec33b425,dialogue,sharedassets0.assets,8771,QuestionKyanna7,steps[1].sceneLine.dialogLine.text,Do you think of yourself as a person who takes responsibility for his actions?,
04b7df941b98,dialogue,sharedassets0.assets,8771,QuestionKyanna7,steps[2].responseOptions[0].steps[0].sceneLine.dialogLine.text,"That's really,····· really good to hear.····· Unfortunately,····· I haven't met many people like that.",
968b70d84e44,dialogue,sharedassets0.assets,8771,QuestionKyanna7,steps[2].responseOptions[0].text,Very much so. I take pride in always seeing my commitments through.,
f8a2dbc75bf6,dialogue,sharedassets0.assets,8771,QuestionKyanna7,steps[2].responseOptions[1].text,I try not to let anybody down but we all make mistakes.,
9466c14aa0fd,dialogue,sharedassets0.assets,8771,QuestionKyanna7,steps[2].responseOptions[2].text,"Not really, no. I can't be trusted with anything.",
7cf3d408c1df,dialogue,sharedassets0.assets,8772,QuestionKyanna8,steps[1].sceneLine.dialogLine.text,How do you feel about kids?,
762a7828252b,dialogue,sharedassets0.assets,8772,QuestionKyanna8,steps[2].responseOptions[0].steps[0].sceneLine.dialogLine.secondaryText,That's a relief.····· Most girls can't handle that I have a baby.,
142099cd4d6f,dialogue,sharedassets0.assets,8772,QuestionKyanna8,steps[2].responseOptions[0].steps[0].sceneLine.dialogLine.text,That's a relief.····· Most guys can't handle that I have a baby.,
f2db0cafb1a7,dialogue,sharedassets0.assets,8772,QuestionKyanna8,steps[2].responseOptions[0].text,I love kids. They bring so much joy into your life.,
d6120df54b83,dialogue,sharedassets0.assets,8772,QuestionKyanna8,steps[2].responseOptions[2].text,"They're cute, but I'm not sure if I want any of my own.",
b29c5af8b384,dialogue,sharedassets0.assets,8773,QuestionKyanna9,steps[1].sceneLine.dialogLine.text,What's an automatic relationship deal breaker for you?,
cd70b5094c16,dialogue,sharedassets0.assets,8773,QuestionKyanna9,steps[2].responseOptions[0].steps[0].sceneLine.dialogLine.text,"Wow,····· good for you.····· That's a really nice way of looking at it.",
acbb9b655c5b,dialogue,sharedassets0.assets,8773,QuestionKyanna9,steps[2].responseOptions[0].text,I don't think there's anything that can't be worked on.,
6060a47ec6b8,dialogue,sharedassets0.assets,8773,QuestionKyanna9,steps[2].responseOptions[1].text,A girl with a lot of emotional baggage doesn't work for me.,
32305809063f,dialogue,sharedassets0.assets,8774,QuestionKyu1,steps[1].sceneLine.dialogLine.text,Where··· did you and I··· first meet?,
db96959dd1ca,dialogue,sharedassets0.assets,8775,QuestionKyu10,steps[1].sceneLine.dialogLine.text,What did I say about approaching Audrey··· when you first ran into her?,
f73b790ab9fe,dialogue,sharedassets0.assets,8775,QuestionKyu10,steps[2].responseOptions[0].text,Take charge and don't let any of her bullshit get to me.,
80c26628777f,dialogue,sharedassets0.assets,8775,QuestionKyu10,steps[2].responseOptions[1].text,Say something really stupid to try and cheer her up.,
f38dd415a165,dialogue,sharedassets0.assets,8775,QuestionKyu10,steps[2].responseOptions[2].secondaryText,The nice girl shit wasn't going to cut it so I had to be aggressive.,
e376bd5dc7ea,dialogue,sharedassets0.assets,8775,QuestionKyu10,steps[2].responseOptions[2].text,The nice guy shit wasn't going to cut it so I had to be aggressive.,
d8e434745469,dialogue,sharedassets0.assets,8776,QuestionKyu11,steps[1].sceneLine.dialogLine.text,How did I advise you to approach Lola····· when first meeting her?,
fd098435aa70,dialogue,sharedassets0.assets,8776,QuestionKyu11,steps[2].responseOptions[0].text,Open up with something safe to try and get on her good side.,
ebf374a538fc,dialogue,sharedassets0.assets,8776,QuestionKyu11,steps[2].responseOptions[1].secondaryText,She's looking for a decent girl so try not to be an asshole.,
4a63a4689fd2,dialogue,sharedassets0.assets,8776,QuestionKyu11,steps[2].responseOptions[1].text,She's looking for a decent guy so try not to be an asshole.,
435d43276d6c,dialogue,sharedassets0.assets,8776,QuestionKyu11,steps[2].responseOptions[2].text,Say something really stupid to try and cheer her up.,
da508be6a68e,dialogue,sharedassets0.assets,8777,QuestionKyu12,steps[1].sceneLine.dialogLine.text,How did I tell you to open up your initial interaction with Nikki?,
e52fea5d7be8,dialogue,sharedassets0.assets,8777,QuestionKyu12,steps[2].responseOptions[0].text,That my weirdness might actually pay off so just be myself.,
67d31d72b66c,dialogue,sharedassets0.assets,8777,QuestionKyu12,steps[2].responseOptions[1].text,Don't be afraid to take a chance but try not to scare her off.,
ccac1ba676aa,dialogue,sharedassets0.assets,8777,QuestionKyu12,steps[2].responseOptions[2].text,To quickly say something to her before she had a chance to get away.,
75e7383c0004,dialogue,sharedassets0.assets,8778,QuestionKyu13,steps[1].sceneLine.dialogLine.text,"When you first met Jessie,····· how did I suggest you approach her?",
f3d39f873bc6,dialogue,sharedassets0.assets,8778,QuestionKyu13,steps[2].responseOptions[0].secondaryText,The nice girl shit wasn't going to cut it so I had to be aggressive.,
7dc0178ba0f9,dialogue,sharedassets0.assets,8778,QuestionKyu13,steps[2].responseOptions[0].text,The nice guy shit wasn't going to cut it so I had to be aggressive.,
ac2fb533dbf9,dialogue,sharedassets0.assets,8778,QuestionKyu13,steps[2].responseOptions[1].text,Open up with something safe to try and get on her good side.,
7b9cdf5250c8,dialogue,sharedassets0.assets,8778,QuestionKyu13,steps[2].responseOptions[2].text,To quickly say something to her before she had a chance to get away.,
ab95ce1e62e5,dialogue,sharedassets0.assets,8779,QuestionKyu14,steps[1].sceneLine.dialogLine.text,"When first meeting Beli,····· what was my advise to you?",
9903e73a6fb8,dialogue,sharedassets0.assets,8779,QuestionKyu14,steps[2].responseOptions[0].text,To quickly say something to her before she had a chance to get away.,
3826545ab5ad,dialogue,sharedassets0.assets,8779,QuestionKyu14,steps[2].responseOptions[1].text,Don't be afraid to take a chance but try not to scare her off.,
f516d3112c9d,dialogue,sharedassets0.assets,8779,QuestionKyu14,steps[2].responseOptions[2].text,That my weirdness might actually pay off so just be myself.,
07c9bf661da8,dialogue,sharedassets0.assets,8780,QuestionKyu2,steps[1].sceneLine.dialogLine.text,What color was my hair when we first met?,
620a595c22a5,dialogue,sharedassets0.assets,8781,QuestionKyu3,steps[1].sceneLine.dialogLine.text,"When we first met,····· what color dress was I wearing?",
01cac2a7960c,dialogue,sharedassets0.assets,8782,QuestionKyu4,steps[1].sceneLine.dialogLine.text,Do you remember what day it was when we first met?,
a6af0c8a4163,dialogue,sharedassets0.assets,8783,QuestionKyu5,steps[1].sceneLine.dialogLine.text,Where did we go so I could teach you about dating?,
de8b744df8d2,dialogue,sharedassets0.assets,8784,QuestionKyu6,steps[1].sceneLine.dialogLine.text,What type of token was your first ever token match?,
6005c71721b5,dialogue,sharedassets0.assets,8785,QuestionKyu7,steps[1].sceneLine.dialogLine.text,What was my advice to you when meeting Tiffany?,
669a4505ca86,dialogue,sharedassets0.assets,8785,QuestionKyu7,steps[2].responseOptions[0].text,Don't be afraid to take a chance but try not to scare her off.,
dc958b867e8a,dialogue,sharedassets0.assets,8785,QuestionKyu7,steps[2].responseOptions[1].secondaryText,She's looking for a decent girl so try not to be an asshole.,
845401251a59,dialogue,sharedassets0.assets,8785,QuestionKyu7,steps[2].responseOptions[1].text,She's looking for a decent guy so try not to be an asshole.,
c1b53f4e06e0,dialogue,sharedassets0.assets,8785,QuestionKyu7,steps[2].responseOptions[2].text,That my weirdness might actually pay off so just be myself.,
eb6549ca65e3,dialogue,sharedassets0.assets,8786,QuestionKyu8,steps[1].sceneLine.dialogLine.text,How did I suggest that you open the initial conversation with Aiko?,
3a7add0f4b9a,dialogue,sharedassets0.assets,8786,QuestionKyu8,steps[2].responseOptions[0].text,Say something really stupid to try and cheer her up.,
46f029252d6d,dialogue,sharedassets0.assets,8786,QuestionKyu8,steps[2].responseOptions[1].text,Take charge and don't let any of her bullshit get to me.,
835b6a63a2de,dialogue,sharedassets0.assets,8786,QuestionKyu8,steps[2].responseOptions[2].secondaryText,The nice girl shit wasn't going to cut it so I had to be aggressive.,
92e2d3fff03e,dialogue,sharedassets0.assets,8786,QuestionKyu8,steps[2].responseOptions[2].text,The nice guy shit wasn't going to cut it so I had to be aggressive.,
4d07bd72b15b,dialogue,sharedassets0.assets,8787,QuestionKyu9,steps[1].sceneLine.dialogLine.text,Do you remember what I said about approaching Kyanna··· for the first time?,
341296ee0b05,dialogue,sharedassets0.assets,8787,QuestionKyu9,steps[2].responseOptions[0].secondaryText,She's looking for a decent girl so try not to be an asshole.,
16dba184fb92,dialogue,sharedassets0.assets,8787,QuestionKyu9,steps[2].responseOptions[0].text,She's looking for a decent guy so try not to be an asshole.,
f61db3071300,dialogue,sharedassets0.assets,8787,QuestionKyu9,steps[2].responseOptions[1].text,Take charge and don't let any of her bullshit get to me.,
6339207feae3,dialogue,sharedassets0.assets,8787,QuestionKyu9,steps[2].responseOptions[2].text,Open up with something safe to try and get on her good side.,
308027cbaac8,dialogue,sharedassets0.assets,8788,QuestionLola1,steps[1].sceneLine.dialogLine.text,What do you think is the most important trait to have in a girlfriend?,
4e10845323c8,dialogue,sharedassets0.assets,8788,QuestionLola1,steps[2].responseOptions[0].steps[0].sceneLine.dialogLine.text,Well you're in luck!····· I think that defines me fairly well!,
b572af32b8d2,dialogue,sharedassets0.assets,8788,QuestionLola1,steps[2].responseOptions[0].text,An ambitious and independent woman; a real go-getter.,
b59192e53073,dialogue,sharedassets0.assets,8788,QuestionLola1,steps[2].responseOptions[1].text,I just want somebody who will laugh at my stupid jokes.,
d036e2961bec,dialogue,sharedassets0.assets,8789,QuestionLola10,steps[1].sceneLine.dialogLine.text,What's your personal definition of success?,
301e7f3bf121,dialogue,sharedassets0.assets,8789,QuestionLola10,steps[2].responseOptions[0].steps[0].sceneLine.dialogLine.text,Wow!·········· It's like you took the words right out of my mouth.,
2cf574554328,dialogue,sharedassets0.assets,8789,QuestionLola10,steps[2].responseOptions[0].text,"Accomplishing the goals you set for yourself, whatever they might be.",
c4cbf476576d,dialogue,sharedassets0.assets,8789,QuestionLola10,steps[2].responseOptions[1].text,I don't know... I guess I'm still searching for that answer.,
13bafcaa84c0,dialogue,sharedassets0.assets,8789,QuestionLola10,steps[2].responseOptions[2].text,"A big house, fancy cars, exotic trips... the best life has to offer.",
9d1879c32863,dialogue,sharedassets0.assets,8790,QuestionLola11,steps[1].sceneLine.dialogLine.text,"Tell me,····· what's the longest relationship you've ever had?",
f3dc0939a27a,dialogue,sharedassets0.assets,8790,QuestionLola11,steps[2].responseOptions[0].steps[0].sceneLine.dialogLine.secondaryText,That's good!·········· There aren't too many good women that show that kind of commitment anymore.,
4b4bb302a27e,dialogue,sharedassets0.assets,8790,QuestionLola11,steps[2].responseOptions[0].steps[0].sceneLine.dialogLine.text,That's good!·········· There aren't too many good men that show that kind of commitment anymore.,
d8099270ab0e,dialogue,sharedassets0.assets,8790,QuestionLola11,steps[2].responseOptions[1].text,My longest? Probably a year and some change.,
aed447c7e5c4,dialogue,sharedassets0.assets,8790,QuestionLola11,steps[2].responseOptions[2].text,I'm lucky if I can keep it together for two weeks.,
8ef1fed9ba14,dialogue,sharedassets0.assets,8791,QuestionLola12,steps[1].sceneLine.dialogLine.text,"What is it about me that made you approach me,··· really?",
8419156ce096,dialogue,sharedassets0.assets,8791,QuestionLola12,steps[2].responseOptions[0].steps[0].sceneLine.dialogLine.text,"I··· knew··· it!············· I can't blame you though,····· I do look good in the uniform.",
639830572628,dialogue,sharedassets0.assets,8791,QuestionLola12,steps[2].responseOptions[0].text,Probably that form fitting uniform of yours.,
e9941329c5e9,dialogue,sharedassets0.assets,8791,QuestionLola12,steps[2].responseOptions[1].text,I thought you seemed like a really nice girl.,
4303e1e2d3b8,dialogue,sharedassets0.assets,8791,QuestionLola12,steps[2].responseOptions[2].text,"I've never been with a black girl before, so I wanna get that in.",
1fff27406596,dialogue,sharedassets0.assets,8792,QuestionLola13,steps[1].sceneLine.dialogLine.text,What do you see yourself doing in ten or fifteen years?,
169feb77f91e,dialogue,sharedassets0.assets,8792,QuestionLola13,steps[2].responseOptions[0].steps[0].sceneLine.dialogLine.text,That's what I like to hear!····· Where are people's ambitions these days?,
665f952ba71c,dialogue,sharedassets0.assets,8792,QuestionLola13,steps[2].responseOptions[0].text,Still working my ass off to get what I want.,
cdb9377d582f,dialogue,sharedassets0.assets,8792,QuestionLola13,steps[2].responseOptions[1].text,"Probably doing whatever I'm doing right now, except fatter.",
5808f23e05bd,dialogue,sharedassets0.assets,8793,QuestionLola14,steps[1].sceneLine.dialogLine.text,What's the first thing you think about when you wake up in the morning?,
01c7749ad907,dialogue,sharedassets0.assets,8793,QuestionLola14,steps[2].responseOptions[0].steps[0].sceneLine.dialogLine.text,That's right!····· Few people understand the power of starting the day in the right frame of mind.,
f3436580b53f,dialogue,sharedassets0.assets,8793,QuestionLola14,steps[2].responseOptions[0].text,How am I going to make the most out of this day?,
43bf266c31f6,dialogue,sharedassets0.assets,8793,QuestionLola14,steps[2].responseOptions[1].text,I'm glad I don't have a job or anything to go to.,
367a6af5913c,dialogue,sharedassets0.assets,8794,QuestionLola2,steps[1].sceneLine.dialogLine.text,What does the perfect date look like to you?,
e3ea90ce2c0d,dialogue,sharedassets0.assets,8794,QuestionLola2,steps[2].responseOptions[0].steps[0].sceneLine.dialogLine.text,Yes!····· That's exactly how I feel!····· If you're going to go out do something fun!,
c6ba3b785e29,dialogue,sharedassets0.assets,8794,QuestionLola2,steps[2].responseOptions[0].text,Something outdoorsy and adventurous; a new experience.,
ea3c5a3509f5,dialogue,sharedassets0.assets,8794,QuestionLola2,steps[2].responseOptions[1].text,You can't go wrong with the classic dinner and a movie.,
571b57b88d00,dialogue,sharedassets0.assets,8794,QuestionLola2,steps[2].responseOptions[2].text,I like to invite the girl over for a glass of wine or two.,
8543e6b7725a,dialogue,sharedassets0.assets,8795,QuestionLola3,steps[1].sceneLine.dialogLine.text,What's your greatest weakness?,
4a85c0ba4549,dialogue,sharedassets0.assets,8795,QuestionLola3,steps[2].responseOptions[0].steps[0].sceneLine.dialogLine.text,"*hahahaha*·····You're such a clown.····· But,··· a funny one.",
e4a346476705,dialogue,sharedassets0.assets,8795,QuestionLola3,steps[2].responseOptions[0].text,Weakness? I don't know the meaning of the word.,
0f95c0d627fc,dialogue,sharedassets0.assets,8795,QuestionLola3,steps[2].responseOptions[1].text,It's difficult for me to make an emotional connection with someone.,
8eadcea26a59,dialogue,sharedassets0.assets,8795,QuestionLola3,steps[2].responseOptions[2].text,I can get a little clingy when I really like somebody.,
7e6aa169726a,dialogue,sharedassets0.assets,8796,QuestionLola4,steps[1].sceneLine.dialogLine.text,What motivates you to get up in the morning?,
43069bf90a39,dialogue,sharedassets0.assets,8796,QuestionLola4,steps[2].responseOptions[0].steps[0].sceneLine.dialogLine.text,You're just like me!····· My future plans is what keeps me going every day.,
0b78fcd48fde,dialogue,sharedassets0.assets,8796,QuestionLola4,steps[2].responseOptions[1].text,The awful noise coming from my alarm clock.,
3cbc898840fa,dialogue,sharedassets0.assets,8796,QuestionLola4,steps[2].responseOptions[2].text,The idea of seeing your beautiful face once more.,
12819079dd11,dialogue,sharedassets0.assets,8797,QuestionLola5,steps[1].sceneLine.dialogLine.text,What's your biggest goal in life?,
40e7be9c15a3,dialogue,sharedassets0.assets,8797,QuestionLola5,steps[2].responseOptions[0].steps[0].sceneLine.dialogLine.text,"Hmmm,····· that's a good answer!····· Can I steal that from you?",
ddbd740b9265,dialogue,sharedassets0.assets,8797,QuestionLola5,steps[2].responseOptions[0].text,To discover new things to learn and explore.,
8f6d74f02c8e,dialogue,sharedassets0.assets,8797,QuestionLola5,steps[2].responseOptions[1].text,I don't have a specific goal. I'm just along for the ride.,
c16579ee8494,dialogue,sharedassets0.assets,8797,QuestionLola5,steps[2].responseOptions[2].text,Well right now I'm trying to get laid a whole lot.,
33910007415f,dialogue,sharedassets0.assets,8798,QuestionLola6,steps[1].sceneLine.dialogLine.text,Do you enjoy drinking coffee?,
e404807a23a4,dialogue,sharedassets0.assets,8798,QuestionLola6,steps[2].responseOptions[0].steps[0].sceneLine.dialogLine.text,"No,····· trust me,····· nobody is more addicted than this girl right here!",
d384caa590cc,dialogue,sharedassets0.assets,8798,QuestionLola6,steps[2].responseOptions[0].text,"You could say that, or you could say I'm a coffee addict.",
5a8f70032cd3,dialogue,sharedassets0.assets,8798,QuestionLola6,steps[2].responseOptions[1].text,I like to brew a cup for myself every now and again.,
3cba92dd1f21,dialogue,sharedassets0.assets,8798,QuestionLola6,steps[2].responseOptions[2].text,"No, all that caffeine is terrible for you.",
9eb1ae954545,dialogue,sharedassets0.assets,8799,QuestionLola7,steps[1].sceneLine.dialogLine.text,Would you consider yourself an outdoorsy type?,
40135341c418,dialogue,sharedassets0.assets,8799,QuestionLola7,steps[2].responseOptions[0].steps[0].sceneLine.dialogLine.text,I could not agree with you more!····· I need my sun and fresh air.,
9dfc3483b22a,dialogue,sharedassets0.assets,8799,QuestionLola7,steps[2].responseOptions[0].text,"Definitely, I can't stand being cooped up inside all day.",
354669d2d485,dialogue,sharedassets0.assets,8799,QuestionLola7,steps[2].responseOptions[1].text,When it's nice out. I can't handle the cold.,
d1d15ea17e41,dialogue,sharedassets0.assets,8799,QuestionLola7,steps[2].responseOptions[2].text,Oh god no. I'm like a vampire; the sun burns my skin.,
f478d14cd3fb,dialogue,sharedassets0.assets,8800,QuestionLola8,steps[1].sceneLine.dialogLine.text,Are you good at sports?,
b025d3a61582,dialogue,sharedassets0.assets,8800,QuestionLola8,steps[2].responseOptions[0].steps[0].sceneLine.dialogLine.text,*hahahaha*·····We'll have to see about that...····· I'm pretty good myself.,
3046ffb2127d,dialogue,sharedassets0.assets,8800,QuestionLola8,steps[2].responseOptions[0].text,"I don't like to brag... but yeah, I'm pretty much the best of all time.",
3a90fd2dae90,dialogue,sharedassets0.assets,8800,QuestionLola8,steps[2].responseOptions[1].text,"I'm alright. I give it my best, that's all you can do really.",
d133d3d0abe9,dialogue,sharedassets0.assets,8800,QuestionLola8,steps[2].responseOptions[2].text,"I was always picked last in gym class, so you tell me.",
bf33a7b0a774,dialogue,sharedassets0.assets,8801,QuestionLola9,steps[1].sceneLine.dialogLine.text,What kind of books do you like to read?,
65f15feca536,dialogue,sharedassets0.assets,8801,QuestionLola9,steps[2].responseOptions[0].steps[0].sceneLine.dialogLine.text,No way!····· You read self help too?····· I find those books so inspiring!,
cf495b9afcd8,dialogue,sharedassets0.assets,8801,QuestionLola9,steps[2].responseOptions[0].text,You can usually find me in the self help section.,
7a26ad6f5c60,dialogue,sharedassets0.assets,8801,QuestionLola9,steps[2].responseOptions[1].text,I like fiction; especially those epic fantasy novels.,
d75f1e322a0d,dialogue,sharedassets0.assets,8801,QuestionLola9,steps[2].responseOptions[2].text,I haven't picked up a book since I graduated high school.,
9a3e78e95f1a,dialogue,sharedassets0.assets,8802,QuestionMomo1,steps[1].sceneLine.dialogLine.text,"···What kinda aminal has more teeth,····· a kitty or a doggy?",
a33961e46682,dialogue,sharedassets0.assets,8803,QuestionMomo10,steps[1].sceneLine.dialogLine.text,···Uhhh...····· How long is a cat pregnant before it has a baby kitty?,
c93a99613393,dialogue,sharedassets0.assets,8804,QuestionMomo11,steps[1].sceneLine.dialogLine.text,···What does it mean when a kitty has her tail under her body?,
569acd037ee0,dialogue,sharedassets0.assets,8805,QuestionMomo12,steps[1].sceneLine.dialogLine.text,···Do you know about how much of their lives cats spend grooming?··· Huh?,
d6e742265764,dialogue,sharedassets0.assets,8806,QuestionMomo13,steps[1].sceneLine.dialogLine.text,···What's another name for a female kitty?,
7e9ea6e0f9d4,dialogue,sharedassets0.assets,8807,QuestionMomo14,steps[1].sceneLine.dialogLine.text,···What's it mean when a cat is called feral?,
3dc365726f9e,dialogue,sharedassets0.assets,8808,QuestionMomo2,steps[1].sceneLine.dialogLine.text,···Do you know how long indoor cats usually live for about?,
7e826c749ac6,dialogue,sharedassets0.assets,8809,QuestionMomo3,steps[1].sceneLine.dialogLine.text,"···Ohh,··············· what was it?····· Mmmm...····· Oh!··· Oh!····· What's a group of cats called?",
370dbbf406de,dialogue,sharedassets0.assets,8810,QuestionMomo4,steps[1].sceneLine.dialogLine.text,···What's the scientifical name for a kitty?,
d52118199d13,dialogue,sharedassets0.assets,8811,QuestionMomo5,steps[1].sceneLine.dialogLine.text,···What's a kitty doing when it's trilling?,
cfaa05616528,dialogue,sharedassets0.assets,8812,QuestionMomo6,steps[1].sceneLine.dialogLine.text,···What do you call a group of tiny baby kittens?,
4dd18a96da11,dialogue,sharedassets0.assets,8813,QuestionMomo7,steps[1].sceneLine.dialogLine.text,···Which one of these is NOT a breed of cat?,
0dccc642d05b,dialogue,sharedassets0.assets,8814,QuestionMomo8,steps[1].sceneLine.dialogLine.text,···Ummmm...········ How long does a cat spend sleeping in one day?,
2d190cbd82d5,dialogue,sharedassets0.assets,8815,QuestionMomo9,steps[1].sceneLine.dialogLine.text,···Do you know what kind of taste kitties don't have?,
0891cea0c543,dialogue,sharedassets0.assets,8816,QuestionNikki1,steps[1].sceneLine.dialogLine.text,"What's more important to you,····· looks··· or personality?",
0341a0042b00,dialogue,sharedassets0.assets,8816,QuestionNikki1,steps[2].responseOptions[0].steps[0].sceneLine.dialogLine.text,"Tell me about it.······· My friend Audrey is hot,····· but she's such a bitch.",
0f8ecff7db44,dialogue,sharedassets0.assets,8816,QuestionNikki1,steps[2].responseOptions[0].text,Looks don't do much for me if you're a piece of shit inside.,
73ab0cec7877,dialogue,sharedassets0.assets,8816,QuestionNikki1,steps[2].responseOptions[1].text,"I have to be attracted to my partner, otherwise it's not gonna work out.",
e461c15da0a2,dialogue,sharedassets0.assets,8816,QuestionNikki1,steps[2].responseOptions[2].text,"I mean, a little bit of both would be nice.",
f00eafa3ab08,dialogue,sharedassets0.assets,8817,QuestionNikki10,steps[1].sceneLine.dialogLine.text,How long do you usually make a girl wait after getting her number?,
03dbddf6749a,dialogue,sharedassets0.assets,8817,QuestionNikki10,steps[2].responseOptions[0].steps[0].sceneLine.dialogLine.text,See····· that's how it should be done;········ instead of all this bullshit game playing.·····,
c9fc7c8751c3,dialogue,sharedassets0.assets,8817,QuestionNikki10,steps[2].responseOptions[0].text,I'll call her that same day if I really like her.,
4087c6b57772,dialogue,sharedassets0.assets,8817,QuestionNikki10,steps[2].responseOptions[1].text,"You know, the standard two to three days.",
9105cf91630d,dialogue,sharedassets0.assets,8817,QuestionNikki10,steps[2].responseOptions[2].text,"About a week, I think it's good to make them sweat a little.",
cb9dec3f3d90,dialogue,sharedassets0.assets,8818,QuestionNikki11,steps[1].sceneLine.dialogLine.text,Do you believe in the paranormal?,
34a587b73310,dialogue,sharedassets0.assets,8818,QuestionNikki11,steps[2].responseOptions[0].steps[0].sceneLine.dialogLine.text,"Yeah,····· right?····· Like,····· I've read some pretty interesting theories online about this stuff.",
d38b1422334a,dialogue,sharedassets0.assets,8818,QuestionNikki11,steps[2].responseOptions[0].text,You never know. I don't think we can rule it out.,
578c86c8b543,dialogue,sharedassets0.assets,8818,QuestionNikki11,steps[2].responseOptions[1].text,Believe in it? I've actually seen a real ghost before.,
1eda4b41048d,dialogue,sharedassets0.assets,8818,QuestionNikki11,steps[2].responseOptions[2].text,"You mean like ghosts? Nah, don't be silly.",
3ca1df72d836,dialogue,sharedassets0.assets,8819,QuestionNikki12,steps[1].sceneLine.dialogLine.text,Why did you initially come up and talk to me?,
64a87c32672b,dialogue,sharedassets0.assets,8819,QuestionNikki12,steps[2].responseOptions[0].steps[0].sceneLine.dialogLine.text,Wow...·········· I don't think anybody has ever said that to me before.,
6cf594d5f267,dialogue,sharedassets0.assets,8819,QuestionNikki12,steps[2].responseOptions[0].text,I thought you looked really cute standing there all alone.,
9c7d3beb10fc,dialogue,sharedassets0.assets,8819,QuestionNikki12,steps[2].responseOptions[2].text,Because you looked different from all the other girls.,
1d10d16b80c7,dialogue,sharedassets0.assets,8820,QuestionNikki13,steps[1].sceneLine.dialogLine.text,Do you go to a lot of parties?,
0800fa32ac53,dialogue,sharedassets0.assets,8820,QuestionNikki13,steps[2].responseOptions[0].steps[0].sceneLine.dialogLine.text,Ditto.····· It's just an excuse to get drunk and act stupid.,
b33a5314fb75,dialogue,sharedassets0.assets,8820,QuestionNikki13,steps[2].responseOptions[0].text,I can't stand parties or the kind of people who go to them.,
5e4d789e6687,dialogue,sharedassets0.assets,8820,QuestionNikki13,steps[2].responseOptions[1].text,I go to pretty much every party I can get myself invited to.,
687074741830,dialogue,sharedassets0.assets,8820,QuestionNikki13,steps[2].responseOptions[2].text,I only go when I know my close friends are going to be there.,
491d81739b4e,dialogue,sharedassets0.assets,8821,QuestionNikki14,steps[1].sceneLine.dialogLine.text,Do you believe we're alone in the universe?,
aa1b0d4df2db,dialogue,sharedassets0.assets,8821,QuestionNikki14,steps[2].responseOptions[0].steps[0].sceneLine.dialogLine.text,"You're not alone.····· I know it sounds crazy,····· but I've seen some straaaange shit at night.",
a391248a8cee,dialogue,sharedassets0.assets,8821,QuestionNikki14,steps[2].responseOptions[0].text,"I don't know why, but I always get the feeling that we're not.",
ba21ffe73cf2,dialogue,sharedassets0.assets,8821,QuestionNikki14,steps[2].responseOptions[1].text,"The universe is a big place, but I'm not sure. I have my doubts.",
286598e857b3,dialogue,sharedassets0.assets,8821,QuestionNikki14,steps[2].responseOptions[2].text,If aliens existed we would have found them already.,
ddb6f9b9ddd6,dialogue,sharedassets0.assets,8822,QuestionNikki2,steps[1].sceneLine.dialogLine.text,Would you consider yourself a liberal or a conservative person?,
36ee0f704347,dialogue,sharedassets0.assets,8822,QuestionNikki2,steps[2].responseOptions[0].steps[0].sceneLine.dialogLine.text,"Okay,····· good.····· That's the feeling I had,····· I just wanted to make sure.",
20ec5c9537a9,dialogue,sharedassets0.assets,8822,QuestionNikki2,steps[2].responseOptions[0].text,I tend to swing to the liberal side of things.,
02f7d1b12f04,dialogue,sharedassets0.assets,8822,QuestionNikki2,steps[2].responseOptions[1].text,On most issues I feel pretty conservative.,
a8559a1f3913,dialogue,sharedassets0.assets,8822,QuestionNikki2,steps[2].responseOptions[2].text,I think both of those viewpoints are a load of shit.,
8a3ceb8bf1b7,dialogue,sharedassets0.assets,8823,QuestionNikki3,steps[1].sceneLine.dialogLine.text,How many kids do you plan on having?,
465f2bc1ed3f,dialogue,sharedassets0.assets,8823,QuestionNikki3,steps[2].responseOptions[0].steps[0].sceneLine.dialogLine.text,"Oh my god,····· you too?····· I can't even handle kids;····· they're so annoying.",
47ae7917c224,dialogue,sharedassets0.assets,8823,QuestionNikki3,steps[2].responseOptions[0].text,I should never be responsible for another human being.,
c8be8c62ffd4,dialogue,sharedassets0.assets,8823,QuestionNikki3,steps[2].responseOptions[1].text,I think just one would give me enough trouble.,
ec6ff95d29c3,dialogue,sharedassets0.assets,8823,QuestionNikki3,steps[2].responseOptions[2].text,Two or three. I wouldn't want them to grow up alone.,
1e42859a83ca,dialogue,sharedassets0.assets,8824,QuestionNikki4,steps[1].sceneLine.dialogLine.text,How do you feel about people who drink coffee every day?,
6150edc3ac28,dialogue,sharedassets0.assets,8824,QuestionNikki4,steps[2].responseOptions[0].steps[0].sceneLine.dialogLine.text,Right?·········· I've got these crackheads that come into the cafe every single day for their fix.,
764f5a410939,dialogue,sharedassets0.assets,8824,QuestionNikki4,steps[2].responseOptions[0].text,"I think once in a while is fine but damn, everyday?",
b7073a445d66,dialogue,sharedassets0.assets,8824,QuestionNikki4,steps[2].responseOptions[1].text,Caffeine is poison. I gave that shit up a while ago.,
55080cbd19f1,dialogue,sharedassets0.assets,8824,QuestionNikki4,steps[2].responseOptions[2].text,I am most definitely one of those people.,
77bf058e0136,dialogue,sharedassets0.assets,8825,QuestionNikki5,steps[1].sceneLine.dialogLine.text,Do you think of yourself as an introvert or an extrovert?,
17352b0f707b,dialogue,sharedassets0.assets,8825,QuestionNikki5,steps[2].responseOptions[0].steps[0].sceneLine.dialogLine.text,"Same here!····· My friends drag me out sometimes····· but it's like,··· ughh,··· fuck this.",
f6dac0f045dd,dialogue,sharedassets0.assets,8825,QuestionNikki5,steps[2].responseOptions[0].text,I'd much rather be at home by myself most nights.,
760ab9e1aa7e,dialogue,sharedassets0.assets,8825,QuestionNikki5,steps[2].responseOptions[1].text,I enjoy being around other people; keeps me from getting bored.,
d3b0bf720c68,dialogue,sharedassets0.assets,8826,QuestionNikki6,steps[1].sceneLine.dialogLine.text,Are you generally an optimistic or pessimistic person?,
c5bc7355c9a5,dialogue,sharedassets0.assets,8826,QuestionNikki6,steps[2].responseOptions[0].steps[0].sceneLine.dialogLine.text,"Yeah,····· that's probably a good thing.····· You can't be a grump all the time.",
597711c56671,dialogue,sharedassets0.assets,8826,QuestionNikki6,steps[2].responseOptions[0].text,I don't know... I think I'm probably somewhere in the middle.,
1049151b5e86,dialogue,sharedassets0.assets,8826,QuestionNikki6,steps[2].responseOptions[1].text,"For my own sanity, I try to think positively.",
9ab5cd351db5,dialogue,sharedassets0.assets,8826,QuestionNikki6,steps[2].responseOptions[2].text,"Psssh, fuck this world and everybody in it.",
6375fa0929ea,dialogue,sharedassets0.assets,8827,QuestionNikki7,steps[1].sceneLine.dialogLine.text,Have you ever had·· like····· a serious relationship?,
07c8293371a9,dialogue,sharedassets0.assets,8827,QuestionNikki7,steps[2].responseOptions[0].steps[0].sceneLine.dialogLine.text,"Wait,··· really?····· Like····· ever?········ Wooow,········ I thought I was the only one...",
ab9a87364487,dialogue,sharedassets0.assets,8827,QuestionNikki7,steps[2].responseOptions[2].text,"Yea, for sure. I thought it was pretty serious at least.",
a5f6bc717942,dialogue,sharedassets0.assets,8828,QuestionNikki8,steps[1].sceneLine.dialogLine.text,What kind of games you play?,
e02cd3fdc0ba,dialogue,sharedassets0.assets,8828,QuestionNikki8,steps[2].responseOptions[0].steps[0].sceneLine.dialogLine.text,Thank·· god.················· I was afraid you were another one of these····· FPS*eefpeeees* bros.··········,
ecb4c517a732,dialogue,sharedassets0.assets,8828,QuestionNikki8,steps[2].responseOptions[0].text,I'm more of an old school gamer; nothing like the classics.,
ef93b3e59601,dialogue,sharedassets0.assets,8828,QuestionNikki8,steps[2].responseOptions[1].text,I have all the latest consoles and games. You should see my sick setup.,
23097e3adf3c,dialogue,sharedassets0.assets,8828,QuestionNikki8,steps[2].responseOptions[2].text,I'm not that into it. Sometimes I play those mobile games though.,
b84dbb146d85,dialogue,sharedassets0.assets,8829,QuestionNikki9,steps[1].sceneLine.dialogLine.text,Is there anything in your past that you're too ashamed to tell anyone?,
788154c4e54a,dialogue,sharedassets0.assets,8829,QuestionNikki9,steps[2].responseOptions[0].steps[0].sceneLine.dialogLine.text,That's good.····· People shouldn't keep secrets.····· How's it any different from lying?,
4e9df47cb318,dialogue,sharedassets0.assets,8829,QuestionNikki9,steps[2].responseOptions[0].text,Nope! I have nothing to hide from anybody.,
b53bac2160dd,dialogue,sharedassets0.assets,8829,QuestionNikki9,steps[2].responseOptions[1].text,I don't think so... but there was that one thing...,
111b663185dd,dialogue,sharedassets0.assets,8829,QuestionNikki9,steps[2].responseOptions[2].text,"Well everybody has something they're hiding, right?",
ba0bf9e734d7,dialogue,sharedassets0.assets,8830,QuestionTiffany1,steps[1].sceneLine.dialogLine.text,Would you date an unattractive girl if you really liked her as a person?,
3fd25ee98bac,dialogue,sharedassets0.assets,8830,QuestionTiffany1,steps[2].responseOptions[0].steps[0].sceneLine.dialogLine.text,"Honestly,····· me too!·····*hehehehe* Oh no,····· are we terrible people?",
6bebf1b49712,dialogue,sharedassets0.assets,8830,QuestionTiffany1,steps[2].responseOptions[0].text,Probably not. I need to be attracted to my partner.,
d9b46f2379ac,dialogue,sharedassets0.assets,8830,QuestionTiffany1,steps[2].responseOptions[1].text,Of course. Looks aren't everything you know.,
58a37cd942de,dialogue,sharedassets0.assets,8831,QuestionTiffany10,steps[1].sceneLine.dialogLine.text,"What are your thoughts on school?····· I mean,····· going to college.",
8830e14f67f7,dialogue,sharedassets0.assets,8831,QuestionTiffany10,steps[2].responseOptions[0].steps[0].sceneLine.dialogLine.text,I know right?····· There's just something about the academic setting that I love.,
5c349341ce87,dialogue,sharedassets0.assets,8831,QuestionTiffany10,steps[2].responseOptions[0].text,I love the academic environment. I wish school never ended.,
217d8b7ee81e,dialogue,sharedassets0.assets,8831,QuestionTiffany10,steps[2].responseOptions[1].text,School is a huge waste of time and money.,
897bb40c7b13,dialogue,sharedassets0.assets,8831,QuestionTiffany10,steps[2].responseOptions[2].text,It's a great place to meet young hot chicks.,
ab14764475d9,dialogue,sharedassets0.assets,8832,QuestionTiffany11,steps[1].sceneLine.dialogLine.text,Have you ever cheated on anybody?····· Be honest!,
01a4dcf96d39,dialogue,sharedassets0.assets,8832,QuestionTiffany11,steps[2].responseOptions[0].steps[0].sceneLine.dialogLine.text,"Good...··· wait,····· what do you mean not yet!?·····",
c924526a177c,dialogue,sharedassets0.assets,8832,QuestionTiffany11,steps[2].responseOptions[1].text,"Yes, but in my defense she was pretty ugly.",
fe6c3a782dd8,dialogue,sharedassets0.assets,8832,QuestionTiffany11,steps[2].responseOptions[2].text,"Nah, it's only cheating if you get caught.",
857e202db69b,dialogue,sharedassets0.assets,8833,QuestionTiffany12,steps[1].sceneLine.dialogLine.text,Do you still talk with any of your ex's?,
04e240ea2c9a,dialogue,sharedassets0.assets,8833,QuestionTiffany12,steps[2].responseOptions[0].steps[0].sceneLine.dialogLine.text,That's really cool!·········· It's nice when you can still be friends.,
53761cfcdcd8,dialogue,sharedassets0.assets,8833,QuestionTiffany12,steps[2].responseOptions[2].text,Well that would require having had a girlfriend.,
18265f5d2727,dialogue,sharedassets0.assets,8834,QuestionTiffany13,steps[1].sceneLine.dialogLine.text,What's your opinion on people who smoke?,
13dbe28c3350,dialogue,sharedassets0.assets,8834,QuestionTiffany13,steps[2].responseOptions[0].steps[0].sceneLine.dialogLine.text,Tell me about it!····· I had to grow up around it because of my mom.····· Ughh!,
0988dfad633e,dialogue,sharedassets0.assets,8834,QuestionTiffany13,steps[2].responseOptions[1].text,It's fine by me. Smoke em' if you got 'em I guess.,
c9fa337cacc2,dialogue,sharedassets0.assets,8834,QuestionTiffany13,steps[2].responseOptions[2].text,It would be awfully hypocritical of me to judge...,
c3a95573adf9,dialogue,sharedassets0.assets,8835,QuestionTiffany14,steps[1].sceneLine.dialogLine.text,Have you ever done any drugs?,
4c1943a114e3,dialogue,sharedassets0.assets,8835,QuestionTiffany14,steps[2].responseOptions[0].steps[0].sceneLine.dialogLine.text,"Yeah,····· my friend Audrey got me to try some stuff one time.····· I didn't like it.",
aa1f04b11550,dialogue,sharedassets0.assets,8835,QuestionTiffany14,steps[2].responseOptions[0].text,I've messed around a little in the past but I'm over it.,
2527fecbda52,dialogue,sharedassets0.assets,8835,QuestionTiffany14,steps[2].responseOptions[2].text,You kidding? I'm about to do some right now.,
41261da0ee08,dialogue,sharedassets0.assets,8836,QuestionTiffany2,steps[1].sceneLine.dialogLine.text,"What's your idea of like,····· the perfect date?",
2785c19a5940,dialogue,sharedassets0.assets,8836,QuestionTiffany2,steps[2].responseOptions[0].steps[0].sceneLine.dialogLine.text,Right!?····· I was going to say pretty much the same thing.,
d1d9ce5fcb01,dialogue,sharedassets0.assets,8836,QuestionTiffany2,steps[2].responseOptions[0].text,"Sitting at home, ordering a pizza and watching movie.",
872a24be4fa7,dialogue,sharedassets0.assets,8836,QuestionTiffany2,steps[2].responseOptions[1].text,Any time spent with somebody I care about is good enough.,
a2d5a9669d0c,dialogue,sharedassets0.assets,8836,QuestionTiffany2,steps[2].responseOptions[2].text,"A romantic candle lit dinner, followed by a moonlit walk on the beach.",
4dd9c49f5976,dialogue,sharedassets0.assets,8837,QuestionTiffany3,steps[1].sceneLine.dialogLine.text,How close are you with your family?,
259f0b86e235,dialogue,sharedassets0.assets,8837,QuestionTiffany3,steps[2].responseOptions[0].steps[0].sceneLine.dialogLine.text,"No way!····· You too?············ Ughh,····· I'd be perfectly fine if I never saw my mom again.",
3a8eff522832,dialogue,sharedassets0.assets,8837,QuestionTiffany3,steps[2].responseOptions[0].text,I try to stay as far away from those freaks as I can.,
2062757cba78,dialogue,sharedassets0.assets,8837,QuestionTiffany3,steps[2].responseOptions[1].text,"I talk with them every once in a while, but that's about it.",
4cdcd043f9ee,dialogue,sharedassets0.assets,8838,QuestionTiffany4,steps[1].sceneLine.dialogLine.text,"If you had to pick one,····· what do you think your biggest weakness is?",
e3412feb653a,dialogue,sharedassets0.assets,8838,QuestionTiffany4,steps[2].responseOptions[0].steps[0].sceneLine.dialogLine.text,"You?·········· Naaah,······· what would you have to be insecure about?",
f1292c9fb1c3,dialogue,sharedassets0.assets,8838,QuestionTiffany4,steps[2].responseOptions[0].text,I can be pretty insecure about my relationship.,
4b38145d885f,dialogue,sharedassets0.assets,8838,QuestionTiffany4,steps[2].responseOptions[1].text,It's hard for me to make an emotional connection with someone.,
96d3151cf05e,dialogue,sharedassets0.assets,8838,QuestionTiffany4,steps[2].responseOptions[2].text,Weakness? I've never heard of such a thing.,
d7c0321b9934,dialogue,sharedassets0.assets,8839,QuestionTiffany5,steps[1].sceneLine.dialogLine.text,What was your first kiss like?,
8549513c1744,dialogue,sharedassets0.assets,8839,QuestionTiffany5,steps[2].responseOptions[0].steps[0].sceneLine.dialogLine.text,"Awww,··· that's cute.····· But I hope you've gotten better since.·····*hehehe*·····",
6c0534b1da22,dialogue,sharedassets0.assets,8839,QuestionTiffany5,steps[2].responseOptions[0].text,Sloppy! I don't think either of us knew what we were doing.,
9acc37e4923c,dialogue,sharedassets0.assets,8839,QuestionTiffany5,steps[2].responseOptions[2].text,It was in the heat of the moment; really passionate.,
c88152375a3b,dialogue,sharedassets0.assets,8840,QuestionTiffany6,steps[1].sceneLine.dialogLine.text,"Do you believe in extraterrestrial stuff?······· You know,····· like aliens and that?",
cb24fad2b575,dialogue,sharedassets0.assets,8840,QuestionTiffany6,steps[2].responseOptions[0].steps[0].sceneLine.dialogLine.text,"Okay,····· good!····· My friend Nikki is like obsessed with them.····· She's nuts.",
8f0af60c7baa,dialogue,sharedassets0.assets,8840,QuestionTiffany6,steps[2].responseOptions[1].text,You never know what's out there. It's a pretty big universe.,
196fe35fc8e1,dialogue,sharedassets0.assets,8840,QuestionTiffany6,steps[2].responseOptions[2].text,"They're real, believe me. I was visited once when I was a kid.",
223c0ae57886,dialogue,sharedassets0.assets,8841,QuestionTiffany7,steps[1].sceneLine.dialogLine.text,"Ummm...············ you're not like,······· dating anybody else right now,······· are you?",
de966efabc9c,dialogue,sharedassets0.assets,8841,QuestionTiffany7,steps[2].responseOptions[0].steps[0].sceneLine.dialogLine.text,"*hehehe*·····Yeah right,····· you wish!",
5679738a077a,dialogue,sharedassets0.assets,8842,QuestionTiffany8,steps[1].sceneLine.dialogLine.text,"How do you feel about open relationships?····· Like,····· seeing other people on the side?",
cbd5bd4f29af,dialogue,sharedassets0.assets,8842,QuestionTiffany8,steps[2].responseOptions[0].steps[0].sceneLine.dialogLine.text,*cccccc*···For a second I thought you were going to say something else.,
c94d30e8256b,dialogue,sharedassets0.assets,8842,QuestionTiffany8,steps[2].responseOptions[1].text,Well it certainly doesn't hurt to be open minded.,
b14ecd83d3c4,dialogue,sharedassets0.assets,8843,QuestionTiffany9,steps[1].sceneLine.dialogLine.text,"Have you slept with a lot of girls?····· Wait,····· don't tell me...········ No!····· Wait!····· Yes,····· tell me.",
63d771854a9f,dialogue,sharedassets0.assets,8843,QuestionTiffany9,steps[2].responseOptions[0].steps[0].sceneLine.dialogLine.text,*hehehe*·····Shut up! You're such a dork.,
bf848de111ec,dialogue,sharedassets0.assets,8843,QuestionTiffany9,steps[2].responseOptions[2].text,I've literally never slept with anyone else.,
84a3e7a44d44,dialogue,sharedassets0.assets,8844,QuestionVenus1,steps[1].sceneLine.dialogLine.text,Who is the youngest girl you've dated?,
c6e84ef687b7,dialogue,sharedassets0.assets,8845,QuestionVenus10,steps[1].sceneLine.dialogLine.text,Can you tell me the name of the only girl who wears·· earrings?,
41a1bd89405c,dialogue,sharedassets0.assets,8846,QuestionVenus11,steps[1].sceneLine.dialogLine.text,How many girls have you dated who have blue eyes?,
88ac8bc63b24,dialogue,sharedassets0.assets,8847,QuestionVenus12,steps[1].sceneLine.dialogLine.text,Which of these girls does not smoke?,
133e233b9960,dialogue,sharedassets0.assets,8848,QuestionVenus13,steps[1].sceneLine.dialogLine.text,"Out of all the girls you've dated,····· who is the only one····· to change her hair color?",
d2b0aeec20f0,dialogue,sharedassets0.assets,8849,QuestionVenus14,steps[1].sceneLine.dialogLine.text,Which one of these girls owns a pair of stockings?,
740424e543b8,dialogue,sharedassets0.assets,8850,QuestionVenus2,steps[1].sceneLine.dialogLine.text,Who is the tallest girl you've dated?,
85fe1ee18593,dialogue,sharedassets0.assets,8851,QuestionVenus3,steps[1].sceneLine.dialogLine.text,Which of these girls weighs the least?,
7a87cf334c31,dialogue,sharedassets0.assets,8852,QuestionVenus4,steps[1].sceneLine.dialogLine.text,"Out of these girls,·· who has the largest cup size?",
4638022f6c8c,dialogue,sharedassets0.assets,8853,QuestionVenus5,steps[1].sceneLine.dialogLine.text,Who's birthday arrives latest in the year?,
872c3fdd249a,dialogue,sharedassets0.assets,8854,QuestionVenus6,steps[1].sceneLine.dialogLine.text,Who is the only girl with violet colored eyes?,
7cb9f5180f2a,dialogue,sharedassets0.assets,8855,QuestionVenus7,steps[1].sceneLine.dialogLine.text,Which of these pairs of girls·· are not close friends?,
9762832c3d35,dialogue,sharedassets0.assets,8856,QuestionVenus8,steps[1].sceneLine.dialogLine.text,Which of these girls does not wear glasses?,
14dae364a3d7,dialogue,sharedassets0.assets,8857,QuestionVenus9,steps[1].sceneLine.dialogLine.text,Which of these girls does not wear lipstick?,
e29c18875ad6,dialogue,sharedassets0.assets,8858,QuizAiko1,steps[1].sceneLine.dialogLine.text,This should be easy.·········· What's my last name?,
0e827cf4a2ad,dialogue,sharedassets0.assets,8859,QuizAiko10,steps[1].sceneLine.dialogLine.text,What did I say when you asked my favorite color?,
72b5097a41af,dialogue,sharedassets0.assets,8860,QuizAiko11,steps[1].sceneLine.dialogLine.text,Which season did I say I liked best?,
fc749efe2524,dialogue,sharedassets0.assets,8861,QuizAiko12,steps[1].sceneLine.dialogLine.text,Can you guess where I'd rather be right now?,
33b4d59980a4,dialogue,sharedassets0.assets,8862,QuizAiko2,steps[1].sceneLine.dialogLine.text,Do you remember how old I said I was?,
730179f781ac,dialogue,sharedassets0.assets,8863,QuizAiko3,steps[1].sceneLine.dialogLine.text,What college degree did I earn?,
b81f23088414,dialogue,sharedassets0.assets,8863,QuizAiko3,steps[2].responseOptions[1].text,You've graduated with a four year degree.,
89c617a47209,dialogue,sharedassets0.assets,8864,QuizAiko4,steps[1].sceneLine.dialogLine.text,"I bet you don't remember how tall I am, hmm?",
d7da9a138d5e,dialogue,sharedassets0.assets,8865,QuizAiko5,steps[1].sceneLine.dialogLine.text,How much do I weigh?····· And do not get this wrong.,
87a06f6c4c05,dialogue,sharedassets0.assets,8866,QuizAiko6,steps[1].sceneLine.dialogLine.text,Please tell me you know what I do for a living...,
abab93119870,dialogue,sharedassets0.assets,8867,QuizAiko7,steps[1].sceneLine.dialogLine.text,How big are my boobs?····· As if I even have to ask...,
b4acd370cab3,dialogue,sharedassets0.assets,8868,QuizAiko8,steps[1].sceneLine.dialogLine.text,On what day was I born?,
5ac4d7062996,dialogue,sharedassets0.assets,8869,QuizAiko9,steps[1].sceneLine.dialogLine.text,What's my favorite way to spend an evening?,
31bed19e77c0,dialogue,sharedassets0.assets,8870,QuizAudrey1,steps[1].sceneLine.dialogLine.text,What's my last name?····· As if you cared.,
26aaf3ca3673,dialogue,sharedassets0.assets,8871,QuizAudrey10,steps[1].sceneLine.dialogLine.text,"My favorite color,····· what is it?····· Come on,····· I'm waiting...",
e082c1ddd046,dialogue,sharedassets0.assets,8872,QuizAudrey11,steps[1].sceneLine.dialogLine.text,What's like··· the only season that doesn't suck total ass...,
de13c527786d,dialogue,sharedassets0.assets,8873,QuizAudrey12,steps[1].sceneLine.dialogLine.text,I know.····· What's my favorite spot to chill at?,
ff8dddb7bd87,dialogue,sharedassets0.assets,8874,QuizAudrey2,steps[1].sceneLine.dialogLine.text,Do you even know how old I am?,
7f901af6a79d,dialogue,sharedassets0.assets,8875,QuizAudrey3,steps[1].sceneLine.dialogLine.text,"Not that you give a shit,····· but··· what's my schooling level?",
71a9518c3e57,dialogue,sharedassets0.assets,8876,QuizAudrey4,steps[1].sceneLine.dialogLine.text,How about my height?····· Do you remember that?,
e547511d38cd,dialogue,sharedassets0.assets,8877,QuizAudrey5,steps[1].sceneLine.dialogLine.text,How much did I say I weighed last time you asked?,
36108aa7e90e,dialogue,sharedassets0.assets,8878,QuizAudrey6,steps[1].sceneLine.dialogLine.text,You remember what I told you when you asked where I worked?,
807deab056c0,dialogue,sharedassets0.assets,8879,QuizAudrey7,steps[1].sceneLine.dialogLine.text,If you remembered anything I'm sure it's the size of my tits.····· Huh?,
e2c14e97729b,dialogue,sharedassets0.assets,8880,QuizAudrey8,steps[1].sceneLine.dialogLine.text,You better know my birthday.····· It's SO easy to remember.,
9a3b85e7cef6,dialogue,sharedassets0.assets,8881,QuizAudrey9,steps[1].sceneLine.dialogLine.text,"What's like,····· my favorite thing to do,····· ever?",
40a4ae161b00,dialogue,sharedassets0.assets,8882,QuizBeli1,steps[1].sceneLine.dialogLine.text,"I know it's sort of hard to remember,········ but········ do you know my last name?",
4d51f31e2822,dialogue,sharedassets0.assets,8883,QuizBeli10,steps[1].sceneLine.dialogLine.text,"What's my favorite color?·········· It's based off of my favorite flower,····· remember?",
01b2ba7a9a42,dialogue,sharedassets0.assets,8884,QuizBeli11,steps[1].sceneLine.dialogLine.text,How about...·········· my favorite season.·········· Do you know it?,
16ed7e6c6977,dialogue,sharedassets0.assets,8885,QuizBeli12,steps[1].sceneLine.dialogLine.text,What was my answer when you asked about my favorite place to hang out?,
49b80d1ae406,dialogue,sharedassets0.assets,8886,QuizBeli2,steps[1].sceneLine.dialogLine.text,How old am I right now?,
19d284cfa1b7,dialogue,sharedassets0.assets,8887,QuizBeli3,steps[1].sceneLine.dialogLine.text,What can you recall about my education?,
4363097df809,dialogue,sharedassets0.assets,8887,QuizBeli3,steps[2].responseOptions[1].text,You've graduated with a four year degree.,
22b1e331e6ca,dialogue,sharedassets0.assets,8888,QuizBeli4,steps[1].sceneLine.dialogLine.text,Do you remember how tall I am?,
f32028b3f1cf,dialogue,sharedassets0.assets,8889,QuizBeli5,steps[1].sceneLine.dialogLine.text,Do you remember what I got my weight down to?,
b9242fd938b8,dialogue,sharedassets0.assets,8890,QuizBeli6,steps[1].sceneLine.dialogLine.text,"You do remember what my job is,····· yeah?",
8d5682e79252,dialogue,sharedassets0.assets,8891,QuizBeli7,steps[1].sceneLine.dialogLine.text,"Do you remember what size my...·········· chest,····· is?·····",
8e7ffea81891,dialogue,sharedassets0.assets,8892,QuizBeli8,steps[1].sceneLine.dialogLine.text,What day was I born on?,
96f6935f6925,dialogue,sharedassets0.assets,8893,QuizBeli9,steps[1].sceneLine.dialogLine.text,What's the one thing I never forget to make time for every day?,
2d567c4646c7,dialogue,sharedassets0.assets,8894,QuizCeleste1,steps[1].sceneLine.dialogLine.text,Which clan do I belong to?,
7cec372563b3,dialogue,sharedassets0.assets,8895,QuizCeleste10,steps[1].sceneLine.dialogLine.text,What color do I like most?,
6dfa65183c71,dialogue,sharedassets0.assets,8896,QuizCeleste11,steps[1].sceneLine.dialogLine.text,Which of your four seasons do I find most comfortable?,
74c8407c6c7b,dialogue,sharedassets0.assets,8897,QuizCeleste12,steps[1].sceneLine.dialogLine.text,What location in town do I spend a lot of time at?,
344cdf9e1497,dialogue,sharedassets0.assets,8898,QuizCeleste2,steps[1].sceneLine.dialogLine.text,My earth age is how many years?·····,
fd87ddd74133,dialogue,sharedassets0.assets,8899,QuizCeleste3,steps[1].sceneLine.dialogLine.text,What is the name of my home planet?,
d806d208ed9d,dialogue,sharedassets0.assets,8900,QuizCeleste4,steps[1].sceneLine.dialogLine.text,How tall are the females of my species?,
8fcfbcc2db18,dialogue,sharedassets0.assets,8901,QuizCeleste5,steps[1].sceneLine.dialogLine.text,How much does my body weigh?,
9ff27cee9ae0,dialogue,sharedassets0.assets,8902,QuizCeleste6,steps[1].sceneLine.dialogLine.text,What is my primary occupation?,
003c99083d5b,dialogue,sharedassets0.assets,8903,QuizCeleste7,steps[1].sceneLine.dialogLine.text,What size bra am I wearing?,
582c72ee02ec,dialogue,sharedassets0.assets,8904,QuizCeleste8,steps[1].sceneLine.dialogLine.text,When would my day of birth be?,
9beeb03d1b13,dialogue,sharedassets0.assets,8905,QuizCeleste9,steps[1].sceneLine.dialogLine.text,What activity do I most enjoy doing?,
e890e531eafd,dialogue,sharedassets0.assets,8906,QuizJessie1,steps[1].sceneLine.dialogLine.text,"What's my last name?·········· I mean,····· you have to at least remember that.",
17108c19f33f,dialogue,sharedassets0.assets,8907,QuizJessie10,steps[1].sceneLine.dialogLine.text,Please tell me you haven't forgotten my favorite color?,
0637db22c259,dialogue,sharedassets0.assets,8908,QuizJessie11,steps[1].sceneLine.dialogLine.text,Which season do I love the most?,
7bd76ae1d3fe,dialogue,sharedassets0.assets,8909,QuizJessie12,steps[1].sceneLine.dialogLine.text,"Oh,··· this question is so easy.·····*hahahaha*·····Where is my regular hangout?····· Like,····· duh!",
1452c8cc55bc,dialogue,sharedassets0.assets,8910,QuizJessie2,steps[1].sceneLine.dialogLine.text,How incredibly young am I?,
522894d278dd,dialogue,sharedassets0.assets,8911,QuizJessie3,steps[1].sceneLine.dialogLine.text,"When you asked about my education,····· what did I say to you?",
7282e19a2b66,dialogue,sharedassets0.assets,8912,QuizJessie4,steps[1].sceneLine.dialogLine.text,How tall am I again?,
d79f7d018e69,dialogue,sharedassets0.assets,8913,QuizJessie5,steps[1].sceneLine.dialogLine.text,How much do I weigh?····· And be nice...,
d2db26c3502b,dialogue,sharedassets0.assets,8914,QuizJessie6,steps[1].sceneLine.dialogLine.text,"You do know what I do for money,····· don't you?",
a1a4b094bc78,dialogue,sharedassets0.assets,8915,QuizJessie7,steps[1].sceneLine.dialogLine.text,"Quick,··· without looking,····· what's my cup size?········ Well,············· ok···ay,·········· you can take a quick peek.·····",
125eb939f871,dialogue,sharedassets0.assets,8916,QuizJessie8,steps[1].sceneLine.dialogLine.text,"You haven't forgotten my birthday,····· have you?",
ee38f031ff03,dialogue,sharedassets0.assets,8917,QuizJessie9,steps[1].sceneLine.dialogLine.text,"I'm sure I don't have to remind you of my favorite hobby,····· do I?",
7fcf417dde8c,dialogue,sharedassets0.assets,8918,QuizKyanna1,steps[1].sceneLine.dialogLine.text,"You remember my last name,····· don't you?",
c6b0813d8b5c,dialogue,sharedassets0.assets,8919,QuizKyanna10,steps[1].sceneLine.dialogLine.text,I bet you can't recall my favorite color!····· Can ya?,
7b1182f93c66,dialogue,sharedassets0.assets,8920,QuizKyanna11,steps[1].sceneLine.dialogLine.text,"Uhhh...····· I forgot what I was going to ask...····· Oh,··· yeah!····· What's my favorite season?",
0888e7d9aaf3,dialogue,sharedassets0.assets,8921,QuizKyanna12,steps[1].sceneLine.dialogLine.text,I'm sure you could just guess this one.····· What place am I always at?,
383eaeab646c,dialogue,sharedassets0.assets,8922,QuizKyanna2,steps[1].sceneLine.dialogLine.text,What's my age?····· Most people think I'm older than I am because of my son.,
0c44d8fa22ac,dialogue,sharedassets0.assets,8923,QuizKyanna3,steps[1].sceneLine.dialogLine.text,"You probably remember the level of school I've completed,····· right?",
5e6739aa04e5,dialogue,sharedassets0.assets,8924,QuizKyanna4,steps[1].sceneLine.dialogLine.text,How tall am I?····· Five foot what?,
e64dcff3b5a9,dialogue,sharedassets0.assets,8925,QuizKyanna5,steps[1].sceneLine.dialogLine.text,I just weighed myself this morning;····· it hasn't changed.····· You remember what it is?,
3d8cde4f2d14,dialogue,sharedassets0.assets,8926,QuizKyanna6,steps[1].sceneLine.dialogLine.text,What am I doing to pay the bills?,
b541f1b473c3,dialogue,sharedassets0.assets,8927,QuizKyanna7,steps[1].sceneLine.dialogLine.text,"Since you're already staring at them,····· can you tell me what size my chest is?",
d163369d484b,dialogue,sharedassets0.assets,8928,QuizKyanna8,steps[1].sceneLine.dialogLine.text,I'll be surprised if you get this one!····· My birthday...?,
f75cadac35a5,dialogue,sharedassets0.assets,8929,QuizKyanna9,steps[1].sceneLine.dialogLine.text,"Okay,····· this one is super easy,····· but I'll ask anyway.····· What's my main hobby?",
22eae5900519,dialogue,sharedassets0.assets,8930,QuizKyu1,steps[1].sceneLine.dialogLine.text,"Ugghhh,····· I don't even wanna ask...·····*ccccc*····· What's my last name?",
dc8a1841dee5,dialogue,sharedassets0.assets,8931,QuizKyu10,steps[1].sceneLine.dialogLine.text,"I know you're gonna be able to tell me what my favorite color is,····· right?",
615dbfe75c9d,dialogue,sharedassets0.assets,8932,QuizKyu11,steps[1].sceneLine.dialogLine.text,Did you forget what my favorite season is?,
1ee1ffd52f47,dialogue,sharedassets0.assets,8933,QuizKyu12,steps[1].sceneLine.dialogLine.text,Where do I like to hang out?,
96f6586ba860,dialogue,sharedassets0.assets,8934,QuizKyu2,steps[1].sceneLine.dialogLine.text,How old am I?····· In····· fairy years of course.,
6497fd5d2a47,dialogue,sharedassets0.assets,8935,QuizKyu3,steps[1].sceneLine.dialogLine.text,Remember the name of the place I'm from?,
5cc62fb5a311,dialogue,sharedassets0.assets,8936,QuizKyu4,steps[1].sceneLine.dialogLine.text,How tall did I say I was?,
33ff54f2def7,dialogue,sharedassets0.assets,8937,QuizKyu5,steps[1].sceneLine.dialogLine.text,How heavy did I say I was?,
714cbaf84dfb,dialogue,sharedassets0.assets,8938,QuizKyu6,steps[1].sceneLine.dialogLine.text,This is literally the most obvious question in the game.····· What's my job?····· Duh!,
3b432d5aa7cf,dialogue,sharedassets0.assets,8939,QuizKyu7,steps[1].sceneLine.dialogLine.text,What size are my boobs?,
320627f73e11,dialogue,sharedassets0.assets,8940,QuizKyu8,steps[1].sceneLine.dialogLine.text,What day was I born on?,
9b0cb3f6adab,dialogue,sharedassets0.assets,8941,QuizKyu9,steps[1].sceneLine.dialogLine.text,What's my favorite hobby?····· It's a... pretty hard to forget.,
2bfa1f22b6fe,dialogue,sharedassets0.assets,8942,QuizLola1,steps[1].sceneLine.dialogLine.text,Do you remember what my last name is?,
07b98ad7e6d0,dialogue,sharedassets0.assets,8943,QuizLola10,steps[1].sceneLine.dialogLine.text,"If you get this one wrong,····· I'm gonna be bummed out.····· What's my favorite color?",
e155d2f97922,dialogue,sharedassets0.assets,8944,QuizLola11,steps[1].sceneLine.dialogLine.text,"You can tell me which season I like most,····· right?",
98811617ef45,dialogue,sharedassets0.assets,8945,QuizLola12,steps[1].sceneLine.dialogLine.text,There's a place in town I love to visit more than any other.····· What's the place?,
3e024e7abda5,dialogue,sharedassets0.assets,8946,QuizLola2,steps[1].sceneLine.dialogLine.text,Do you know how old I am?····· I know I've mentioned it!,
4c11617ccc4f,dialogue,sharedassets0.assets,8947,QuizLola3,steps[1].sceneLine.dialogLine.text,How long did I go to school for?,
7b589cafbf1e,dialogue,sharedassets0.assets,8947,QuizLola3,steps[2].responseOptions[0].text,You've graduated with a four year degree.,
63a3d01f2780,dialogue,sharedassets0.assets,8948,QuizLola4,steps[1].sceneLine.dialogLine.text,What's my height?····· And don't just guess!,
e3916459694c,dialogue,sharedassets0.assets,8949,QuizLola5,steps[1].sceneLine.dialogLine.text,How heavy did I tell you I was?,
cb0f713ca605,dialogue,sharedassets0.assets,8950,QuizLola6,steps[1].sceneLine.dialogLine.text,"You'll get this one, I'm sure.····· What do I do for work?",
c32a17c4173e,dialogue,sharedassets0.assets,8951,QuizLola7,steps[1].sceneLine.dialogLine.text,Of course you remember my cup size?,
885af15928b1,dialogue,sharedassets0.assets,8952,QuizLola8,steps[1].sceneLine.dialogLine.text,When's m*aaa*y birthday?····· If you think you can recall it.,
02656a3066fb,dialogue,sharedassets0.assets,8953,QuizLola9,steps[1].sceneLine.dialogLine.text,Which activity am I trying to get better at?,
43303978df41,dialogue,sharedassets0.assets,8954,QuizMomo1,steps[1].sceneLine.dialogLine.text,···Do you remember what my last name is?,
04ef548300c5,dialogue,sharedassets0.assets,8955,QuizMomo10,steps[1].sceneLine.dialogLine.text,···What's my most bestest favoritest color in the whole world?,
8c54b88e4883,dialogue,sharedassets0.assets,8956,QuizMomo11,steps[1].sceneLine.dialogLine.text,···What...··· uhhh...····· What was I gonna ask?····· Oh!··· Yeah!····· What season do I like?,
12c9aa56300a,dialogue,sharedassets0.assets,8957,QuizMomo12,steps[1].sceneLine.dialogLine.text,···What place do I loooooove to go play at?,
df0293aff159,dialogue,sharedassets0.assets,8958,QuizMomo2,steps[1].sceneLine.dialogLine.text,···How old am I?······· You didn't forget did you?,
827dc410e397,dialogue,sharedassets0.assets,8959,QuizMomo3,steps[1].sceneLine.dialogLine.text,"···Ummmm,·········· remember when you asked where I came from?····· Do you remember what I said?",
de3118788a00,dialogue,sharedassets0.assets,8960,QuizMomo4,steps[1].sceneLine.dialogLine.text,···How many feet and inches tall am I?,
a774e449b7bb,dialogue,sharedassets0.assets,8961,QuizMomo5,steps[1].sceneLine.dialogLine.text,···How many pounds do I weigh?····· If you remember...,
a0b40b012f37,dialogue,sharedassets0.assets,8962,QuizMomo6,steps[1].sceneLine.dialogLine.text,···What was my answer when you asked where I work at?,
4a872062097a,dialogue,sharedassets0.assets,8963,QuizMomo7,steps[1].sceneLine.dialogLine.text,"···Uhhhh,· what's my...····· What do you call it again?····· Cup...··· yeah!··· Cup size!·····",
2de3a75fb1c8,dialogue,sharedassets0.assets,8964,QuizMomo8,steps[1].sceneLine.dialogLine.text,"···You didn't forget my birthday,·· did you?",
9075429511e1,dialogue,sharedassets0.assets,8965,QuizMomo9,steps[1].sceneLine.dialogLine.text,···What activity do I like to do a whole lot?,
58520507ad7a,dialogue,sharedassets0.assets,8966,QuizNikki1,steps[1].sceneLine.dialogLine.text,"My last name is pretty easy,········ you can't really forget it.········ Unless...···················· oh my god,········ did you?·······",
0a2c3f59d387,dialogue,sharedassets0.assets,8967,QuizNikki10,steps[1].sceneLine.dialogLine.text,"If I had to pick a favorite color,····· what would it be?",
c8bf47afea51,dialogue,sharedassets0.assets,8968,QuizNikki11,steps[1].sceneLine.dialogLine.text,Which of the seasons is the one I like best?,
864440c5bb45,dialogue,sharedassets0.assets,8969,QuizNikki12,steps[1].sceneLine.dialogLine.text,What did I tell you was my favorite place to hang out?,
413b2eb184ba,dialogue,sharedassets0.assets,8970,QuizNikki2,steps[1].sceneLine.dialogLine.text,Do you remember how old I am?,
bafffcc997a2,dialogue,sharedassets0.assets,8971,QuizNikki3,steps[1].sceneLine.dialogLine.text,How much school have I gone through?,
d1164cb4f8a2,dialogue,sharedassets0.assets,8972,QuizNikki4,steps[1].sceneLine.dialogLine.text,How tall would you say I am?,
7a653511cbef,dialogue,sharedassets0.assets,8973,QuizNikki5,steps[1].sceneLine.dialogLine.text,I'll actually be pretty impressed if you can recall my weight.,
fc402d983e38,dialogue,sharedassets0.assets,8974,QuizNikki6,steps[1].sceneLine.dialogLine.text,"So,····· I've told you what I do for work.······· Can you tell me what it is?",
37dc068287b1,dialogue,sharedassets0.assets,8975,QuizNikki7,steps[1].sceneLine.dialogLine.text,"Part of me hopes you don't actually remember this,····· but,····· what size is my bra?",
528628b5ef47,dialogue,sharedassets0.assets,8976,QuizNikki8,steps[1].sceneLine.dialogLine.text,"I have a fairly easy birthday to remember.············· I'm curious,········· do you know it?",
5c904653cec5,dialogue,sharedassets0.assets,8977,QuizNikki9,steps[1].sceneLine.dialogLine.text,Please tell me you haven't forgotten my favorite hobby...?,
a21e75d5f91c,dialogue,sharedassets0.assets,8978,QuizTiffany1,steps[1].sceneLine.dialogLine.text,What's my last name?,
ed75f58cb7ca,dialogue,sharedassets0.assets,8979,QuizTiffany10,steps[1].sceneLine.dialogLine.text,What is my favorite color?····· You can't forget this!,
467b022fd3a7,dialogue,sharedassets0.assets,8980,QuizTiffany11,steps[1].sceneLine.dialogLine.text,How about...··· my·· favorite·· season.····· Remember what I told you?,
def74d6f3bc4,dialogue,sharedassets0.assets,8981,QuizTiffany12,steps[1].sceneLine.dialogLine.text,Where do I like to hang out most often?,
5c08bbfd003e,dialogue,sharedassets0.assets,8982,QuizTiffany2,steps[1].sceneLine.dialogLine.text,How old am I?,
50264ba45a2a,dialogue,sharedassets0.assets,8983,QuizTiffany3,steps[1].sceneLine.dialogLine.text,You remember my education level?,
ce2890ae106d,dialogue,sharedassets0.assets,8984,QuizTiffany4,steps[1].sceneLine.dialogLine.text,How tall did I say I am?,
d5364f8c0c22,dialogue,sharedassets0.assets,8985,QuizTiffany5,steps[1].sceneLine.dialogLine.text,How much do you think I weigh?,
da394af9f43f,dialogue,sharedassets0.assets,8986,QuizTiffany6,steps[1].sceneLine.dialogLine.text,What do I do for work?,
49054b89889f,dialogue,sharedassets0.assets,8987,QuizTiffany7,steps[1].sceneLine.dialogLine.text,I know you'll remember this.····· My cup size?,
a16f3d96cc82,dialogue,sharedassets0.assets,8988,QuizTiffany8,steps[1].sceneLine.dialogLine.text,I really hope you'll know this.····· When's my birthday?,
c5de26dd6b84,dialogue,sharedassets0.assets,8989,QuizTiffany9,steps[1].sceneLine.dialogLine.text,What's like... my favorite thing to do?,
4b5bf4728755,dialogue,sharedassets0.assets,8990,QuizVenus1,steps[1].sceneLine.dialogLine.text,"Please,········ tell me,········ what is my last name?",
90dd05d01a5b,dialogue,sharedassets0.assets,8991,QuizVenus10,steps[1].sceneLine.dialogLine.text,Which color do I prefer more than any other?,
4d7b898eb32e,dialogue,sharedassets0.assets,8992,QuizVenus11,steps[1].sceneLine.dialogLine.text,What season do I find the most endurable?,
238d1c2132a5,dialogue,sharedassets0.assets,8993,QuizVenus12,steps[1].sceneLine.dialogLine.text,Where is my favorite place to be in town?,
ca73b8eb5354,dialogue,sharedassets0.assets,8994,QuizVenus2,steps[1].sceneLine.dialogLine.text,For how many years have I lived?,
c90cbecb9008,dialogue,sharedassets0.assets,8995,QuizVenus3,steps[1].sceneLine.dialogLine.text,In what kingdom do I preside as ruler?,
150117f48712,dialogue,sharedassets0.assets,8996,QuizVenus4,steps[1].sceneLine.dialogLine.text,What is my height?,
9c00c16ddc55,dialogue,sharedassets0.assets,8997,QuizVenus5,steps[1].sceneLine.dialogLine.text,What is my weight?,
7607e39d1261,dialogue,sharedassets0.assets,8998,QuizVenus6,steps[1].sceneLine.dialogLine.text,What is my official position back home?,
cd5907caec88,dialogue,sharedassets0.assets,8999,QuizVenus7,steps[1].sceneLine.dialogLine.text,"Tell me,····· what is the cup size of my bra?",
10cf122c321a,dialogue,sharedassets0.assets,9000,QuizVenus8,steps[1].sceneLine.dialogLine.text,On what day of the year would my birth have happened?,
33ac199e766a,dialogue,sharedassets0.assets,9001,QuizVenus9,steps[1].sceneLine.dialogLine.text,"What is my...····· what did you call it?····· a····· ""hobby""?",
243deeaa00fa,dialogue,sharedassets0.assets,9002,AskDate,lineSets[0].label,success,
6e4e4318a6fe,dialogue,sharedassets0.assets,9002,AskDate,lineSets[0].lines[0].dialogLine[0].text,"Yeah, okay!····· I'd love to go out with you.",
ba3f8f49cbad,dialogue,sharedassets0.assets,9002,AskDate,lineSets[0].lines[0].dialogLine[10].text,"Yes,····· I will go out with you.",
1a5e6498bcb3,dialogue,sharedassets0.assets,9002,AskDate,lineSets[0].lines[0].dialogLine[11].text,"Riiiight,·········· shall we leave then?",
af376723755d,dialogue,sharedassets0.assets,9002,AskDate,lineSets[0].lines[0].dialogLine[1].secondaryText,"You ma'am,··· have got yourself a date.",
cbec3733dcfe,dialogue,sharedassets0.assets,9002,AskDate,lineSets[0].lines[0].dialogLine[1].text,"You sir,··· have got yourself a date.",
ab4cdc4cbcc5,dialogue,sharedassets0.assets,9002,AskDate,lineSets[0].lines[0].dialogLine[2].text,Yes!·········· I was afraid you weren't going to ask!,
6320c4e87893,dialogue,sharedassets0.assets,9002,AskDate,lineSets[0].lines[0].dialogLine[3].text,Okay...····· If I go out with you will you stop bothering me?,
7abce94ad3db,dialogue,sharedassets0.assets,9002,AskDate,lineSets[0].lines[0].dialogLine[4].text,Yes!······· I'd love to go on a date with you.,
8d4b7a813c80,dialogue,sharedassets0.assets,9002,AskDate,lineSets[0].lines[0].dialogLine[5].text,"Okay...····· I guess that's fine.········ I mean,····· if you really want to go.",
638362eeb2ff,dialogue,sharedassets0.assets,9002,AskDate,lineSets[0].lines[0].dialogLine[6].text,I would never say no to you sweetie.····· I'm ready when you are.,
4506e4cfe594,dialogue,sharedassets0.assets,9002,AskDate,lineSets[0].lines[0].dialogLine[7].text,"Oh,····· are you sure?········ Yes,········ of course I'll go!",
96844d8f60a2,dialogue,sharedassets0.assets,9002,AskDate,lineSets[0].lines[0].dialogLine[8].text,Let's fuckin' date this shit up!,
6ff7daa4f80c,dialogue,sharedassets0.assets,9002,AskDate,lineSets[0].lines[0].dialogLine[9].text,··Yea!··· Date time!,
afcda455b561,dialogue,sharedassets0.assets,9002,AskDate,lineSets[0].lines[1].dialogLine[0].text,You betcha!····· You wanna get going?,
40ed3310d4aa,dialogue,sharedassets0.assets,9002,AskDate,lineSets[0].lines[1].dialogLine[10].text,Of course.····· Are you ready to go?,
966e00ca9699,dialogue,sharedassets0.assets,9002,AskDate,lineSets[0].lines[1].dialogLine[11].text,"Sure,········· why not?·················· Let's see what you've got...",
6d215d0959c7,dialogue,sharedassets0.assets,9002,AskDate,lineSets[0].lines[1].dialogLine[1].text,Sure!······· I suppose you've earned it.,
3be6c8d8b2dd,dialogue,sharedassets0.assets,9002,AskDate,lineSets[0].lines[1].dialogLine[2].text,For real?············ Yes!············ Just give me a second to get ready.,
aa87773db4af,dialogue,sharedassets0.assets,9002,AskDate,lineSets[0].lines[1].dialogLine[3].text,"Yeah, yeah.····· You're lucky I'm in a good mood today.",
6a23592b7da6,dialogue,sharedassets0.assets,9002,AskDate,lineSets[0].lines[1].dialogLine[4].text,I was about to ask you the same!·········· Shall we?,
3ec1f208e9e0,dialogue,sharedassets0.assets,9002,AskDate,lineSets[0].lines[1].dialogLine[5].text,"Wow.······ Uhhhh,············ okay.·················· I mean,····· yeah,····· let's do it.",
46f8b472ca72,dialogue,sharedassets0.assets,9002,AskDate,lineSets[0].lines[1].dialogLine[6].text,"Awwwww,··············· you want to take me out?····· Of course I'll go.···",
2d7a43cdceb5,dialogue,sharedassets0.assets,9002,AskDate,lineSets[0].lines[1].dialogLine[7].text,That sounds lovely.·········· I can't wait!,
5dca197267cc,dialogue,sharedassets0.assets,9002,AskDate,lineSets[0].lines[1].dialogLine[8].text,Come on!····· Seduce me with your sexy puzzle skills.,
3ec386aba919,dialogue,sharedassets0.assets,9002,AskDate,lineSets[0].lines[1].dialogLine[9].text,···Okay!····· Come on! I'll race you there!,
49d639c83dc9,dialogue,sharedassets0.assets,9002,AskDate,lineSets[0].lines[2].dialogLine[0].text,"Psssh!···· Ummm,·· yes!····· I thought you'd never ask!",
9702dc912110,dialogue,sharedassets0.assets,9002,AskDate,lineSets[0].lines[2].dialogLine[10].text,I'm certain that you somehow already knew that I'm going to say yes.,
9baa8a53688f,dialogue,sharedassets0.assets,9002,AskDate,lineSets[0].lines[2].dialogLine[11].text,I can't wait to see what you've planned for us.,
33091f6383f0,dialogue,sharedassets0.assets,9002,AskDate,lineSets[0].lines[2].dialogLine[1].text,Can't really argue with that.····· Take me somewhere nice!,
7be31be64e61,dialogue,sharedassets0.assets,9002,AskDate,lineSets[0].lines[2].dialogLine[2].text,Of course!·········· What are we waiting for?,
d51447ecc6c3,dialogue,sharedassets0.assets,9002,AskDate,lineSets[0].lines[2].dialogLine[3].text,"*hahahahaha*··········With you?················ Uhhh,················ yeah,·············· sure,·············· whatever.·········· Just don't get your hopes up.",
7e6b609fc269,dialogue,sharedassets0.assets,9002,AskDate,lineSets[0].lines[2].dialogLine[4].text,No thanks...··············· Just kidding!···*hahahahahahaha*,
2e65ec871aaf,dialogue,sharedassets0.assets,9002,AskDate,lineSets[0].lines[2].dialogLine[5].text,"Okay, but·· I have to warn you I have no idea what I'm doing. Soooo,··· yeah.··········",
06ac5d8d55b4,dialogue,sharedassets0.assets,9002,AskDate,lineSets[0].lines[2].dialogLine[6].text,"A date?·········· Oh,··· that's adorable!············· I'd love to go on a date with you.",
6fee1d717284,dialogue,sharedassets0.assets,9002,AskDate,lineSets[0].lines[2].dialogLine[7].text,Yes!··············· I'd like that a lot.··············· I'm looking forward to it!,
a0c8d7ba0091,dialogue,sharedassets0.assets,9002,AskDate,lineSets[0].lines[2].dialogLine[8].text,Good luck!····· I know I can be a real bitch to win over.,
fdf7a3b1b488,dialogue,sharedassets0.assets,9002,AskDate,lineSets[0].lines[2].dialogLine[9].text,···Yaay!···· Can we go right now? Pleeease?·····,
689e88240271,dialogue,sharedassets0.assets,9002,AskDate,lineSets[0].lines[3].dialogLine[0].text,I guess I've got some time.····· Let's do it!,
80a8f3c1bbe2,dialogue,sharedassets0.assets,9002,AskDate,lineSets[0].lines[3].dialogLine[10].text,Hmmm...····· Alright.············· I wonder what outfit I should change into...,
2473b898e3a4,dialogue,sharedassets0.assets,9002,AskDate,lineSets[0].lines[3].dialogLine[11].text,I'm expecting good things from you...,
613e39624797,dialogue,sharedassets0.assets,9002,AskDate,lineSets[0].lines[3].dialogLine[1].text,"Yeah,····· alright.····· Why not?",
8f59ed287bd8,dialogue,sharedassets0.assets,9002,AskDate,lineSets[0].lines[3].dialogLine[2].text,"Yea,······· okay!·········· Sounds like a blast.",
60decce920d6,dialogue,sharedassets0.assets,9002,AskDate,lineSets[0].lines[3].dialogLine[3].text,Pffft!·········· Alright...····· let's just get this over with.,
7de6c6189d7a,dialogue,sharedassets0.assets,9002,AskDate,lineSets[0].lines[3].dialogLine[4].text,It would be rude not to after you asked so nicely.,
211122e7404c,dialogue,sharedassets0.assets,9002,AskDate,lineSets[0].lines[3].dialogLine[5].text,"I guess I don't have anything better to do right now.········ Okay,·········· we can go.·····",
e62218fea62c,dialogue,sharedassets0.assets,9002,AskDate,lineSets[0].lines[3].dialogLine[6].text,"Sure,·· baby.·········· Where are you taking me?············· No, wait!····· Surprise me!·····",
e6934355d898,dialogue,sharedassets0.assets,9002,AskDate,lineSets[0].lines[3].dialogLine[7].text,Alright!···················· This will be a good chance to get to know each other better.,
e9361536c31e,dialogue,sharedassets0.assets,9002,AskDate,lineSets[0].lines[3].dialogLine[8].text,Can't wait to see where we end up this time!,
e7e37372b053,dialogue,sharedassets0.assets,9002,AskDate,lineSets[0].lines[3].dialogLine[9].text,···Let's go!····· I'll lead the way!,
10eeb020ea84,dialogue,sharedassets0.assets,9002,AskDate,lineSets[0].lines[4].dialogLine[0].text,"Alright,·· alright!····· How can I say no to that?",
747611f3b473,dialogue,sharedassets0.assets,9002,AskDate,lineSets[0].lines[4].dialogLine[10].text,I'd like little more.····· Shall we?,
a0fac4d05449,dialogue,sharedassets0.assets,9002,AskDate,lineSets[0].lines[4].dialogLine[11].text,Don't let me down.,
dda9e2c65015,dialogue,sharedassets0.assets,9002,AskDate,lineSets[0].lines[4].dialogLine[1].text,"Hey,····· as long as you're paying!",
bf2f5e45dfbe,dialogue,sharedassets0.assets,9002,AskDate,lineSets[0].lines[4].dialogLine[2].text,I'd··· love·· to!·········· Let's make it happen.,
192c4732ea72,dialogue,sharedassets0.assets,9002,AskDate,lineSets[0].lines[4].dialogLine[3].text,If this turns out to be a waste of time····· I'm gonna be so····· pissed.·····,
c9e12c077ace,dialogue,sharedassets0.assets,9002,AskDate,lineSets[0].lines[4].dialogLine[4].text,"When?····· Right now?...····· Uhhh,····· sure!",
2663ca5f56d0,dialogue,sharedassets0.assets,9002,AskDate,lineSets[0].lines[4].dialogLine[5].text,"Nobody else has ever asked me out before.·········· It's weird.·············· Buuuut...····· okay,····· sure.",
1fd5b56ebd9c,dialogue,sharedassets0.assets,9002,AskDate,lineSets[0].lines[4].dialogLine[6].text,Well I've never been one to turn down a good time!···,
dea23b0beff9,dialogue,sharedassets0.assets,9002,AskDate,lineSets[0].lines[4].dialogLine[7].text,Good idea!···················· I'm going to run and get ready.,
048719e64f87,dialogue,sharedassets0.assets,9002,AskDate,lineSets[0].lines[4].dialogLine[8].text,I'm pretty pumped to see how much you've improved!,
aa9f73c74b08,dialogue,sharedassets0.assets,9002,AskDate,lineSets[0].lines[4].dialogLine[9].text,···Mmhm!·········· What are we waiting for?···,
154f771c4cb1,dialogue,sharedassets0.assets,9002,AskDate,lineSets[0].lines[5].dialogLine[0].text,Sure!····· Sounds like fun.····· Ready to go?,
55d8e170a1bd,dialogue,sharedassets0.assets,9002,AskDate,lineSets[0].lines[5].dialogLine[10].text,That sounds like an enjoyable time.····· Let's go.,
3d4b12a4b2cf,dialogue,sharedassets0.assets,9002,AskDate,lineSets[0].lines[5].dialogLine[11].text,"Yes, yes, yes, yes...··· just come on then.····· I haven't got all day you know.",
48dd51d74a4a,dialogue,sharedassets0.assets,9002,AskDate,lineSets[0].lines[5].dialogLine[1].text,You know what?····· Anything is funner than hanging around here.····· Let's go!,
0460120e8ef7,dialogue,sharedassets0.assets,9002,AskDate,lineSets[0].lines[5].dialogLine[2].text,I think that's an awesome idea!·········· You ready?,
1dca8171018e,dialogue,sharedassets0.assets,9002,AskDate,lineSets[0].lines[5].dialogLine[3].text,"Oh, my god!····· Fiiiine...",
ca853af07c84,dialogue,sharedassets0.assets,9002,AskDate,lineSets[0].lines[5].dialogLine[4].text,Mmmm...····· okay!····· Sounds great!,
c326cdd465b1,dialogue,sharedassets0.assets,9002,AskDate,lineSets[0].lines[5].dialogLine[5].text,You really want to go with me?··············· Alright...,
ebe1cbc3a366,dialogue,sharedassets0.assets,9002,AskDate,lineSets[0].lines[5].dialogLine[6].text,"Yes,····· I will.····· It's the least I can do.",
584602daa375,dialogue,sharedassets0.assets,9002,AskDate,lineSets[0].lines[5].dialogLine[7].text,"Well...············· I don't think I have anything going on.·········· Alright,····· let's go out!",
81ec954550cc,dialogue,sharedassets0.assets,9002,AskDate,lineSets[0].lines[5].dialogLine[8].text,Alright!····· Saddle up!····· Let's do this shit!·····,
86ced9efa4d3,dialogue,sharedassets0.assets,9002,AskDate,lineSets[0].lines[5].dialogLine[9].text,"···A date with my master?···· Yes, of course!",
82c1b7486eb1,dialogue,sharedassets0.assets,9003,DateGreeting,lineSets[0].label,botanical gardens,
9377deb3c013,dialogue,sharedassets0.assets,9003,DateGreeting,lineSets[0].lines[0].dialogLine[0].text,It's so pretty here!····· It smells so nice too!,
d8e7118297e5,dialogue,sharedassets0.assets,9003,DateGreeting,lineSets[0].lines[0].dialogLine[11].text,"Well,·········· it's not exactly home,·········· but it is pretty here.",
3ea48e2ddbc4,dialogue,sharedassets0.assets,9003,DateGreeting,lineSets[0].lines[0].dialogLine[1].text,Fuck it's nice here!,
1e015dc9e737,dialogue,sharedassets0.assets,9003,DateGreeting,lineSets[0].lines[0].dialogLine[2].text,"Awww,····· this is so cute.····· What a neat idea.",
9073f55794f4,dialogue,sharedassets0.assets,9003,DateGreeting,lineSets[0].lines[0].dialogLine[3].text,"Okay,······· I'm here.····· So, now what?",
06431bd4b268,dialogue,sharedassets0.assets,9003,DateGreeting,lineSets[0].lines[0].dialogLine[4].text,Absolutely beautiful.······· Look at all these colors.,
53a02f74bd21,dialogue,sharedassets0.assets,9003,DateGreeting,lineSets[0].lines[0].dialogLine[5].text,"·····Ughhh,····· I think my allergies are starting to act up.",
720cd5e838a4,dialogue,sharedassets0.assets,9003,DateGreeting,lineSets[0].lines[0].dialogLine[6].text,"Ohhh,······· how··· pretty!·········· Nobody has ever taken me anywhere like this before.",
e48ddb2556ea,dialogue,sharedassets0.assets,9003,DateGreeting,lineSets[0].lines[0].dialogLine[7].text,Wow!····· It's lovely!············· What a beautiful garden.,
ec67776d8251,dialogue,sharedassets0.assets,9003,DateGreeting,lineSets[0].lines[0].dialogLine[8].text,This is kinda what it looks like back home.········ Except less magic-y.···,
4f293ac90992,dialogue,sharedassets0.assets,9003,DateGreeting,lineSets[0].lines[0].dialogLine[9].text,···Wooooow!······· Look at all these flowers!,
be2c0260b830,dialogue,sharedassets0.assets,9003,DateGreeting,lineSets[10].label,carnival,
af0f78d44786,dialogue,sharedassets0.assets,9003,DateGreeting,lineSets[10].lines[0].dialogLine[0].text,Anything but the roller coaster... I am not getting on that thing!*haha*,
46e94c7a5592,dialogue,sharedassets0.assets,9003,DateGreeting,lineSets[10].lines[0].dialogLine[10].text,·····This is good.····· With all the colors and lights I'll really blend in.,
32aca2faf60a,dialogue,sharedassets0.assets,9003,DateGreeting,lineSets[10].lines[0].dialogLine[11].text,"A··· fair?·········· *aaaaaacc*······ Alright,········· as long as nobody touches me.",
c241fa4ac97b,dialogue,sharedassets0.assets,9003,DateGreeting,lineSets[10].lines[0].dialogLine[1].text,Let's go lose some rigged games!,
71f3ef0ac77f,dialogue,sharedassets0.assets,9003,DateGreeting,lineSets[10].lines[0].dialogLine[2].text,"I'm really excited,····· I don't usually get to go out like this since my son.",
6eef52a1eeed,dialogue,sharedassets0.assets,9003,DateGreeting,lineSets[10].lines[0].dialogLine[3].text,This is your idea of a date!?·····*aaaacc*····· Whatever!,
c63c9a79a2a6,dialogue,sharedassets0.assets,9003,DateGreeting,lineSets[10].lines[0].dialogLine[4].text,Thanks for taking me out.·········· The carnival was a neat idea.,
d6f2837de6d5,dialogue,sharedassets0.assets,9003,DateGreeting,lineSets[10].lines[0].dialogLine[5].text,"Let's go win some stupid shit,······· I've got the games here figured out.",
bfd8b38e9932,dialogue,sharedassets0.assets,9003,DateGreeting,lineSets[10].lines[0].dialogLine[6].text,"Wow!············· I kinda feel like a kid again.····· Oh,·· this'll be fun!",
1fa189cc21ad,dialogue,sharedassets0.assets,9003,DateGreeting,lineSets[10].lines[0].dialogLine[7].text,"Whatever we do,····· just keep me away from all the junk food.·····*hahahaha*",
cae2eb9ff8fe,dialogue,sharedassets0.assets,9003,DateGreeting,lineSets[10].lines[0].dialogLine[8].text,I actually kinda fit in here.····· I'll just··· pretend I'm in costume.,
d502cfec6963,dialogue,sharedassets0.assets,9003,DateGreeting,lineSets[10].lines[0].dialogLine[9].text,···Yaaay!····· I wanna play the fishy game!····· Come on!,
8f67d50a3149,dialogue,sharedassets0.assets,9003,DateGreeting,lineSets[11].label,fancy restaurant,
7bacb4a243ed,dialogue,sharedassets0.assets,9003,DateGreeting,lineSets[11].lines[0].dialogLine[0].text,Are you sure this isn't too expensive!?····· I'd be fine with fast food.,
90957dd390c9,dialogue,sharedassets0.assets,9003,DateGreeting,lineSets[11].lines[0].dialogLine[10].text,I hope there aren't too many people here tonight...····· I stand out a little bit...,
b5799c0aab28,dialogue,sharedassets0.assets,9003,DateGreeting,lineSets[11].lines[0].dialogLine[11].text,I'm excited to see what you're really capable of...,
a097a813f66c,dialogue,sharedassets0.assets,9003,DateGreeting,lineSets[11].lines[0].dialogLine[1].text,Whooa...····· fancy···· shmancy.,
64460980adf9,dialogue,sharedassets0.assets,9003,DateGreeting,lineSets[11].lines[0].dialogLine[2].text,"I'll tell you one thing,··· this is certainly nicer than lunch at the food court.*hahahaha*·····",
4780194c6bc8,dialogue,sharedassets0.assets,9003,DateGreeting,lineSets[11].lines[0].dialogLine[3].text,"*aaaacc*····· Oh, yeah.········ Reeaalllly Impressive.",
df32bd9e627a,dialogue,sharedassets0.assets,9003,DateGreeting,lineSets[11].lines[0].dialogLine[4].text,Hmmmm...····· I can't decide what I want.·········· I'll just get what you're having.,
8e2c39265493,dialogue,sharedassets0.assets,9003,DateGreeting,lineSets[11].lines[0].dialogLine[5].text,All these dishes sound gross.········ Let's skip to the dessert menu.,
b88677b51728,dialogue,sharedassets0.assets,9003,DateGreeting,lineSets[11].lines[0].dialogLine[6].text,Thanks for taking me out to dinner.····· You spoil me!·····,
aaf1d1decbc3,dialogue,sharedassets0.assets,9003,DateGreeting,lineSets[11].lines[0].dialogLine[7].text,Fancy...············· I can't believe we didn't have to make a reservation.,
7e0ccf45d6da,dialogue,sharedassets0.assets,9003,DateGreeting,lineSets[11].lines[0].dialogLine[8].text,"Don't worry,····· nobody can see me.····· People just think you're eating alone.",
dc623588a032,dialogue,sharedassets0.assets,9003,DateGreeting,lineSets[11].lines[0].dialogLine[9].text,···Ooooo!·········· I want dessert first!····· And second!····· And third!,
cd3403d4bd81,dialogue,sharedassets0.assets,9003,DateGreeting,lineSets[12].label,sex,
74186f38e644,dialogue,sharedassets0.assets,9003,DateGreeting,lineSets[12].lines[0].dialogLine[0].text,Ummm...·········· hi.·····*mhmhm*,
b3f5b838466a,dialogue,sharedassets0.assets,9003,DateGreeting,lineSets[12].lines[0].dialogLine[10].text,My underside has become lubricated;····· I yearn to be touched.,
986d92609a31,dialogue,sharedassets0.assets,9003,DateGreeting,lineSets[12].lines[0].dialogLine[11].text,Come over here and claim your reward...····· I'm dripping with anticipation...,
d40129cc3022,dialogue,sharedassets0.assets,9003,DateGreeting,lineSets[12].lines[0].dialogLine[1].text,What's the matter?······· See something you like?,
686c1044eaf9,dialogue,sharedassets0.assets,9003,DateGreeting,lineSets[12].lines[0].dialogLine[2].text,Soooo...····· whatcha wanna do...?,
935649ca1440,dialogue,sharedassets0.assets,9003,DateGreeting,lineSets[12].lines[0].dialogLine[3].text,I hope you know what you're doing.,
169ca0cedb2b,dialogue,sharedassets0.assets,9003,DateGreeting,lineSets[12].lines[0].dialogLine[4].text,I'm all yours.····· Come and get me.,
a88f6a3fec19,dialogue,sharedassets0.assets,9003,DateGreeting,lineSets[12].lines[0].dialogLine[5].text,"I don't...····· like...·· I'm not that good,·· or whatever.····· So····· like...····· yeeeah...·····",
44aceddb76cb,dialogue,sharedassets0.assets,9003,DateGreeting,lineSets[12].lines[0].dialogLine[6].text,What do we have here?·········· Does your little friend want to come and visit me?,
9d8acc271f38,dialogue,sharedassets0.assets,9003,DateGreeting,lineSets[12].lines[0].dialogLine[7].text,Let's take it nice and slow...·········· okay?,
e70d7bb99175,dialogue,sharedassets0.assets,9003,DateGreeting,lineSets[12].lines[0].dialogLine[8].text,"*aaaccc*··Seriously,·········· tell me,······· how long have you been waiting for this to happen?",
d292d988425b,dialogue,sharedassets0.assets,9003,DateGreeting,lineSets[12].lines[0].dialogLine[9].text,"···Master,··· you make me so happy all the time.····· I want to make you happy too...",
cedaa665568c,dialogue,sharedassets0.assets,9003,DateGreeting,lineSets[12].lines[1].dialogLine[0].text,Uhhhh...············· I hope you like pink.················ I picked these out just for you.,
fa573bd90a78,dialogue,sharedassets0.assets,9003,DateGreeting,lineSets[12].lines[1].dialogLine[10].text,"I cannot control myself anymore,····· I need you in my body.",
30720eaee753,dialogue,sharedassets0.assets,9003,DateGreeting,lineSets[12].lines[1].dialogLine[11].text,"Tonight,····· my perfect body is like a vessel for your greatest desires...····· I'm yours to ravage...",
2372bdd197f2,dialogue,sharedassets0.assets,9003,DateGreeting,lineSets[12].lines[1].dialogLine[1].secondaryText,I'm a naughty teacher...····· and you've been a bad girl...,
d9507bee1490,dialogue,sharedassets0.assets,9003,DateGreeting,lineSets[12].lines[1].dialogLine[1].text,I'm a naughty teacher...····· and you've been a bad boy...,
edfa8bf8cbac,dialogue,sharedassets0.assets,9003,DateGreeting,lineSets[12].lines[1].dialogLine[2].text,Come on...····· quit staring at me like that...····· it's embarrassing...,
8280d04919ff,dialogue,sharedassets0.assets,9003,DateGreeting,lineSets[12].lines[1].dialogLine[3].text,What?····· Please tell me you're not a virgin.,
995a91873ad2,dialogue,sharedassets0.assets,9003,DateGreeting,lineSets[12].lines[1].dialogLine[4].text,Well...····· you've got a half naked woman in your bedroom.····· Now what?,
15cf4a9a83f2,dialogue,sharedassets0.assets,9003,DateGreeting,lineSets[12].lines[1].dialogLine[5].text,I know my boobs are kinda small...·········· so you don't have to pretend you like them.,
10294c6ef024,dialogue,sharedassets0.assets,9003,DateGreeting,lineSets[12].lines[1].dialogLine[6].text,"Don't worry baby,·········· you just lie back····· and let Jessie take care of everything.",
0d1b0a5c554b,dialogue,sharedassets0.assets,9003,DateGreeting,lineSets[12].lines[1].dialogLine[7].text,This is so embarrassing...·····*hahahaha*,
9a98aa79667b,dialogue,sharedassets0.assets,9003,DateGreeting,lineSets[12].lines[1].dialogLine[8].text,I'm not supposed to mix business with pleasure...····· I'll make an exception·· just this once.···,
610562b1c5d9,dialogue,sharedassets0.assets,9003,DateGreeting,lineSets[12].lines[1].dialogLine[9].text,···I think I know what to do.············ I saw pictures in those books you have under your bed...,
4b9e3c4da5c8,dialogue,sharedassets0.assets,9003,DateGreeting,lineSets[12].lines[2].dialogLine[0].text,Not too rough...····· okay?,
a8629e7caef5,dialogue,sharedassets0.assets,9003,DateGreeting,lineSets[12].lines[2].dialogLine[10].text,"I can't wait any longer...····· please,····· make this feeling go away.",
4ac645a9d835,dialogue,sharedassets0.assets,9003,DateGreeting,lineSets[12].lines[2].dialogLine[11].text,You're about to experience a state of ecstasy like you've never...····· eveeer...····· felt before...,
9b5521dca301,dialogue,sharedassets0.assets,9003,DateGreeting,lineSets[12].lines[2].dialogLine[1].text,Word of advice...····· I like to be choked...,
3b9e53cb4081,dialogue,sharedassets0.assets,9003,DateGreeting,lineSets[12].lines[2].dialogLine[2].text,It's been a while.····· I'm a little nervous...····· but I'm excited.,
a7956eaf1277,dialogue,sharedassets0.assets,9003,DateGreeting,lineSets[12].lines[2].dialogLine[3].secondaryText,"Well,····· at least you're not lacking upstairs.",
e7ae6f1896cc,dialogue,sharedassets0.assets,9003,DateGreeting,lineSets[12].lines[2].dialogLine[3].text,"Well,····· at least you're not lacking downstairs.",
6416ae07453c,dialogue,sharedassets0.assets,9003,DateGreeting,lineSets[12].lines[2].dialogLine[4].text,Drop *ee*em'.····· Let's see what you've got...,
068c2084ce06,dialogue,sharedassets0.assets,9003,DateGreeting,lineSets[12].lines[2].dialogLine[5].text,Sorry if I screw something up.·········· I'm kinda new at this...,
a17dc59ce8ca,dialogue,sharedassets0.assets,9003,DateGreeting,lineSets[12].lines[2].dialogLine[6].text,I'm·· all·· yours·· honey...····· Do whatever you want with me...,
ea70cb0fe20b,dialogue,sharedassets0.assets,9003,DateGreeting,lineSets[12].lines[2].dialogLine[7].text,Uhhh...·················· I hope you like it.··············· I'm not very experienced...,
9aadd4458bdd,dialogue,sharedassets0.assets,9003,DateGreeting,lineSets[12].lines[2].dialogLine[8].text,"What am I doing?·····*cmcm* Oh my god.····· Alright,····· you're good.····· Clearly I've done my job well...",
0fb06f987f8d,dialogue,sharedassets0.assets,9003,DateGreeting,lineSets[12].lines[2].dialogLine[9].text,···Master...····· my bottom is getting all sticky...,
154eb94fa163,dialogue,sharedassets0.assets,9003,DateGreeting,lineSets[1].label,hiking trail,
d81dd376c21e,dialogue,sharedassets0.assets,9003,DateGreeting,lineSets[1].lines[0].dialogLine[0].text,I'm really glad you asked me out this morning.,
de5bfaa12387,dialogue,sharedassets0.assets,9003,DateGreeting,lineSets[1].lines[0].dialogLine[11].text,I'm going to be watching you veeeery closely...····· so try not to mess up!,
2d17796f6dc9,dialogue,sharedassets0.assets,9003,DateGreeting,lineSets[1].lines[0].dialogLine[1].text,I hope I don't get any shit····· on this out··fit.,
60363860cec5,dialogue,sharedassets0.assets,9003,DateGreeting,lineSets[1].lines[0].dialogLine[2].text,It's so cool that you like to hike too.,
b15cba1d9ecb,dialogue,sharedassets0.assets,9003,DateGreeting,lineSets[1].lines[0].dialogLine[3].text,"Okay,······· I'm here.····· So, now what?",
7c16a6808655,dialogue,sharedassets0.assets,9003,DateGreeting,lineSets[1].lines[0].dialogLine[4].text,You've gotta love that fresh morning air.,
52564b0e5807,dialogue,sharedassets0.assets,9003,DateGreeting,lineSets[1].lines[0].dialogLine[5].text,"Alright,····· fine.····· But, I better not get my shoes muddy.",
43262187a9b6,dialogue,sharedassets0.assets,9003,DateGreeting,lineSets[1].lines[0].dialogLine[6].text,*aaaaaacccc*·····My legs are soooo tired...········ you should carry me!,
975209c3835e,dialogue,sharedassets0.assets,9003,DateGreeting,lineSets[1].lines[0].dialogLine[7].text,Mmmmm!···················· Don't you just love that misty morning air?,
0ad89a85835d,dialogue,sharedassets0.assets,9003,DateGreeting,lineSets[1].lines[0].dialogLine[8].text,You humans and your walking.,
d60d23aafd1c,dialogue,sharedassets0.assets,9003,DateGreeting,lineSets[1].lines[0].dialogLine[9].text,···Yeesss!······· I can run around here all I want!,
8d0eced3424e,dialogue,sharedassets0.assets,9003,DateGreeting,lineSets[2].label,market,
e7092ce8f305,dialogue,sharedassets0.assets,9003,DateGreeting,lineSets[2].lines[0].dialogLine[0].text,The market;············ what a neat idea.············ This should be fun!,
5cf29d0f64ac,dialogue,sharedassets0.assets,9003,DateGreeting,lineSets[2].lines[0].dialogLine[11].text,"So then,·········· here we are.·········· No time to waste...·········· woo me.",
c3f9ef2dc4e0,dialogue,sharedassets0.assets,9003,DateGreeting,lineSets[2].lines[0].dialogLine[1].text,This place is great.·········· I think I'm gonna pick up some dinner while we're here.,
7a093b520d2c,dialogue,sharedassets0.assets,9003,DateGreeting,lineSets[2].lines[0].dialogLine[2].text,Thanks for inviting me out!····· Such a nice day for the market.,
9a8e61f03c5e,dialogue,sharedassets0.assets,9003,DateGreeting,lineSets[2].lines[0].dialogLine[3].text,"Okay,······· I'm here.····· So, now what?",
581523ec9e2a,dialogue,sharedassets0.assets,9003,DateGreeting,lineSets[2].lines[0].dialogLine[4].text,How did you find out about the market?····· I come here all the time!,
39d1f6f70bc5,dialogue,sharedassets0.assets,9003,DateGreeting,lineSets[2].lines[0].dialogLine[5].text,Hmmm...·········· is it all fruits and veggies?·········· I could go for some ice cream.,
28aaab1618c2,dialogue,sharedassets0.assets,9003,DateGreeting,lineSets[2].lines[0].dialogLine[6].text,Ooooooooo!·········· Do they have any fast food joints around here?,
b9dcfae7c048,dialogue,sharedassets0.assets,9003,DateGreeting,lineSets[2].lines[0].dialogLine[7].text,Ohhh!····· The market!····· What a fun idea.,
31d738167970,dialogue,sharedassets0.assets,9003,DateGreeting,lineSets[2].lines[0].dialogLine[8].text,"There's nothing here I like,····· so you better make this a good date!",
2c10a77bf7c8,dialogue,sharedassets0.assets,9003,DateGreeting,lineSets[2].lines[0].dialogLine[9].text,···Awesome!····· They have all my favorites here!,
7e2477393221,dialogue,sharedassets0.assets,9003,DateGreeting,lineSets[3].label,ice rink,
bf8aaba82dac,dialogue,sharedassets0.assets,9003,DateGreeting,lineSets[3].lines[0].dialogLine[0].text,It's been a while since I've last skated.·····*haha*····· Don't laugh at me!,
d8f26156bfae,dialogue,sharedassets0.assets,9003,DateGreeting,lineSets[3].lines[0].dialogLine[11].text,"Okay,·········· let's find out if your dating is as good as your skating.",
16acd93cd888,dialogue,sharedassets0.assets,9003,DateGreeting,lineSets[3].lines[0].dialogLine[1].text,"Look at this,····· we've got the whole rink to ourselves!",
468265a91500,dialogue,sharedassets0.assets,9003,DateGreeting,lineSets[3].lines[0].dialogLine[2].text,Skating is like my favorite thing ever.····· This is gonna be so much fun!,
c02607124e56,dialogue,sharedassets0.assets,9003,DateGreeting,lineSets[3].lines[0].dialogLine[3].text,"God,····· could it be any colder in here?",
aeaf2668d3bb,dialogue,sharedassets0.assets,9003,DateGreeting,lineSets[3].lines[0].dialogLine[4].text,You could say I've been around the rink a few times in my day.····· I'll give you some tips.,
db91b8150b32,dialogue,sharedassets0.assets,9003,DateGreeting,lineSets[3].lines[0].dialogLine[5].text,"Yeah, okay.····· This might be fun...····· if I can stay up long enough.",
a8aea06ccd25,dialogue,sharedassets0.assets,9003,DateGreeting,lineSets[3].lines[0].dialogLine[6].text,"We'll see how I do.········ It's hard to stay balanced with this huge rack, you know.·····*hahahaha*·····",
0ddf3fcb5241,dialogue,sharedassets0.assets,9003,DateGreeting,lineSets[3].lines[0].dialogLine[7].text,*hahahaha*·····*ccc*·····I just keep picturing myself falling on my butt.,
dc97cc1a1feb,dialogue,sharedassets0.assets,9003,DateGreeting,lineSets[3].lines[0].dialogLine[8].text,I loooovve the music here.····· It's probably my favorite song on the soundtrack.,
5a32132ee609,dialogue,sharedassets0.assets,9003,DateGreeting,lineSets[3].lines[0].dialogLine[9].text,···Uhhhh...········ can you help me put my skates on?,
99cf11df721a,dialogue,sharedassets0.assets,9003,DateGreeting,lineSets[4].label,water park,
4370eb42edc4,dialogue,sharedassets0.assets,9003,DateGreeting,lineSets[4].lines[0].dialogLine[0].text,I used to come here a lot as a kid.····· Race you to the big slide!,
a901fc561093,dialogue,sharedassets0.assets,9003,DateGreeting,lineSets[4].lines[0].dialogLine[11].text,"I'll admit it,····· this is actually fun.",
9a6d4607bd1d,dialogue,sharedassets0.assets,9003,DateGreeting,lineSets[4].lines[0].dialogLine[1].text,"I'll be at the lazy river,····· come get me when you're ready to leave. *hahahahaha*",
2b6615e5ce92,dialogue,sharedassets0.assets,9003,DateGreeting,lineSets[4].lines[0].dialogLine[2].text,"Aight,····· let's hurry!····· I don't want to be stuck in long lines all day!",
49a08ebae4fa,dialogue,sharedassets0.assets,9003,DateGreeting,lineSets[4].lines[0].dialogLine[3].text,Shit!····· I forgot to bring my sunscreen.,
e7eb935771ac,dialogue,sharedassets0.assets,9003,DateGreeting,lineSets[4].lines[0].dialogLine[4].text,*hahahaha**aaa*···The water is soooo··· cold.············· I like it out here in the sun.,
b0e5de64b1f3,dialogue,sharedassets0.assets,9003,DateGreeting,lineSets[4].lines[0].dialogLine[5].text,This sun is gonna burn me alive.····· I don't tan well.,
3a88614babab,dialogue,sharedassets0.assets,9003,DateGreeting,lineSets[4].lines[0].dialogLine[6].text,Awwwww!··············· I used to take my daughter here all the time when she was young.,
c2cc30c279ce,dialogue,sharedassets0.assets,9003,DateGreeting,lineSets[4].lines[0].dialogLine[7].text,I think people are staring at me...·········· What did I tell you about this bikini!,
0ef6b2e24eb1,dialogue,sharedassets0.assets,9003,DateGreeting,lineSets[4].lines[0].dialogLine[8].text,This works out pretty nice.····· I need to water my leaf bikini.···*ccmm*,
4f0ff3f17f1d,dialogue,sharedassets0.assets,9003,DateGreeting,lineSets[4].lines[0].dialogLine[9].text,···Make sure my ears don't get wet;····· it really freaks me out.,
a3a0d1d9ebb0,dialogue,sharedassets0.assets,9003,DateGreeting,lineSets[5].label,tennis court,
40aed4ff96ba,dialogue,sharedassets0.assets,9003,DateGreeting,lineSets[5].lines[0].dialogLine[0].text,"Be warned,····· I'm like the best Tennis player in my cheer squad.",
48f9b16cfbbd,dialogue,sharedassets0.assets,9003,DateGreeting,lineSets[5].lines[0].dialogLine[11].text,"Well it's not the exact location I would have selected.············· But,····· it'll have to do.",
d7664daa5fe5,dialogue,sharedassets0.assets,9003,DateGreeting,lineSets[5].lines[0].dialogLine[1].text,"I've only played this a couple times····· so try not to kill me, okay?",
65478e10b4ac,dialogue,sharedassets0.assets,9003,DateGreeting,lineSets[5].lines[0].dialogLine[2].secondaryText,This is the kinda date··· I can get behind.····· You ready to be crushed?,
c2d09862b3da,dialogue,sharedassets0.assets,9003,DateGreeting,lineSets[5].lines[0].dialogLine[2].text,This is the kinda date··· I can get behind.····· You ready to be emasculated?,
7c4a14a4f340,dialogue,sharedassets0.assets,9003,DateGreeting,lineSets[5].lines[0].dialogLine[3].text,Great;····· now I get to be all sweaty and gross.,
ce9d86ad0a70,dialogue,sharedassets0.assets,9003,DateGreeting,lineSets[5].lines[0].dialogLine[4].text,"I'll take it easy on you, I promise.",
85c1ac473885,dialogue,sharedassets0.assets,9003,DateGreeting,lineSets[5].lines[0].dialogLine[5].text,"Hmm,····· I like virtual tennis...····· but I rarely played the actual game.",
5437a94c8f0c,dialogue,sharedassets0.assets,9003,DateGreeting,lineSets[5].lines[0].dialogLine[6].text,"Don't laugh at me if I suck.·········· I used to use my racket a lot,·· but never for tennis...",
c59e4b0f706d,dialogue,sharedassets0.assets,9003,DateGreeting,lineSets[5].lines[0].dialogLine[7].text,"If I win,····· you're buying us lunch!·····*aaaacc*····· Good luck!",
bd4a676131fe,dialogue,sharedassets0.assets,9003,DateGreeting,lineSets[5].lines[0].dialogLine[8].text,I don't know much about this game...····· is it anything like sex?····· I know a lot about that.,
747462b2761f,dialogue,sharedassets0.assets,9003,DateGreeting,lineSets[5].lines[0].dialogLine[9].text,···Waaaiit...············ I don't get it...············· Why aren't you supposed to chase the ball again?,
500de6f3d201,dialogue,sharedassets0.assets,9003,DateGreeting,lineSets[6].label,hot springs,
47f859d7f348,dialogue,sharedassets0.assets,9003,DateGreeting,lineSets[6].lines[0].dialogLine[0].text,The water feels soooo nice.······· Come on in!,
45ef84636329,dialogue,sharedassets0.assets,9003,DateGreeting,lineSets[6].lines[0].dialogLine[10].text,This··· feels··· *aaa*amazing...·········· they don't have anything like this back home.,
fa106828896a,dialogue,sharedassets0.assets,9003,DateGreeting,lineSets[6].lines[0].dialogLine[11].text,Ahhhhhhhhhhhh...············ how soooooothing...······················ A girl could get used to this.,
97ccb4532259,dialogue,sharedassets0.assets,9003,DateGreeting,lineSets[6].lines[0].dialogLine[1].text,"*aaaaaacccc* Gooooood,····· this feels soooo nice...",
78a1b3fe878a,dialogue,sharedassets0.assets,9003,DateGreeting,lineSets[6].lines[0].dialogLine[2].text,Heeey...········ you just wanted to see me in a bikini!····· Didn't you?,
931456f1d42b,dialogue,sharedassets0.assets,9003,DateGreeting,lineSets[6].lines[0].dialogLine[3].text,I suppose I could get used to this...,
2aaf92680e92,dialogue,sharedassets0.assets,9003,DateGreeting,lineSets[6].lines[0].dialogLine[4].text,Ahhhhh...····· this is soooo··· relaxing.············· Jab me if I start to doze off.,
46dc80b381f8,dialogue,sharedassets0.assets,9003,DateGreeting,lineSets[6].lines[0].dialogLine[5].text,"Hey,····· this is actually pretty nice.····· The water feels great.·····",
2d7b8d0ec263,dialogue,sharedassets0.assets,9003,DateGreeting,lineSets[6].lines[0].dialogLine[6].text,Ahhhhh...····· this is what I deserve...····· to be pampered.,
11c517bda7e9,dialogue,sharedassets0.assets,9003,DateGreeting,lineSets[6].lines[0].dialogLine[7].text,It's so peaceful here...·········· very relaxing.,
15e624faf322,dialogue,sharedassets0.assets,9003,DateGreeting,lineSets[6].lines[0].dialogLine[8].text,Ahhh the hot spring...····· a classic dating sim staple.,
796866569b76,dialogue,sharedassets0.assets,9003,DateGreeting,lineSets[6].lines[0].dialogLine[9].text,"···*aaaaaaaaaa*··········Ohh, sorry!········ There's just a lot of water here...",
f0800f9c93b1,dialogue,sharedassets0.assets,9003,DateGreeting,lineSets[7].label,scenic overlook,
e4c691f0cea9,dialogue,sharedassets0.assets,9003,DateGreeting,lineSets[7].lines[0].dialogLine[0].text,Wow!············· It's so beautiful from up here.,
9b5c30950d3a,dialogue,sharedassets0.assets,9003,DateGreeting,lineSets[7].lines[0].dialogLine[10].text,Your planet really is a beautiful place...····· I almost don't want to leave.,
f5bb3fdb91dc,dialogue,sharedassets0.assets,9003,DateGreeting,lineSets[7].lines[0].dialogLine[11].text,Let's see how well the other girls have prepared you for me.,
ca2893c05a12,dialogue,sharedassets0.assets,9003,DateGreeting,lineSets[7].lines[0].dialogLine[1].text,·····This is romantic as shit.··············· Are you trying to seduce me?,
a8d898f21945,dialogue,sharedassets0.assets,9003,DateGreeting,lineSets[7].lines[0].dialogLine[2].text,I'm glad you asked me out.····· This is beautiful.,
105bae12b370,dialogue,sharedassets0.assets,9003,DateGreeting,lineSets[7].lines[0].dialogLine[3].text,Ughh... gaaaay!,
3de76e8df3d1,dialogue,sharedassets0.assets,9003,DateGreeting,lineSets[7].lines[0].dialogLine[4].text,Will you look at that?····· Breathtaking...,
767aa98f6914,dialogue,sharedassets0.assets,9003,DateGreeting,lineSets[7].lines[0].dialogLine[5].text,Really?····· *hahahahahaha*·········· It's a little romantic up here don't you think?,
79355629d300,dialogue,sharedassets0.assets,9003,DateGreeting,lineSets[7].lines[0].dialogLine[6].text,Wooow...····· Alright...····· I'm soaked already.*hahahaha*·····,
f8a802ea9cbc,dialogue,sharedassets0.assets,9003,DateGreeting,lineSets[7].lines[0].dialogLine[7].text,"Hey,····· you know about this spot too!?·········· Sometimes,····· I come up here to think.",
8fd92665202d,dialogue,sharedassets0.assets,9003,DateGreeting,lineSets[7].lines[0].dialogLine[8].text,This is definitely where you take a girl if you want to seduce her.,
58699958fcb5,dialogue,sharedassets0.assets,9003,DateGreeting,lineSets[7].lines[0].dialogLine[9].text,···It's so pretty up here!····· Thanks for taking me here.,
dcaacd8263f3,dialogue,sharedassets0.assets,9003,DateGreeting,lineSets[8].label,casino,
4fe82c14e7f9,dialogue,sharedassets0.assets,9003,DateGreeting,lineSets[8].lines[0].dialogLine[0].text,My friend Nikki would love this!····· She's really into games.,
a0be6d3dbbfb,dialogue,sharedassets0.assets,9003,DateGreeting,lineSets[8].lines[0].dialogLine[10].text,The environment here is just like my planet...····· It makes me a little homesick.·····*hahahaha*,
0cab2c24f576,dialogue,sharedassets0.assets,9003,DateGreeting,lineSets[8].lines[0].dialogLine[11].text,Best of luck!··············· I have a feeling you're going to need it...,
d5d0207ac553,dialogue,sharedassets0.assets,9003,DateGreeting,lineSets[8].lines[0].dialogLine[1].text,Now this is a night out!····· Stand back and watch the master!,
a75489542a69,dialogue,sharedassets0.assets,9003,DateGreeting,lineSets[8].lines[0].dialogLine[2].text,"I'm not usually one to gamble...········ but,····· we'll see how this goes!",
b87f98231551,dialogue,sharedassets0.assets,9003,DateGreeting,lineSets[8].lines[0].dialogLine[3].text,*aaaacc*·····At least I can smoke in here.,
c9d616f77f4d,dialogue,sharedassets0.assets,9003,DateGreeting,lineSets[8].lines[0].dialogLine[4].text,This'll be fun!······· I bet I win more than you!,
209fe825406a,dialogue,sharedassets0.assets,9003,DateGreeting,lineSets[8].lines[0].dialogLine[5].text,"Well it's not an arcade,····· but····· I guess games are games.",
3436424e1ede,dialogue,sharedassets0.assets,9003,DateGreeting,lineSets[8].lines[0].dialogLine[6].text,You know the best part about a casino?····· Free·· drinks!········,
71cc37e4ce01,dialogue,sharedassets0.assets,9003,DateGreeting,lineSets[8].lines[0].dialogLine[7].text,··This is··· so exciting!··············· I hope I don't get too carried away...,
7fdc48b5b552,dialogue,sharedassets0.assets,9003,DateGreeting,lineSets[8].lines[0].dialogLine[8].text,They need to get some machines that take Hunie.····· That's all I've got.,
42cf47113903,dialogue,sharedassets0.assets,9003,DateGreeting,lineSets[8].lines[0].dialogLine[9].text,···What did that man mean when he asked for my I.D.?,
519fc8b3b114,dialogue,sharedassets0.assets,9003,DateGreeting,lineSets[9].label,outdoor lounge,
cf3edc05e8dc,dialogue,sharedassets0.assets,9003,DateGreeting,lineSets[9].lines[0].dialogLine[0].text,This place is great...····· super chill.,
851ee660f78c,dialogue,sharedassets0.assets,9003,DateGreeting,lineSets[9].lines[0].dialogLine[10].text,Thanks for inviting me out tonight.····· I'm glad to be here with you.,
32ba9baf1d6d,dialogue,sharedassets0.assets,9003,DateGreeting,lineSets[9].lines[0].dialogLine[11].text,*aacc*···*ccaaaacc*····· Do your worst...,
e7d579a4cdd2,dialogue,sharedassets0.assets,9003,DateGreeting,lineSets[9].lines[0].dialogLine[1].text,Is this where you take all the girls?····· Huh?,
13e084134280,dialogue,sharedassets0.assets,9003,DateGreeting,lineSets[9].lines[0].dialogLine[2].text,"Oh man...········ alright,··· I'm seduced already.*hahahahaha*···",
a06b7fe992ff,dialogue,sharedassets0.assets,9003,DateGreeting,lineSets[9].lines[0].dialogLine[3].text,"Okay,······· I'm here.····· So, now what?",
3034ab541b83,dialogue,sharedassets0.assets,9003,DateGreeting,lineSets[9].lines[0].dialogLine[4].text,"Hey,·· I'm glad you asked me out.······· This is really nice.·····",
4c25b431052a,dialogue,sharedassets0.assets,9003,DateGreeting,lineSets[9].lines[0].dialogLine[5].text,"This isn't usually my sort of scene,········ but I'll admit it's kinda nice.",
59124ccfd227,dialogue,sharedassets0.assets,9003,DateGreeting,lineSets[9].lines[0].dialogLine[6].text,"Oh, I remember this place!····· I once blew a gu...····· uhhhh...····· never mind.",
98d3e9186434,dialogue,sharedassets0.assets,9003,DateGreeting,lineSets[9].lines[0].dialogLine[7].text,···It's like our own··· private oasis!··············· I'm glad to be here with you...,
0c7d1086388c,dialogue,sharedassets0.assets,9003,DateGreeting,lineSets[9].lines[0].dialogLine[8].text,Hey!····· This is where I showed you how to play.····· Remember?,
f6a9994cb203,dialogue,sharedassets0.assets,9003,DateGreeting,lineSets[9].lines[0].dialogLine[9].text,···Mmmmm...············ I'm so happy to be here with you master...,
728bded7dacd,dialogue,sharedassets0.assets,9004,DateValediction,lineSets[0].label,success,
8f06217ecd6b,dialogue,sharedassets0.assets,9004,DateValediction,lineSets[0].lines[0].dialogLine[0].text,Thank you!····· I had a really good time!,
8f2b9325c5a2,dialogue,sharedassets0.assets,9004,DateValediction,lineSets[0].lines[0].dialogLine[10].text,You have exceptional dating abilities.,
52cd3ddbab2c,dialogue,sharedassets0.assets,9004,DateValediction,lineSets[0].lines[0].dialogLine[11].text,I think I understand why Kyu was so curious about your potential...,
acae4340888f,dialogue,sharedassets0.assets,9004,DateValediction,lineSets[0].lines[0].dialogLine[1].text,"Hey,····· that was actually really nice.····· Thank you.",
93b472394d09,dialogue,sharedassets0.assets,9004,DateValediction,lineSets[0].lines[0].dialogLine[2].text,"We should def do that again,····· like,····· super soon!",
10c66cd67fa5,dialogue,sharedassets0.assets,9004,DateValediction,lineSets[0].lines[0].dialogLine[3].text,I guess that wasn't a complete waste of time.,
7d346773463b,dialogue,sharedassets0.assets,9004,DateValediction,lineSets[0].lines[0].dialogLine[4].text,And to think... I almost had to cancel.······· What a shame that'd have been.,
c99b238299fa,dialogue,sharedassets0.assets,9004,DateValediction,lineSets[0].lines[0].dialogLine[5].text,Uhhh...····· thanks.····· That··· wasn't as bad as I thought.,
b552bfe01499,dialogue,sharedassets0.assets,9004,DateValediction,lineSets[0].lines[0].dialogLine[6].text,"Wow,····· this is neat!······· You should take me out more often.",
1eae1fec8309,dialogue,sharedassets0.assets,9004,DateValediction,lineSets[0].lines[0].dialogLine[7].text,I had wonderful time.·········· Thank you for inviting me.,
653ed5c2cd14,dialogue,sharedassets0.assets,9004,DateValediction,lineSets[0].lines[0].dialogLine[8].secondaryText,Well look at this bitch.····· I think I've created a monster.,
1d7329989688,dialogue,sharedassets0.assets,9004,DateValediction,lineSets[0].lines[0].dialogLine[8].text,Well look at this guy.····· I think I've created a monster.,
a33e7bfb99a6,dialogue,sharedassets0.assets,9004,DateValediction,lineSets[0].lines[0].dialogLine[9].text,···That was the bestestest!,
1cccdb4c21e0,dialogue,sharedassets0.assets,9004,DateValediction,lineSets[0].lines[1].dialogLine[0].text,That··· was····· so······· much······· fun!··········· We'll have to do it again.,
b73943b0d347,dialogue,sharedassets0.assets,9004,DateValediction,lineSets[0].lines[1].dialogLine[10].text,I've throughly enjoyed this experience with you.,
847488496bad,dialogue,sharedassets0.assets,9004,DateValediction,lineSets[0].lines[1].dialogLine[11].text,Marvelous!··············· You're living up to your reputation.,
bdf66dc005f3,dialogue,sharedassets0.assets,9004,DateValediction,lineSets[0].lines[1].dialogLine[1].text,Clearly this isn't your first time around the block.,
3e9442eb2e43,dialogue,sharedassets0.assets,9004,DateValediction,lineSets[0].lines[1].dialogLine[2].text,That was so awesome!····· Thanks for asking me out.,
70d1a8e64dc5,dialogue,sharedassets0.assets,9004,DateValediction,lineSets[0].lines[1].dialogLine[3].text,What are you expecting to get in my pants now?····· You weren't THAT good.,
8f93dfcf41bf,dialogue,sharedassets0.assets,9004,DateValediction,lineSets[0].lines[1].dialogLine[4].text,*hahahahaha*·····I haven't enjoyed myself like that in a while.,
c554edd2256d,dialogue,sharedassets0.assets,9004,DateValediction,lineSets[0].lines[1].dialogLine[5].text,"Hmmmm...····· that was kinda··· alright,··· I guess.",
5d862c97dc90,dialogue,sharedassets0.assets,9004,DateValediction,lineSets[0].lines[1].dialogLine[6].text,"Oh,····· it's been so long since I dated like this.········ I forgot how fun it could be.",
375369dc84a8,dialogue,sharedassets0.assets,9004,DateValediction,lineSets[0].lines[1].dialogLine[7].text,"Wonderful!················ Let's do this again soon,·· okay?",
f0e06fea16a7,dialogue,sharedassets0.assets,9004,DateValediction,lineSets[0].lines[1].dialogLine[8].text,"Alright, you're gettin' good.·· Just don't get too cocky.·· No wait,··· do.··· Chicks dig that.·····",
efae2ac2b544,dialogue,sharedassets0.assets,9004,DateValediction,lineSets[0].lines[1].dialogLine[9].text,···Thank you for treating me out master!,
4c7dd476706d,dialogue,sharedassets0.assets,9004,DateValediction,lineSets[0].lines[2].dialogLine[0].text,"Thanks for taking me out,····· that was so nice of you.",
26c6d9a59c9d,dialogue,sharedassets0.assets,9004,DateValediction,lineSets[0].lines[2].dialogLine[10].text,I find myself excitedly anticipating our next date.,
9f76e1b6ec1b,dialogue,sharedassets0.assets,9004,DateValediction,lineSets[0].lines[2].dialogLine[11].text,You're strategy is impeccable.······· I dare say I've learned a thing or two myself.,
ebda938572bb,dialogue,sharedassets0.assets,9004,DateValediction,lineSets[0].lines[2].dialogLine[1].text,Not··· bad!··············· I'll have to let you take me out again sometime.,
90db1cf82792,dialogue,sharedassets0.assets,9004,DateValediction,lineSets[0].lines[2].dialogLine[2].text,"I gotta admit,········ I wasn't too sure about you at first.",
4cce5f65fedc,dialogue,sharedassets0.assets,9004,DateValediction,lineSets[0].lines[2].dialogLine[3].text,You can wipe that look off your face.····· You got lucky this time.,
aa22bfaaab94,dialogue,sharedassets0.assets,9004,DateValediction,lineSets[0].lines[2].dialogLine[4].text,"Mmmhmm,····· you're a keeper.",
97dceb2a72ce,dialogue,sharedassets0.assets,9004,DateValediction,lineSets[0].lines[2].dialogLine[5].text,"Hey,····· not bad.·········· I guess I should have given you more credit.",
c7ca2573238a,dialogue,sharedassets0.assets,9004,DateValediction,lineSets[0].lines[2].dialogLine[6].text,I could get used to this kind of treatment.·····*mcmcmc*···,
ac85dbb476fa,dialogue,sharedassets0.assets,9004,DateValediction,lineSets[0].lines[2].dialogLine[7].text,Thank you so much.·········· Everything was just perfect!,
82cf065f166a,dialogue,sharedassets0.assets,9004,DateValediction,lineSets[0].lines[2].dialogLine[8].text,About··· time!·········· I gotta say I wasn't sure if you were gonna pull it off.,
14d830a18726,dialogue,sharedassets0.assets,9004,DateValediction,lineSets[0].lines[2].dialogLine[9].text,···Dating is really fun!········ I can't wait to go out again.,
3fe2ea4761f8,dialogue,sharedassets0.assets,9004,DateValediction,lineSets[0].lines[3].dialogLine[0].secondaryText,You have got to be the coolest girl I know.,
697e77bf13bb,dialogue,sharedassets0.assets,9004,DateValediction,lineSets[0].lines[3].dialogLine[0].text,You have got to be the coolest guy I know.,
9553900a88cb,dialogue,sharedassets0.assets,9004,DateValediction,lineSets[0].lines[3].dialogLine[10].text,Perfect...····· and we weren't even attacked by a tentacle monster!,
775afb1f0e8f,dialogue,sharedassets0.assets,9004,DateValediction,lineSets[0].lines[3].dialogLine[11].text,Veeeerrry··· good.·········· You may have just earned yourself another date.,
07191c341bc7,dialogue,sharedassets0.assets,9004,DateValediction,lineSets[0].lines[3].dialogLine[1].text,"Mmmmm,····· you certainly know how to carry yourself...",
559248f03e3a,dialogue,sharedassets0.assets,9004,DateValediction,lineSets[0].lines[3].dialogLine[2].text,"Before we leave I wanna post a pic of us,····· my friends are gonna be so jell!",
eac09e0c4d31,dialogue,sharedassets0.assets,9004,DateValediction,lineSets[0].lines[3].dialogLine[3].text,I'll admit I had a good time if you stop looking at me like that.,
814f601c237e,dialogue,sharedassets0.assets,9004,DateValediction,lineSets[0].lines[3].dialogLine[4].text,"Awwww,····· I wish we could stay longer.····· I had a really great time.",
9680d912992d,dialogue,sharedassets0.assets,9004,DateValediction,lineSets[0].lines[3].dialogLine[5].text,"Okay,··· okay,··· but don’t get too cocky.",
d987b037b376,dialogue,sharedassets0.assets,9004,DateValediction,lineSets[0].lines[3].dialogLine[6].secondaryText,"I can tell you have some experience with this,····· and I like··· an experienced woman.·····",
a227e8f32dbd,dialogue,sharedassets0.assets,9004,DateValediction,lineSets[0].lines[3].dialogLine[6].text,"I can tell you have some experience with this,····· and I like··· an experienced man.·····",
97b0dc7ee3ac,dialogue,sharedassets0.assets,9004,DateValediction,lineSets[0].lines[3].dialogLine[7].text,It was really very nice of you to take me out like this!,
2995b742f857,dialogue,sharedassets0.assets,9004,DateValediction,lineSets[0].lines[3].dialogLine[8].text,There may be some hope for you yet.····· Maybe.·····,
4e67eaf0bb04,dialogue,sharedassets0.assets,9004,DateValediction,lineSets[0].lines[3].dialogLine[9].text,···Wow!····· You are really really really good at this!,
fafff016e3ac,dialogue,sharedassets0.assets,9004,DateValediction,lineSets[0].lines[4].dialogLine[0].text,"Awww,····· you're the best.····· Thanks for taking me out!",
cd5ccdea02a6,dialogue,sharedassets0.assets,9004,DateValediction,lineSets[0].lines[4].dialogLine[10].text,Remarkable work.····· You exceeded my expectations.,
121aef24124e,dialogue,sharedassets0.assets,9004,DateValediction,lineSets[0].lines[4].dialogLine[11].secondaryText,Now this is a woman of the highest caliber.,
e317ce441121,dialogue,sharedassets0.assets,9004,DateValediction,lineSets[0].lines[4].dialogLine[11].text,Now this is a man of the highest caliber.,
3c13935eea4d,dialogue,sharedassets0.assets,9004,DateValediction,lineSets[0].lines[4].dialogLine[1].text,"You are····· something else, you know that?",
e7167ac4789d,dialogue,sharedassets0.assets,9004,DateValediction,lineSets[0].lines[4].dialogLine[2].text,So fun!····· I had no idea this place could be such a great time.,
934b81ca1245,dialogue,sharedassets0.assets,9004,DateValediction,lineSets[0].lines[4].dialogLine[3].text,"Yeah,······· so I had a good time.····· Don't make such a big deal out of it!",
417c1557038c,dialogue,sharedassets0.assets,9004,DateValediction,lineSets[0].lines[4].dialogLine[4].text,I'm glad I decided to join you.····· It was a fun date.,
1001b6d1940c,dialogue,sharedassets0.assets,9004,DateValediction,lineSets[0].lines[4].dialogLine[5].text,I've got my eye on you...,
45526f8ae6cf,dialogue,sharedassets0.assets,9004,DateValediction,lineSets[0].lines[4].dialogLine[6].text,*hahahaha*·····*ha*···You just keep on surprising me...,
8103b3fa0d2e,dialogue,sharedassets0.assets,9004,DateValediction,lineSets[0].lines[4].dialogLine[7].text,I'm so pleased!··············· I hope we can go out like this again.,
65917948fccb,dialogue,sharedassets0.assets,9004,DateValediction,lineSets[0].lines[4].dialogLine[8].text,"Niiiice.············ See,·· I knew you had it in ya.",
1a6735ac403d,dialogue,sharedassets0.assets,9004,DateValediction,lineSets[0].lines[4].dialogLine[9].text,"···Master,·········· I'm so happy when you spend time with me...",
eb91cdd9675f,dialogue,sharedassets0.assets,9004,DateValediction,lineSets[0].lines[5].dialogLine[0].text,I'm glad I skipped out on studying to come here with you...,
0aaa26778ae9,dialogue,sharedassets0.assets,9004,DateValediction,lineSets[0].lines[5].dialogLine[10].secondaryText,Excellent.····· The females of my species would be jealous.,
def86da4e83f,dialogue,sharedassets0.assets,9004,DateValediction,lineSets[0].lines[5].dialogLine[10].text,Excellent.····· The males of my species would be jealous.,
a9f3905eb5e2,dialogue,sharedassets0.assets,9004,DateValediction,lineSets[0].lines[5].dialogLine[11].text,"I admit,·············· I'm rather impressed.·········· I rarely see talent at this level.",
bd5da5e08ab5,dialogue,sharedassets0.assets,9004,DateValediction,lineSets[0].lines[5].dialogLine[1].secondaryText,About time a woman who knows what she's doing shows up in my life.,
e97335795ad3,dialogue,sharedassets0.assets,9004,DateValediction,lineSets[0].lines[5].dialogLine[1].text,About time a man who knows what he's doing shows up in my life.,
a9f4acd1bac7,dialogue,sharedassets0.assets,9004,DateValediction,lineSets[0].lines[5].dialogLine[2].text,Did you take an awesome class or something?····· Where did you learn to be so awesome?,
7956e223a3f6,dialogue,sharedassets0.assets,9004,DateValediction,lineSets[0].lines[5].dialogLine[3].text,"Not bad.·········· I've been on worse dates,····· I'll admit that much.",
4373e6ff4b91,dialogue,sharedassets0.assets,9004,DateValediction,lineSets[0].lines[5].dialogLine[4].text,"Well,··· you know how to show a girl a nice time,····· I'll grant you that!",
98d2a8d095f3,dialogue,sharedassets0.assets,9004,DateValediction,lineSets[0].lines[5].dialogLine[5].text,I underestimated you.············ I'm sorry about that.,
473384d5251c,dialogue,sharedassets0.assets,9004,DateValediction,lineSets[0].lines[5].dialogLine[6].text,Mmmm...····· you're so sexy when you're victorious.,
6ec54714048a,dialogue,sharedassets0.assets,9004,DateValediction,lineSets[0].lines[5].dialogLine[7].text,That was such a nice date.·········· I hope you enjoyed it as much as I did!,
0f7cbd322332,dialogue,sharedassets0.assets,9004,DateValediction,lineSets[0].lines[5].dialogLine[8].secondaryText,Our little girl is growing up!,
4a5a3beefcad,dialogue,sharedassets0.assets,9004,DateValediction,lineSets[0].lines[5].dialogLine[8].text,Our little boy is growing up!,
b788c49672e1,dialogue,sharedassets0.assets,9004,DateValediction,lineSets[0].lines[5].dialogLine[9].text,···*hehehehe*·····Yeah!,
01d684d2e437,dialogue,sharedassets0.assets,9004,DateValediction,lineSets[1].label,failure,
1aeb7a15a192,dialogue,sharedassets0.assets,9004,DateValediction,lineSets[1].lines[0].dialogLine[0].text,Heh...····· that didn't go exactly as I hoped it would...,
f1b67710b529,dialogue,sharedassets0.assets,9004,DateValediction,lineSets[1].lines[0].dialogLine[10].secondaryText,Are all females of your species this incompetent?,
83cf5b1d7115,dialogue,sharedassets0.assets,9004,DateValediction,lineSets[1].lines[0].dialogLine[10].text,Are all males of your species this incompetent?,
e3728f133b57,dialogue,sharedassets0.assets,9004,DateValediction,lineSets[1].lines[0].dialogLine[11].text,*aaaacc*....another unworthy suitor.,
fddb7615ff5d,dialogue,sharedassets0.assets,9004,DateValediction,lineSets[1].lines[0].dialogLine[1].text,Can we just get out of here please?,
9728732f0087,dialogue,sharedassets0.assets,9004,DateValediction,lineSets[1].lines[0].dialogLine[2].text,"Ewwww,····· just,····· no.",
91c86c5000d5,dialogue,sharedassets0.assets,9004,DateValediction,lineSets[1].lines[0].dialogLine[3].text,"*aaaacc*·····Puh-leese,············ you've got to be able to do better than that.",
8d64dc6aa626,dialogue,sharedassets0.assets,9004,DateValediction,lineSets[1].lines[0].dialogLine[4].text,If you're going to ask a girl out··· you should at least be prepared.,
47f7dedb2dc7,dialogue,sharedassets0.assets,9004,DateValediction,lineSets[1].lines[0].dialogLine[5].secondaryText,"Yep,····· just like I thought.····· You broads are all the same.",
9afcea88f068,dialogue,sharedassets0.assets,9004,DateValediction,lineSets[1].lines[0].dialogLine[5].text,"Yep,····· just like I thought.····· You guys are all the same.",
310a7595f6f9,dialogue,sharedassets0.assets,9004,DateValediction,lineSets[1].lines[0].dialogLine[6].secondaryText,"You see,····· this is why I don't really ""date""··· women...·····",
87bb145c50dc,dialogue,sharedassets0.assets,9004,DateValediction,lineSets[1].lines[0].dialogLine[6].text,"You see,····· this is why I don't really ""date""··· men...·····",
ad9126a32ed4,dialogue,sharedassets0.assets,9004,DateValediction,lineSets[1].lines[0].dialogLine[7].text,Is there something wrong?·········· Do you not like spending time with me?,
8ff2ff4f293e,dialogue,sharedassets0.assets,9004,DateValediction,lineSets[1].lines[0].dialogLine[8].text,"Could you please suck more at match-three?····· That would be great,··· thanks.·····",
15c50914b443,dialogue,sharedassets0.assets,9004,DateValediction,lineSets[1].lines[0].dialogLine[9].text,"···Master,··· are you playing a trick on me? That's not very nice!···",
ad7f0ffd45bc,dialogue,sharedassets0.assets,9004,DateValediction,lineSets[1].lines[1].dialogLine[0].text,Oh...············· I guess I was expecting something else.,
339c2c783c23,dialogue,sharedassets0.assets,9004,DateValediction,lineSets[1].lines[1].dialogLine[10].text,Perhaps I have to readjust my expectations for next time...,
5aadcb1bfb38,dialogue,sharedassets0.assets,9004,DateValediction,lineSets[1].lines[1].dialogLine[11].text,Is that really the best you can do?····· *aaacc*,
8b289ff2620c,dialogue,sharedassets0.assets,9004,DateValediction,lineSets[1].lines[1].dialogLine[1].text,Booooorrrring!,
9542e569e2e2,dialogue,sharedassets0.assets,9004,DateValediction,lineSets[1].lines[1].dialogLine[2].text,"That's just great,····· can we go now?",
b121d05cfee3,dialogue,sharedassets0.assets,9004,DateValediction,lineSets[1].lines[1].dialogLine[3].text,"Ugh,····· god.····· What the fuck was that?",
c9339e69f87f,dialogue,sharedassets0.assets,9004,DateValediction,lineSets[1].lines[1].dialogLine[4].text,Well that was certainly...····· unexpected.,
209965ac88df,dialogue,sharedassets0.assets,9004,DateValediction,lineSets[1].lines[1].dialogLine[5].secondaryText,"What the hell?····· Ughh,····· this is why I don't bother with girls.",
113daf2931e7,dialogue,sharedassets0.assets,9004,DateValediction,lineSets[1].lines[1].dialogLine[5].text,"What the hell?····· Ughh,····· this is why I don't bother with guys.",
5f30f3f0e097,dialogue,sharedassets0.assets,9004,DateValediction,lineSets[1].lines[1].dialogLine[6].text,"Honestly, hun...····· not exactly what I was hoping for.",
0be319fa1e25,dialogue,sharedassets0.assets,9004,DateValediction,lineSets[1].lines[1].dialogLine[7].text,No worries...·········· perhaps tomorrow will to be a brighter day.,
3fd0478206d2,dialogue,sharedassets0.assets,9004,DateValediction,lineSets[1].lines[1].dialogLine[8].text,Really?····· I know I've taught you better than that.,
dfe9e2516f85,dialogue,sharedassets0.assets,9004,DateValediction,lineSets[1].lines[1].dialogLine[9].text,···Should I go?····· Do you not want me here?,
486d5c538342,dialogue,sharedassets0.assets,9004,DateValediction,lineSets[1].lines[2].dialogLine[0].text,"Sorry,····· but I think I'd like to go now.",
252e544c45f5,dialogue,sharedassets0.assets,9004,DateValediction,lineSets[1].lines[2].dialogLine[10].text,"You're not terribly adept for this, are you?",
0a258cee3da1,dialogue,sharedassets0.assets,9004,DateValediction,lineSets[1].lines[2].dialogLine[11].text,Disgraceful...··············· what am I to think after an embarrassment like that?,
8c4dbfd51dad,dialogue,sharedassets0.assets,9004,DateValediction,lineSets[1].lines[2].dialogLine[1].text,What an ass.,
c62e35562822,dialogue,sharedassets0.assets,9004,DateValediction,lineSets[1].lines[2].dialogLine[2].text,"I think I deserve a little better than that,····· don't you?",
b38019041203,dialogue,sharedassets0.assets,9004,DateValediction,lineSets[1].lines[2].dialogLine[3].text,"Uhhh,····· can you explain to me what exactly you were trying to do?",
70f6021045d3,dialogue,sharedassets0.assets,9004,DateValediction,lineSets[1].lines[2].dialogLine[4].text,I really think I should just be going now.,
a98f91466f73,dialogue,sharedassets0.assets,9004,DateValediction,lineSets[1].lines[2].dialogLine[5].text,"Maaaaaybe·· I'm just missing something,····· but I thought dates were supposed to be fun.",
1f5ee15f39b8,dialogue,sharedassets0.assets,9004,DateValediction,lineSets[1].lines[2].dialogLine[6].text,"Mm,·· mm,·· mm.·········· What am I gonna do with you?",
bed643712ca0,dialogue,sharedassets0.assets,9004,DateValediction,lineSets[1].lines[2].dialogLine[7].text,I'm a little disappointed...·········· but it's alright.,
0a549ea9fbb5,dialogue,sharedassets0.assets,9004,DateValediction,lineSets[1].lines[2].dialogLine[8].text,"The objective··· is·· to win.······· We're··· clear on that,······· right?",
f63ab3c2530f,dialogue,sharedassets0.assets,9004,DateValediction,lineSets[1].lines[2].dialogLine[9].text,···I'm confused...····· I thought you said dating was fun?,
ec1a495729c2,dialogue,sharedassets0.assets,9004,DateValediction,lineSets[1].lines[3].dialogLine[0].text,"I had a good time...············· I'm just tired,····· that's all.",
bd051c3b92e6,dialogue,sharedassets0.assets,9004,DateValediction,lineSets[1].lines[3].dialogLine[10].text,...and here I was looking forward to this.,
56d593fdb789,dialogue,sharedassets0.assets,9004,DateValediction,lineSets[1].lines[3].dialogLine[11].text,"What a terrible,··· terrible shame.",
847b09493c45,dialogue,sharedassets0.assets,9004,DateValediction,lineSets[1].lines[3].dialogLine[1].text,"*aaaaaaaacc*···I'm sorry,············· was that supposed to be romantic?",
aff7752daaa4,dialogue,sharedassets0.assets,9004,DateValediction,lineSets[1].lines[3].dialogLine[2].text,You really don't seem like yourself today...,
d11a23f06136,dialogue,sharedassets0.assets,9004,DateValediction,lineSets[1].lines[3].dialogLine[3].text,"Could you maybe like,····· put in some effort next time?",
793a6469ca50,dialogue,sharedassets0.assets,9004,DateValediction,lineSets[1].lines[3].dialogLine[4].text,"Oh... no,··· it's ok.······· I don’t mind...",
c964c8805665,dialogue,sharedassets0.assets,9004,DateValediction,lineSets[1].lines[3].dialogLine[5].text,I'm such an idiot for thinking this was gonna go any other way.,
00ba1c655dd5,dialogue,sharedassets0.assets,9004,DateValediction,lineSets[1].lines[3].dialogLine[6].text,"Yeah,········ we can leave now...····· thanks.·····",
9736bc194724,dialogue,sharedassets0.assets,9004,DateValediction,lineSets[1].lines[3].dialogLine[7].text,I'm getting the sense you're a little out of sync today...,
25a74d43e2dc,dialogue,sharedassets0.assets,9004,DateValediction,lineSets[1].lines[3].dialogLine[8].text,"Could you please··· just not?····· Like,····· ever again?····· Yeah, thanks.",
f7bb8c577976,dialogue,sharedassets0.assets,9004,DateValediction,lineSets[1].lines[3].dialogLine[9].text,"···What?············· Awww, but, but... how come?",
64804cea194b,dialogue,sharedassets0.assets,9004,DateValediction,lineSets[1].lines[4].dialogLine[0].text,It's ok...············ maybe things will turn out better next time.,
484c34daf9ee,dialogue,sharedassets0.assets,9004,DateValediction,lineSets[1].lines[4].dialogLine[10].text,That's not exactly how I pictured an earth date...,
8283f7cf4e5d,dialogue,sharedassets0.assets,9004,DateValediction,lineSets[1].lines[4].dialogLine[11].text,Absolutely·· shameful.············ You're in the presence of a goddess!,
a7dae209aeef,dialogue,sharedassets0.assets,9004,DateValediction,lineSets[1].lines[4].dialogLine[1].text,I'd almost rather be teaching class right now...,
7e64fec631c3,dialogue,sharedassets0.assets,9004,DateValediction,lineSets[1].lines[4].dialogLine[2].text,"I'm tired,····· let's go.····· Maybe we can try again another day.",
d7256d947320,dialogue,sharedassets0.assets,9004,DateValediction,lineSets[1].lines[4].dialogLine[3].text,"Well,····· that was a total blowout.····· Thanks for wasting my fucking time.",
95ba887f69a6,dialogue,sharedassets0.assets,9004,DateValediction,lineSets[1].lines[4].dialogLine[4].text,Something just feels····· off.············· Maybe we'll have better luck another time...,
16f717eba0df,dialogue,sharedassets0.assets,9004,DateValediction,lineSets[1].lines[4].dialogLine[5].text,Blaaaah...,
3e27caefa86c,dialogue,sharedassets0.assets,9004,DateValediction,lineSets[1].lines[4].dialogLine[6].text,What a piece of work!·········· Surely you can do better than that.,
9e54603a656d,dialogue,sharedassets0.assets,9004,DateValediction,lineSets[1].lines[4].dialogLine[7].text,I don't feel you're being very mindful of my needs.,
f96f81f28da9,dialogue,sharedassets0.assets,9004,DateValediction,lineSets[1].lines[4].dialogLine[8].text,Swing and a miss!,
da3d9459d0ef,dialogue,sharedassets0.assets,9004,DateValediction,lineSets[1].lines[4].dialogLine[9].text,"···What's that phrase?··········· Oh, yeah.············· You really need to work on your game, master.",
343289d2653b,dialogue,sharedassets0.assets,9004,DateValediction,lineSets[1].lines[5].dialogLine[0].text,Are you not feeling well or something?,
e9abdf9cf0f2,dialogue,sharedassets0.assets,9004,DateValediction,lineSets[1].lines[5].dialogLine[10].text,Is that how human dating is supposed to be?····· You're a strange species...,
d6e30e861532,dialogue,sharedassets0.assets,9004,DateValediction,lineSets[1].lines[5].dialogLine[11].text,If you're to claim a goddess····· you're going to have to do a lot better than that.,
6547d1f3762b,dialogue,sharedassets0.assets,9004,DateValediction,lineSets[1].lines[5].dialogLine[1].text,Don't beat yourself up over it.······· It's not the first shitty date I've had.,
873a5a98e3ee,dialogue,sharedassets0.assets,9004,DateValediction,lineSets[1].lines[5].dialogLine[2].text,I can't believe I missed a workout getting ready for this.,
e9c39e65bce2,dialogue,sharedassets0.assets,9004,DateValediction,lineSets[1].lines[5].dialogLine[3].text,"Oh·· my··· god,·········· kill me now so I don't have to go through that again.",
9a0ef0f5e344,dialogue,sharedassets0.assets,9004,DateValediction,lineSets[1].lines[5].dialogLine[4].text,I'm sorry but I expect a little more than that.,
e449b89f337c,dialogue,sharedassets0.assets,9004,DateValediction,lineSets[1].lines[5].dialogLine[5].text,"Hey,··· look,··· it's whatever.·········· I guess I can let it slide if you promise it's just this once.",
69f9d4993500,dialogue,sharedassets0.assets,9004,DateValediction,lineSets[1].lines[5].dialogLine[6].text,Don't worry sweetie...····· everybody has an off day once in a while...,
232b0a63e6b0,dialogue,sharedassets0.assets,9004,DateValediction,lineSets[1].lines[5].dialogLine[7].text,Oh··· well...········ we should really be on our way anyway;········ things to do.,
4e46cd8b5234,dialogue,sharedassets0.assets,9004,DateValediction,lineSets[1].lines[5].dialogLine[8].secondaryText,It's too late in the game for you to be pulling this shit sister.,
c7a53882ef66,dialogue,sharedassets0.assets,9004,DateValediction,lineSets[1].lines[5].dialogLine[8].text,It's too late in the game for you to be pulling this shit bro.,
8a50ea9a9771,dialogue,sharedassets0.assets,9004,DateValediction,lineSets[1].lines[5].dialogLine[9].text,"···Awww,····· you'll do it next time! I believe in you!",
7fb6a7f2b236,dialogue,sharedassets0.assets,9004,DateValediction,lineSets[2].label,sex,
3779a9fc6bb9,dialogue,sharedassets0.assets,9004,DateValediction,lineSets[2].lines[0].dialogLine[0].text,Hey...····· ummm...·········· you can ask me back to your place...····· if you want to.,
48e5ea60875f,dialogue,sharedassets0.assets,9004,DateValediction,lineSets[2].lines[0].dialogLine[10].text,"I can no longer overcome my sexual instincts.····· Please,······· let's return to your living quarters.",
bfcc8f00bd9d,dialogue,sharedassets0.assets,9004,DateValediction,lineSets[2].lines[0].dialogLine[11].text,I feel so...····· powerless.····· I have to have you...,
0be8c4e7ce72,dialogue,sharedassets0.assets,9004,DateValediction,lineSets[2].lines[0].dialogLine[1].text,How about I come over tonight for a··· private lesson?,
9047160cba74,dialogue,sharedassets0.assets,9004,DateValediction,lineSets[2].lines[0].dialogLine[2].text,"I gotta call my babysitter,····· because I don't think I'm coming home tonight...",
c804c82cd962,dialogue,sharedassets0.assets,9004,DateValediction,lineSets[2].lines[0].dialogLine[3].text,"Mmm,··· I'm horny.····· Sooo,··· let's fuck.",
cc4640f27ebe,dialogue,sharedassets0.assets,9004,DateValediction,lineSets[2].lines[0].dialogLine[4].text,Well...····· the night isn't over yet.········ Maybe we could continue this somewhere...····· else?,
9cd3b87ce999,dialogue,sharedassets0.assets,9004,DateValediction,lineSets[2].lines[0].dialogLine[5].text,··········Ummmmm...·· we can...····· hang out some more...····· or whatever.,
16908b6eac05,dialogue,sharedassets0.assets,9004,DateValediction,lineSets[2].lines[0].dialogLine[6].text,Mmmm...····· You're so good to me.······· How about I return the favor...?,
45a7829b3cc9,dialogue,sharedassets0.assets,9004,DateValediction,lineSets[2].lines[0].dialogLine[7].text,"I don't have anywhere else to be tonight...··············· if you wanted to,·········· maybe,·········· do something else?",
457f4e12507c,dialogue,sharedassets0.assets,9004,DateValediction,lineSets[2].lines[0].dialogLine[8].text,"Fuck,·· man...····· I'm super horny.···············*aacc* I guess you'll have to do!",
4cdd73591ce0,dialogue,sharedassets0.assets,9004,DateValediction,lineSets[2].lines[0].dialogLine[9].text,···Master...·· *III*I... uhhh...····· you can take me home now...,
2bf5f142a75b,dialogue,sharedassets0.assets,9004,DateValediction,lineSets[2].lines[1].dialogLine[0].text,"Do you want to like...····· I mean...········· like,······· watch a movie at your apartment·· or something?",
994667561db5,dialogue,sharedassets0.assets,9004,DateValediction,lineSets[2].lines[1].dialogLine[10].text,My body is feeling warm and my breathing has deepened.······· I believe I am now in heat.·····,
3b94b83221e4,dialogue,sharedassets0.assets,9004,DateValediction,lineSets[2].lines[1].dialogLine[11].text,I can't resist it any longer...····· I insist you take me back to your bedroom.,
605b1c11931a,dialogue,sharedassets0.assets,9004,DateValediction,lineSets[2].lines[1].dialogLine[1].text,You're not going to make me go home all by myself are you?,
bf54ff6800bb,dialogue,sharedassets0.assets,9004,DateValediction,lineSets[2].lines[1].dialogLine[2].text,"Hey...····· soooo,····· you wanna····· maybe move this party····· back to your place?",
e973de1ffe97,dialogue,sharedassets0.assets,9004,DateValediction,lineSets[2].lines[1].dialogLine[3].text,So I kinda feel like getting laid right now.····· Looks like it's your lucky day.,
da24bdc8ea3d,dialogue,sharedassets0.assets,9004,DateValediction,lineSets[2].lines[1].dialogLine[4].text,Sooo...····· this outfit is starting to get uncomfortable.········· Maybe you can help me out of it...?,
d7b8d74b66ca,dialogue,sharedassets0.assets,9004,DateValediction,lineSets[2].lines[1].dialogLine[5].text,"Hey,····· sooooooo...··········  yeah...··· Is there anything else you wanted to do tonight?",
ec221f0c1bfe,dialogue,sharedassets0.assets,9004,DateValediction,lineSets[2].lines[1].dialogLine[6].text,Mmmm...·· I'm so turned on right now I could explode.····· Let's get out of here...,
3c3f8f973bfd,dialogue,sharedassets0.assets,9004,DateValediction,lineSets[2].lines[1].dialogLine[7].text,"Ummm,········ I'm not really sure how to ask this...············· but,············· can we head back to your room?",
eaf4e5d4ea51,dialogue,sharedassets0.assets,9004,DateValediction,lineSets[2].lines[1].dialogLine[8].text,Meet me back at your place.,
3769617968f3,dialogue,sharedassets0.assets,9004,DateValediction,lineSets[2].lines[1].dialogLine[9].text,···I feel really warm inside...····· like I wanna hug you a whole lot...,
602c75750720,dialogue,sharedassets0.assets,9004,DateValediction,lineSets[2].lines[2].dialogLine[0].text,I don't think I'm ready for this date to be over...,
13a7aa773d6b,dialogue,sharedassets0.assets,9004,DateValediction,lineSets[2].lines[2].dialogLine[10].text,"My reproductive hormones are filling my mind with strong desires,····· I need to copulate.",
22266aab3a0c,dialogue,sharedassets0.assets,9004,DateValediction,lineSets[2].lines[2].dialogLine[11].text,"This feeling...·· I can hardly control myself...····· I must have you,····· now.··········",
a4fa797e1ee5,dialogue,sharedassets0.assets,9004,DateValediction,lineSets[2].lines[2].dialogLine[1].text,Okay...········ I'm·· horny·· as·· fuck.·········· Let's go back to your apartment.,
053fdb482d8e,dialogue,sharedassets0.assets,9004,DateValediction,lineSets[2].lines[2].dialogLine[2].text,Come on dude...····· I'm not going to invite myself over...,
83efa2aefd55,dialogue,sharedassets0.assets,9004,DateValediction,lineSets[2].lines[2].dialogLine[3].text,"Alright,····· whatever,····· I guess you've earned it.····· Take me back to your place.",
d47ac90793a2,dialogue,sharedassets0.assets,9004,DateValediction,lineSets[2].lines[2].dialogLine[4].text,*aaaaaacccc*·····I'm··· tired.············· Maybe I'll just stay over tonight.····· Is that okay...?,
986071f651d5,dialogue,sharedassets0.assets,9004,DateValediction,lineSets[2].lines[2].dialogLine[5].text,So··· like...········ you know.··············· Don't make me spell it out...····· I think we both know what's up.,
5d7f44f97d77,dialogue,sharedassets0.assets,9004,DateValediction,lineSets[2].lines[2].dialogLine[6].text,I think you deserve a reward for all your hard work.····· Whataya say?·····,
3539f685d97e,dialogue,sharedassets0.assets,9004,DateValediction,lineSets[2].lines[2].dialogLine[7].text,"I...············· don't think I'm going··· home tonight.············ I mean,·········· if that's alright with you...",
a36716be0ae0,dialogue,sharedassets0.assets,9004,DateValediction,lineSets[2].lines[2].dialogLine[8].text,"Alright,····· let's go,····· these pants aren't going to get in themselves.",
f82beadd788e,dialogue,sharedassets0.assets,9004,DateValediction,lineSets[2].lines[2].dialogLine[9].text,···Let's go back home.····· I have a surprise I wanna show you...,
99550be151b8,dialogue,sharedassets0.assets,9005,GivenDateGift,lineSets[0].label,success,
d70f75d4e8b5,dialogue,sharedassets0.assets,9005,GivenDateGift,lineSets[0].lines[0].dialogLine[0].text,Thanks!,
2ded4cd59c8c,dialogue,sharedassets0.assets,9005,GivenDateGift,lineSets[0].lines[0].dialogLine[10].text,Thank you.,
ca0713abe3c6,dialogue,sharedassets0.assets,9005,GivenDateGift,lineSets[0].lines[0].dialogLine[11].text,Veeery nice.,
74bfd81abbe0,dialogue,sharedassets0.assets,9005,GivenDateGift,lineSets[0].lines[0].dialogLine[1].text,Beautiful!,
7069dae6b363,dialogue,sharedassets0.assets,9005,GivenDateGift,lineSets[0].lines[0].dialogLine[2].text,Thanks man!,
89a80656214d,dialogue,sharedassets0.assets,9005,GivenDateGift,lineSets[0].lines[0].dialogLine[3].text,Big deal!,
d6043b4f400d,dialogue,sharedassets0.assets,9005,GivenDateGift,lineSets[0].lines[0].dialogLine[4].text,·····Wonderful!·····,
93d4e19df62f,dialogue,sharedassets0.assets,9005,GivenDateGift,lineSets[0].lines[0].dialogLine[5].text,Thank you.,
037e93a7f977,dialogue,sharedassets0.assets,9005,GivenDateGift,lineSets[0].lines[0].dialogLine[6].text,"Mmm,····· thank you!····· Thank you!",
9a9821470979,dialogue,sharedassets0.assets,9005,GivenDateGift,lineSets[0].lines[0].dialogLine[7].text,It's lovely!,
c3bcb4e2f084,dialogue,sharedassets0.assets,9005,GivenDateGift,lineSets[0].lines[0].dialogLine[8].text,Niiice!,
868d4dfea975,dialogue,sharedassets0.assets,9005,GivenDateGift,lineSets[0].lines[0].dialogLine[9].text,Thank you!,
d18946def146,dialogue,sharedassets0.assets,9005,GivenDateGift,lineSets[0].lines[1].dialogLine[0].text,Thank you so much!,
a0626213ef4e,dialogue,sharedassets0.assets,9005,GivenDateGift,lineSets[0].lines[1].dialogLine[10].text,I'm very grateful.,
9195714e3da2,dialogue,sharedassets0.assets,9005,GivenDateGift,lineSets[0].lines[1].dialogLine[11].text,This pleases me...,
2166fe9978c1,dialogue,sharedassets0.assets,9005,GivenDateGift,lineSets[0].lines[1].dialogLine[1].text,Thanks!,
1bb484344161,dialogue,sharedassets0.assets,9005,GivenDateGift,lineSets[0].lines[1].dialogLine[2].text,"Aww, cute!",
7f45b1357356,dialogue,sharedassets0.assets,9005,GivenDateGift,lineSets[0].lines[1].dialogLine[3].secondaryText,Good girl!,
7bb2b3d55e4b,dialogue,sharedassets0.assets,9005,GivenDateGift,lineSets[0].lines[1].dialogLine[3].text,Good boy!,
b1f76ee58f9a,dialogue,sharedassets0.assets,9005,GivenDateGift,lineSets[0].lines[1].dialogLine[4].text,Thank you!,
be87c998903d,dialogue,sharedassets0.assets,9005,GivenDateGift,lineSets[0].lines[1].dialogLine[5].text,"Wow,·········· I'm not sure what to say.",
35d30772cd19,dialogue,sharedassets0.assets,9005,GivenDateGift,lineSets[0].lines[1].dialogLine[6].text,It's beautiful!,
c881d65d9da8,dialogue,sharedassets0.assets,9005,GivenDateGift,lineSets[0].lines[1].dialogLine[7].text,I'm not sure what to say!,
74690498c793,dialogue,sharedassets0.assets,9005,GivenDateGift,lineSets[0].lines[1].dialogLine[8].text,Good call!,
b97dfc313fe7,dialogue,sharedassets0.assets,9005,GivenDateGift,lineSets[0].lines[1].dialogLine[9].text,I love it!,
88c6ea2ae656,dialogue,sharedassets0.assets,9005,GivenDateGift,lineSets[0].lines[2].dialogLine[0].text,Awwwww!,
61181bb6bfeb,dialogue,sharedassets0.assets,9005,GivenDateGift,lineSets[0].lines[2].dialogLine[10].text,What a neat thing.,
85c8897bedf2,dialogue,sharedassets0.assets,9005,GivenDateGift,lineSets[0].lines[2].dialogLine[11].text,How adorable!,
fde333f22ad6,dialogue,sharedassets0.assets,9005,GivenDateGift,lineSets[0].lines[2].dialogLine[1].text,You shouldn't have!,
e4871c9fe8f7,dialogue,sharedassets0.assets,9005,GivenDateGift,lineSets[0].lines[2].dialogLine[2].text,I really appreciate it!,
b19c71d121fd,dialogue,sharedassets0.assets,9005,GivenDateGift,lineSets[0].lines[2].dialogLine[3].text,Not bad...,
28650c6b504e,dialogue,sharedassets0.assets,9005,GivenDateGift,lineSets[0].lines[2].dialogLine[4].text,Really?····· Are you sure?,
d25c5f2bc0c4,dialogue,sharedassets0.assets,9005,GivenDateGift,lineSets[0].lines[2].dialogLine[5].text,"Umm,····· that's awfully nice of you.",
9227d4386c7f,dialogue,sharedassets0.assets,9005,GivenDateGift,lineSets[0].lines[2].dialogLine[6].text,Awwwww!,
14a09d23d4e0,dialogue,sharedassets0.assets,9005,GivenDateGift,lineSets[0].lines[2].dialogLine[7].text,Are you sure?,
c2427392535c,dialogue,sharedassets0.assets,9005,GivenDateGift,lineSets[0].lines[2].dialogLine[8].text,You got this!,
4706f4298710,dialogue,sharedassets0.assets,9005,GivenDateGift,lineSets[0].lines[2].dialogLine[9].text,It's soooo cute!,
0a5d4863252c,dialogue,sharedassets0.assets,9005,GivenDateGift,lineSets[0].lines[3].dialogLine[0].text,I love it!,
56f4b9806cbd,dialogue,sharedassets0.assets,9005,GivenDateGift,lineSets[0].lines[3].dialogLine[10].text,It's a lovely gift.,
c47ac3f71b14,dialogue,sharedassets0.assets,9005,GivenDateGift,lineSets[0].lines[3].dialogLine[11].text,What a sweet gesture!,
0ab8dacdc8c8,dialogue,sharedassets0.assets,9005,GivenDateGift,lineSets[0].lines[3].dialogLine[1].secondaryText,Ms. money bags over here!,
26e3a60db169,dialogue,sharedassets0.assets,9005,GivenDateGift,lineSets[0].lines[3].dialogLine[1].text,Mr. money bags over here!,
a69822aff305,dialogue,sharedassets0.assets,9005,GivenDateGift,lineSets[0].lines[3].dialogLine[2].text,You shouldn't have!,
8eaf6406e3d6,dialogue,sharedassets0.assets,9005,GivenDateGift,lineSets[0].lines[3].dialogLine[3].text,Keep um' coming.,
7dde462597db,dialogue,sharedassets0.assets,9005,GivenDateGift,lineSets[0].lines[3].dialogLine[4].text,You didn't have to!,
e4d01d30c43c,dialogue,sharedassets0.assets,9005,GivenDateGift,lineSets[0].lines[3].dialogLine[5].text,"Whoa,····· seriously?·········· Thanks.",
13d572123407,dialogue,sharedassets0.assets,9005,GivenDateGift,lineSets[0].lines[3].dialogLine[6].text,"Oh,··· I simply adore it!",
9143f74e72e4,dialogue,sharedassets0.assets,9005,GivenDateGift,lineSets[0].lines[3].dialogLine[7].text,It's too much!,
9255da22f959,dialogue,sharedassets0.assets,9005,GivenDateGift,lineSets[0].lines[3].dialogLine[8].text,Make it happen!,
fd719c717834,dialogue,sharedassets0.assets,9005,GivenDateGift,lineSets[0].lines[3].dialogLine[9].text,I'll cherish it!,
7458e2bd744c,dialogue,sharedassets0.assets,9005,GivenDateGift,lineSets[0].lines[4].dialogLine[0].text,For me!?,
efceeaee1842,dialogue,sharedassets0.assets,9005,GivenDateGift,lineSets[0].lines[4].dialogLine[10].text,That's most gracious of you.,
bad1d59cb02f,dialogue,sharedassets0.assets,9005,GivenDateGift,lineSets[0].lines[4].dialogLine[11].text,I accept.,
e134aabda947,dialogue,sharedassets0.assets,9005,GivenDateGift,lineSets[0].lines[4].dialogLine[1].text,You sly dog!,
bb7513bd8024,dialogue,sharedassets0.assets,9005,GivenDateGift,lineSets[0].lines[4].dialogLine[2].text,That's really sweet of you.,
f889f6782f00,dialogue,sharedassets0.assets,9005,GivenDateGift,lineSets[0].lines[4].dialogLine[3].text,That's more like it...,
de4140653aae,dialogue,sharedassets0.assets,9005,GivenDateGift,lineSets[0].lines[4].dialogLine[4].text,I absolutely love it!,
8278805d1964,dialogue,sharedassets0.assets,9005,GivenDateGift,lineSets[0].lines[4].dialogLine[5].text,I bet this is how you get all the girls.,
3166d9b84ee2,dialogue,sharedassets0.assets,9005,GivenDateGift,lineSets[0].lines[4].dialogLine[6].text,"Oh, expensive gifts get me soooo hot...",
85366674fec8,dialogue,sharedassets0.assets,9005,GivenDateGift,lineSets[0].lines[4].dialogLine[7].text,Thank you!····· Really!,
13dffd6364a9,dialogue,sharedassets0.assets,9005,GivenDateGift,lineSets[0].lines[4].dialogLine[8].text,I'm diggin' it!,
af45d5106f58,dialogue,sharedassets0.assets,9005,GivenDateGift,lineSets[0].lines[4].dialogLine[9].text,You got this for me!?,
9f45a99340c0,dialogue,sharedassets0.assets,9005,GivenDateGift,lineSets[1].label,failure,
993567eb3900,dialogue,sharedassets0.assets,9005,GivenDateGift,lineSets[1].lines[0].dialogLine[0].text,Maybe not the best time for that...,
c1ecf1dc1d9c,dialogue,sharedassets0.assets,9005,GivenDateGift,lineSets[1].lines[0].dialogLine[10].text,That would seem unwise given the current state of the puzzle grid.,
737154878a0f,dialogue,sharedassets0.assets,9005,GivenDateGift,lineSets[1].lines[0].dialogLine[11].text,That wouldn't be a terribly wise thing to do at the moment.,
345107cbbfde,dialogue,sharedassets0.assets,9005,GivenDateGift,lineSets[1].lines[0].dialogLine[1].text,You might want to rethink that one.,
5e6e1732b14f,dialogue,sharedassets0.assets,9005,GivenDateGift,lineSets[1].lines[0].dialogLine[2].text,I'm sure you can see why that's not the best idea right now.,
21a06b5f4150,dialogue,sharedassets0.assets,9005,GivenDateGift,lineSets[1].lines[0].dialogLine[3].text,*hahahahaha*·····You sure about that?,
d8c0de291d83,dialogue,sharedassets0.assets,9005,GivenDateGift,lineSets[1].lines[0].dialogLine[4].text,I'll give you a second to realize why that's a bad idea.,
e351a778f0b0,dialogue,sharedassets0.assets,9005,GivenDateGift,lineSets[1].lines[0].dialogLine[5].text,Nope.······· Come·· on!····· Think about that shit first.,
e14780c5f02f,dialogue,sharedassets0.assets,9005,GivenDateGift,lineSets[1].lines[0].dialogLine[6].text,Maybe try that again under better circumstances.,
2eac039f812e,dialogue,sharedassets0.assets,9005,GivenDateGift,lineSets[1].lines[0].dialogLine[7].text,"Oops, ········sorry.············· I don't think it's the best time for that.",
b4d5f446dde9,dialogue,sharedassets0.assets,9005,GivenDateGift,lineSets[1].lines[0].dialogLine[8].text,Using that··· would do absolutely nothing right now.,
06bcec048e8d,dialogue,sharedassets0.assets,9005,GivenDateGift,lineSets[1].lines[0].dialogLine[9].text,··Master I don't think you can do that right now...,
654c6aa1970f,dialogue,sharedassets0.assets,9006,GivenDrink,lineSets[0].label,drunk,
27cf1cbc8aec,dialogue,sharedassets0.assets,9006,GivenDrink,lineSets[0].lines[0].dialogLine[0].text,I think maybe I've had too much to drink.,
b9a6f1ea61dd,dialogue,sharedassets0.assets,9006,GivenDrink,lineSets[0].lines[0].dialogLine[10].text,I think...·····*cccc*····· I think those drinks got some weird stuff in em'.,
4e0891d993ed,dialogue,sharedassets0.assets,9006,GivenDrink,lineSets[0].lines[0].dialogLine[11].text,I'm afraid I may have reached my limit for the night.,
dc4c57b391d5,dialogue,sharedassets0.assets,9006,GivenDrink,lineSets[0].lines[0].dialogLine[1].text,I hate to say it...····· but I'm probably drunk enough.,
6a89bf3ea895,dialogue,sharedassets0.assets,9006,GivenDrink,lineSets[0].lines[0].dialogLine[2].text,Uuugggghhhhhh...,
bec6a51bc86e,dialogue,sharedassets0.assets,9006,GivenDrink,lineSets[0].lines[0].dialogLine[3].text,Are you trying to get me drunk or kill me?,
0f782ecba3c1,dialogue,sharedassets0.assets,9006,GivenDrink,lineSets[0].lines[0].dialogLine[4].text,I better quit while I'm ahead...,
43e3cfc2ac5b,dialogue,sharedassets0.assets,9006,GivenDrink,lineSets[0].lines[0].dialogLine[5].text,I don't know...····· I'm pretty sure I'm drunk.,
6401c84f5691,dialogue,sharedassets0.assets,9006,GivenDrink,lineSets[0].lines[0].dialogLine[6].text,"Oh,····· I hate to say it, but...········ I think maybe I've had enough...",
5ac4c8b1f888,dialogue,sharedassets0.assets,9006,GivenDrink,lineSets[0].lines[0].dialogLine[7].text,I'm throwing in the towel...····· I'm done.,
22787ce59c15,dialogue,sharedassets0.assets,9006,GivenDrink,lineSets[0].lines[0].dialogLine[8].text,I think I'm adequately drunk enough...*aaaacc*,
33b2e9564291,dialogue,sharedassets0.assets,9006,GivenDrink,lineSets[0].lines[0].dialogLine[9].text,···Whoooa I feel fuzzy...,
ed73c9929b40,dialogue,sharedassets0.assets,9006,GivenDrink,lineSets[0].lines[1].dialogLine[0].text,I'm good...········ I'm good...,
f2fcd580d59b,dialogue,sharedassets0.assets,9006,GivenDrink,lineSets[0].lines[1].dialogLine[10].text,Everything is kinda blurry...····· and sideways-ie.·····,
d6a0eddd4950,dialogue,sharedassets0.assets,9006,GivenDrink,lineSets[0].lines[1].dialogLine[11].text,That's quite alright. I've had my share already.,
d87a1e9a0d0c,dialogue,sharedassets0.assets,9006,GivenDrink,lineSets[0].lines[1].dialogLine[1].text,Maybe I should cool it with the booze for a second...,
7ee7c5051534,dialogue,sharedassets0.assets,9006,GivenDrink,lineSets[0].lines[1].dialogLine[2].text,I think I'm pretty set...····· but thanks.,
97fa85af3218,dialogue,sharedassets0.assets,9006,GivenDrink,lineSets[0].lines[1].dialogLine[3].text,"I'm probably pretty fuckin' set on booze,····· thanks.",
9967deef5801,dialogue,sharedassets0.assets,9006,GivenDrink,lineSets[0].lines[1].dialogLine[4].text,I think I'm at my limit for tonight.,
84013f109f87,dialogue,sharedassets0.assets,9006,GivenDrink,lineSets[0].lines[1].dialogLine[5].text,I think I'm on the verge of alcohol poisoning.,
807ed32be984,dialogue,sharedassets0.assets,9006,GivenDrink,lineSets[0].lines[1].dialogLine[6].text,"Sorry,·········· I'm one drink away from having to be carried home.",
575ffc8bfa36,dialogue,sharedassets0.assets,9006,GivenDrink,lineSets[0].lines[1].dialogLine[7].text,Am I drunk?·········· I think I may have gotten carried away again...,
574ec20e2cc6,dialogue,sharedassets0.assets,9006,GivenDrink,lineSets[0].lines[1].dialogLine[8].text,"Maaaayyybe··· one··· more··· drink...············· Nah, nah!··· I'm good, I'm good.",
59e0d6b7e0d4,dialogue,sharedassets0.assets,9006,GivenDrink,lineSets[0].lines[1].dialogLine[9].text,···I think that juice is making me sleepy...,
42764db29a29,dialogue,sharedassets0.assets,9006,GivenDrink,lineSets[0].lines[2].dialogLine[0].text,*aaaacc*·····I'm such a lightweight.,
ea1e43b4ad22,dialogue,sharedassets0.assets,9006,GivenDrink,lineSets[0].lines[2].dialogLine[10].text,··I'm feeling...····· dizzy.········ Did you do something to me?,
127cdd1717b5,dialogue,sharedassets0.assets,9006,GivenDrink,lineSets[0].lines[2].dialogLine[11].text,I'm not sure how much more drunk I could possibly be.·····,
26981c7fd259,dialogue,sharedassets0.assets,9006,GivenDrink,lineSets[0].lines[2].dialogLine[1].text,What are you trying to do to me here?,
b9a2e472a830,dialogue,sharedassets0.assets,9006,GivenDrink,lineSets[0].lines[2].dialogLine[2].text,"You already won man,····· I'm wasted!",
ab5bc5e3d5d7,dialogue,sharedassets0.assets,9006,GivenDrink,lineSets[0].lines[2].dialogLine[3].text,"Alright,····· I get it;····· alcohol.",
259ee637334a,dialogue,sharedassets0.assets,9006,GivenDrink,lineSets[0].lines[2].dialogLine[4].text,I'm tapping out...····· but don't let me stop you.,
f6cea88d075c,dialogue,sharedassets0.assets,9006,GivenDrink,lineSets[0].lines[2].dialogLine[5].text,"Alright,····· we can probably cool it with that now.",
f03873dd5dfe,dialogue,sharedassets0.assets,9006,GivenDrink,lineSets[0].lines[2].dialogLine[6].text,"Ugghhh...····· even I have a limit, it seems.",
6c1673c3a1bf,dialogue,sharedassets0.assets,9006,GivenDrink,lineSets[0].lines[2].dialogLine[7].text,*aaaacc*·····Hahahahahaha!,
58f76dfc3384,dialogue,sharedassets0.assets,9006,GivenDrink,lineSets[0].lines[2].dialogLine[8].text,"Alright,····· chill,····· chill...··· I ain't tryin' to pass out.",
5027303d18cb,dialogue,sharedassets0.assets,9006,GivenDrink,lineSets[0].lines[2].dialogLine[9].text,···Master how come there's two of you...,
262805a63c5a,dialogue,sharedassets0.assets,9006,GivenDrink,lineSets[1].label,hungry,
cebe318dca0a,dialogue,sharedassets0.assets,9006,GivenDrink,lineSets[1].lines[0].dialogLine[0].text,"Uhhh,········ probably not on an empty stomach.",
de584297b713,dialogue,sharedassets0.assets,9006,GivenDrink,lineSets[1].lines[0].dialogLine[10].text,I really need to get something to eat first.,
fe362c60f36f,dialogue,sharedassets0.assets,9006,GivenDrink,lineSets[1].lines[0].dialogLine[11].text,I'm far too undernourished for alcohol.,
df3562a0ba4f,dialogue,sharedassets0.assets,9006,GivenDrink,lineSets[1].lines[0].dialogLine[1].text,Isn't it bad to drink on an empty stomach?,
0a96d37ee84d,dialogue,sharedassets0.assets,9006,GivenDrink,lineSets[1].lines[0].dialogLine[2].text,I'm not gonna drink on an empty stomach.,
9d1effcdd5a1,dialogue,sharedassets0.assets,9006,GivenDrink,lineSets[1].lines[0].dialogLine[3].text,I'm sitting here dying of hunger··· and you try to give me this?,
48c013348051,dialogue,sharedassets0.assets,9006,GivenDrink,lineSets[1].lines[0].dialogLine[4].text,I need to think about getting something to eat first.,
7ec22ab169d8,dialogue,sharedassets0.assets,9006,GivenDrink,lineSets[1].lines[0].dialogLine[5].text,Unless that's liquid cake········ I'm not interested right now.,
7aa1c18902c1,dialogue,sharedassets0.assets,9006,GivenDrink,lineSets[1].lines[0].dialogLine[6].text,"Hun,····· how about we eat something first.",
d0092c518217,dialogue,sharedassets0.assets,9006,GivenDrink,lineSets[1].lines[0].dialogLine[7].text,"I think it's bad to drink alcohol on an empty stomach,····· right?",
af16b30b359e,dialogue,sharedassets0.assets,9006,GivenDrink,lineSets[1].lines[0].dialogLine[8].text,Girls can't drink while they're hungry ya tard.,
dd2f4b5f1337,dialogue,sharedassets0.assets,9006,GivenDrink,lineSets[1].lines[0].dialogLine[9].text,···I don't want that. I want some fooooooood!·······,
0fb6fc9d1cde,dialogue,sharedassets0.assets,9006,GivenDrink,lineSets[1].lines[1].dialogLine[0].text,I've got to eat something.,
6c3b8d3d3332,dialogue,sharedassets0.assets,9006,GivenDrink,lineSets[1].lines[1].dialogLine[10].text,"I'm fine on liquids,····· but I should replenish my caloric··· energy.",
36d655042360,dialogue,sharedassets0.assets,9006,GivenDrink,lineSets[1].lines[1].dialogLine[11].text,"If you want to get me drunk,········ at least feed me first.",
27f7f8e7cbf1,dialogue,sharedassets0.assets,9006,GivenDrink,lineSets[1].lines[1].dialogLine[1].text,I can't eat this...,
d1b481cf877b,dialogue,sharedassets0.assets,9006,GivenDrink,lineSets[1].lines[1].dialogLine[2].text,"Ummm...····· sorry,····· but I have to get some food first.",
c06a27aaf622,dialogue,sharedassets0.assets,9006,GivenDrink,lineSets[1].lines[1].dialogLine[3].text,Seriously?····· Hook a bitch up with some food.,
307f4731ebbf,dialogue,sharedassets0.assets,9006,GivenDrink,lineSets[1].lines[1].dialogLine[4].text,"Oh,····· thank you,·· but··· I need to eat first.",
b5b0274fb7b7,dialogue,sharedassets0.assets,9006,GivenDrink,lineSets[1].lines[1].dialogLine[5].text,I'd really rather eat.····· How aren't you hungry?,
c62f5da9da36,dialogue,sharedassets0.assets,9006,GivenDrink,lineSets[1].lines[1].dialogLine[6].text,I think I'm gonna hold off until I can get something to eat.,
acd05c67e73c,dialogue,sharedassets0.assets,9006,GivenDrink,lineSets[1].lines[1].dialogLine[7].text,"I'll think about it,·········· after I've had a chance to eat something.",
08fd494a5d7b,dialogue,sharedassets0.assets,9006,GivenDrink,lineSets[1].lines[1].dialogLine[8].text,You have to feed me before you poison me.,
64a5c355c4f5,dialogue,sharedassets0.assets,9006,GivenDrink,lineSets[1].lines[1].dialogLine[9].text,"···Noooo,····· feed me first!",
0ea8d1e4850e,dialogue,sharedassets0.assets,9006,GivenDrink,lineSets[1].lines[2].dialogLine[0].text,"I'm too hungry to be thinking about drinking,····· sorry.",
6af75e5914fe,dialogue,sharedassets0.assets,9006,GivenDrink,lineSets[1].lines[2].dialogLine[10].text,"Before that,·········· would you mind sharing some of your food with me?",
1a12a510aec6,dialogue,sharedassets0.assets,9006,GivenDrink,lineSets[1].lines[2].dialogLine[11].text,"Kyu has explained the appetite meter,····· right?",
6157a369cdc5,dialogue,sharedassets0.assets,9006,GivenDrink,lineSets[1].lines[2].dialogLine[1].text,"I've got to get me some food,····· like,····· now.",
4c71c73a89ba,dialogue,sharedassets0.assets,9006,GivenDrink,lineSets[1].lines[2].dialogLine[2].text,I'm way too hungry to think about that.,
0659886b09c6,dialogue,sharedassets0.assets,9006,GivenDrink,lineSets[1].lines[2].dialogLine[3].text,*aaaacc*You're so stupid!,
86141e2ac34f,dialogue,sharedassets0.assets,9006,GivenDrink,lineSets[1].lines[2].dialogLine[4].text,Not on an empty stomach.····· I learned that the hard way...,
d78b9f4a9117,dialogue,sharedassets0.assets,9006,GivenDrink,lineSets[1].lines[2].dialogLine[5].text,"Yeah,··· I gotta get some food in me before we go down that road.",
3b71b96a1a20,dialogue,sharedassets0.assets,9006,GivenDrink,lineSets[1].lines[2].dialogLine[6].text,"Hold that thought,·· I'm starving...·····",
b0c8cddbb484,dialogue,sharedassets0.assets,9006,GivenDrink,lineSets[1].lines[2].dialogLine[7].text,I'm too hungry at the moment to be thinking about that.,
5c02025dfccb,dialogue,sharedassets0.assets,9006,GivenDrink,lineSets[1].lines[2].dialogLine[8].text,Uh-uh!····· Food first.,
e90607987c0a,dialogue,sharedassets0.assets,9006,GivenDrink,lineSets[1].lines[2].dialogLine[9].text,"···I'm not thirsty,· I'm hungry!",
ea2955380746,dialogue,sharedassets0.assets,9006,GivenDrink,lineSets[2].label,early,
4cf1dcd2dcdd,dialogue,sharedassets0.assets,9006,GivenDrink,lineSets[2].lines[0].dialogLine[0].text,"Oh,·· wow...····*hehe*······· no thanks.·····",
171548c957f4,dialogue,sharedassets0.assets,9006,GivenDrink,lineSets[2].lines[0].dialogLine[10].text,No thank you.····· I'm not very thirsty.,
c5b861fe1d05,dialogue,sharedassets0.assets,9006,GivenDrink,lineSets[2].lines[0].dialogLine[11].text,"I enjoy a stiff drink,······· but honestly,······· there's a better time for these things!",
8f206337e52b,dialogue,sharedassets0.assets,9006,GivenDrink,lineSets[2].lines[0].dialogLine[1].text,Never a bad time for a stiff drink.,
6dff6711792d,dialogue,sharedassets0.assets,9006,GivenDrink,lineSets[2].lines[0].dialogLine[2].text,"Alright alcy!····· A little soon for that,····· no?",
f574312b8e95,dialogue,sharedassets0.assets,9006,GivenDrink,lineSets[2].lines[0].dialogLine[3].secondaryText,Now this girl knows how to party.·····,
1b15494ebc2a,dialogue,sharedassets0.assets,9006,GivenDrink,lineSets[2].lines[0].dialogLine[3].text,Now this guy knows how to party.·····,
b9916c11ba4c,dialogue,sharedassets0.assets,9006,GivenDrink,lineSets[2].lines[0].dialogLine[4].text,A bit too early for me...,
9181ff11c3e2,dialogue,sharedassets0.assets,9006,GivenDrink,lineSets[2].lines[0].dialogLine[5].text,Uhhhh...····· that's okay.,
4cc8942eda28,dialogue,sharedassets0.assets,9006,GivenDrink,lineSets[2].lines[0].dialogLine[6].text,*hahahaha*·····Now I know we're soul mates.,
e54f89e3fd04,dialogue,sharedassets0.assets,9006,GivenDrink,lineSets[2].lines[0].dialogLine[7].text,I'm not sure that's very appropriate right now...,
9ac43dc6f4b8,dialogue,sharedassets0.assets,9006,GivenDrink,lineSets[2].lines[0].dialogLine[8].secondaryText,Jeezus····· woman!········ Can you wait until you're in a bar or something?,
0195c04c8144,dialogue,sharedassets0.assets,9006,GivenDrink,lineSets[2].lines[0].dialogLine[8].text,Jeezus·····man!········ Can you wait until you're in a bar or something?,
b9b8f98b23a7,dialogue,sharedassets0.assets,9006,GivenDrink,lineSets[2].lines[0].dialogLine[9].text,···Sure!····· If you say it's okay.,
f6e686250758,dialogue,sharedassets0.assets,9006,GivenDrink,lineSets[2].lines[1].dialogLine[0].text,"It's a little early for that,····· don't cha think?",
d08ded232173,dialogue,sharedassets0.assets,9006,GivenDrink,lineSets[2].lines[1].dialogLine[10].text,That's okay.·········· I'm feeling adequately hydrated already.,
584653e76068,dialogue,sharedassets0.assets,9006,GivenDrink,lineSets[2].lines[1].dialogLine[11].text,"You seem to have a bit of a problem,····· dear...",
2a0e5aa05e12,dialogue,sharedassets0.assets,9006,GivenDrink,lineSets[2].lines[1].dialogLine[1].text,Fuck····· yeah.····· This ought to make things fun.,
cef17266b2e9,dialogue,sharedassets0.assets,9006,GivenDrink,lineSets[2].lines[1].dialogLine[2].text,Uhhhh...····· do we need to get you some professional help?,
8f5c1b5ae8d4,dialogue,sharedassets0.assets,9006,GivenDrink,lineSets[2].lines[1].dialogLine[3].text,Hard·····coooore...,
cfa07e5a5704,dialogue,sharedassets0.assets,9006,GivenDrink,lineSets[2].lines[1].dialogLine[4].text,"What do I look like, an alcoholic?",
2ba919a39e95,dialogue,sharedassets0.assets,9006,GivenDrink,lineSets[2].lines[1].dialogLine[5].text,Seriously?····· Here?····· That's fucked up.,
3722dfaf761b,dialogue,sharedassets0.assets,9006,GivenDrink,lineSets[2].lines[1].dialogLine[6].text,I always thought this place could use bottle service.,
c08076dc03ab,dialogue,sharedassets0.assets,9006,GivenDrink,lineSets[2].lines[1].dialogLine[7].text,"Thanks,········ but····· I'm really not a heavy drinker.",
251ee98db962,dialogue,sharedassets0.assets,9006,GivenDrink,lineSets[2].lines[1].dialogLine[8].text,Not while I'm not the clock.,
705aec2403a3,dialogue,sharedassets0.assets,9006,GivenDrink,lineSets[2].lines[1].dialogLine[9].text,···What is it?····· Do you drink it?,
75d51c8fbb01,dialogue,sharedassets0.assets,9006,GivenDrink,lineSets[2].lines[2].dialogLine[0].text,"Uhhh,····· that's okay...",
3810c25955ac,dialogue,sharedassets0.assets,9006,GivenDrink,lineSets[2].lines[2].dialogLine[10].text,"Mmmmmm...·······*cccc*········ no,····· perhaps at a later time.",
7c4550397b2a,dialogue,sharedassets0.assets,9006,GivenDrink,lineSets[2].lines[2].dialogLine[11].text,So early in the day?·········· That's not much of an example to set...,
b708931bde82,dialogue,sharedassets0.assets,9006,GivenDrink,lineSets[2].lines[2].dialogLine[1].text,Goodbye problems!,
93aad74c6c9c,dialogue,sharedassets0.assets,9006,GivenDrink,lineSets[2].lines[2].dialogLine[2].text,I'm cool for now.····· Maybe later.,
827312c235f0,dialogue,sharedassets0.assets,9006,GivenDrink,lineSets[2].lines[2].dialogLine[3].text,Are you kidding?····· Fuck yeah!,
56484b1c183b,dialogue,sharedassets0.assets,9006,GivenDrink,lineSets[2].lines[2].dialogLine[4].text,That's quite alright.,
3601cf949710,dialogue,sharedassets0.assets,9006,GivenDrink,lineSets[2].lines[2].dialogLine[5].text,What?····· Put that shit away.····· Jeez.,
169c23e0319a,dialogue,sharedassets0.assets,9006,GivenDrink,lineSets[2].lines[2].dialogLine[6].text,"Uh,····· god,····· you read my mind.",
c20e89518252,dialogue,sharedassets0.assets,9006,GivenDrink,lineSets[2].lines[2].dialogLine[7].text,I'm surprised at you.·········· There's a time and place for that.,
3ea5888e7e6b,dialogue,sharedassets0.assets,9006,GivenDrink,lineSets[2].lines[2].dialogLine[8].text,"Yo,····· chill out with that shit.····· Nobody likes an alcoholic.",
4fd2f5693192,dialogue,sharedassets0.assets,9006,GivenDrink,lineSets[2].lines[2].dialogLine[9].text,···Am I asupposta have this?,
de0017ded944,dialogue,sharedassets0.assets,9006,GivenDrink,lineSets[3].label,accept,
d0408ce9263c,dialogue,sharedassets0.assets,9006,GivenDrink,lineSets[3].lines[0].dialogLine[0].text,Aww··· yeah!····· You read my mind.,
bdfc03bc72c4,dialogue,sharedassets0.assets,9006,GivenDrink,lineSets[3].lines[0].dialogLine[10].text,Oh my.············· This is delicious...,
851c40abbb08,dialogue,sharedassets0.assets,9006,GivenDrink,lineSets[3].lines[0].dialogLine[11].text,"Be warned,····· I'm no lightweight.",
ec963eb41cd7,dialogue,sharedassets0.assets,9006,GivenDrink,lineSets[3].lines[0].dialogLine[1].text,Down the hatch!,
2b44995b4e2b,dialogue,sharedassets0.assets,9006,GivenDrink,lineSets[3].lines[0].dialogLine[2].text,Having you around is turning out to be pretty useful.*hahahahaha*,
c9885cd783dc,dialogue,sharedassets0.assets,9006,GivenDrink,lineSets[3].lines[0].dialogLine[3].text,Yeeaaahhh...,
0f94754b299f,dialogue,sharedassets0.assets,9006,GivenDrink,lineSets[3].lines[0].dialogLine[4].text,Don't mind if I do!,
6a11c369ab3c,dialogue,sharedassets0.assets,9006,GivenDrink,lineSets[3].lines[0].dialogLine[5].text,"Okay,····· cool.····· Thanks.",
47ad49e7196e,dialogue,sharedassets0.assets,9006,GivenDrink,lineSets[3].lines[0].dialogLine[6].secondaryText,Thank you momma.,
cdbc87f4731d,dialogue,sharedassets0.assets,9006,GivenDrink,lineSets[3].lines[0].dialogLine[6].text,"Oh,·· thank you daddy.",
0f6cbfd44780,dialogue,sharedassets0.assets,9006,GivenDrink,lineSets[3].lines[0].dialogLine[7].text,"Uhhh,····· okay.······· But,········ make sure I don't drink too much.",
b380213a9b58,dialogue,sharedassets0.assets,9006,GivenDrink,lineSets[3].lines[0].dialogLine[8].text,Yeeeaahh··· buddy!········ I'm about to get my drink on.,
cda07cd55303,dialogue,sharedassets0.assets,9006,GivenDrink,lineSets[3].lines[0].dialogLine[9].text,···*aaaacc*····· Excuse me...··*hehehehe*,
0549d66e9621,dialogue,sharedassets0.assets,9006,GivenDrink,lineSets[3].lines[1].dialogLine[0].text,"Oh man,····· too good.········ I could get wasted off these so fast.",
694c031dd615,dialogue,sharedassets0.assets,9006,GivenDrink,lineSets[3].lines[1].dialogLine[10].text,What is this?·········· It's incredible!,
07655d671e6f,dialogue,sharedassets0.assets,9006,GivenDrink,lineSets[3].lines[1].dialogLine[11].text,I can hold my liquor very well.,
1c1596cf5a88,dialogue,sharedassets0.assets,9006,GivenDrink,lineSets[3].lines[1].dialogLine[1].text,*aaccc* Your turn!,
0b1af0646df4,dialogue,sharedassets0.assets,9006,GivenDrink,lineSets[3].lines[1].dialogLine[2].text,"Oh boy,········ looks like the babysitter is staying late tonight.",
81382f270056,dialogue,sharedassets0.assets,9006,GivenDrink,lineSets[3].lines[1].dialogLine[3].text,Aw shit.····· That's good.,
9684bdb63ffb,dialogue,sharedassets0.assets,9006,GivenDrink,lineSets[3].lines[1].dialogLine[4].text,"Well,····· as long as you're offering.",
69fe056f46da,dialogue,sharedassets0.assets,9006,GivenDrink,lineSets[3].lines[1].dialogLine[5].text,"Oh,····· I mean,····· you didn't have to get me anything.",
dcacbe1cfe82,dialogue,sharedassets0.assets,9006,GivenDrink,lineSets[3].lines[1].dialogLine[6].text,Of course!····· I'd love a drink.,
6b4b499bc37f,dialogue,sharedassets0.assets,9006,GivenDrink,lineSets[3].lines[1].dialogLine[7].text,"Oh,····· thank you!",
f7fc7a1eb0f4,dialogue,sharedassets0.assets,9006,GivenDrink,lineSets[3].lines[1].dialogLine[8].text,Keep *ee*em' coming!,
95e0d67622f2,dialogue,sharedassets0.assets,9006,GivenDrink,lineSets[3].lines[1].dialogLine[9].text,···This make me feel funny...,
03b0774e0213,dialogue,sharedassets0.assets,9006,GivenDrink,lineSets[3].lines[2].dialogLine[0].text,Yeessss!·········· I was just about to ask you for a drink.,
d4f7bffe930d,dialogue,sharedassets0.assets,9006,GivenDrink,lineSets[3].lines[2].dialogLine[10].text,"Ohhh, wooow.·················· Where has this been my whole life?",
dbaf0fc15a88,dialogue,sharedassets0.assets,9006,GivenDrink,lineSets[3].lines[2].dialogLine[11].text,A toast!·········· To the beautiful····· love goddess!,
2a3780b7a90a,dialogue,sharedassets0.assets,9006,GivenDrink,lineSets[3].lines[2].dialogLine[1].text,Cheers!,
482c06e1a99c,dialogue,sharedassets0.assets,9006,GivenDrink,lineSets[3].lines[2].dialogLine[2].text,Sure!····· One more couldn't hurt.,
1b057bf71676,dialogue,sharedassets0.assets,9006,GivenDrink,lineSets[3].lines[2].dialogLine[3].text,"Keep these coming,····· thanks.",
51e37caca039,dialogue,sharedassets0.assets,9006,GivenDrink,lineSets[3].lines[2].dialogLine[4].text,For me?····· Thanks!,
4dbf9f77bca6,dialogue,sharedassets0.assets,9006,GivenDrink,lineSets[3].lines[2].dialogLine[5].text,"I'm not much of a drinker...····· but...····· alright, fine.",
bca2a7122975,dialogue,sharedassets0.assets,9006,GivenDrink,lineSets[3].lines[2].dialogLine[6].text,Well I've gotta take my medicine!·····*hamcmcmc*,
457ac03f04bc,dialogue,sharedassets0.assets,9006,GivenDrink,lineSets[3].lines[2].dialogLine[7].text,"Alright,········ just to loosen up a little.",
378eb9f86e74,dialogue,sharedassets0.assets,9006,GivenDrink,lineSets[3].lines[2].dialogLine[8].text,Yummy!*eeeeeee*·····*hehehehehehehe*····· Nah wouldn't it be crazy if I was that kind of fairy though?,
d34fe718fe7b,dialogue,sharedassets0.assets,9006,GivenDrink,lineSets[3].lines[2].dialogLine[9].text,"···Heeey, this is pretty tasty!",
d174a44732d6,dialogue,sharedassets0.assets,9006,GivenDrink,lineSets[3].lines[3].dialogLine[0].text,"Hey,·········· you're not trying to get me drunk are you?··*haha*",
7a968acb6ef2,dialogue,sharedassets0.assets,9006,GivenDrink,lineSets[3].lines[3].dialogLine[10].text,I'm beginning to feel a little uncoordinated.,
6b7a836318e9,dialogue,sharedassets0.assets,9006,GivenDrink,lineSets[3].lines[3].dialogLine[11].text,"You know I know what you're up to,····· right?",
e8d2afe04226,dialogue,sharedassets0.assets,9006,GivenDrink,lineSets[3].lines[3].dialogLine[1].text,That's it?······· I'm hardly drunk at all...,
20bc8ed7d7a5,dialogue,sharedassets0.assets,9006,GivenDrink,lineSets[3].lines[3].dialogLine[2].text,"Wow.·····*aaac**aac*····· Okay,··· that was pretty strong.",
e509e7491ccf,dialogue,sharedassets0.assets,9006,GivenDrink,lineSets[3].lines[3].dialogLine[3].text,Bottoms up bitches!,
417d3ca629de,dialogue,sharedassets0.assets,9006,GivenDrink,lineSets[3].lines[3].dialogLine[4].text,Cheers!,
895bf88893d3,dialogue,sharedassets0.assets,9006,GivenDrink,lineSets[3].lines[3].dialogLine[5].text,You trying to get me hammered or something?,
dbaf7c33c292,dialogue,sharedassets0.assets,9006,GivenDrink,lineSets[3].lines[3].dialogLine[6].secondaryText,That's a good girl.··,
e798128188f4,dialogue,sharedassets0.assets,9006,GivenDrink,lineSets[3].lines[3].dialogLine[6].text,That's a good boy.··,
a4050f2e0b9c,dialogue,sharedassets0.assets,9006,GivenDrink,lineSets[3].lines[3].dialogLine[7].text,"I'm not a big drinker...····· buuut,····· okay!",
e83180632ae3,dialogue,sharedassets0.assets,9006,GivenDrink,lineSets[3].lines[3].dialogLine[8].text,"They don't serve this back home so,······ load me up.",
dd6cd5c28e93,dialogue,sharedassets0.assets,9006,GivenDrink,lineSets[3].lines[3].dialogLine[9].text,···*aaaaccc*···Thanks!·····,
c4b1b2317c3e,dialogue,sharedassets0.assets,9006,GivenDrink,lineSets[3].lines[4].dialogLine[0].text,Bottoms up!,
ebdfdd69c5c0,dialogue,sharedassets0.assets,9006,GivenDrink,lineSets[3].lines[4].dialogLine[10].text,That's good...····· do you have anymore?,
d18d68f6604e,dialogue,sharedassets0.assets,9006,GivenDrink,lineSets[3].lines[4].dialogLine[11].text,"So,····· is this how you seduced all the other girls?·········· *hahahahahahaha*·····*haaah*",
a22dd0725b65,dialogue,sharedassets0.assets,9006,GivenDrink,lineSets[3].lines[4].dialogLine[1].text,That was a pussy drink!····· Hit me with something stronger!,
28d643478f62,dialogue,sharedassets0.assets,9006,GivenDrink,lineSets[3].lines[4].dialogLine[2].text,*aaaacc*············This is more like it.,
80ab52c0f42f,dialogue,sharedassets0.assets,9006,GivenDrink,lineSets[3].lines[4].dialogLine[3].text,"Hold on,····· I'm gonna pound this.",
8a11f13091cf,dialogue,sharedassets0.assets,9006,GivenDrink,lineSets[3].lines[4].dialogLine[4].text,"Oh,····· wow.····· I like that.",
2dda79ecf430,dialogue,sharedassets0.assets,9006,GivenDrink,lineSets[3].lines[4].dialogLine[5].text,Hmmm...····· what's your angle here?,
dcedd1c28c2e,dialogue,sharedassets0.assets,9006,GivenDrink,lineSets[3].lines[4].dialogLine[6].text,"Oh,··· you're the best.",
933a6c5fd5dc,dialogue,sharedassets0.assets,9006,GivenDrink,lineSets[3].lines[4].dialogLine[7].text,"Well,····· as long as you already paid for it!·····*hahahaha*",
0c66f930f21a,dialogue,sharedassets0.assets,9006,GivenDrink,lineSets[3].lines[4].dialogLine[8].text,Oohhhh yeeeaah...····· It's gonna get real stupid up in this bitch in a minute.,
3fe2cb30bd97,dialogue,sharedassets0.assets,9006,GivenDrink,lineSets[3].lines[4].dialogLine[9].text,···Ooooouuuu...,
569239140ccb,dialogue,sharedassets0.assets,9007,GivenFood,lineSets[0].label,full,
1aaa0f1addec,dialogue,sharedassets0.assets,9007,GivenFood,lineSets[0].lines[0].dialogLine[0].text,*aaaacc*·····I don't think I could eat another bite...,
57e1e707fb62,dialogue,sharedassets0.assets,9007,GivenFood,lineSets[0].lines[0].dialogLine[10].text,"Mmmmm...····· No thanks...····· really, I'm alright.",
f313c7c08ce8,dialogue,sharedassets0.assets,9007,GivenFood,lineSets[0].lines[0].dialogLine[11].text,I don't even want to think about eating right now...,
57bf6557f4fa,dialogue,sharedassets0.assets,9007,GivenFood,lineSets[0].lines[0].dialogLine[1].text,"Mmmmm...··························· ehh,····· not gonna happen.",
db2e19241a76,dialogue,sharedassets0.assets,9007,GivenFood,lineSets[0].lines[0].dialogLine[2].text,"No,····· I couldn't.····· Seriously,····· I'm done for.",
d91f42926adf,dialogue,sharedassets0.assets,9007,GivenFood,lineSets[0].lines[0].dialogLine[3].text,I'm going to be fuckin' sick.,
84b7b9e5a92f,dialogue,sharedassets0.assets,9007,GivenFood,lineSets[0].lines[0].dialogLine[4].text,"Really,····· I couldn't eat another bite.",
ae17a72ac7d4,dialogue,sharedassets0.assets,9007,GivenFood,lineSets[0].lines[0].dialogLine[5].text,Mmmmmm...····· probably not a good idea.,
9b6d3fdf4b5d,dialogue,sharedassets0.assets,9007,GivenFood,lineSets[0].lines[0].dialogLine[6].text,"Ughh,····· fuck,············· I think I'm going to throw up...",
8786ce5995fc,dialogue,sharedassets0.assets,9007,GivenFood,lineSets[0].lines[0].dialogLine[7].text,Ughh...····· no...····· no thanks.,
b25518d733a7,dialogue,sharedassets0.assets,9007,GivenFood,lineSets[0].lines[0].dialogLine[8].text,Ughh... I think I'm set on foodage...,
ce94ab723869,dialogue,sharedassets0.assets,9007,GivenFood,lineSets[0].lines[0].dialogLine[9].text,···I don't think I can eat anymore...,
f4484516de7b,dialogue,sharedassets0.assets,9007,GivenFood,lineSets[0].lines[1].dialogLine[0].text,I better not...,
d6648f1b229a,dialogue,sharedassets0.assets,9007,GivenFood,lineSets[0].lines[1].dialogLine[10].text,You go ahead.·········· I don't feel much like eating.,
21bd32b41cc6,dialogue,sharedassets0.assets,9007,GivenFood,lineSets[0].lines[1].dialogLine[11].text,I'm not feeling quite up to eating...,
73dd7634d8a9,dialogue,sharedassets0.assets,9007,GivenFood,lineSets[0].lines[1].dialogLine[1].text,*aaaaaaaaacc*····· I can't even look··· at food right now.,
8d4d6c45f8db,dialogue,sharedassets0.assets,9007,GivenFood,lineSets[0].lines[1].dialogLine[2].text,Ughh...····· not unless you want it all over your shirt.,
836203aec0d0,dialogue,sharedassets0.assets,9007,GivenFood,lineSets[0].lines[1].dialogLine[3].text,Get that shit out of my face.,
515deaf4e74b,dialogue,sharedassets0.assets,9007,GivenFood,lineSets[0].lines[1].dialogLine[4].text,My stomach is a little upset right now.,
cbc8b394dbe4,dialogue,sharedassets0.assets,9007,GivenFood,lineSets[0].lines[1].dialogLine[5].text,*aaaaacc*····· Too much...,
ca19cf4a523e,dialogue,sharedassets0.assets,9007,GivenFood,lineSets[0].lines[1].dialogLine[6].text,I may have gotten a little ahead of my stomach...,
3a676eb81e06,dialogue,sharedassets0.assets,9007,GivenFood,lineSets[0].lines[1].dialogLine[7].text,I'm not feeling too hot...····· maybe later.,
f80d15458dd7,dialogue,sharedassets0.assets,9007,GivenFood,lineSets[0].lines[1].dialogLine[8].secondaryText,I can only pack so much in bitch*aan*...····· Give me a break.,
4a15406bc26a,dialogue,sharedassets0.assets,9007,GivenFood,lineSets[0].lines[1].dialogLine[8].text,I can only pack so much in man*aan*...····· Give me a break.,
15cf9d562424,dialogue,sharedassets0.assets,9007,GivenFood,lineSets[0].lines[1].dialogLine[9].text,···*aaaacc*·····My tummy hurts...,
34325302f8e4,dialogue,sharedassets0.assets,9007,GivenFood,lineSets[0].lines[2].dialogLine[0].text,"Ughh,····· please take that away from my face.",
bd77e25ac0ee,dialogue,sharedassets0.assets,9007,GivenFood,lineSets[0].lines[2].dialogLine[10].text,I think I've had enough for the time being.,
2812b06cb902,dialogue,sharedassets0.assets,9007,GivenFood,lineSets[0].lines[2].dialogLine[11].text,I'm really in no condition for a meal.,
457d31d98575,dialogue,sharedassets0.assets,9007,GivenFood,lineSets[0].lines[2].dialogLine[1].text,*aaaaaacc*Hehehehe···he.,
2853d1edbc95,dialogue,sharedassets0.assets,9007,GivenFood,lineSets[0].lines[2].dialogLine[2].text,*aaaacc*·····I should have stopped while I was ahead.,
4dcc439936b0,dialogue,sharedassets0.assets,9007,GivenFood,lineSets[0].lines[2].dialogLine[3].text,Bleh!!,
adaf6bdf11ff,dialogue,sharedassets0.assets,9007,GivenFood,lineSets[0].lines[2].dialogLine[4].text,Not right now...,
b01d504022ea,dialogue,sharedassets0.assets,9007,GivenFood,lineSets[0].lines[2].dialogLine[5].text,"Nah,····· seriously,·· I can't even.",
d0ff611d85a1,dialogue,sharedassets0.assets,9007,GivenFood,lineSets[0].lines[2].dialogLine[6].text,Mmmmmm...····· oowww...,
c79f0f5c7903,dialogue,sharedassets0.assets,9007,GivenFood,lineSets[0].lines[2].dialogLine[7].text,"Nnnn...·········· I've had too much already,····· sorry.",
c5a6d5f11fe9,dialogue,sharedassets0.assets,9007,GivenFood,lineSets[0].lines[2].dialogLine[8].text,*aaaaccc*··You did this to me*eee*...,
84fe445de47b,dialogue,sharedassets0.assets,9007,GivenFood,lineSets[0].lines[2].dialogLine[9].text,"···Ugghhh,······· I don't feel very good...",
b3ec4ba444b2,dialogue,sharedassets0.assets,9007,GivenFood,lineSets[1].label,loves,
df6b69a30b70,dialogue,sharedassets0.assets,9007,GivenFood,lineSets[1].lines[0].dialogLine[0].text,"Aww··· man!·········· I love breakfast,····· best meal of the day hands down.",
859717ec9382,dialogue,sharedassets0.assets,9007,GivenFood,lineSets[1].lines[0].dialogLine[10].text,It's very enjoyable.,
48fcc9fd77ac,dialogue,sharedassets0.assets,9007,GivenFood,lineSets[1].lines[0].dialogLine[11].text,Myyyy!·········· What a heavenly dessert.,
ba526d2f3d55,dialogue,sharedassets0.assets,9007,GivenFood,lineSets[1].lines[0].dialogLine[1].text,Mmmmmmm... pretty good. Thanks.,
80d19e6db6f3,dialogue,sharedassets0.assets,9007,GivenFood,lineSets[1].lines[0].dialogLine[2].text,"Good,····· and good for you!",
4203a3551dc7,dialogue,sharedassets0.assets,9007,GivenFood,lineSets[1].lines[0].dialogLine[3].text,"Aw man,····· I love this shit.",
958f49d06d8a,dialogue,sharedassets0.assets,9007,GivenFood,lineSets[1].lines[0].dialogLine[4].text,"Ohhh··· boy,········ you've discovered my weakness.·····*hahahaha*",
f1808c857870,dialogue,sharedassets0.assets,9007,GivenFood,lineSets[1].lines[0].dialogLine[5].text,Sweeeeet.,
fb88604026bb,dialogue,sharedassets0.assets,9007,GivenFood,lineSets[1].lines[0].dialogLine[6].text,Oh god...··· I'm so bad.,
c70087b10327,dialogue,sharedassets0.assets,9007,GivenFood,lineSets[1].lines[0].dialogLine[7].text,"Oh,····· god.············· I'm so weak...····· Mmm, but it's soooo good.",
e7fcf143e991,dialogue,sharedassets0.assets,9007,GivenFood,lineSets[1].lines[0].dialogLine[8].text,Sweeeeeet...,
3572c23826ee,dialogue,sharedassets0.assets,9007,GivenFood,lineSets[1].lines[0].dialogLine[9].text,···Thanks for feeding me!,
80480f16aaff,dialogue,sharedassets0.assets,9007,GivenFood,lineSets[1].lines[1].dialogLine[0].text,Just what I needed!········ I missed breakfast this morning.,
48c8830aad95,dialogue,sharedassets0.assets,9007,GivenFood,lineSets[1].lines[1].dialogLine[10].text,"Appreciated,·········· this should sustain me for a short while.",
e35857ff6146,dialogue,sharedassets0.assets,9007,GivenFood,lineSets[1].lines[1].dialogLine[11].text,Mmmmmm...·········· so rich and sweet.,
cd55f6f9656d,dialogue,sharedassets0.assets,9007,GivenFood,lineSets[1].lines[1].dialogLine[1].text,Fuck··· that hit the spot!,
60603fd5d1cd,dialogue,sharedassets0.assets,9007,GivenFood,lineSets[1].lines[1].dialogLine[2].text,Is it weird that I like veggies so much?,
5a007954122b,dialogue,sharedassets0.assets,9007,GivenFood,lineSets[1].lines[1].dialogLine[3].text,"Mm,····· eating always makes me want to smoke.",
b84e01cf220d,dialogue,sharedassets0.assets,9007,GivenFood,lineSets[1].lines[1].dialogLine[4].text,"I could have breakfast for every meal,··· I swear.",
1992a8bcd4c9,dialogue,sharedassets0.assets,9007,GivenFood,lineSets[1].lines[1].dialogLine[5].text,"Yeah, okay.····· Thanks.",
5f51212e63bf,dialogue,sharedassets0.assets,9007,GivenFood,lineSets[1].lines[1].dialogLine[6].text,How can something so good····· be bad for you?,
988925961d17,dialogue,sharedassets0.assets,9007,GivenFood,lineSets[1].lines[1].dialogLine[7].text,Maybe I'll just have a bite...·········· or two.,
a547ef862bc6,dialogue,sharedassets0.assets,9007,GivenFood,lineSets[1].lines[1].dialogLine[8].text,Awww··· yeah...····· that's the good stuff!,
3c6fb1fca9dc,dialogue,sharedassets0.assets,9007,GivenFood,lineSets[1].lines[1].dialogLine[9].text,···Veggies are sooo tasty!,
5e11e0fab83c,dialogue,sharedassets0.assets,9007,GivenFood,lineSets[1].lines[2].dialogLine[0].text,MmmmMmmMmm!····· Soooo good!,
8a12c004d823,dialogue,sharedassets0.assets,9007,GivenFood,lineSets[1].lines[2].dialogLine[10].text,Mmmmm...····· so sweet and juicy.,
519812b26d44,dialogue,sharedassets0.assets,9007,GivenFood,lineSets[1].lines[2].dialogLine[11].text,Simply divine!,
d66e75666c03,dialogue,sharedassets0.assets,9007,GivenFood,lineSets[1].lines[2].dialogLine[1].text,I love it when you bite in and the juice drips down your chin.,
01bd65223da7,dialogue,sharedassets0.assets,9007,GivenFood,lineSets[1].lines[2].dialogLine[2].text,"Oh my god,····· so tasty!",
04bcfd7c8909,dialogue,sharedassets0.assets,9007,GivenFood,lineSets[1].lines[2].dialogLine[3].text,"I don't care how fat this makes me,····· I'm eating it.",
d414a2094f62,dialogue,sharedassets0.assets,9007,GivenFood,lineSets[1].lines[2].dialogLine[4].text,"Mmmm,····· damn,····· that's the good stuff.",
2a607db4d116,dialogue,sharedassets0.assets,9007,GivenFood,lineSets[1].lines[2].dialogLine[5].text,Well I'm not gonna turn down free candy.,
2dd33a196fa7,dialogue,sharedassets0.assets,9007,GivenFood,lineSets[1].lines[2].dialogLine[6].text,"Mmmm!······· Better than sex...····· well,····· almost.",
5ad4baf4b55e,dialogue,sharedassets0.assets,9007,GivenFood,lineSets[1].lines[2].dialogLine[7].text,"I had a light breakfast so,········ I'm sure it's okay.",
ee07c957fe17,dialogue,sharedassets0.assets,9007,GivenFood,lineSets[1].lines[2].dialogLine[8].text,*cc*Mmmm-*cc*mmm!····· How am I supposed to stop eating this shit?,
5cb091461b37,dialogue,sharedassets0.assets,9007,GivenFood,lineSets[1].lines[2].dialogLine[9].text,···Yummy!,
245ede8e7a8c,dialogue,sharedassets0.assets,9007,GivenFood,lineSets[2].label,likes,
b4c9479cf16f,dialogue,sharedassets0.assets,9007,GivenFood,lineSets[2].lines[0].dialogLine[0].text,I shouldn't...····· but I can't help myself!,
755d0f0f6bf1,dialogue,sharedassets0.assets,9007,GivenFood,lineSets[2].lines[0].dialogLine[10].text,I think I may have a sugar addiction.*hahaha*········,
5c4f5560b13e,dialogue,sharedassets0.assets,9007,GivenFood,lineSets[2].lines[0].dialogLine[11].text,"Mmmmm,···················· actually...····· quite satisfying.",
61de29740158,dialogue,sharedassets0.assets,9007,GivenFood,lineSets[2].lines[0].dialogLine[1].text,Thanks.······· I think I'm going to save some of this for a salad later.,
4fb66593b85c,dialogue,sharedassets0.assets,9007,GivenFood,lineSets[2].lines[0].dialogLine[2].text,"Aww·· dude,····· that hit the spot.",
60d9828f3e58,dialogue,sharedassets0.assets,9007,GivenFood,lineSets[2].lines[0].dialogLine[3].text,About time...,
675fbff36032,dialogue,sharedassets0.assets,9007,GivenFood,lineSets[2].lines[0].dialogLine[4].text,Delicious!·········· You couldn't ask for a better snack.,
2a04490f86d3,dialogue,sharedassets0.assets,9007,GivenFood,lineSets[2].lines[0].dialogLine[5].text,I'm eating shit like this all the time at work.,
ad4a32ddb9f7,dialogue,sharedassets0.assets,9007,GivenFood,lineSets[2].lines[0].dialogLine[6].text,"My agent,····· he yells at me for eating this crap...····· but he's not here!",
6a1e09d3374c,dialogue,sharedassets0.assets,9007,GivenFood,lineSets[2].lines[0].dialogLine[7].text,"Mmmm,····· I should really eat more of these.",
46699b01aa6f,dialogue,sharedassets0.assets,9007,GivenFood,lineSets[2].lines[0].dialogLine[8].secondaryText,"Soooo good!····· If this food was a chick,····· I'd fuck her brains out.",
ac3057d199e9,dialogue,sharedassets0.assets,9007,GivenFood,lineSets[2].lines[0].dialogLine[8].text,"Soooo good!····· If this food was a dude,····· I'd fuck his brains out.",
55593ca3973f,dialogue,sharedassets0.assets,9007,GivenFood,lineSets[2].lines[0].dialogLine[9].text,···It's super duper good!,
e02860256167,dialogue,sharedassets0.assets,9007,GivenFood,lineSets[2].lines[1].dialogLine[0].text,"I'm so bad,····· I know.········ I have a sweet tooth!",
fec7b1c434d2,dialogue,sharedassets0.assets,9007,GivenFood,lineSets[2].lines[1].dialogLine[10].text,I wish they had these back home.,
cbfdbb723a1b,dialogue,sharedassets0.assets,9007,GivenFood,lineSets[2].lines[1].dialogLine[11].text,Muuuch····· better...·················· I was having a distinct craving for breakfast.,
4b5fa6dd3244,dialogue,sharedassets0.assets,9007,GivenFood,lineSets[2].lines[1].dialogLine[1].text,"This is great,····· the lunch options on campus are so gross.",
bfda2e9e5009,dialogue,sharedassets0.assets,9007,GivenFood,lineSets[2].lines[1].dialogLine[2].text,"Thanks,····· I was running a little low on fuel.",
12994d7532dd,dialogue,sharedassets0.assets,9007,GivenFood,lineSets[2].lines[1].dialogLine[3].text,Nice.····· I could totally eat this right now.,
646e40b68950,dialogue,sharedassets0.assets,9007,GivenFood,lineSets[2].lines[1].dialogLine[4].text,"Mmmmmm,·· so juicy.",
7748a78e00c8,dialogue,sharedassets0.assets,9007,GivenFood,lineSets[2].lines[1].dialogLine[5].text,I am gonna get soooooo fat.···,
0848d7413e52,dialogue,sharedassets0.assets,9007,GivenFood,lineSets[2].lines[1].dialogLine[6].text,I'll just work it off later.,
4bc889aa6fc9,dialogue,sharedassets0.assets,9007,GivenFood,lineSets[2].lines[1].dialogLine[7].text,"Sure,····· I could go for a quick snack.",
ef1a0cfec595,dialogue,sharedassets0.assets,9007,GivenFood,lineSets[2].lines[1].dialogLine[8].text,They really need to start serving this shit where I'm from.,
0e15329c07c8,dialogue,sharedassets0.assets,9007,GivenFood,lineSets[2].lines[1].dialogLine[9].text,···What a treat!,
de9b0bde4277,dialogue,sharedassets0.assets,9007,GivenFood,lineSets[2].lines[2].dialogLine[0].text,"Oh god,····· I love these!",
33ff036c7610,dialogue,sharedassets0.assets,9007,GivenFood,lineSets[2].lines[2].dialogLine[10].text,"I know it's inadequate nutrition, but it's so tasty!",
81b10176f389,dialogue,sharedassets0.assets,9007,GivenFood,lineSets[2].lines[2].dialogLine[11].text,"Admittedly,·········· the food down here·········· isn't half bad.",
a61420ff8440,dialogue,sharedassets0.assets,9007,GivenFood,lineSets[2].lines[2].dialogLine[1].text,"Ahhhh...····· the smell of fresh produce.········ Ehh,····· am I weird?",
c1e1d1e540a3,dialogue,sharedassets0.assets,9007,GivenFood,lineSets[2].lines[2].dialogLine[2].text,Delicious!,
71265de225d5,dialogue,sharedassets0.assets,9007,GivenFood,lineSets[2].lines[2].dialogLine[3].text,"Hey,····· gimme that!",
b6a3ef1530aa,dialogue,sharedassets0.assets,9007,GivenFood,lineSets[2].lines[2].dialogLine[4].text,Where did you get this?····· It's sooo good.·····,
e27f12591e0d,dialogue,sharedassets0.assets,9007,GivenFood,lineSets[2].lines[2].dialogLine[5].text,"Worth it,····· every time.",
263ffc37a1f9,dialogue,sharedassets0.assets,9007,GivenFood,lineSets[2].lines[2].dialogLine[6].text,Fuuuck that's good.,
4ffbe06f22c4,dialogue,sharedassets0.assets,9007,GivenFood,lineSets[2].lines[2].dialogLine[7].text,*aaaacc*·····Yummy!,
8ed4ff999c3d,dialogue,sharedassets0.assets,9007,GivenFood,lineSets[2].lines[2].dialogLine[8].text,"Fuck that's good!····· Yo,····· I'm about to bust a nut over here.",
15d6c3d9d89a,dialogue,sharedassets0.assets,9007,GivenFood,lineSets[2].lines[2].dialogLine[9].text,···Delicious!,
36104d01ae39,dialogue,sharedassets0.assets,9007,GivenFood,lineSets[3].label,hates,
06b8a90eebd7,dialogue,sharedassets0.assets,9007,GivenFood,lineSets[3].lines[0].dialogLine[0].text,Eww...····· no thanks.,
4a44c3ddec83,dialogue,sharedassets0.assets,9007,GivenFood,lineSets[3].lines[0].dialogLine[10].text,Sorry...····· I don't think I can eat that.,
86915f181569,dialogue,sharedassets0.assets,9007,GivenFood,lineSets[3].lines[0].dialogLine[11].text,"You're really going to offer··· that,········· to me?···········",
9308320563d5,dialogue,sharedassets0.assets,9007,GivenFood,lineSets[3].lines[0].dialogLine[1].text,Uhhhhhh...····· no.······· Not on my diet.,
ad9b228d89ff,dialogue,sharedassets0.assets,9007,GivenFood,lineSets[3].lines[0].dialogLine[2].text,"Nah dude,····· that stuff goes right to your hips.",
6bcdf9771a91,dialogue,sharedassets0.assets,9007,GivenFood,lineSets[3].lines[0].dialogLine[3].text,Ughh!····· Gross!,
2afdbb52afd4,dialogue,sharedassets0.assets,9007,GivenFood,lineSets[3].lines[0].dialogLine[4].text,No thank you.,
d4c3fc7a6e8a,dialogue,sharedassets0.assets,9007,GivenFood,lineSets[3].lines[0].dialogLine[5].text,"Nah,····· I'll save that for you.",
524ac1d82c3c,dialogue,sharedassets0.assets,9007,GivenFood,lineSets[3].lines[0].dialogLine[6].text,No thanks hun.,
f7655266b8cb,dialogue,sharedassets0.assets,9007,GivenFood,lineSets[3].lines[0].dialogLine[7].text,"That's okay,····· but····· thank you for offering!",
f94e02fdf070,dialogue,sharedassets0.assets,9007,GivenFood,lineSets[3].lines[0].dialogLine[8].text,What are you doing?····· Check my preferences in the stupid phone.,
1013d5fe0a73,dialogue,sharedassets0.assets,9007,GivenFood,lineSets[3].lines[0].dialogLine[9].text,···Bleh!,
52a2c1241833,dialogue,sharedassets0.assets,9007,GivenFood,lineSets[3].lines[1].dialogLine[0].text,I'm not really into that.,
095a21950122,dialogue,sharedassets0.assets,9007,GivenFood,lineSets[3].lines[1].dialogLine[10].text,I'm not sure about that kind of food.····· I don't want to risk it.,
7f8bbcae8615,dialogue,sharedassets0.assets,9007,GivenFood,lineSets[3].lines[1].dialogLine[11].text,"You can't possibly be serious,····· my dear...",
70be984bcb3c,dialogue,sharedassets0.assets,9007,GivenFood,lineSets[3].lines[1].dialogLine[1].text,"Sorry,····· I'm just trying to watch what I eat.",
eb79e6dc7af5,dialogue,sharedassets0.assets,9007,GivenFood,lineSets[3].lines[1].dialogLine[2].text,I'm on a pretty strict diet.,
a94ef434b36e,dialogue,sharedassets0.assets,9007,GivenFood,lineSets[3].lines[1].dialogLine[3].text,That's··· fucking disgusting.,
260f91e2216b,dialogue,sharedassets0.assets,9007,GivenFood,lineSets[3].lines[1].dialogLine[4].text,I'm afraid I have to pass on that.,
f1d6cd538014,dialogue,sharedassets0.assets,9007,GivenFood,lineSets[3].lines[1].dialogLine[5].text,I'm more of a sweets kinda girl.,
827223198f66,dialogue,sharedassets0.assets,9007,GivenFood,lineSets[3].lines[1].dialogLine[6].text,That's not really the type of thing I usually eat.,
7ee1a1c369af,dialogue,sharedassets0.assets,9007,GivenFood,lineSets[3].lines[1].dialogLine[7].text,"No,·· no,·· no!············· I wouldn't want to eat all your food.",
916e07984b9e,dialogue,sharedassets0.assets,9007,GivenFood,lineSets[3].lines[1].dialogLine[8].text,No can do.····· I'll get mad sick and blast chunks·· all over;····· it's gross.,
abe5fde78a73,dialogue,sharedassets0.assets,9007,GivenFood,lineSets[3].lines[1].dialogLine[9].text,"···Ewww,····· that smells funny.",
15de750b123d,dialogue,sharedassets0.assets,9007,GivenFood,lineSets[3].lines[2].dialogLine[0].text,"Sorry,····· I gotta pass.",
8a36001b0a5c,dialogue,sharedassets0.assets,9007,GivenFood,lineSets[3].lines[2].dialogLine[10].text,That's probably not a good idea.·········· I have a very particular digestive system.,
ec74c370b8eb,dialogue,sharedassets0.assets,9007,GivenFood,lineSets[3].lines[2].dialogLine[11].text,I wouldn't be caught dead eating such a thing.,
47fd9329ddc5,dialogue,sharedassets0.assets,9007,GivenFood,lineSets[3].lines[2].dialogLine[1].text,Can't do it.·· Too many carbs.,
bcecc3e36133,dialogue,sharedassets0.assets,9007,GivenFood,lineSets[3].lines[2].dialogLine[2].text,It's tempting...····· but I think I'm gonna pass.,
489db6468ba8,dialogue,sharedassets0.assets,9007,GivenFood,lineSets[3].lines[2].dialogLine[3].text,Are you trying to make me throw up?,
3096b57a8052,dialogue,sharedassets0.assets,9007,GivenFood,lineSets[3].lines[2].dialogLine[4].text,"Heh,····· sorry,····· I'm kind of a picky eater.",
1df11de00946,dialogue,sharedassets0.assets,9007,GivenFood,lineSets[3].lines[2].dialogLine[5].text,Uh····· gross.·····,
2ec87d19d8c7,dialogue,sharedassets0.assets,9007,GivenFood,lineSets[3].lines[2].dialogLine[6].text,I'm more of a burger and fries type of girl.,
1fdb854d5ee9,dialogue,sharedassets0.assets,9007,GivenFood,lineSets[3].lines[2].dialogLine[7].text,"You go ahead,·········· that's not really my type of thing.",
1d8fb13b1ea3,dialogue,sharedassets0.assets,9007,GivenFood,lineSets[3].lines[2].dialogLine[8].text,"Sorry bub,····· fairies can't eat that garbage.",
13e134abaa2d,dialogue,sharedassets0.assets,9007,GivenFood,lineSets[3].lines[2].dialogLine[9].text,"···Kitties can't eat that,·· you silly!",
49816439918f,dialogue,sharedassets0.assets,9008,GivenGift,lineSets[0].label,loves,
a484b0455a32,dialogue,sharedassets0.assets,9008,GivenGift,lineSets[0].lines[0].dialogLine[0].text,Whaa!?····· Are you serious?····· Thank you so much!,
2080cbc4fbef,dialogue,sharedassets0.assets,9008,GivenGift,lineSets[0].lines[0].dialogLine[10].text,Are you sure?·········· I'm surprised you got this for me.····· Thank you.,
47c64a3dbee7,dialogue,sharedassets0.assets,9008,GivenGift,lineSets[0].lines[0].dialogLine[11].text,What can I say?····· I may be a goddess but··· I'm still a girl who loves a thoughtful gift.,
7ba78078b840,dialogue,sharedassets0.assets,9008,GivenGift,lineSets[0].lines[0].dialogLine[1].text,I used to play with this all the time when I was young!,
f7f222b60d67,dialogue,sharedassets0.assets,9008,GivenGift,lineSets[0].lines[0].dialogLine[2].text,"*hahahaha*···What are you trying to say?...····· Just kidding,····· thanks!",
8c2aeb626c41,dialogue,sharedassets0.assets,9008,GivenGift,lineSets[0].lines[0].dialogLine[3].text,"If you're trying to buy my love,····· keep spending.",
0a6ebdfb8376,dialogue,sharedassets0.assets,9008,GivenGift,lineSets[0].lines[0].dialogLine[4].text,Excellent!······· We'll have to play sometime.,
e40afa847fa2,dialogue,sharedassets0.assets,9008,GivenGift,lineSets[0].lines[0].dialogLine[5].text,"This is a really cool gift.····· I mean it,··· thanks.···",
fc164e4d8407,dialogue,sharedassets0.assets,9008,GivenGift,lineSets[0].lines[0].dialogLine[6].secondaryText,Really!?·········· I think you're my new favorite girlfriend.,
6f9646487db0,dialogue,sharedassets0.assets,9008,GivenGift,lineSets[0].lines[0].dialogLine[6].text,"Really!?·········· Aww, I think you're my new favorite boyfriend.",
750d52797f48,dialogue,sharedassets0.assets,9008,GivenGift,lineSets[0].lines[0].dialogLine[7].text,Ohhh!·········· This is perfect for my studio!,
413bf5acb1ad,dialogue,sharedassets0.assets,9008,GivenGift,lineSets[0].lines[0].dialogLine[8].text,Yeeess!····· Yeeeeesss!····· Shower me with gifts!,
3e24cb46118d,dialogue,sharedassets0.assets,9008,GivenGift,lineSets[0].lines[0].dialogLine[9].text,···Yay!····· I love fishies!,
260ff5857a7d,dialogue,sharedassets0.assets,9008,GivenGift,lineSets[0].lines[1].dialogLine[0].text,This is perfect!····· It's exactly what I needed.,
6ff25666c6e2,dialogue,sharedassets0.assets,9008,GivenGift,lineSets[0].lines[1].dialogLine[10].text,A gift?····· For me?····· Thank you.····· How can I repay you?,
93119b683855,dialogue,sharedassets0.assets,9008,GivenGift,lineSets[0].lines[1].dialogLine[11].text,"Well now,····· what a surprisingly loving gift.",
25947f3aed7d,dialogue,sharedassets0.assets,9008,GivenGift,lineSets[0].lines[1].dialogLine[1].text,You stupid jerk... I love it!,
09da7327ee97,dialogue,sharedassets0.assets,9008,GivenGift,lineSets[0].lines[1].dialogLine[2].secondaryText,Now this is a girl who understand me.,
03abcb61a3e0,dialogue,sharedassets0.assets,9008,GivenGift,lineSets[0].lines[1].dialogLine[2].text,Now this is a guy who understand me.,
52e3a5d72665,dialogue,sharedassets0.assets,9008,GivenGift,lineSets[0].lines[1].dialogLine[3].secondaryText,So what?····· Am I supposed to fuck you now?····· Get real.,
9c6a9960474b,dialogue,sharedassets0.assets,9008,GivenGift,lineSets[0].lines[1].dialogLine[3].text,So what?····· Am I supposed to blow you now?····· Get real.,
0f956c77f6cf,dialogue,sharedassets0.assets,9008,GivenGift,lineSets[0].lines[1].dialogLine[4].text,"Oh-ho,····· what's this?····· Are you challenging me?",
83a02948e9a5,dialogue,sharedassets0.assets,9008,GivenGift,lineSets[0].lines[1].dialogLine[5].text,"Thanks!····· I'm really into art,····· so this will definitely get some use.",
de68a8131ba2,dialogue,sharedassets0.assets,9008,GivenGift,lineSets[0].lines[1].dialogLine[6].secondaryText,That's right!····· My girl takes care of me...,
2fa0bc7e3d0d,dialogue,sharedassets0.assets,9008,GivenGift,lineSets[0].lines[1].dialogLine[6].text,That's right!····· My man··· takes care of me...,
aa4078fc00c9,dialogue,sharedassets0.assets,9008,GivenGift,lineSets[0].lines[1].dialogLine[7].text,I can't tell you how much this means!,
8bfa67311ebf,dialogue,sharedassets0.assets,9008,GivenGift,lineSets[0].lines[1].dialogLine[8].text,"You got decent gifting skills,····· I'll give you that much.",
0986a2874f24,dialogue,sharedassets0.assets,9008,GivenGift,lineSets[0].lines[1].dialogLine[9].text,···I'm gonna have the bestest fish tank in the whole world!,
57beb10acc9e,dialogue,sharedassets0.assets,9008,GivenGift,lineSets[0].lines[2].dialogLine[0].text,"Really!?····· Thank you, thank you, thank you!",
e8b9061e69c0,dialogue,sharedassets0.assets,9008,GivenGift,lineSets[0].lines[2].dialogLine[10].text,That's very thoughtful of you.,
f3cd8f80faad,dialogue,sharedassets0.assets,9008,GivenGift,lineSets[0].lines[2].dialogLine[11].text,"It's not that I'm materialistic,····· I just like getting nice things.",
21aea01343c3,dialogue,sharedassets0.assets,9008,GivenGift,lineSets[0].lines[2].dialogLine[1].text,Awwww shit...······· now I have to get you something.,
c3c150476c37,dialogue,sharedassets0.assets,9008,GivenGift,lineSets[0].lines[2].dialogLine[2].text,Thanks!····· I can't wait to test it out.,
5fa1a9036f19,dialogue,sharedassets0.assets,9008,GivenGift,lineSets[0].lines[2].dialogLine[3].text,"This'll do,····· for now.",
fb54d76e1e29,dialogue,sharedassets0.assets,9008,GivenGift,lineSets[0].lines[2].dialogLine[4].text,Nooooo...····· how did you know!?,
b55fccf75152,dialogue,sharedassets0.assets,9008,GivenGift,lineSets[0].lines[2].dialogLine[5].text,"You're very kind to me.····· I...····· well, I don't hate it.",
3665bbf66be2,dialogue,sharedassets0.assets,9008,GivenGift,lineSets[0].lines[2].dialogLine[6].text,"Awww,··· thank you.············· Remind me to return the favor····· later...",
248202170790,dialogue,sharedassets0.assets,9008,GivenGift,lineSets[0].lines[2].dialogLine[7].text,This is exactly what I was looking for!··········*cccc*····· You've read my mind.,
fa1f43ee36b1,dialogue,sharedassets0.assets,9008,GivenGift,lineSets[0].lines[2].dialogLine[8].text,*cmcmcmcmcm*·····This part never gets old.,
49b29dd3ebe9,dialogue,sharedassets0.assets,9008,GivenGift,lineSets[0].lines[2].dialogLine[9].text,···Thank you soooooo much master!,
65ea4bc0737c,dialogue,sharedassets0.assets,9008,GivenGift,lineSets[1].label,likes gift type 1,
61f135faca4d,dialogue,sharedassets0.assets,9008,GivenGift,lineSets[1].lines[0].dialogLine[0].text,Yeesss!··· Audrey is gonna be so jealous.·····*haha*,
3f899babcea1,dialogue,sharedassets0.assets,9008,GivenGift,lineSets[1].lines[0].dialogLine[10].text,I don't know what to say.····· Thank you very much.·····,
b5def3001dbc,dialogue,sharedassets0.assets,9008,GivenGift,lineSets[1].lines[0].dialogLine[11].text,Well...·········· it's a nice start.············· What else you got?,
889bcf132b60,dialogue,sharedassets0.assets,9008,GivenGift,lineSets[1].lines[0].dialogLine[1].text,"Awwwwwww,··············· how did you know I dabbled in art?",
0d59cfe54967,dialogue,sharedassets0.assets,9008,GivenGift,lineSets[1].lines[0].dialogLine[2].text,Soooo nice of you!,
04ca61ba6bf0,dialogue,sharedassets0.assets,9008,GivenGift,lineSets[1].lines[0].dialogLine[3].text,What?······· Do you want a kiss or something?········ Dream on.,
0c2bf722f509,dialogue,sharedassets0.assets,9008,GivenGift,lineSets[1].lines[0].dialogLine[4].text,"Oh,··· really?····· I love to bake!",
3886d0c4bf26,dialogue,sharedassets0.assets,9008,GivenGift,lineSets[1].lines[0].dialogLine[5].text,"I really appreciate it,····· but··· you don't have to like,····· buy me stuff.",
0253a6c2eac5,dialogue,sharedassets0.assets,9008,GivenGift,lineSets[1].lines[0].dialogLine[6].text,"Mmmm,··· baby!········ I love it when you buy me new things.",
7943e325c811,dialogue,sharedassets0.assets,9008,GivenGift,lineSets[1].lines[0].dialogLine[7].text,I can't believe you bought this for me!·········· How nice is that?,
61c66306ee65,dialogue,sharedassets0.assets,9008,GivenGift,lineSets[1].lines[0].dialogLine[8].text,Hey cool more free shit!,
efdd2f84c8d8,dialogue,sharedassets0.assets,9008,GivenGift,lineSets[1].lines[0].dialogLine[9].text,···You didn't have to do that for me!,
6eadf76af3eb,dialogue,sharedassets0.assets,9008,GivenGift,lineSets[1].lines[1].dialogLine[0].text,Oh my god!· How cute·· is this?,
7e7b199a68da,dialogue,sharedassets0.assets,9008,GivenGift,lineSets[1].lines[1].dialogLine[10].text,Thank you.····· Your kindness does not go unnoticed.,
2f0dcd842bad,dialogue,sharedassets0.assets,9008,GivenGift,lineSets[1].lines[1].dialogLine[11].text,I accept your offer.,
8745267facfc,dialogue,sharedassets0.assets,9008,GivenGift,lineSets[1].lines[1].dialogLine[1].text,Nice!············ My last one was getting kinda worn out.,
51483334b4cf,dialogue,sharedassets0.assets,9008,GivenGift,lineSets[1].lines[1].dialogLine[2].text,I really appreciate the thought.,
f79de0d25c5e,dialogue,sharedassets0.assets,9008,GivenGift,lineSets[1].lines[1].dialogLine[3].text,"Whatever,········ don't start getting all cocky on me.",
ce7044d2db45,dialogue,sharedassets0.assets,9008,GivenGift,lineSets[1].lines[1].dialogLine[4].text,What a nice thing for you to do.····· Thanks!,
5d101b475d0c,dialogue,sharedassets0.assets,9008,GivenGift,lineSets[1].lines[1].dialogLine[5].text,Wow...············ I feel bad that I don't have anything to give you.,
303c0be55b6e,dialogue,sharedassets0.assets,9008,GivenGift,lineSets[1].lines[1].dialogLine[6].text,"You knew just what to get me, didn't you?",
d3532ef34bd1,dialogue,sharedassets0.assets,9008,GivenGift,lineSets[1].lines[1].dialogLine[7].text,I feel bad;·········· I never have anything for you.,
7554946dfef3,dialogue,sharedassets0.assets,9008,GivenGift,lineSets[1].lines[1].dialogLine[8].text,"Even though I know you're just trying to fuck me,····· I still like the gift.",
fe0e857cf18b,dialogue,sharedassets0.assets,9008,GivenGift,lineSets[1].lines[1].dialogLine[9].text,···*hahahaha*·····It's really pretty!,
8425444b22a5,dialogue,sharedassets0.assets,9008,GivenGift,lineSets[1].lines[2].dialogLine[0].text,"Uh-oh,····· party ova here.··*hehe*",
fc06f8fcb88b,dialogue,sharedassets0.assets,9008,GivenGift,lineSets[1].lines[2].dialogLine[10].text,I only wish I that had something to give you in return.,
107f45ed3427,dialogue,sharedassets0.assets,9008,GivenGift,lineSets[1].lines[2].dialogLine[11].text,It's going to take more than a few gifts to win me over.,
22077250939a,dialogue,sharedassets0.assets,9008,GivenGift,lineSets[1].lines[2].dialogLine[1].text,Thanks!············· I'll use it on my break tomorrow.,
156711906dbd,dialogue,sharedassets0.assets,9008,GivenGift,lineSets[1].lines[2].dialogLine[2].text,I've been meaning to get a new one of these.,
b497a5f5f8f8,dialogue,sharedassets0.assets,9008,GivenGift,lineSets[1].lines[2].dialogLine[3].text,"Wow,········ for once you didn't screw it up.",
ca67eed259c5,dialogue,sharedassets0.assets,9008,GivenGift,lineSets[1].lines[2].dialogLine[4].text,Thanks!····· This will come in handy.,
0c097fab9770,dialogue,sharedassets0.assets,9008,GivenGift,lineSets[1].lines[2].dialogLine[5].text,I'm not used to this kind of attention...······· but·· I'm not exactly complaining...,
5ac06ec3b7e4,dialogue,sharedassets0.assets,9008,GivenGift,lineSets[1].lines[2].dialogLine[6].text,"You see,····· this is why I like you.····· You give me stuff.",
1450c1dd8e46,dialogue,sharedassets0.assets,9008,GivenGift,lineSets[1].lines[2].dialogLine[7].text,You're sure?·········· That's so kind of you!,
bb22cf7eee00,dialogue,sharedassets0.assets,9008,GivenGift,lineSets[1].lines[2].dialogLine[8].text,"This reminds me,····· I want to party with that bitchy redhead.····· She seems like fun.",
5c9d84265c69,dialogue,sharedassets0.assets,9008,GivenGift,lineSets[1].lines[2].dialogLine[9].text,"···Can I really have it?····· Can I, can I?",
67de78ba4b59,dialogue,sharedassets0.assets,9008,GivenGift,lineSets[2].label,likes gift type 2,
82aba9342041,dialogue,sharedassets0.assets,9008,GivenGift,lineSets[2].lines[0].dialogLine[0].text,"Awww,····· thanks!········ You didn't have to do that!",
83e41ecc66cc,dialogue,sharedassets0.assets,9008,GivenGift,lineSets[2].lines[0].dialogLine[10].text,Thank you.····· I can't tell you how much I appreciate it.,
1746d54a5bec,dialogue,sharedassets0.assets,9008,GivenGift,lineSets[2].lines[0].dialogLine[11].text,"Yeeeesss,····· this will do veeeerrry nicely.·········· You've done well.",
ffbf8c071f0a,dialogue,sharedassets0.assets,9008,GivenGift,lineSets[2].lines[0].dialogLine[1].text,Alright.··· I'll admit it.··· You did good.,
b84544f28858,dialogue,sharedassets0.assets,9008,GivenGift,lineSets[2].lines[0].dialogLine[2].text,Thanks so much!,
e9408a97935d,dialogue,sharedassets0.assets,9008,GivenGift,lineSets[2].lines[0].dialogLine[3].text,I'll be taking that!,
e09cac58d2c9,dialogue,sharedassets0.assets,9008,GivenGift,lineSets[2].lines[0].dialogLine[4].text,Thank you so much!,
4dd6f4d6a690,dialogue,sharedassets0.assets,9008,GivenGift,lineSets[2].lines[0].dialogLine[5].text,"I'm not sure what I did to deserve this,····· but thank you.",
bdd1d75cade6,dialogue,sharedassets0.assets,9008,GivenGift,lineSets[2].lines[0].dialogLine[6].text,"For me...?····· Awww,····· thank you!",
9b296a31cc3a,dialogue,sharedassets0.assets,9008,GivenGift,lineSets[2].lines[0].dialogLine[7].text,Hmmm?····· A gift!?·········· You didn't have to do that!,
41dc87f8fe3a,dialogue,sharedassets0.assets,9008,GivenGift,lineSets[2].lines[0].dialogLine[8].text,Why not?····· It's a thing.····· I love things!,
4798c9eb6e85,dialogue,sharedassets0.assets,9008,GivenGift,lineSets[2].lines[0].dialogLine[9].text,···You're the bestest!,
70349a11aa01,dialogue,sharedassets0.assets,9008,GivenGift,lineSets[2].lines[1].dialogLine[0].secondaryText,"Whoa, you are the sweetest girl, like,·· ever.·····",
24569d7e6b5c,dialogue,sharedassets0.assets,9008,GivenGift,lineSets[2].lines[1].dialogLine[0].text,"Whoa, you're the sweetest guy, like,····· ever.",
81df27270c67,dialogue,sharedassets0.assets,9008,GivenGift,lineSets[2].lines[1].dialogLine[10].text,I can have it?····· You really don't mind?,
1ee522bdbd12,dialogue,sharedassets0.assets,9008,GivenGift,lineSets[2].lines[1].dialogLine[11].text,I guess I have a weakness for expensive things...,
df5ea6d00bc3,dialogue,sharedassets0.assets,9008,GivenGift,lineSets[2].lines[1].dialogLine[1].text,"Awwww, thanks.·········· I really need to stop neglecting my garden at home.",
28558ecf16db,dialogue,sharedassets0.assets,9008,GivenGift,lineSets[2].lines[1].dialogLine[2].text,This is seriously awesome.,
42920bb7562e,dialogue,sharedassets0.assets,9008,GivenGift,lineSets[2].lines[1].dialogLine[3].text,Nothing wrong with free shit.,
c4610ed75366,dialogue,sharedassets0.assets,9008,GivenGift,lineSets[2].lines[1].dialogLine[4].text,"Awwww,····· that's so sweet of you.",
15ac196f3686,dialogue,sharedassets0.assets,9008,GivenGift,lineSets[2].lines[1].dialogLine[5].text,You really don't have to get me stuff...····· I mean I appreciate it.····· I just feel bad.,
a07bd8c639f4,dialogue,sharedassets0.assets,9008,GivenGift,lineSets[2].lines[1].dialogLine[6].text,"Awww,········ you really shou*hiccup*...····· Ummm,··· what was I saying?",
843cc5db68b1,dialogue,sharedassets0.assets,9008,GivenGift,lineSets[2].lines[1].dialogLine[7].text,I'm not even sure how to express my gratitude.,
d60caa723e42,dialogue,sharedassets0.assets,9008,GivenGift,lineSets[2].lines[1].dialogLine[8].text,What!?····· I like to draw!····· A love fairy can have hobbies too.,
038085e486b5,dialogue,sharedassets0.assets,9008,GivenGift,lineSets[2].lines[1].dialogLine[9].text,···Awwwww!····· You spoil me too much!,
4d8e4974f398,dialogue,sharedassets0.assets,9008,GivenGift,lineSets[2].lines[2].dialogLine[0].text,"Aww yeah!····· Sweet,····· thanks!",
fc7edb7667b8,dialogue,sharedassets0.assets,9008,GivenGift,lineSets[2].lines[2].dialogLine[10].text,"You really like to give people things,····· don't you?",
3602fe471d71,dialogue,sharedassets0.assets,9008,GivenGift,lineSets[2].lines[2].dialogLine[11].text,"Perfect!··············· Even I have to stay in shape.··············· I wouldn't be much of a goddess otherwise, would I?",
409096ec9a4c,dialogue,sharedassets0.assets,9008,GivenGift,lineSets[2].lines[2].dialogLine[1].text,This will do...····· this will definitely do.,
5df03faefb51,dialogue,sharedassets0.assets,9008,GivenGift,lineSets[2].lines[2].dialogLine[2].text,"Awww,·········· you didn't have to go through the trouble.",
a73a9684f77d,dialogue,sharedassets0.assets,9008,GivenGift,lineSets[2].lines[2].dialogLine[3].text,I hope you're not expecting anything in return.,
152956286a73,dialogue,sharedassets0.assets,9008,GivenGift,lineSets[2].lines[2].dialogLine[4].text,"I can't tell you how much I appreciate this,····· honestly.",
fa0b2914fd14,dialogue,sharedassets0.assets,9008,GivenGift,lineSets[2].lines[2].dialogLine[5].text,"Heeeeyy...····· are you trying to like,····· win me over or something with gifts?",
2620bc25944d,dialogue,sharedassets0.assets,9008,GivenGift,lineSets[2].lines[2].dialogLine[6].text,"Awww,·· you didn't have to do that...····· but,····· it certainly doesn't hurt.",
e81127514766,dialogue,sharedassets0.assets,9008,GivenGift,lineSets[2].lines[2].dialogLine[7].text,*aaaacc········*You're too much!············· I'll have to remember to get you something nice.,
d533f00c9b17,dialogue,sharedassets0.assets,9008,GivenGift,lineSets[2].lines[2].dialogLine[8].text,"Ahhhh, this job has it's perks...",
66189853f1c5,dialogue,sharedassets0.assets,9008,GivenGift,lineSets[2].lines[2].dialogLine[9].text,···Thank you thank you!,
a6b6d5c3620a,dialogue,sharedassets0.assets,9008,GivenGift,lineSets[3].label,unique,
f6c9c53e6102,dialogue,sharedassets0.assets,9008,GivenGift,lineSets[3].lines[0].dialogLine[0].text,For real!?············ Oh my god I could kiss you!,
f20cf8fbf1c7,dialogue,sharedassets0.assets,9008,GivenGift,lineSets[3].lines[0].dialogLine[10].text,How on earth did you find this?·····,
83ba099f40e4,dialogue,sharedassets0.assets,9008,GivenGift,lineSets[3].lines[0].dialogLine[11].text,Now this····· is a gift truly worthy of a goddess.,
defdf0834362,dialogue,sharedassets0.assets,9008,GivenGift,lineSets[3].lines[0].dialogLine[1].text,God... you're so racist. *hahahahahaha*,
7f60c68b0f23,dialogue,sharedassets0.assets,9008,GivenGift,lineSets[3].lines[0].dialogLine[2].text,Awww dude!····· This is so cool!,
3da9dfdfa7ff,dialogue,sharedassets0.assets,9008,GivenGift,lineSets[3].lines[0].dialogLine[3].text,"Aw,····· score.·········· You're not as big of a loser as I thought.",
72880eae8502,dialogue,sharedassets0.assets,9008,GivenGift,lineSets[3].lines[0].dialogLine[4].text,Are you sure?····· This is amazing!,
dd2018d73bdd,dialogue,sharedassets0.assets,9008,GivenGift,lineSets[3].lines[0].dialogLine[5].text,Holy shit!·········· Where the fuck did you find this?,
cc6874b86df6,dialogue,sharedassets0.assets,9008,GivenGift,lineSets[3].lines[0].dialogLine[6].text,Ooohh!····· I'm such a sucker for cute holiday decorations.,
394742f54161,dialogue,sharedassets0.assets,9008,GivenGift,lineSets[3].lines[0].dialogLine[7].text,My collection was missing this!·········· Thank you!,
f66904761acf,dialogue,sharedassets0.assets,9008,GivenGift,lineSets[3].lines[0].dialogLine[8].text,"Ughh,··· you have such a filthy mind.····· That's why we get along so well!···*ccmm*",
e716faf8b60b,dialogue,sharedassets0.assets,9008,GivenGift,lineSets[3].lines[0].dialogLine[9].text,···Really?······· Thank you!········ What did I do to deserve it?,
060bccc2c980,dialogue,sharedassets0.assets,9008,GivenGift,lineSets[3].lines[1].dialogLine[0].text,I seriously can't believe you got this for me!····· Thanks!···,
16b5d4389c4c,dialogue,sharedassets0.assets,9008,GivenGift,lineSets[3].lines[1].dialogLine[10].text,What an interesting object...,
c6a0c19f5950,dialogue,sharedassets0.assets,9008,GivenGift,lineSets[3].lines[1].dialogLine[11].text,What a exquisite stone...·········· it's breathtaking!·····,
d16cdaefb62c,dialogue,sharedassets0.assets,9008,GivenGift,lineSets[3].lines[1].dialogLine[1].text,How did you get your hands on this!?,
3db4636aa798,dialogue,sharedassets0.assets,9008,GivenGift,lineSets[3].lines[1].dialogLine[2].text,Get the fuck outta town!····· Really?,
cde685989241,dialogue,sharedassets0.assets,9008,GivenGift,lineSets[3].lines[1].dialogLine[3].text,Niiiiice.·········· How'd you get your hands on this?,
67570b02ee31,dialogue,sharedassets0.assets,9008,GivenGift,lineSets[3].lines[1].dialogLine[4].text,"Wow!·········· You really are something else,····· you know that?",
9f405ea799c6,dialogue,sharedassets0.assets,9008,GivenGift,lineSets[3].lines[1].dialogLine[5].text,"Yooooooo,·········· do you know how many used game stores I've been to looking for this?",
8fe9a83d3258,dialogue,sharedassets0.assets,9008,GivenGift,lineSets[3].lines[1].dialogLine[6].text,"Oh,····· it's adorable!·········· It makes me wish it was December already.",
7d211312d381,dialogue,sharedassets0.assets,9008,GivenGift,lineSets[3].lines[1].dialogLine[7].text,Woooow!...······*cccc*········· Is it··· weird that I collect this stuff?,
07cc2edbf9f1,dialogue,sharedassets0.assets,9008,GivenGift,lineSets[3].lines[1].dialogLine[8].text,"Holy··· shit...······· yeah,··········· I'm definitely taking this for a test drive tonight.",
bb819bcbad21,dialogue,sharedassets0.assets,9008,GivenGift,lineSets[3].lines[1].dialogLine[9].text,···It's the perfectest gift ever!····· How'd you know?,
1894ce26e160,dialogue,sharedassets0.assets,9008,GivenGift,lineSets[3].lines[2].dialogLine[0].text,Soooo······· adorable...············· This is going to make my uniform so much cuter!,
0bba63246463,dialogue,sharedassets0.assets,9008,GivenGift,lineSets[3].lines[2].dialogLine[10].text,"Now this is a peculiar thing,····· isn't it?",
bf490fa1e1ff,dialogue,sharedassets0.assets,9008,GivenGift,lineSets[3].lines[2].dialogLine[11].text,Well done.····· Well done indeed.····· I'm very pleased with this.,
1e77007a95d0,dialogue,sharedassets0.assets,9008,GivenGift,lineSets[3].lines[2].dialogLine[1].text,Wow.····· This is actually a really thoughtful gift.,
969f4d8a6e3a,dialogue,sharedassets0.assets,9008,GivenGift,lineSets[3].lines[2].dialogLine[2].text,Whoa!····· I have been looking everywhere for this!,
2e1e03ad54e3,dialogue,sharedassets0.assets,9008,GivenGift,lineSets[3].lines[2].dialogLine[3].text,Swweeeet.·········· At least you're useful for one thing.,
04dea77a2fc9,dialogue,sharedassets0.assets,9008,GivenGift,lineSets[3].lines[2].dialogLine[4].text,I have always wanted one of these!,
f6b2d7327e2c,dialogue,sharedassets0.assets,9008,GivenGift,lineSets[3].lines[2].dialogLine[5].text,Oh····· shit!····· My collection is missing this.········ You're giving this to me?,
b03ec697b856,dialogue,sharedassets0.assets,9008,GivenGift,lineSets[3].lines[2].dialogLine[6].text,You're the sweetest...····· I'm speechless!,
71ad6818020a,dialogue,sharedassets0.assets,9008,GivenGift,lineSets[3].lines[2].dialogLine[7].text,"Thanks!············· Really,·· I mean it!·········· I love things like this.",
9a824cb6c694,dialogue,sharedassets0.assets,9008,GivenGift,lineSets[3].lines[2].dialogLine[8].text,"Oohhoohhh man,········ I'm definitely gonna get a lot of mileage out of this one.",
0b50d73f4d20,dialogue,sharedassets0.assets,9008,GivenGift,lineSets[3].lines[2].dialogLine[9].text,···Oh my man!····· Yes!····· I love these!,
4a3b92a2acea,dialogue,sharedassets0.assets,9008,GivenGift,lineSets[4].label,hates,
d537d81158ba,dialogue,sharedassets0.assets,9008,GivenGift,lineSets[4].lines[0].dialogLine[0].text,Thanks for the offer but··· that's okay.,
907850b74023,dialogue,sharedassets0.assets,9008,GivenGift,lineSets[4].lines[0].dialogLine[10].text,"I·· appreciate·· the ges···ture,·········· but I'd prefer something a little different.",
77afd757e971,dialogue,sharedassets0.assets,9008,GivenGift,lineSets[4].lines[0].dialogLine[11].text,Is that supposed to be a joke?,
1c46f09a75ad,dialogue,sharedassets0.assets,9008,GivenGift,lineSets[4].lines[0].dialogLine[1].text,*aaaaaaaccc*····· Try again.,
578a33f18a4b,dialogue,sharedassets0.assets,9008,GivenGift,lineSets[4].lines[0].dialogLine[2].text,"That's····· not really my deal,····· you know?",
f82529cbbbd1,dialogue,sharedassets0.assets,9008,GivenGift,lineSets[4].lines[0].dialogLine[3].text,"*hahahaha*·····Uhhh,····· try again.",
1cb71104962d,dialogue,sharedassets0.assets,9008,GivenGift,lineSets[4].lines[0].dialogLine[4].text,"No thanks,····· this isn't really my style.",
6c27b748a0c1,dialogue,sharedassets0.assets,9008,GivenGift,lineSets[4].lines[0].dialogLine[5].text,"I really have no use for this,····· sorry.",
3e58c94063d1,dialogue,sharedassets0.assets,9008,GivenGift,lineSets[4].lines[0].dialogLine[6].text,"Oh,····· you silly goose,·········· what am I going to do with that?",
079ad4f4b691,dialogue,sharedassets0.assets,9008,GivenGift,lineSets[4].lines[0].dialogLine[7].text,"I really appreciate the gesture,·········· but it's just not for me.",
c5aa2cd027f2,dialogue,sharedassets0.assets,9008,GivenGift,lineSets[4].lines[0].dialogLine[8].text,Do you even have the HunieBee anymore?····· It tells you what gifts I like.,
bd99de9a8105,dialogue,sharedassets0.assets,9008,GivenGift,lineSets[4].lines[0].dialogLine[9].text,···Mmmmm...············ I'm not really sure what to do with that.,
4ab7e4ef5ae3,dialogue,sharedassets0.assets,9008,GivenGift,lineSets[4].lines[1].dialogLine[0].text,"I'm not really into that sort of thing,····· sorry.",
ce962654e8d3,dialogue,sharedassets0.assets,9008,GivenGift,lineSets[4].lines[1].dialogLine[10].text,"That is not the type of gift I would have much use for, unfortunately.",
39ea92cb196b,dialogue,sharedassets0.assets,9008,GivenGift,lineSets[4].lines[1].dialogLine[11].text,What····· is····· that?,
d3a7fc291897,dialogue,sharedassets0.assets,9008,GivenGift,lineSets[4].lines[1].dialogLine[1].text,"Come on,····· do you really take me for one of those types?",
187ea70c48fb,dialogue,sharedassets0.assets,9008,GivenGift,lineSets[4].lines[1].dialogLine[2].text,I'm not really into that type of thing.,
73ef35e1e9f2,dialogue,sharedassets0.assets,9008,GivenGift,lineSets[4].lines[1].dialogLine[3].text,Maybe in some other lifetime.,
2c3467b930c5,dialogue,sharedassets0.assets,9008,GivenGift,lineSets[4].lines[1].dialogLine[4].text,"It's really nice,····· but····· I just don't think it's for me.····· Sorry!",
6f30a7c1f956,dialogue,sharedassets0.assets,9008,GivenGift,lineSets[4].lines[1].dialogLine[5].text,"Not really my thing,····· soooo,····· yeeeah...···",
8fa0583a44b3,dialogue,sharedassets0.assets,9008,GivenGift,lineSets[4].lines[1].dialogLine[6].text,Mmmm...····· I was hoping for something a little bit nicer.,
8c60b2dcbc21,dialogue,sharedassets0.assets,9008,GivenGift,lineSets[4].lines[1].dialogLine[7].text,"I'm really sorry,·········· but····· I don't think I would get much use out of that.",
cc9226664171,dialogue,sharedassets0.assets,9008,GivenGift,lineSets[4].lines[1].dialogLine[8].text,*aaacc*·····Get with the program.····· We only like certain gifts!,
200320501f99,dialogue,sharedassets0.assets,9008,GivenGift,lineSets[4].lines[1].dialogLine[9].text,"···That's okay, you keep it!",
41000416788c,dialogue,sharedassets0.assets,9008,GivenGift,lineSets[4].lines[2].dialogLine[0].text,Oh...····· no thanks.,
86109b0bd550,dialogue,sharedassets0.assets,9008,GivenGift,lineSets[4].lines[2].dialogLine[10].text,Why don't you keep that for someone else?,
819b5ac3bb0c,dialogue,sharedassets0.assets,9008,GivenGift,lineSets[4].lines[2].dialogLine[11].text,Get it out of my sight.,
97097238fb42,dialogue,sharedassets0.assets,9008,GivenGift,lineSets[4].lines[2].dialogLine[1].text,That's·· quite alright.,
874aa7fc1226,dialogue,sharedassets0.assets,9008,GivenGift,lineSets[4].lines[2].dialogLine[2].text,"Uhhhh...····· not really my style.····· But,····· thanks for the thought.",
4bf7a662093e,dialogue,sharedassets0.assets,9008,GivenGift,lineSets[4].lines[2].dialogLine[3].text,"Oh,····· my favorite!····· NOT!",
64f20028a18c,dialogue,sharedassets0.assets,9008,GivenGift,lineSets[4].lines[2].dialogLine[4].text,Uhhhhh...····· perhaps somebody else would enjoy this more?,
3b5d772e439e,dialogue,sharedassets0.assets,9008,GivenGift,lineSets[4].lines[2].dialogLine[5].text,"You·· didn't think I was gonna be into that,····· right?",
531c48ed0bc2,dialogue,sharedassets0.assets,9008,GivenGift,lineSets[4].lines[2].dialogLine[6].text,"Come··· on,············· you know me better than that.····· Don't you?",
61b120aac47b,dialogue,sharedassets0.assets,9008,GivenGift,lineSets[4].lines[2].dialogLine[7].text,I wouldn't know what to do with this.·········· I hope you didn't go through much trouble!,
ab3333ca37d6,dialogue,sharedassets0.assets,9008,GivenGift,lineSets[4].lines[2].dialogLine[8].text,...aaand··· what exactly am I supposed to do with...·· that?,
5cfa7a428fd4,dialogue,sharedassets0.assets,9008,GivenGift,lineSets[4].lines[2].dialogLine[9].text,"···Oh,····· uhhh...····· did you mean that for someone else?",
e3849aa966c1,dialogue,sharedassets0.assets,9008,GivenGift,lineSets[5].label,chain,
c04b6c0c31c6,dialogue,sharedassets0.assets,9008,GivenGift,lineSets[5].lines[0].dialogLine[8].text,"Niiiiicccee.········*aaacc*····· I know what I'm doing today.····· Here,··· you can have this··· thing,····· whatever it is.",
68bc91f17c2c,dialogue,sharedassets0.assets,9009,Greeting,lineSets[0].label,morning,
9812eb44551a,dialogue,sharedassets0.assets,9009,Greeting,lineSets[0].lines[0].dialogLine[0].text,Good Morning!,
ae87a7afeede,dialogue,sharedassets0.assets,9009,Greeting,lineSets[0].lines[0].dialogLine[11].text,Good Morning.,
01fb1fa83828,dialogue,sharedassets0.assets,9009,Greeting,lineSets[0].lines[0].dialogLine[1].text,"*aaaaaaaaaaacc*··· Oh boy...·········· same shit different day, eh?",
c17448185d77,dialogue,sharedassets0.assets,9009,Greeting,lineSets[0].lines[0].dialogLine[2].text,Good morning!····· Ready to get to work?,
ae158ff8867d,dialogue,sharedassets0.assets,9009,Greeting,lineSets[0].lines[0].dialogLine[3].text,Oh...····· hey.,
1370d5b51ee8,dialogue,sharedassets0.assets,9009,Greeting,lineSets[0].lines[0].dialogLine[4].text,Good Morning.,
04303ea5fdd9,dialogue,sharedassets0.assets,9009,Greeting,lineSets[0].lines[0].dialogLine[5].text,"Welcome to...····· oh,····· it's·· you.",
db6dfdeb6b28,dialogue,sharedassets0.assets,9009,Greeting,lineSets[0].lines[0].dialogLine[6].text,Hiii!····· So good to see you.,
319a33366475,dialogue,sharedassets0.assets,9009,Greeting,lineSets[0].lines[0].dialogLine[7].text,"Hi!····················· Beautiful morning,····· isn't it?",
1b8b7e884d15,dialogue,sharedassets0.assets,9009,Greeting,lineSets[0].lines[0].dialogLine[8].text,"Good,····· you're up.····· Now get to hustlin'!",
b362af604646,dialogue,sharedassets0.assets,9009,Greeting,lineSets[0].lines[0].dialogLine[9].text,···Good morning!····· I hope you slept well.,
46a209790e82,dialogue,sharedassets0.assets,9009,Greeting,lineSets[0].lines[1].dialogLine[0].text,Hey!····· I didn't expect to see you here this early.,
91e2f01f6940,dialogue,sharedassets0.assets,9009,Greeting,lineSets[0].lines[1].dialogLine[11].text,There you are...,
5060ac4116b4,dialogue,sharedassets0.assets,9009,Greeting,lineSets[0].lines[1].dialogLine[1].text,Mornin'.,
202999073b90,dialogue,sharedassets0.assets,9009,Greeting,lineSets[0].lines[1].dialogLine[2].text,Glad you're here!····· I need a workout buddy.,
d3a684b7b466,dialogue,sharedassets0.assets,9009,Greeting,lineSets[0].lines[1].dialogLine[3].text,Oh...····· hey.,
5bcc5604dc35,dialogue,sharedassets0.assets,9009,Greeting,lineSets[0].lines[1].dialogLine[4].text,And how are we doing this morning?,
e12e861f22d5,dialogue,sharedassets0.assets,9009,Greeting,lineSets[0].lines[1].dialogLine[5].text,"Hi,····· can I get you something?",
8fbdd1f51931,dialogue,sharedassets0.assets,9009,Greeting,lineSets[0].lines[1].dialogLine[6].secondaryText,Morning beautiful.,
649fcc86518a,dialogue,sharedassets0.assets,9009,Greeting,lineSets[0].lines[1].dialogLine[6].text,Morning handsome.,
bb65269b058e,dialogue,sharedassets0.assets,9009,Greeting,lineSets[0].lines[1].dialogLine[7].text,Good morning!,
a937b705c2cb,dialogue,sharedassets0.assets,9009,Greeting,lineSets[0].lines[1].dialogLine[8].text,I wanna see you workin' out there today!,
fdc89819ea11,dialogue,sharedassets0.assets,9009,Greeting,lineSets[0].lines[1].dialogLine[9].text,···Mmmmm...·········· I wonder what I should do today...,
0109bfa28218,dialogue,sharedassets0.assets,9009,Greeting,lineSets[0].lines[2].dialogLine[0].text,*aaaaccc*·····Mmmm...····· gonna be a tired kinda day.,
e6b2f0446ff7,dialogue,sharedassets0.assets,9009,Greeting,lineSets[0].lines[2].dialogLine[11].text,"Gorgeous day,····· is it not?",
fe40424a8db1,dialogue,sharedassets0.assets,9009,Greeting,lineSets[0].lines[2].dialogLine[1].text,*aaaaaacc*··· I was up way too late last night.,
be47f0148224,dialogue,sharedassets0.assets,9009,Greeting,lineSets[0].lines[2].dialogLine[2].text,Whew!····· Today's been a good day!,
29bc1ef4b671,dialogue,sharedassets0.assets,9009,Greeting,lineSets[0].lines[2].dialogLine[3].text,Oh...····· hey.,
631ca4162828,dialogue,sharedassets0.assets,9009,Greeting,lineSets[0].lines[2].dialogLine[4].text,Come to get your morning pick-me-up as well?,
781321c1c065,dialogue,sharedassets0.assets,9009,Greeting,lineSets[0].lines[2].dialogLine[5].text,*aaaaaaaacc*····· Mmmhmm...?,
e186a87be379,dialogue,sharedassets0.assets,9009,Greeting,lineSets[0].lines[2].dialogLine[6].text,"Well,····· if it isn't the love of my life!",
b32a80882849,dialogue,sharedassets0.assets,9009,Greeting,lineSets[0].lines[2].dialogLine[7].text,*aaaaaacccc*·····Today is going to be a good day.,
8fdc872ee835,dialogue,sharedassets0.assets,9009,Greeting,lineSets[0].lines[2].dialogLine[8].text,Let's get it goin'!····· These broads aren't gonna date themselves.,
283972da9485,dialogue,sharedassets0.assets,9009,Greeting,lineSets[0].lines[2].dialogLine[9].text,···Morning!···*hahahaha*,
c4baaacda0b8,dialogue,sharedassets0.assets,9009,Greeting,lineSets[1].label,afternoon,
2e455f04363d,dialogue,sharedassets0.assets,9009,Greeting,lineSets[1].lines[0].dialogLine[0].text,Hey you!,
56911bbe9d89,dialogue,sharedassets0.assets,9009,Greeting,lineSets[1].lines[0].dialogLine[11].text,Oh...····· Hello.,
8b15af4d307e,dialogue,sharedassets0.assets,9009,Greeting,lineSets[1].lines[0].dialogLine[1].text,Hey hot stuff.,
4588c664579d,dialogue,sharedassets0.assets,9009,Greeting,lineSets[1].lines[0].dialogLine[2].text,"Hey dude,····· what's up?",
d30f1eb0e344,dialogue,sharedassets0.assets,9009,Greeting,lineSets[1].lines[0].dialogLine[3].secondaryText,"Oh god, ·····this chick?",
fc59b87ae5a3,dialogue,sharedassets0.assets,9009,Greeting,lineSets[1].lines[0].dialogLine[3].text,"Oh god, ·····this guy?",
cd5210e67056,dialogue,sharedassets0.assets,9009,Greeting,lineSets[1].lines[0].dialogLine[4].text,So good to see you again.,
99536a7b3a97,dialogue,sharedassets0.assets,9009,Greeting,lineSets[1].lines[0].dialogLine[5].text,Hey.,
c60bfd600526,dialogue,sharedassets0.assets,9009,Greeting,lineSets[1].lines[0].dialogLine[6].secondaryText,How's my number one girl doing this afternoon?,
a3dbb6ce9f8a,dialogue,sharedassets0.assets,9009,Greeting,lineSets[1].lines[0].dialogLine[6].text,How's my number one guy doing this afternoon?,
f2cd1b62f0f5,dialogue,sharedassets0.assets,9009,Greeting,lineSets[1].lines[0].dialogLine[7].text,Hey!·········· I'm glad I ran into you.,
081a05e810f8,dialogue,sharedassets0.assets,9009,Greeting,lineSets[1].lines[0].dialogLine[8].text,What up playa?,
b80a6ae19370,dialogue,sharedassets0.assets,9009,Greeting,lineSets[1].lines[0].dialogLine[9].text,···Hello!,
1e7993461ffd,dialogue,sharedassets0.assets,9009,Greeting,lineSets[1].lines[1].dialogLine[0].text,Hello!····· What's happening?,
00bfdbe85e49,dialogue,sharedassets0.assets,9009,Greeting,lineSets[1].lines[1].dialogLine[11].text,"How peculiar,··············· I was just thinking about you.",
3216b1c0e4e7,dialogue,sharedassets0.assets,9009,Greeting,lineSets[1].lines[1].dialogLine[1].text,"Thank god, somebody I like.······· Well,··· somebody I can tolerate. *hahahahaha*",
32e0d8f6265d,dialogue,sharedassets0.assets,9009,Greeting,lineSets[1].lines[1].dialogLine[2].text,Hello!····· What can I do for you?,
13f945cb1796,dialogue,sharedassets0.assets,9009,Greeting,lineSets[1].lines[1].dialogLine[3].text,Oh...····· hey.,
51a52ecc9cf9,dialogue,sharedassets0.assets,9009,Greeting,lineSets[1].lines[1].dialogLine[4].text,Hello!····· This is a pleasant surprise.,
61508d9a5a8a,dialogue,sharedassets0.assets,9009,Greeting,lineSets[1].lines[1].dialogLine[5].text,"Hm?······· Oh,····· hey,······· what are you doing here?",
c307dec6a990,dialogue,sharedassets0.assets,9009,Greeting,lineSets[1].lines[1].dialogLine[6].text,"*cc*Mmmm,····· lucky me running into you like this!",
d98bb4d60082,dialogue,sharedassets0.assets,9009,Greeting,lineSets[1].lines[1].dialogLine[7].text,Hello again.·········· How's your day going?,
79f41b107474,dialogue,sharedassets0.assets,9009,Greeting,lineSets[1].lines[1].dialogLine[8].secondaryText,There she is!,
e01022844a75,dialogue,sharedassets0.assets,9009,Greeting,lineSets[1].lines[1].dialogLine[8].text,There he is!,
619fc7ac54e2,dialogue,sharedassets0.assets,9009,Greeting,lineSets[1].lines[1].dialogLine[9].text,···Hi hi!,
bc40c25d3d72,dialogue,sharedassets0.assets,9009,Greeting,lineSets[1].lines[2].dialogLine[0].text,Hiya!,
d91b6ec79b84,dialogue,sharedassets0.assets,9009,Greeting,lineSets[1].lines[2].dialogLine[11].text,*aa*··*aacc*················ Good to see you again...,
4e83d094efef,dialogue,sharedassets0.assets,9009,Greeting,lineSets[1].lines[2].dialogLine[1].text,"Great,····· you can entertain me.····· Soooooooo bored.",
e38f75392f39,dialogue,sharedassets0.assets,9009,Greeting,lineSets[1].lines[2].dialogLine[2].text,"Oh,····· hi,····· didn't see you there.····· How's things?",
b0390d279e77,dialogue,sharedassets0.assets,9009,Greeting,lineSets[1].lines[2].dialogLine[3].text,"I'm kind of busy,····· so make it quick.",
8e21086280a6,dialogue,sharedassets0.assets,9009,Greeting,lineSets[1].lines[2].dialogLine[4].text,Now here's a familiar face.,
6224eb7448a8,dialogue,sharedassets0.assets,9009,Greeting,lineSets[1].lines[2].dialogLine[5].text,What's going on?,
5821b3835194,dialogue,sharedassets0.assets,9009,Greeting,lineSets[1].lines[2].dialogLine[6].text,Oh my god!········ Come over here and give me a hug!,
3f52d6cf83db,dialogue,sharedassets0.assets,9009,Greeting,lineSets[1].lines[2].dialogLine[7].text,Enjoying the great weather today?,
1dddaf496508,dialogue,sharedassets0.assets,9009,Greeting,lineSets[1].lines[2].dialogLine[8].text,What's crackin'?,
6e43d778dec6,dialogue,sharedassets0.assets,9009,Greeting,lineSets[1].lines[2].dialogLine[9].text,···Oh! I'm glad you're here master!,
0eb82be1def5,dialogue,sharedassets0.assets,9009,Greeting,lineSets[2].label,evening,
c62fcb8e0c06,dialogue,sharedassets0.assets,9009,Greeting,lineSets[2].lines[0].dialogLine[0].text,"Oh,····· hi!····· How's it going?",
37f37500c37b,dialogue,sharedassets0.assets,9009,Greeting,lineSets[2].lines[0].dialogLine[10].text,Greetings.····· How are you?,
62f7d3ac6745,dialogue,sharedassets0.assets,9009,Greeting,lineSets[2].lines[0].dialogLine[11].text,Good Evening.,
b211e4b17925,dialogue,sharedassets0.assets,9009,Greeting,lineSets[2].lines[0].dialogLine[1].text,Fuck.····· Yes.······· I'm done teaching for the day.········ Let's do anything!,
ec4671d24ae8,dialogue,sharedassets0.assets,9009,Greeting,lineSets[2].lines[0].dialogLine[2].text,Good to see you!····· How ya holdin' up?,
4c7e8a6393bc,dialogue,sharedassets0.assets,9009,Greeting,lineSets[2].lines[0].dialogLine[3].text,You··· again...?,
89246c0246e9,dialogue,sharedassets0.assets,9009,Greeting,lineSets[2].lines[0].dialogLine[4].text,Good Evening.,
452f52979a96,dialogue,sharedassets0.assets,9009,Greeting,lineSets[2].lines[0].dialogLine[5].text,What's up?,
4757ff9c2755,dialogue,sharedassets0.assets,9009,Greeting,lineSets[2].lines[0].dialogLine[6].text,"Awww,······· have you come to see me?",
cd4fa00d7046,dialogue,sharedassets0.assets,9009,Greeting,lineSets[2].lines[0].dialogLine[7].text,*aaaacc*·····So good to see you!,
fb0ea4e83942,dialogue,sharedassets0.assets,9009,Greeting,lineSets[2].lines[0].dialogLine[8].text,How ya holdin' up champ?,
6bf608dc2cc3,dialogue,sharedassets0.assets,9009,Greeting,lineSets[2].lines[0].dialogLine[9].text,"···Awwww,····· did you come to see me? Hmm? Hmm?",
ab5acc3b6415,dialogue,sharedassets0.assets,9009,Greeting,lineSets[2].lines[1].dialogLine[0].text,Ahhh...····· feels good to be done with classes for the day.,
66831cfe22d0,dialogue,sharedassets0.assets,9009,Greeting,lineSets[2].lines[1].dialogLine[10].text,It's a pleasure to see you again.,
603b82633378,dialogue,sharedassets0.assets,9009,Greeting,lineSets[2].lines[1].dialogLine[11].text,Good...·········· I was wondering when you might show up.,
7abe34443a18,dialogue,sharedassets0.assets,9009,Greeting,lineSets[2].lines[1].dialogLine[1].text,I don't know what I'm doing here.······· I need a nap...,
8273b4e36db1,dialogue,sharedassets0.assets,9009,Greeting,lineSets[2].lines[1].dialogLine[2].text,"Hey!··········· Weird,········ I was just thinking about you.",
5d6d5b801e80,dialogue,sharedassets0.assets,9009,Greeting,lineSets[2].lines[1].dialogLine[3].text,Are you like following me around or something?,
7572f5c4f72d,dialogue,sharedassets0.assets,9009,Greeting,lineSets[2].lines[1].dialogLine[4].text,Hey!····· Imagine running into you here!,
ed6ae4406ddf,dialogue,sharedassets0.assets,9009,Greeting,lineSets[2].lines[1].dialogLine[5].text,··················Good to see you...,
7f83fd6ae3cb,dialogue,sharedassets0.assets,9009,Greeting,lineSets[2].lines[1].dialogLine[6].text,Mmmm!····· I've missed you!,
597f5d87fcb9,dialogue,sharedassets0.assets,9009,Greeting,lineSets[2].lines[1].dialogLine[7].text,"Oh,····· hi!·········· What a pleasant surprise!",
e7bd6b973b95,dialogue,sharedassets0.assets,9009,Greeting,lineSets[2].lines[1].dialogLine[8].secondaryText,How's it poppin' girlfriend?,
78aaa480c0df,dialogue,sharedassets0.assets,9009,Greeting,lineSets[2].lines[1].dialogLine[8].text,How's it poppin' my man?,
6601c62936c0,dialogue,sharedassets0.assets,9009,Greeting,lineSets[2].lines[1].dialogLine[9].text,···Good Evening!,
13fb6f77086f,dialogue,sharedassets0.assets,9009,Greeting,lineSets[2].lines[2].dialogLine[0].text,Hi!····· Funny running into you here.,
39eb1dc0e689,dialogue,sharedassets0.assets,9009,Greeting,lineSets[2].lines[2].dialogLine[10].text,"Oh,····· hello.····· I didn't expect to see you here at this time.",
1675926b14dc,dialogue,sharedassets0.assets,9009,Greeting,lineSets[2].lines[2].dialogLine[11].text,How are you this evening?,
4dab215de4f0,dialogue,sharedassets0.assets,9009,Greeting,lineSets[2].lines[2].dialogLine[1].text,"Hey, you!",
be0516cc63be,dialogue,sharedassets0.assets,9009,Greeting,lineSets[2].lines[2].dialogLine[2].text,*aaaacc*·····What a day.····· I need to unwind.,
4766974810e9,dialogue,sharedassets0.assets,9009,Greeting,lineSets[2].lines[2].dialogLine[3].text,"Umm,····· is there something I can help you with?",
2f8e3a4ae842,dialogue,sharedassets0.assets,9009,Greeting,lineSets[2].lines[2].dialogLine[4].secondaryText,"Hello,·· beautiful.",
5b07e3302089,dialogue,sharedassets0.assets,9009,Greeting,lineSets[2].lines[2].dialogLine[4].text,"Hello,·· handsome.",
d042da6777cb,dialogue,sharedassets0.assets,9009,Greeting,lineSets[2].lines[2].dialogLine[5].text,Hello.,
3364923518a5,dialogue,sharedassets0.assets,9009,Greeting,lineSets[2].lines[2].dialogLine[6].text,Hey baby...····· you look soooo hot right now.,
27db300d8b12,dialogue,sharedassets0.assets,9009,Greeting,lineSets[2].lines[2].dialogLine[7].text,"Hey,·········· how is everything?",
cc79b278258b,dialogue,sharedassets0.assets,9009,Greeting,lineSets[2].lines[2].dialogLine[8].text,What it doooo?,
634410621198,dialogue,sharedassets0.assets,9009,Greeting,lineSets[2].lines[2].dialogLine[9].text,···It's good to see you master!,
71c9fb0284c4,dialogue,sharedassets0.assets,9009,Greeting,lineSets[3].label,night,
af9e7e106682,dialogue,sharedassets0.assets,9009,Greeting,lineSets[3].lines[0].dialogLine[0].text,"Aw,····· hey,····· thanks for showing up!",
265dcb9cff9f,dialogue,sharedassets0.assets,9009,Greeting,lineSets[3].lines[0].dialogLine[10].text,"You came.····· Great,·········· what do you want to do tonight?",
4f4a38380ccf,dialogue,sharedassets0.assets,9009,Greeting,lineSets[3].lines[0].dialogLine[11].text,Come to try and work your·· magic····· on me?,
5c1405a14407,dialogue,sharedassets0.assets,9009,Greeting,lineSets[3].lines[0].dialogLine[1].text,Hey there!····· You're still out?····· Isn't it past your curfew?,
44bee0e9aefa,dialogue,sharedassets0.assets,9009,Greeting,lineSets[3].lines[0].dialogLine[2].text,Ohh··· shiiiit!········ You're here too?····· Cool man!,
75f443c1a4c9,dialogue,sharedassets0.assets,9009,Greeting,lineSets[3].lines[0].dialogLine[3].text,"Hey!····· I'm right here,····· are you blind?",
c76cb00f8323,dialogue,sharedassets0.assets,9009,Greeting,lineSets[3].lines[0].dialogLine[4].text,"Oh,····· Hi!····· I'm glad you showed up.",
a634ea4891fd,dialogue,sharedassets0.assets,9009,Greeting,lineSets[3].lines[0].dialogLine[5].text,You're still out?,
eaeb8b64aece,dialogue,sharedassets0.assets,9009,Greeting,lineSets[3].lines[0].dialogLine[6].secondaryText,Oh goodie!····· My sexy girlfriend is here.,
54dcdf4461fd,dialogue,sharedassets0.assets,9009,Greeting,lineSets[3].lines[0].dialogLine[6].text,Oh goodie!····· My sexy boyfriend is here.,
5f4e58a45c11,dialogue,sharedassets0.assets,9009,Greeting,lineSets[3].lines[0].dialogLine[7].text,Wow.·········· I didn't expect to run into anybody here.,
b28ac3f30eff,dialogue,sharedassets0.assets,9009,Greeting,lineSets[3].lines[0].dialogLine[8].text,You hangin' in there pal?,
5efe33fbeb8e,dialogue,sharedassets0.assets,9009,Greeting,lineSets[3].lines[0].dialogLine[9].text,···Hi!····· I missed you today!,
cdf6fd222d1a,dialogue,sharedassets0.assets,9009,Greeting,lineSets[3].lines[1].dialogLine[0].text,"Oh man,····· this is so my jam right now!",
1717a2fd3523,dialogue,sharedassets0.assets,9009,Greeting,lineSets[3].lines[1].dialogLine[10].text,There you are.········ I'm glad you could make it.,
37d8fde221d6,dialogue,sharedassets0.assets,9009,Greeting,lineSets[3].lines[1].dialogLine[11].text,Excellent.········ You're still around.,
975d27e615dc,dialogue,sharedassets0.assets,9009,Greeting,lineSets[3].lines[1].dialogLine[1].text,Oh!!·········· Shiiiiit...············· don't sneak up on me like that!,
3e2e55e544c6,dialogue,sharedassets0.assets,9009,Greeting,lineSets[3].lines[1].dialogLine[2].text,Look who's here!····· Glad you could show up.,
a17c3e6f60ce,dialogue,sharedassets0.assets,9009,Greeting,lineSets[3].lines[1].dialogLine[3].text,"Ughh, ·····there you are. ·····Could you have taken any longer?",
99b8adf9d3e9,dialogue,sharedassets0.assets,9009,Greeting,lineSets[3].lines[1].dialogLine[4].text,"Great,····· you're here!",
7866ad8197a6,dialogue,sharedassets0.assets,9009,Greeting,lineSets[3].lines[1].dialogLine[5].text,What are you up to this late?,
2d4aee67b918,dialogue,sharedassets0.assets,9009,Greeting,lineSets[3].lines[1].dialogLine[6].secondaryText,Hiii momma...,
24a774efc358,dialogue,sharedassets0.assets,9009,Greeting,lineSets[3].lines[1].dialogLine[6].text,Hiii daddy...,
88a3bb8f089e,dialogue,sharedassets0.assets,9009,Greeting,lineSets[3].lines[1].dialogLine[7].text,Such a peaceful night tonight...,
10cb01b86499,dialogue,sharedassets0.assets,9009,Greeting,lineSets[3].lines[1].dialogLine[8].text,Lookin' sharp boss!,
d3e16bb929df,dialogue,sharedassets0.assets,9009,Greeting,lineSets[3].lines[1].dialogLine[9].text,···How are you?····· I hope you had a good day today!,
c1301695c856,dialogue,sharedassets0.assets,9009,Greeting,lineSets[3].lines[2].dialogLine[0].text,Oh my god!····· Hi!,
029769b35f95,dialogue,sharedassets0.assets,9009,Greeting,lineSets[3].lines[2].dialogLine[10].text,Hi.·········· Thank you for coming to visit me.,
12ddbdcefbd3,dialogue,sharedassets0.assets,9009,Greeting,lineSets[3].lines[2].dialogLine[11].text,Hello again.······· Productive day?,
67ce1c671e67,dialogue,sharedassets0.assets,9009,Greeting,lineSets[3].lines[2].dialogLine[1].text,You're still prowling around?,
4ea23210f5d4,dialogue,sharedassets0.assets,9009,Greeting,lineSets[3].lines[2].dialogLine[2].text,Oh my god!··· Hi!,
8020eb219cb2,dialogue,sharedassets0.assets,9009,Greeting,lineSets[3].lines[2].dialogLine[3].text,I had a feeling you were gonna show up.,
f675b15c11e0,dialogue,sharedassets0.assets,9009,Greeting,lineSets[3].lines[2].dialogLine[4].text,"Hi!········ Come,····· sit down with me.",
5d66028502a6,dialogue,sharedassets0.assets,9009,Greeting,lineSets[3].lines[2].dialogLine[5].text,"Ummm,····· hi.",
65df114f2402,dialogue,sharedassets0.assets,9009,Greeting,lineSets[3].lines[2].dialogLine[6].text,"Hey·· you,············ I'm glad you're here!········ Nobody wants to buy me a drink...",
1a05b3879c40,dialogue,sharedassets0.assets,9009,Greeting,lineSets[3].lines[2].dialogLine[7].text,"Ohhh!·············*hahahahahaha*········ Sorry,····· sorry.·········· You scared me for a second.",
3598ad5b76b7,dialogue,sharedassets0.assets,9009,Greeting,lineSets[3].lines[2].dialogLine[8].text,"Yo,····· how's it goin'?····· I wanna hear good things.",
e094208cb80e,dialogue,sharedassets0.assets,9009,Greeting,lineSets[3].lines[2].dialogLine[9].text,···*aaaaaaaaaaa*··········I'm pooped...··· Is it bed time yet?,
0cb496fc6a11,dialogue,sharedassets0.assets,9009,Greeting,lineSets[4].label,sex,
9684438fb957,dialogue,sharedassets0.assets,9009,Greeting,lineSets[4].lines[0].dialogLine[0].text,"Morning,····· sleepy head!",
1632bfd046fc,dialogue,sharedassets0.assets,9009,Greeting,lineSets[4].lines[0].dialogLine[10].text,I appears I may have underestimated human sexual capacity.,
b068d0ea7488,dialogue,sharedassets0.assets,9009,Greeting,lineSets[4].lines[0].dialogLine[11].text,It appears·· I owe Kyu·· an·· apology.············ She was right about you after all...,
4fe7ba0253eb,dialogue,sharedassets0.assets,9009,Greeting,lineSets[4].lines[0].dialogLine[1].text,*aaaaaaaacc*·········· Not baaaaaaad...····················· But I'll have to give you some pointers next time.,
7f123c8939db,dialogue,sharedassets0.assets,9009,Greeting,lineSets[4].lines[0].dialogLine[2].text,Uhhh...··*hahaha*······· hi...,
5ea285b82163,dialogue,sharedassets0.assets,9009,Greeting,lineSets[4].lines[0].dialogLine[3].text,You better not tell anybody I was here!,
fcbfbcc908bf,dialogue,sharedassets0.assets,9009,Greeting,lineSets[4].lines[0].dialogLine[4].text,Morning.····· Sleep well?,
3de3292fa01f,dialogue,sharedassets0.assets,9009,Greeting,lineSets[4].lines[0].dialogLine[5].text,"*hahahahahaha*····· Uh, Hi...",
b6f4ff2a3d66,dialogue,sharedassets0.assets,9009,Greeting,lineSets[4].lines[0].dialogLine[6].text,*cccccccc*·····Do we really have to get up?····· Let's just stay in bed...,
100b6037405a,dialogue,sharedassets0.assets,9009,Greeting,lineSets[4].lines[0].dialogLine[7].text,Good morning...·····*hahahaha*,
0402cd560357,dialogue,sharedassets0.assets,9009,Greeting,lineSets[4].lines[0].dialogLine[8].text,Well!·····*aaacc*····· At least I know I don't have to teach you anything about THAT!,
94fc500a72ba,dialogue,sharedassets0.assets,9009,Greeting,lineSets[4].lines[0].dialogLine[9].text,···Hey sleepy head!·· Get out of bed!·····,
85a1287510be,dialogue,sharedassets0.assets,9009,Greeting,lineSets[4].lines[1].dialogLine[0].text,You know you snore like a wild bear?··*hehehe*·······*hh*···,
804daf194179,dialogue,sharedassets0.assets,9009,Greeting,lineSets[4].lines[1].dialogLine[10].text,I could become accustomed to this...····· there's no hurry to get back home.,
1134daf6e166,dialogue,sharedassets0.assets,9009,Greeting,lineSets[4].lines[1].dialogLine[11].text,You are everything I had hoped you would be...,
d691f692206e,dialogue,sharedassets0.assets,9009,Greeting,lineSets[4].lines[1].dialogLine[1].secondaryText,Morning... you sexy thing you.,
2d208167f4b2,dialogue,sharedassets0.assets,9009,Greeting,lineSets[4].lines[1].dialogLine[1].text,Morning...·· big guy.,
388eb39e506f,dialogue,sharedassets0.assets,9009,Greeting,lineSets[4].lines[1].dialogLine[2].text,Morning!····· Thanks for letting me stay over last night.,
51353328e53d,dialogue,sharedassets0.assets,9009,Greeting,lineSets[4].lines[1].dialogLine[3].text,"I...····· uhhh...····· whatever!····· Move,····· I need to get ready.",
1f5a1e499581,dialogue,sharedassets0.assets,9009,Greeting,lineSets[4].lines[1].dialogLine[4].text,*hahahahaha*·····I think I'm still a little sore from last night.,
715c1f50e9ce,dialogue,sharedassets0.assets,9009,Greeting,lineSets[4].lines[1].dialogLine[5].text,Morning...··············· what?·········· What's that look about?,
d9bcaa2943d0,dialogue,sharedassets0.assets,9009,Greeting,lineSets[4].lines[1].dialogLine[6].text,Wow!·····*hmmm*······· I underestimated you last night.······· I usually have to fake it.,
4351c8116009,dialogue,sharedassets0.assets,9009,Greeting,lineSets[4].lines[1].dialogLine[7].text,*cccccccc*·····Your bed is like a dream.····· I feel so rested and relaxed.,
40f0caeb0cb6,dialogue,sharedassets0.assets,9009,Greeting,lineSets[4].lines[1].dialogLine[8].text,"Sooo,····· fairies?········ Better than human girls,····· am I right or am I right?",
2b130e00b527,dialogue,sharedassets0.assets,9009,Greeting,lineSets[4].lines[1].dialogLine[9].text,···Good morning...····· I like seeing your face when I wake up.,
7b73d0310851,dialogue,sharedassets0.assets,9009,Greeting,lineSets[4].lines[2].dialogLine[0].text,I like your bed...····· I wish I could have a lazy day and sleep in today...,
3a493183beae,dialogue,sharedassets0.assets,9009,Greeting,lineSets[4].lines[2].dialogLine[10].text,"I apologize if I lost my composure last night.····· You just,············· do things to me...···",
085552f95559,dialogue,sharedassets0.assets,9009,Greeting,lineSets[4].lines[2].dialogLine[11].secondaryText,"In·· all·· my·· years,·········· I never thought I'd meet the woman that was truly worthy of me...",
62c42fcd89d0,dialogue,sharedassets0.assets,9009,Greeting,lineSets[4].lines[2].dialogLine[11].text,"In·· all·· my·· years,·········· I never thought I'd meet the man that was truly worthy of me...",
5e47781b3896,dialogue,sharedassets0.assets,9009,Greeting,lineSets[4].lines[2].dialogLine[1].text,*hahahahaha*····· It took forever to find my bra this morning.····· How did it end up across the room?,
dc80916ab529,dialogue,sharedassets0.assets,9009,Greeting,lineSets[4].lines[2].dialogLine[2].text,"Okay,····· we········ definitely········ have to do that again...····· soon.",
d5652e5b6ac3,dialogue,sharedassets0.assets,9009,Greeting,lineSets[4].lines[2].dialogLine[3].text,"Hey,·········· we can hang out again,····· like this.········ Or whatever,····· I don't care.····· Do what you want.",
42347ccd4e54,dialogue,sharedassets0.assets,9009,Greeting,lineSets[4].lines[2].dialogLine[4].text,I had a··· re*eeee*ally good time last night.·········· Feel free to invite me out again anytime.,
9511a6aa355d,dialogue,sharedassets0.assets,9009,Greeting,lineSets[4].lines[2].dialogLine[5].text,Hey...····· last night was really nice.··············· I'm glad I stayed over...,
f870664af117,dialogue,sharedassets0.assets,9009,Greeting,lineSets[4].lines[2].dialogLine[6].text,"*hahahaha*···*hah*···You realize,····· this makes you my official plaything,····· hmm?",
ab1c4c544cfa,dialogue,sharedassets0.assets,9009,Greeting,lineSets[4].lines[2].dialogLine[7].text,"Hey...············· *aa*ummmmm,··············· last night was...············· I don't know...·········· I don't even have words for it...··········*hahahaha*",
23f8535b083c,dialogue,sharedassets0.assets,9009,Greeting,lineSets[4].lines[2].dialogLine[8].text,*aaaaccc*·····Thanks for the sex homie.,
6312cca2e498,dialogue,sharedassets0.assets,9009,Greeting,lineSets[4].lines[2].dialogLine[9].text,···*aaaaaaaacccccc*·············Awwww is it morning already?·····,
367e4840797e,dialogue,sharedassets0.assets,9010,InventoryFull,lineSets[0].label,inventory full,
8ec8c71e4303,dialogue,sharedassets0.assets,9010,InventoryFull,lineSets[0].lines[0].dialogLine[0].text,"Man,········ you have····· a lot of stuff!··············· Don't you want to make some room in your inventory?",
a2d9611bfa64,dialogue,sharedassets0.assets,9010,InventoryFull,lineSets[0].lines[0].dialogLine[10].text,·····It appears your inventory has too many things in it.····· Anything you can part with?,
93ce9c644270,dialogue,sharedassets0.assets,9010,InventoryFull,lineSets[0].lines[0].dialogLine[11].text,"Would you please deal with your inventory?············· Honestly,····· how many things do you need?",
fc2428efdc76,dialogue,sharedassets0.assets,9010,InventoryFull,lineSets[0].lines[0].dialogLine[1].text,"Jeeeeeeeeeeezzz,······· look at all this shit in your inventory.····· Hoard much?",
c8c1d4098d31,dialogue,sharedassets0.assets,9010,InventoryFull,lineSets[0].lines[0].dialogLine[2].text,"Uhhhh,····· dude,····· your inventory is packed····· to the brim.······· You should make some room in there!",
59238bc44ed9,dialogue,sharedassets0.assets,9010,InventoryFull,lineSets[0].lines[0].dialogLine[3].text,"Oh my god,·········· your inventory·· is a·· fuckin'··· mess.·········· Could you maybe clean that out?",
56ec80072955,dialogue,sharedassets0.assets,9010,InventoryFull,lineSets[0].lines[0].dialogLine[4].text,Oops!····· It seems that your inventory might be full.············ Do you want to take a look at that?,
42c73bbc0b5b,dialogue,sharedassets0.assets,9010,InventoryFull,lineSets[0].lines[0].dialogLine[5].text,"Ummmm,····· you gotta do something about that inventory.········ It's like, overflowing.",
b546c1b1376c,dialogue,sharedassets0.assets,9010,InventoryFull,lineSets[0].lines[0].dialogLine[6].text,"Dear,·········· you have too many items in your inventory.·········· Can you make some room for me?",
d79aff1efb21,dialogue,sharedassets0.assets,9010,InventoryFull,lineSets[0].lines[0].dialogLine[7].text,Whoops!·········· It looks like you have too many things taking up space in your inventory...,
24cd2f0b2b23,dialogue,sharedassets0.assets,9010,InventoryFull,lineSets[0].lines[0].dialogLine[8].text,You gotta do something about that inventory.····· It's getting a little outta hand.,
d66a8806e094,dialogue,sharedassets0.assets,9010,InventoryFull,lineSets[0].lines[0].dialogLine[9].text,"Oh,··· master!············· Your inventory has too many stuffs in it!····· You gotta throw some away!",
12a9e906daa3,dialogue,sharedassets0.assets,9011,IsTooHungry,lineSets[0].label,is too hungry,
c8e1f57a12b4,dialogue,sharedassets0.assets,9011,IsTooHungry,lineSets[0].lines[0].dialogLine[0].text,I am sooo hungry right now...,
13761ae16bfc,dialogue,sharedassets0.assets,9011,IsTooHungry,lineSets[0].lines[0].dialogLine[10].text,I'm running a little low of fuel here.,
da3064e332f9,dialogue,sharedassets0.assets,9011,IsTooHungry,lineSets[0].lines[0].dialogLine[11].text,I'm feeling rather undernourished.·················· What do you intend to do about it?,
3a175d1812d3,dialogue,sharedassets0.assets,9011,IsTooHungry,lineSets[0].lines[0].dialogLine[1].text,I'm pretty fuckin' irritable when I'm hungry...,
c92e84b8b299,dialogue,sharedassets0.assets,9011,IsTooHungry,lineSets[0].lines[0].dialogLine[2].text,"Yo,····· you hungry?····· I know I am.",
d4a136161387,dialogue,sharedassets0.assets,9011,IsTooHungry,lineSets[0].lines[0].dialogLine[3].text,"So,····· I'm like··· starving,········ like,····· to death.·········· It's kind of a problem.",
f150b4a730f1,dialogue,sharedassets0.assets,9011,IsTooHungry,lineSets[0].lines[0].dialogLine[4].text,"Hey, I'm sorry, but··· can we grab a bite?····· I'm starving.",
8b8e7a93197a,dialogue,sharedassets0.assets,9011,IsTooHungry,lineSets[0].lines[0].dialogLine[5].text,"I'm sooo fuckin' hungry;·········· like,·· starving.",
c39357a2ec9b,dialogue,sharedassets0.assets,9011,IsTooHungry,lineSets[0].lines[0].dialogLine[6].text,Can you get me something to eat?····· Pretty please?·····,
58cd2f34c63f,dialogue,sharedassets0.assets,9011,IsTooHungry,lineSets[0].lines[0].dialogLine[7].text,I feel like I can't remember the last time I've eaten...,
b6695c77f8ee,dialogue,sharedassets0.assets,9011,IsTooHungry,lineSets[0].lines[0].dialogLine[8].text,Maybe some candy or something might be nice.,
c7e4c20a91f2,dialogue,sharedassets0.assets,9011,IsTooHungry,lineSets[0].lines[0].dialogLine[9].text,Mmmmm...····· I'm hungry...,
5c389ce246f3,dialogue,sharedassets0.assets,9011,IsTooHungry,lineSets[0].lines[1].dialogLine[0].text,I'm think I'm gonna pass out if I don't get something to eat.,
e86e2db1cb8f,dialogue,sharedassets0.assets,9011,IsTooHungry,lineSets[0].lines[1].dialogLine[10].text,"I need to find a source of energy, fast.···",
2647a7872eca,dialogue,sharedassets0.assets,9011,IsTooHungry,lineSets[0].lines[1].dialogLine[11].text,We won't be doing anything else until I get something to eat.,
f026baf342da,dialogue,sharedassets0.assets,9011,IsTooHungry,lineSets[0].lines[1].dialogLine[1].text,Please put food into my face.,
3e6d704258d7,dialogue,sharedassets0.assets,9011,IsTooHungry,lineSets[0].lines[1].dialogLine[2].text,It feels like I haven't eaten anything in like a hundred and fifty years.,
1668b1519299,dialogue,sharedassets0.assets,9011,IsTooHungry,lineSets[0].lines[1].dialogLine[3].secondaryText,"If I don't get some food right now,········ I'm gonna punch somebody in the cunt.",
db0895ee87e3,dialogue,sharedassets0.assets,9011,IsTooHungry,lineSets[0].lines[1].dialogLine[3].text,"If I don't get some food,····· like········ right now,········ I'm gonna punch somebody in the dick.",
091d0d44b8c4,dialogue,sharedassets0.assets,9011,IsTooHungry,lineSets[0].lines[1].dialogLine[4].text,"I have got to get something inside me...····· Food,··· I mean.",
91de6dc5efa5,dialogue,sharedassets0.assets,9011,IsTooHungry,lineSets[0].lines[1].dialogLine[5].text,You're not hungry?·········· I gotta get something to eat.,
3b92b8226ba4,dialogue,sharedassets0.assets,9011,IsTooHungry,lineSets[0].lines[1].dialogLine[6].text,I'm hungry...,
df607ae07bec,dialogue,sharedassets0.assets,9011,IsTooHungry,lineSets[0].lines[1].dialogLine[7].text,"Hmm,····· I'm hungry.···················· Do you want to maybe grab something to eat?",
a0e7ea342c13,dialogue,sharedassets0.assets,9011,IsTooHungry,lineSets[0].lines[1].dialogLine[8].text,"Check the appetite meter.····· See anything that might··*ccc*,····· I don't know,····· be an issue?",
58fb65ea7c55,dialogue,sharedassets0.assets,9011,IsTooHungry,lineSets[0].lines[1].dialogLine[9].text,My tummy is growling.····· I think it's mad at me...,
b95dbfc1199b,dialogue,sharedassets0.assets,9011,IsTooHungry,lineSets[0].lines[2].dialogLine[0].text,All I can think about is food...,
46e07b1cc879,dialogue,sharedassets0.assets,9011,IsTooHungry,lineSets[0].lines[2].dialogLine[10].text,Do you have any food on you?··· I'm starving.,
396451c374b8,dialogue,sharedassets0.assets,9011,IsTooHungry,lineSets[0].lines[2].dialogLine[11].text,You really need to address my hunger issue before we can proceed.,
e7c468228591,dialogue,sharedassets0.assets,9011,IsTooHungry,lineSets[0].lines[2].dialogLine[1].text,Can we get something to eat first?,
64a0fd82551e,dialogue,sharedassets0.assets,9011,IsTooHungry,lineSets[0].lines[2].dialogLine[2].text,"I'm starving over here.·········· Let's go eat,····· like,····· anything.····· Like,····· everything.",
c9a01a953345,dialogue,sharedassets0.assets,9011,IsTooHungry,lineSets[0].lines[2].dialogLine[3].text,Make yourself useful····· and go get me something to eat.,
957f2932669d,dialogue,sharedassets0.assets,9011,IsTooHungry,lineSets[0].lines[2].dialogLine[4].text,I'm feeling a little lightheaded.····· I should eat something.,
a1c282f960a0,dialogue,sharedassets0.assets,9011,IsTooHungry,lineSets[0].lines[2].dialogLine[5].text,"Instead of that,····· let's eat something.",
732eb3f4c6f4,dialogue,sharedassets0.assets,9011,IsTooHungry,lineSets[0].lines[2].dialogLine[6].text,Why don't you treat me to some food?······· Hmm?········,
1274af5d799b,dialogue,sharedassets0.assets,9011,IsTooHungry,lineSets[0].lines[2].dialogLine[7].text,I think my tummy is speaking to me.·········· It says:····· feed··· me*eee*!········*hahahahahaha*·····,
78f6135548a1,dialogue,sharedassets0.assets,9011,IsTooHungry,lineSets[0].lines[2].dialogLine[8].text,"Okay,····· seriously?············ I'm gonna need you to put some food directly into my face hole.",
c39412da3fcf,dialogue,sharedassets0.assets,9011,IsTooHungry,lineSets[0].lines[2].dialogLine[9].text,"Master,············ when are we going to eat? Huh?",
635f72224d39,dialogue,sharedassets0.assets,9012,KyuSpecial,lineSets[0].label,tiffany panties,
1f1760f45152,dialogue,sharedassets0.assets,9012,KyuSpecial,lineSets[0].lines[0].dialogLine[8].text,"Aw shit········ are these cute or what?····· All pink and frilly;····· what a sweetheart,····· that girl.",
5a967a57024b,dialogue,sharedassets0.assets,9012,KyuSpecial,lineSets[10].label,celeste's panties,
80da9aecda0c,dialogue,sharedassets0.assets,9012,KyuSpecial,lineSets[10].lines[0].dialogLine[8].text,Isn't it weird that a being from another planet has basically the same reproductive system?,
c0ede2da94e8,dialogue,sharedassets0.assets,9012,KyuSpecial,lineSets[11].label,venus' panties,
dba73a64ac96,dialogue,sharedassets0.assets,9012,KyuSpecial,lineSets[11].lines[0].dialogLine[8].text,"I still have no idea how you managed to get Venus in bed,····· but,··· I'm damn proud of it!",
4c220c83c911,dialogue,sharedassets0.assets,9012,KyuSpecial,lineSets[12].label,all panties,
19dbd3d8daf0,dialogue,sharedassets0.assets,9012,KyuSpecial,lineSets[12].lines[0].dialogLine[8].text,"Alright!····· That's it,····· that's twelve pairs of panties.········ ""Alpha Mode""··· activated!····· Good Luck!",
c44242e2417b,dialogue,sharedassets0.assets,9012,KyuSpecial,lineSets[13].label,tissue box,
dc614918a12c,dialogue,sharedassets0.assets,9012,KyuSpecial,lineSets[13].lines[0].dialogLine[8].text,"I guess you won't be having much need for these anymore····· huh?········*hahahaha*····· Here,····· I'll trade you for this!",
7ccdd567f8ce,dialogue,sharedassets0.assets,9012,KyuSpecial,lineSets[1].label,aiko's panties,
fda45dd93703,dialogue,sharedassets0.assets,9012,KyuSpecial,lineSets[1].lines[0].dialogLine[8].text,"Oh··· my god··· are these Aiko's?····· Fuck,····· I have such a massive girl boner for her.",
a910242ff1a2,dialogue,sharedassets0.assets,9012,KyuSpecial,lineSets[2].label,kyanna's panties,
b6bc99a31bc8,dialogue,sharedassets0.assets,9012,KyuSpecial,lineSets[2].lines[0].dialogLine[8].text,Sweeeet.····· These haven't been washed in weeks;···*ccc*··· just the way I like 'em!,
fea3828fc998,dialogue,sharedassets0.assets,9012,KyuSpecial,lineSets[3].label,audrey's panties,
989bd56232f0,dialogue,sharedassets0.assets,9012,KyuSpecial,lineSets[3].lines[0].dialogLine[8].text,"Ahhh,····· the mega bitch.····· You wanna know the crazy thing about her?····· She was a virgin before you.····· Go figure.·····",
e33fb5e6d882,dialogue,sharedassets0.assets,9012,KyuSpecial,lineSets[4].label,lola's panties,
30fdaf6edfa7,dialogue,sharedassets0.assets,9012,KyuSpecial,lineSets[4].lines[0].dialogLine[8].text,Oooohh!········ I like··· these!·········· You think she would mind if I tried them on for a little while?,
b96e10492fde,dialogue,sharedassets0.assets,9012,KyuSpecial,lineSets[5].label,nikki's panties,
09b4cf269933,dialogue,sharedassets0.assets,9012,KyuSpecial,lineSets[5].lines[0].dialogLine[8].text,Gray?·················*cccccc*········ I should have figured a girl like that would wear boring underwear.,
7984add50ec0,dialogue,sharedassets0.assets,9012,KyuSpecial,lineSets[6].label,jessie's panties,
6923eb7cb2d4,dialogue,sharedassets0.assets,9012,KyuSpecial,lineSets[6].lines[0].dialogLine[8].text,"Mmmm,······· the porn·· star.··············· Your junk start to itch yet?··················*hahahaha*··· I'm just fuckin' with ya,··· she's clean.",
a255cdc61599,dialogue,sharedassets0.assets,9012,KyuSpecial,lineSets[7].label,beli's panties,
f2035714bac4,dialogue,sharedassets0.assets,9012,KyuSpecial,lineSets[7].lines[0].dialogLine[8].text,"These are panties?········ This is like a string...········ That Beli girl is a closet freak,··· I'm telling' ya.",
6605c8c88823,dialogue,sharedassets0.assets,9012,KyuSpecial,lineSets[8].label,kyu's panties,
ce5f3a07f3ae,dialogue,sharedassets0.assets,9012,KyuSpecial,lineSets[8].lines[0].dialogLine[8].text,Thanks!····· I was looking for those.····· Not really though.····· I knew you had 'em ya sick perv.,
28a2db60259c,dialogue,sharedassets0.assets,9012,KyuSpecial,lineSets[9].label,momo's panties,
e9fce2fcde0d,dialogue,sharedassets0.assets,9012,KyuSpecial,lineSets[9].lines[0].dialogLine[8].text,"Beastiality········ huh?··············· Hey,····· I'm not judging;····· gotta do what you gotta do.",
11f5fc85e4c3,dialogue,sharedassets0.assets,9013,MatchToken,lineSets[0].label,special,
c9546e0ab3eb,dialogue,sharedassets0.assets,9013,MatchToken,lineSets[0].lines[0].dialogLine[0].text,Ahh!,
80b013a0e780,dialogue,sharedassets0.assets,9013,MatchToken,lineSets[0].lines[0].dialogLine[10].text,Incredible...,
358fcca47c42,dialogue,sharedassets0.assets,9013,MatchToken,lineSets[0].lines[0].dialogLine[11].text,Not bad...,
6e38359b9f10,dialogue,sharedassets0.assets,9013,MatchToken,lineSets[0].lines[0].dialogLine[1].text,Not bad!,
8dc23ca250c8,dialogue,sharedassets0.assets,9013,MatchToken,lineSets[0].lines[0].dialogLine[2].text,Right on!,
9a81573561c2,dialogue,sharedassets0.assets,9013,MatchToken,lineSets[0].lines[0].dialogLine[4].text,Ahhh!,
93281fa3b054,dialogue,sharedassets0.assets,9013,MatchToken,lineSets[0].lines[0].dialogLine[5].text,Not too bad!···,
9dc422369734,dialogue,sharedassets0.assets,9013,MatchToken,lineSets[0].lines[0].dialogLine[6].text,·····Yay!,
0636767fb672,dialogue,sharedassets0.assets,9013,MatchToken,lineSets[0].lines[0].dialogLine[7].text,Wow!,
da8c3ba08bfe,dialogue,sharedassets0.assets,9013,MatchToken,lineSets[0].lines[0].dialogLine[8].text,"Okay, okay!",
3ef80c0cfcd3,dialogue,sharedassets0.assets,9013,MatchToken,lineSets[0].lines[0].dialogLine[9].text,Amazing!,
333d8490bb32,dialogue,sharedassets0.assets,9013,MatchToken,lineSets[0].lines[1].dialogLine[0].text,Hahahahahahaha!,
c67269268f87,dialogue,sharedassets0.assets,9013,MatchToken,lineSets[0].lines[1].dialogLine[10].text,Exceptional...,
bcc4114ad822,dialogue,sharedassets0.assets,9013,MatchToken,lineSets[0].lines[1].dialogLine[11].text,Impressive...,
8da216efb43c,dialogue,sharedassets0.assets,9013,MatchToken,lineSets[0].lines[1].dialogLine[1].text,Okay!,
a956c3590663,dialogue,sharedassets0.assets,9013,MatchToken,lineSets[0].lines[1].dialogLine[2].text,Hahahahaha!,
d12d95e4f778,dialogue,sharedassets0.assets,9013,MatchToken,lineSets[0].lines[1].dialogLine[3].text,Whatever!,
70890976c8ff,dialogue,sharedassets0.assets,9013,MatchToken,lineSets[0].lines[1].dialogLine[4].text,···Excellent!···,
491b5f6c754c,dialogue,sharedassets0.assets,9013,MatchToken,lineSets[0].lines[1].dialogLine[5].text,Hahahahahaha!,
a98eb98a4aab,dialogue,sharedassets0.assets,9013,MatchToken,lineSets[0].lines[1].dialogLine[6].text,Hehehe!·····*hah*,
b1a797c8471e,dialogue,sharedassets0.assets,9013,MatchToken,lineSets[0].lines[1].dialogLine[7].text,Hahahaha!,
9119abdf710e,dialogue,sharedassets0.assets,9013,MatchToken,lineSets[0].lines[1].dialogLine[8].text,Beautiful!,
fe801331e269,dialogue,sharedassets0.assets,9013,MatchToken,lineSets[0].lines[1].dialogLine[9].text,Hehehehehehe!,
047bf46b0494,dialogue,sharedassets0.assets,9013,MatchToken,lineSets[0].lines[2].dialogLine[0].text,Awesome!,
b66402c0b5c5,dialogue,sharedassets0.assets,9013,MatchToken,lineSets[0].lines[2].dialogLine[10].text,Outstanding!,
475f76c9df2c,dialogue,sharedassets0.assets,9013,MatchToken,lineSets[0].lines[2].dialogLine[11].text,Exceptional...,
c587f444daf6,dialogue,sharedassets0.assets,9013,MatchToken,lineSets[0].lines[2].dialogLine[1].text,Nice!,
3ce1e2276a74,dialogue,sharedassets0.assets,9013,MatchToken,lineSets[0].lines[2].dialogLine[2].text,Hehehe···hehe!,
36b5460608b4,dialogue,sharedassets0.assets,9013,MatchToken,lineSets[0].lines[2].dialogLine[3].text,Don't get smug!,
af4393a4a654,dialogue,sharedassets0.assets,9013,MatchToken,lineSets[0].lines[2].dialogLine[4].text,You're good!,
d209f97e6cd3,dialogue,sharedassets0.assets,9013,MatchToken,lineSets[0].lines[2].dialogLine[5].text,"Alright, alright.",
0702b78d1d33,dialogue,sharedassets0.assets,9013,MatchToken,lineSets[0].lines[2].dialogLine[6].text,Oh my gosh!,
6bdec8102142,dialogue,sharedassets0.assets,9013,MatchToken,lineSets[0].lines[2].dialogLine[7].text,Oh my!,
58d270bfeea5,dialogue,sharedassets0.assets,9013,MatchToken,lineSets[0].lines[2].dialogLine[8].text,Noice!,
37e674d4b92d,dialogue,sharedassets0.assets,9013,MatchToken,lineSets[0].lines[2].dialogLine[9].text,Mmmmm!,
2a8355019b15,dialogue,sharedassets0.assets,9013,MatchToken,lineSets[0].lines[3].dialogLine[0].text,Yeah!,
8f5090360b61,dialogue,sharedassets0.assets,9013,MatchToken,lineSets[0].lines[3].dialogLine[10].text,Stellar!,
290513343b63,dialogue,sharedassets0.assets,9013,MatchToken,lineSets[0].lines[3].dialogLine[11].text,Lovely!,
5659a970bee3,dialogue,sharedassets0.assets,9013,MatchToken,lineSets[0].lines[3].dialogLine[1].text,Yes!,
ac6ff18a9243,dialogue,sharedassets0.assets,9013,MatchToken,lineSets[0].lines[3].dialogLine[2].text,Sweet!,
8c34f870a737,dialogue,sharedassets0.assets,9013,MatchToken,lineSets[0].lines[3].dialogLine[3].text,Hehehehe!,
b61c1cf5443d,dialogue,sharedassets0.assets,9013,MatchToken,lineSets[0].lines[3].dialogLine[4].text,Impressive!,
9d1c0449fbe0,dialogue,sharedassets0.assets,9013,MatchToken,lineSets[0].lines[3].dialogLine[5].text,Pretty cool!,
08910d249e9c,dialogue,sharedassets0.assets,9013,MatchToken,lineSets[0].lines[3].dialogLine[6].text,"Mmm,··· I love this!",
89199653b141,dialogue,sharedassets0.assets,9013,MatchToken,lineSets[0].lines[3].dialogLine[7].text,Wonderful!,
b4dd235bab18,dialogue,sharedassets0.assets,9013,MatchToken,lineSets[0].lines[3].dialogLine[8].text,Like a bawse!,
6493ccbe4f71,dialogue,sharedassets0.assets,9013,MatchToken,lineSets[0].lines[3].dialogLine[9].text,Hurray!,
49a9bff96416,dialogue,sharedassets0.assets,9013,MatchToken,lineSets[0].lines[4].dialogLine[0].text,Aw yeah!,
42f300143ef4,dialogue,sharedassets0.assets,9013,MatchToken,lineSets[0].lines[4].dialogLine[10].text,Very impressive.,
9e484d6ec345,dialogue,sharedassets0.assets,9013,MatchToken,lineSets[0].lines[4].dialogLine[11].text,Splendid!,
f26ef24d0f75,dialogue,sharedassets0.assets,9013,MatchToken,lineSets[0].lines[4].dialogLine[1].text,Hahahahahahaha!,
883617218d0d,dialogue,sharedassets0.assets,9013,MatchToken,lineSets[0].lines[4].dialogLine[2].text,Alright!,
bc177cd2e55f,dialogue,sharedassets0.assets,9013,MatchToken,lineSets[0].lines[4].dialogLine[3].text,Annnd?,
e92b008f356c,dialogue,sharedassets0.assets,9013,MatchToken,lineSets[0].lines[4].dialogLine[4].text,Hahahahaha!,
b760c93d41d2,dialogue,sharedassets0.assets,9013,MatchToken,lineSets[0].lines[4].dialogLine[5].text,"Aw,··· nice!",
83528c99b56a,dialogue,sharedassets0.assets,9013,MatchToken,lineSets[0].lines[4].dialogLine[6].text,That's my baby!,
01cf6ccab26f,dialogue,sharedassets0.assets,9013,MatchToken,lineSets[0].lines[4].dialogLine[7].text,Excellent!,
0e189e658c27,dialogue,sharedassets0.assets,9013,MatchToken,lineSets[0].lines[4].dialogLine[8].text,Respect!,
9ac718aa2831,dialogue,sharedassets0.assets,9013,MatchToken,lineSets[0].lines[4].dialogLine[9].text,Yay!,
9472a31c001e,dialogue,sharedassets0.assets,9013,MatchToken,lineSets[1].label,broken,
97641e15f92f,dialogue,sharedassets0.assets,9013,MatchToken,lineSets[1].lines[0].dialogLine[0].text,Whaaat!?,
e019f502d9c5,dialogue,sharedassets0.assets,9013,MatchToken,lineSets[1].lines[0].dialogLine[10].text,I'd ask you to refrain from that!,
4d6f1ef50f9d,dialogue,sharedassets0.assets,9013,MatchToken,lineSets[1].lines[0].dialogLine[11].text,How dare you!,
f150fff81075,dialogue,sharedassets0.assets,9013,MatchToken,lineSets[1].lines[0].dialogLine[1].text,"Hey, fuck you!",
2f53890c777d,dialogue,sharedassets0.assets,9013,MatchToken,lineSets[1].lines[0].dialogLine[2].text,Dude... seriously right now?,
a4360a63b0c5,dialogue,sharedassets0.assets,9013,MatchToken,lineSets[1].lines[0].dialogLine[3].text,What the FUCK!?,
604cf1249f8c,dialogue,sharedassets0.assets,9013,MatchToken,lineSets[1].lines[0].dialogLine[4].text,Don't be a dick!,
fef876bb15d6,dialogue,sharedassets0.assets,9013,MatchToken,lineSets[1].lines[0].dialogLine[5].text,"Just,··· no.··· Not ever.",
1ebc5b038ae3,dialogue,sharedassets0.assets,9013,MatchToken,lineSets[1].lines[0].dialogLine[6].text,"No,·········· I'm sorry,·· but that is NOT sexy.",
0322bfa13625,dialogue,sharedassets0.assets,9013,MatchToken,lineSets[1].lines[0].dialogLine[7].text,That wasn't very nice!,
2ceb30218c96,dialogue,sharedassets0.assets,9013,MatchToken,lineSets[1].lines[0].dialogLine[8].text,Are you for real right now?,
a55f419dbf3b,dialogue,sharedassets0.assets,9013,MatchToken,lineSets[1].lines[0].dialogLine[9].text,··What did I do wrong?,
3c97bbc6e0e8,dialogue,sharedassets0.assets,9013,MatchToken,lineSets[1].lines[1].dialogLine[0].text,"Oh,··· come on!",
4baf2e904655,dialogue,sharedassets0.assets,9013,MatchToken,lineSets[1].lines[1].dialogLine[10].text,What is your excuse for THAT?,
4c03fd8684cf,dialogue,sharedassets0.assets,9013,MatchToken,lineSets[1].lines[1].dialogLine[11].text,*aaaacc*····· I'm insulted!,
59e0eb5b980e,dialogue,sharedassets0.assets,9013,MatchToken,lineSets[1].lines[1].dialogLine[1].text,Could you please not do that?,
d757544d2357,dialogue,sharedassets0.assets,9013,MatchToken,lineSets[1].lines[1].dialogLine[2].text,"Hey, cut that out!",
82393db7c7c6,dialogue,sharedassets0.assets,9013,MatchToken,lineSets[1].lines[1].dialogLine[3].text,"Ughh,····· of course!",
ebeb1c5a2fee,dialogue,sharedassets0.assets,9013,MatchToken,lineSets[1].lines[1].dialogLine[4].text,That's not funny!,
1852ad856783,dialogue,sharedassets0.assets,9013,MatchToken,lineSets[1].lines[1].dialogLine[5].text,Of·· fuckin'·· course!··,
195bfa68c588,dialogue,sharedassets0.assets,9013,MatchToken,lineSets[1].lines[1].dialogLine[6].text,Hey!····· YOU asked ME out!,
5869cc1c2f3d,dialogue,sharedassets0.assets,9013,MatchToken,lineSets[1].lines[1].dialogLine[7].text,*aaaacc*·····Why!?,
e7f02aea004c,dialogue,sharedassets0.assets,9013,MatchToken,lineSets[1].lines[1].dialogLine[8].text,I can't even...····· I just can't...,
8704f8c1b0a1,dialogue,sharedassets0.assets,9013,MatchToken,lineSets[1].lines[1].dialogLine[9].text,···Master!·· Why!?,
272db6c68c18,dialogue,sharedassets0.assets,9013,MatchToken,lineSets[1].lines[2].dialogLine[0].text,"Ughh,····· seriously!?",
9b5c0c41c2c8,dialogue,sharedassets0.assets,9013,MatchToken,lineSets[1].lines[2].dialogLine[10].text,I don't understand...,
c211c4be46e1,dialogue,sharedassets0.assets,9013,MatchToken,lineSets[1].lines[2].dialogLine[11].text,What!?····· Unacceptable!,
2b7f7d906906,dialogue,sharedassets0.assets,9013,MatchToken,lineSets[1].lines[2].dialogLine[1].text,God dammit!,
71fd80affcb1,dialogue,sharedassets0.assets,9013,MatchToken,lineSets[1].lines[2].dialogLine[2].text,Shit!,
a5cec2ad22ac,dialogue,sharedassets0.assets,9013,MatchToken,lineSets[1].lines[2].dialogLine[3].text,You fuckin' moron!,
a6f25b5a3312,dialogue,sharedassets0.assets,9013,MatchToken,lineSets[1].lines[2].dialogLine[4].text,What's the matter with you!?,
e0df340e9eda,dialogue,sharedassets0.assets,9013,MatchToken,lineSets[1].lines[2].dialogLine[5].text,Could you please drop that shit?!,
895d9cc4789f,dialogue,sharedassets0.assets,9013,MatchToken,lineSets[1].lines[2].dialogLine[6].text,What did I do to deserve that!?,
9456b34d1586,dialogue,sharedassets0.assets,9013,MatchToken,lineSets[1].lines[2].dialogLine[7].text,Could you PLEASE not do that?,
bc180aea2e4c,dialogue,sharedassets0.assets,9013,MatchToken,lineSets[1].lines[2].dialogLine[8].text,Oh my god!·· Fail!,
812f2271f69b,dialogue,sharedassets0.assets,9013,MatchToken,lineSets[1].lines[2].dialogLine[9].text,···Heeey!····· That's not very nice!,
7bae1707c62a,dialogue,sharedassets0.assets,9014,SexualSounds,lineSets[0].label,first,
e6d4bb61e639,dialogue,sharedassets0.assets,9014,SexualSounds,lineSets[1].label,second,
4f4406cc5087,dialogue,sharedassets0.assets,9014,SexualSounds,lineSets[2].label,third,
fa9706bfd1cf,dialogue,sharedassets0.assets,9014,SexualSounds,lineSets[2].lines[0].dialogLine[7].text,*ccaacc*···*cccc*··*cccc*,
64eee1b7ef4b,dialogue,sharedassets0.assets,9014,SexualSounds,lineSets[3].label,fourth,
01c00c14ef61,dialogue,sharedassets0.assets,9014,SexualSounds,lineSets[4].label,climax,
96f28c44f962,dialogue,sharedassets0.assets,9014,SexualSounds,lineSets[4].lines[0].dialogLine[0].text,"*cac*··*cac*··*cac**ccaacc*·····*yes,··· more*·····*ccaacc*·····*ccaacc**ccaacc**ccaacc**ccaacc**ccaacc*",
8d1ffbefcc15,dialogue,sharedassets0.assets,9014,SexualSounds,lineSets[4].lines[0].dialogLine[10].text,*ccaacc*·····*caac*·····*doont stoop*··*cccc*··*caac*·····*ccaacc**ccaacc**ccaacc**ccaacc**ccaacc**ccaacc**ccaacc*,
bcb96b5193dd,dialogue,sharedassets0.assets,9014,SexualSounds,lineSets[4].lines[0].dialogLine[11].text,*ccaacc*···*ccaacc*···*ccaacc**ccaacc**ccaacc*···*ccaacc*···············*ccccaaaaaaaaaaaaaacccc*······························,
7d66c8fca71c,dialogue,sharedassets0.assets,9014,SexualSounds,lineSets[4].lines[0].dialogLine[1].text,*ccaacc*···*ccaacc*········*ccaacc*··········*ccaacc*············*ccaacc*···············*ccaacc*···············*ccccaaaaaaaaaaaaaacccc*···············,
2ecf8cc29fee,dialogue,sharedassets0.assets,9014,SexualSounds,lineSets[4].lines[0].dialogLine[2].text,*ccaacc*·····*cac*···*ccaacc*···*ccaacc*···*cccaaaaccc*·····*ccaacc**ccaacc**ccaacc**ccaacc**ccaacc**ccaacc**ccaacc*,
94161747ebe1,dialogue,sharedassets0.assets,9014,SexualSounds,lineSets[4].lines[0].dialogLine[3].text,*caac*·····*cccaaacc*···*caac*···*ccaacc*·····*ccaacc*·····*ccaacc**ccaacc**ccaacc**ccaacc**ccaacc**ccaacc**ccaacc*,
dc59666a5ef4,dialogue,sharedassets0.assets,9014,SexualSounds,lineSets[4].lines[0].dialogLine[4].text,*ccaacc**ccaacc*·····*ccaacc*·····*ccaaccccaacc**ccaacc**ccaacc**ccaacc**ccaacc**ccaacc**ccaacc**ccaacc*,
b7f8ac99cbb4,dialogue,sharedassets0.assets,9014,SexualSounds,lineSets[4].lines[0].dialogLine[5].text,*ccaacc*···*ccaacc*·····*ccaacc*·····*ccaacc*·····*ccaacc*···*ccaacc*···············*ccccaaaaaaaaaaaaaacccc*···············,
2d9981908b3d,dialogue,sharedassets0.assets,9014,SexualSounds,lineSets[4].lines[0].dialogLine[6].text,"*oh my god,····· yeah*·····*ccccmmmm*·····*ccaacc*·····*ccaacc*·····*ccaacc**ccaacc**ccaacc**ccaacc**ccaacc**ccaacc*",
96e129d8704c,dialogue,sharedassets0.assets,9014,SexualSounds,lineSets[4].lines[0].dialogLine[7].text,*caac**cccc*···*cccc**cccc*···*aaa**aaac**ccaacc**ccaacc**ccaacc**ccaacc**ccaacc**ccaacc*·····,
8dccf0db01c7,dialogue,sharedassets0.assets,9014,SexualSounds,lineSets[4].lines[0].dialogLine[8].text,*ccaacc*··*cac*···*caac*·····ohhh yeah·····*ccaacc**ccaacc*·····*ccaacc*·····*ccaacc*·····*ccaacc*·····,
436ae0d3e3db,dialogue,sharedassets0.assets,9014,SexualSounds,lineSets[4].lines[0].dialogLine[9].text,*ccaacc*·····*ccaacc*····*caac*·····*cccaaaaccc*·····*cccaaaccc*·····*ccaacc*·····*ccaacc**ccaacc**ccaacc**ccaacc*,
6475d85479e1,dialogue,sharedassets0.assets,9015,Valediction,lineSets[0].label,morning,
52ddd02896aa,dialogue,sharedassets0.assets,9015,Valediction,lineSets[0].lines[0].dialogLine[0].text,Enjoy the rest of your day!,
f9c97fd0e65b,dialogue,sharedassets0.assets,9015,Valediction,lineSets[0].lines[0].dialogLine[10].text,I hope to see you again soon.,
ab3695e47e44,dialogue,sharedassets0.assets,9015,Valediction,lineSets[0].lines[0].dialogLine[11].text,Off you go then!,
25ffaa2fb54c,dialogue,sharedassets0.assets,9015,Valediction,lineSets[0].lines[0].dialogLine[1].text,Swing by the campus later and keep me company.,
4b38bb583c32,dialogue,sharedassets0.assets,9015,Valediction,lineSets[0].lines[0].dialogLine[2].text,"Okay,····· have a super awesome day!",
62a4297ab606,dialogue,sharedassets0.assets,9015,Valediction,lineSets[0].lines[0].dialogLine[3].text,"Uhhh...····· yeah,····· okay.····· Bye...",
0b9a3ccbb3c3,dialogue,sharedassets0.assets,9015,Valediction,lineSets[0].lines[0].dialogLine[4].text,Have a good day.,
108703bf56c0,dialogue,sharedassets0.assets,9015,Valediction,lineSets[0].lines[0].dialogLine[5].text,Take it easy.,
81499618e9e1,dialogue,sharedassets0.assets,9015,Valediction,lineSets[0].lines[0].dialogLine[6].text,"Awwww,····· I'll miss you!",
744b0e8724c0,dialogue,sharedassets0.assets,9015,Valediction,lineSets[0].lines[0].dialogLine[7].text,"Take care out there,····· okay?",
931de8a8851d,dialogue,sharedassets0.assets,9015,Valediction,lineSets[0].lines[0].dialogLine[8].text,Make me proud!,
6ac803ccf40d,dialogue,sharedassets0.assets,9015,Valediction,lineSets[0].lines[0].dialogLine[9].text,"···Awwwwww,····· come and see me later okay?",
9347bd0b6a06,dialogue,sharedassets0.assets,9015,Valediction,lineSets[0].lines[1].dialogLine[0].text,I'll see you later!,
97450fa5b0cc,dialogue,sharedassets0.assets,9015,Valediction,lineSets[0].lines[1].dialogLine[10].text,I hope to see you again soon.,
48dce6b9fc4a,dialogue,sharedassets0.assets,9015,Valediction,lineSets[0].lines[1].dialogLine[11].text,Keep yourself busy out there!,
7b701fc1a33b,dialogue,sharedassets0.assets,9015,Valediction,lineSets[0].lines[1].dialogLine[1].text,"Yeah,····· I should be going too.",
ab5504b5e7b2,dialogue,sharedassets0.assets,9015,Valediction,lineSets[0].lines[1].dialogLine[2].text,"Aw man,····· is it that time already?",
6a3a543b0d1c,dialogue,sharedassets0.assets,9015,Valediction,lineSets[0].lines[1].dialogLine[3].text,"Uhhh...····· yeah,····· okay.····· Bye...",
58138c8f2037,dialogue,sharedassets0.assets,9015,Valediction,lineSets[0].lines[1].dialogLine[4].text,Be seeing you!,
6b5d61d948e3,dialogue,sharedassets0.assets,9015,Valediction,lineSets[0].lines[1].dialogLine[5].text,"Uhh,····· okay.····· See ya later.",
11d64dddd141,dialogue,sharedassets0.assets,9015,Valediction,lineSets[0].lines[1].dialogLine[6].text,Leaving...····· so soon?,
2346bbc2e989,dialogue,sharedassets0.assets,9015,Valediction,lineSets[0].lines[1].dialogLine[7].text,Yes!·········· Time to get this day underway.,
984a375f7e99,dialogue,sharedassets0.assets,9015,Valediction,lineSets[0].lines[1].dialogLine[8].secondaryText,Later girlfriend!,
59185de12756,dialogue,sharedassets0.assets,9015,Valediction,lineSets[0].lines[1].dialogLine[8].text,Later dude!,
75ebaf2228fa,dialogue,sharedassets0.assets,9015,Valediction,lineSets[0].lines[1].dialogLine[9].text,···Kay.····· Have a super good day!,
ce8076ebc8ef,dialogue,sharedassets0.assets,9015,Valediction,lineSets[0].lines[2].dialogLine[0].text,Shit is it that time already?····· Oops!,
964a42f887fb,dialogue,sharedassets0.assets,9015,Valediction,lineSets[0].lines[2].dialogLine[10].text,I hope to see you again soon.,
6d698a4ad81d,dialogue,sharedassets0.assets,9015,Valediction,lineSets[0].lines[2].dialogLine[11].text,I'll be keeping my eye on you.,
e0504213aa02,dialogue,sharedassets0.assets,9015,Valediction,lineSets[0].lines[2].dialogLine[1].text,Enjoy your day.,
ed8f33f595f7,dialogue,sharedassets0.assets,9015,Valediction,lineSets[0].lines[2].dialogLine[2].text,Knock um' dead out there!,
9505481b171b,dialogue,sharedassets0.assets,9015,Valediction,lineSets[0].lines[2].dialogLine[3].text,"Uhhh...····· yeah,····· okay.····· Bye...",
de882087623d,dialogue,sharedassets0.assets,9015,Valediction,lineSets[0].lines[2].dialogLine[4].text,Okay!····· I should really be going soon too.,
0afe0789abb1,dialogue,sharedassets0.assets,9015,Valediction,lineSets[0].lines[2].dialogLine[5].text,Take it easy.,
0d39f2845b5e,dialogue,sharedassets0.assets,9015,Valediction,lineSets[0].lines[2].dialogLine[6].text,Don't get into any trouble out there.·· That's my job.···*hahahaha*·····*hah*,
80d2d081d71b,dialogue,sharedassets0.assets,9015,Valediction,lineSets[0].lines[2].dialogLine[7].text,Have a great day!,
08fb7e4440cb,dialogue,sharedassets0.assets,9015,Valediction,lineSets[0].lines[2].dialogLine[8].text,See ya later superstar!,
2c80412db68b,dialogue,sharedassets0.assets,9015,Valediction,lineSets[0].lines[2].dialogLine[9].text,···See ya later alligator!,
145ced3d5c62,dialogue,sharedassets0.assets,9015,Valediction,lineSets[1].label,afternoon,
336d91f7ecef,dialogue,sharedassets0.assets,9015,Valediction,lineSets[1].lines[0].dialogLine[0].text,Peace!,
dad4caf03c8e,dialogue,sharedassets0.assets,9015,Valediction,lineSets[1].lines[0].dialogLine[10].text,I hope to see you again soon.,
1d720570a9a5,dialogue,sharedassets0.assets,9015,Valediction,lineSets[1].lines[0].dialogLine[11].text,Farewell!,
6ab4b98e259a,dialogue,sharedassets0.assets,9015,Valediction,lineSets[1].lines[0].dialogLine[1].text,"Yup, take care.",
dcaa89b11ecd,dialogue,sharedassets0.assets,9015,Valediction,lineSets[1].lines[0].dialogLine[2].text,"Sounds cool,····· have a good one.",
63fee2b2260d,dialogue,sharedassets0.assets,9015,Valediction,lineSets[1].lines[0].dialogLine[3].text,Later!,
f9a28a181dc6,dialogue,sharedassets0.assets,9015,Valediction,lineSets[1].lines[0].dialogLine[4].text,Take care!,
dffe162d39f5,dialogue,sharedassets0.assets,9015,Valediction,lineSets[1].lines[0].dialogLine[5].text,"Okay,····· later.",
fea7fe7a564d,dialogue,sharedassets0.assets,9015,Valediction,lineSets[1].lines[0].dialogLine[6].text,I'll be thinking about you!,
289afaa53a13,dialogue,sharedassets0.assets,9015,Valediction,lineSets[1].lines[0].dialogLine[7].text,Until next time!,
37e2fcd65e01,dialogue,sharedassets0.assets,9015,Valediction,lineSets[1].lines[0].dialogLine[8].text,Keeps it real.,
dc3f3958a050,dialogue,sharedassets0.assets,9015,Valediction,lineSets[1].lines[0].dialogLine[9].text,··Bye bye!,
b0b4bff7cbea,dialogue,sharedassets0.assets,9015,Valediction,lineSets[1].lines[1].dialogLine[0].text,Catch ya later!,
a1f92c2b6c1b,dialogue,sharedassets0.assets,9015,Valediction,lineSets[1].lines[1].dialogLine[10].text,I hope to see you again soon.,
a98ce3112b55,dialogue,sharedassets0.assets,9015,Valediction,lineSets[1].lines[1].dialogLine[11].text,"Yes,····· of course.·········· Goodbye then...",
b591b78cd2b1,dialogue,sharedassets0.assets,9015,Valediction,lineSets[1].lines[1].dialogLine[1].secondaryText,Be a good girl out there.,
e99cc9512576,dialogue,sharedassets0.assets,9015,Valediction,lineSets[1].lines[1].dialogLine[1].text,Be a good boy out there.,
1d00d9f4c524,dialogue,sharedassets0.assets,9015,Valediction,lineSets[1].lines[1].dialogLine[2].text,Catch you on the flip flop!,
3bb5c2f3b295,dialogue,sharedassets0.assets,9015,Valediction,lineSets[1].lines[1].dialogLine[3].text,*aaaacc*·····Finally...,
31b40944fd1b,dialogue,sharedassets0.assets,9015,Valediction,lineSets[1].lines[1].dialogLine[4].text,"I'll talk to you later,·· then?",
e832069ad977,dialogue,sharedassets0.assets,9015,Valediction,lineSets[1].lines[1].dialogLine[5].text,See ya.,
bf23ff1fd194,dialogue,sharedassets0.assets,9015,Valediction,lineSets[1].lines[1].dialogLine[6].text,Okay...····· come and see me real soon.,
4832579ea953,dialogue,sharedassets0.assets,9015,Valediction,lineSets[1].lines[1].dialogLine[7].text,I hope to see you soon!,
0a6ac053d6e3,dialogue,sharedassets0.assets,9015,Valediction,lineSets[1].lines[1].dialogLine[8].text,Keep your head in the game!,
eabf2e9362e2,dialogue,sharedassets0.assets,9015,Valediction,lineSets[1].lines[1].dialogLine[9].text,···Mmmmm...····· okaaaay...····· miss you!,
82d0909f1da2,dialogue,sharedassets0.assets,9015,Valediction,lineSets[1].lines[2].dialogLine[0].text,"Yeah,····· I should really be leaving too.····· See ya!",
d46bfc4432d9,dialogue,sharedassets0.assets,9015,Valediction,lineSets[1].lines[2].dialogLine[10].text,I hope to see you again soon.,
30312dbb49d0,dialogue,sharedassets0.assets,9015,Valediction,lineSets[1].lines[2].dialogLine[11].text,I'll look forward to our next encounter.,
f8e8bcd8eb5e,dialogue,sharedassets0.assets,9015,Valediction,lineSets[1].lines[2].dialogLine[1].text,"Hopefully,····· I'll see you later?",
406eb073b126,dialogue,sharedassets0.assets,9015,Valediction,lineSets[1].lines[2].dialogLine[2].text,Deuces!,
56e6d7aebc90,dialogue,sharedassets0.assets,9015,Valediction,lineSets[1].lines[2].dialogLine[3].text,"Fine,····· whatever.",
0a5087e7ad47,dialogue,sharedassets0.assets,9015,Valediction,lineSets[1].lines[2].dialogLine[4].text,Bye!,
a64a1be258ac,dialogue,sharedassets0.assets,9015,Valediction,lineSets[1].lines[2].dialogLine[5].text,I guess I'll be seeing you around then?,
249cd2b81d01,dialogue,sharedassets0.assets,9015,Valediction,lineSets[1].lines[2].dialogLine[6].text,"You stay away from all those younger girls out there,····· okay?",
83879169eeac,dialogue,sharedassets0.assets,9015,Valediction,lineSets[1].lines[2].dialogLine[7].text,Enjoy!,
be4d2aac85d4,dialogue,sharedassets0.assets,9015,Valediction,lineSets[1].lines[2].dialogLine[8].text,I'll be around if you need me!,
c0f5af6f94b4,dialogue,sharedassets0.assets,9015,Valediction,lineSets[1].lines[2].dialogLine[9].text,···Kisses!·····*aacc*,
3aeedc0b58fe,dialogue,sharedassets0.assets,9015,Valediction,lineSets[2].label,evening,
cf161a0c6c36,dialogue,sharedassets0.assets,9015,Valediction,lineSets[2].lines[0].dialogLine[0].text,Buh-bye!,
fff335078b90,dialogue,sharedassets0.assets,9015,Valediction,lineSets[2].lines[0].dialogLine[10].text,Come and visit me anytime.,
953c834e0b92,dialogue,sharedassets0.assets,9015,Valediction,lineSets[2].lines[0].dialogLine[11].text,Until next time...,
ec2d3de33a22,dialogue,sharedassets0.assets,9015,Valediction,lineSets[2].lines[0].dialogLine[1].text,"Don't be a stranger,·· okay?",
af7058452d35,dialogue,sharedassets0.assets,9015,Valediction,lineSets[2].lines[0].dialogLine[2].text,Take it easy!,
218db4ce80f0,dialogue,sharedassets0.assets,9015,Valediction,lineSets[2].lines[0].dialogLine[3].text,Bye!,
b76b5a455f1e,dialogue,sharedassets0.assets,9015,Valediction,lineSets[2].lines[0].dialogLine[4].text,Take care of yourself.,
626bd508f476,dialogue,sharedassets0.assets,9015,Valediction,lineSets[2].lines[0].dialogLine[5].text,Bye.,
0aa323f4dd3a,dialogue,sharedassets0.assets,9015,Valediction,lineSets[2].lines[0].dialogLine[6].text,Bye bye sweetie.,
1d4f74b98523,dialogue,sharedassets0.assets,9015,Valediction,lineSets[2].lines[0].dialogLine[7].text,Bye bye!,
de2a57de81d6,dialogue,sharedassets0.assets,9015,Valediction,lineSets[2].lines[0].dialogLine[8].text,Stay focused!····· Don't loose your cool.,
c01e9c77d28c,dialogue,sharedassets0.assets,9015,Valediction,lineSets[2].lines[0].dialogLine[9].text,···Goodbye!·····,
209007dde29c,dialogue,sharedassets0.assets,9015,Valediction,lineSets[2].lines[1].dialogLine[0].text,"Psssh, I see how it is!*hehe*·····",
ffa8cf7c6467,dialogue,sharedassets0.assets,9015,Valediction,lineSets[2].lines[1].dialogLine[10].text,I'm anticipating our next meeting.,
bbde5a7a84f1,dialogue,sharedassets0.assets,9015,Valediction,lineSets[2].lines[1].dialogLine[11].text,Take care!,
c830c1350389,dialogue,sharedassets0.assets,9015,Valediction,lineSets[2].lines[1].dialogLine[1].text,Byyyyyeee.,
0576d5ce2c90,dialogue,sharedassets0.assets,9015,Valediction,lineSets[2].lines[1].dialogLine[2].text,Peace!,
cce100c45771,dialogue,sharedassets0.assets,9015,Valediction,lineSets[2].lines[1].dialogLine[3].text,Get at me later.,
55c6c9df1aff,dialogue,sharedassets0.assets,9015,Valediction,lineSets[2].lines[1].dialogLine[4].text,Alright then!,
4e828e832f8f,dialogue,sharedassets0.assets,9015,Valediction,lineSets[2].lines[1].dialogLine[5].text,Peace.,
033a0ddf7d98,dialogue,sharedassets0.assets,9015,Valediction,lineSets[2].lines[1].dialogLine[6].text,Kisses!,
49bbd1362aab,dialogue,sharedassets0.assets,9015,Valediction,lineSets[2].lines[1].dialogLine[7].text,Take care of yourself!,
482d8f394125,dialogue,sharedassets0.assets,9015,Valediction,lineSets[2].lines[1].dialogLine[8].text,Go get her!,
43bc80d09c85,dialogue,sharedassets0.assets,9015,Valediction,lineSets[2].lines[1].dialogLine[9].text,"···Take care, okay?",
dcbfe56c5c4c,dialogue,sharedassets0.assets,9015,Valediction,lineSets[2].lines[2].dialogLine[0].text,Toods!,
789af303439a,dialogue,sharedassets0.assets,9015,Valediction,lineSets[2].lines[2].dialogLine[10].text,Leaving already.····· Alright...,
8b4de8fe65d0,dialogue,sharedassets0.assets,9015,Valediction,lineSets[2].lines[2].dialogLine[11].text,Goodbye for now.,
c92477345b6a,dialogue,sharedassets0.assets,9015,Valediction,lineSets[2].lines[2].dialogLine[1].text,Alright.······· Don't party too hard tonight!,
7c363148edb9,dialogue,sharedassets0.assets,9015,Valediction,lineSets[2].lines[2].dialogLine[2].text,"Alright dude,····· I'll see you later.",
ffa0eb370943,dialogue,sharedassets0.assets,9015,Valediction,lineSets[2].lines[2].dialogLine[3].text,I guess I'll be seein' ya...,
542e00dd7315,dialogue,sharedassets0.assets,9015,Valediction,lineSets[2].lines[2].dialogLine[4].text,Have a good evening.,
dd395fb3e8b0,dialogue,sharedassets0.assets,9015,Valediction,lineSets[2].lines[2].dialogLine[5].text,"Enjoy the rest of your night,····· if·· you can.",
c5327241353d,dialogue,sharedassets0.assets,9015,Valediction,lineSets[2].lines[2].dialogLine[6].text,Until next time...,
58b84597ea18,dialogue,sharedassets0.assets,9015,Valediction,lineSets[2].lines[2].dialogLine[7].text,Have a pleasant night.,
734f5c76d129,dialogue,sharedassets0.assets,9015,Valediction,lineSets[2].lines[2].dialogLine[8].text,Deuces!,
b35aed2ce4fa,dialogue,sharedassets0.assets,9015,Valediction,lineSets[2].lines[2].dialogLine[9].text,···Mmm·····kaaay...····· Now I have to figure out what I'm gonna tonight...,
95c2f2e91616,dialogue,sharedassets0.assets,9015,Valediction,lineSets[3].label,night,
18f4863fac8f,dialogue,sharedassets0.assets,9015,Valediction,lineSets[3].lines[0].dialogLine[0].text,Goodnight!,
45ce8ef8df16,dialogue,sharedassets0.assets,9015,Valediction,lineSets[3].lines[0].dialogLine[10].text,"Rest easy,····· okay?",
af2f3467b648,dialogue,sharedassets0.assets,9015,Valediction,lineSets[3].lines[0].dialogLine[11].text,I trust I'll be seeing you tomorrow?,
0821a94727d2,dialogue,sharedassets0.assets,9015,Valediction,lineSets[3].lines[0].dialogLine[1].text,"Try to keep those dreams about me under control, alright? *hahahaha*",
7081d1e45e13,dialogue,sharedassets0.assets,9015,Valediction,lineSets[3].lines[0].dialogLine[2].text,Goodnight!,
994319ba2efb,dialogue,sharedassets0.assets,9015,Valediction,lineSets[3].lines[0].dialogLine[3].text,"You're just leaving,····· like that?····· Fine.",
650089659fe0,dialogue,sharedassets0.assets,9015,Valediction,lineSets[3].lines[0].dialogLine[4].text,Goodnight.,
cde806a567a8,dialogue,sharedassets0.assets,9015,Valediction,lineSets[3].lines[0].dialogLine[5].text,Night.,
a40a3d194ec1,dialogue,sharedassets0.assets,9015,Valediction,lineSets[3].lines[0].dialogLine[6].text,Sweet dreams...,
d35eba7fc21f,dialogue,sharedassets0.assets,9015,Valediction,lineSets[3].lines[0].dialogLine[7].text,"Alright,····· rest easy!",
12417cc5682d,dialogue,sharedassets0.assets,9015,Valediction,lineSets[3].lines[0].dialogLine[8].text,"Get some rest,····· you deserve it.",
25312f0e27b7,dialogue,sharedassets0.assets,9015,Valediction,lineSets[3].lines[0].dialogLine[9].text,···Night night!·····,
68bc55ef3a89,dialogue,sharedassets0.assets,9015,Valediction,lineSets[3].lines[1].dialogLine[0].text,Have a good night!,
02de871bf782,dialogue,sharedassets0.assets,9015,Valediction,lineSets[3].lines[1].dialogLine[10].text,*aaaaccc*·····*cccc*·····I should be getting to sleep too.·····,
246ce91e0fa7,dialogue,sharedassets0.assets,9015,Valediction,lineSets[3].lines[1].dialogLine[11].text,Sleep well.,
4fc431df5de8,dialogue,sharedassets0.assets,9015,Valediction,lineSets[3].lines[1].dialogLine[1].text,"Awwwwww,····· really?",
b874945cd814,dialogue,sharedassets0.assets,9015,Valediction,lineSets[3].lines[1].dialogLine[2].text,"You're leaving already?····· Awww,····· come see me tomorrow!",
25601525f665,dialogue,sharedassets0.assets,9015,Valediction,lineSets[3].lines[1].dialogLine[3].text,"Please,····· you'll be back.",
ad47195f92f8,dialogue,sharedassets0.assets,9015,Valediction,lineSets[3].lines[1].dialogLine[4].text,Sleep well.,
41ee44fbc68a,dialogue,sharedassets0.assets,9015,Valediction,lineSets[3].lines[1].dialogLine[5].text,"Okay, cool.······· Maybe I'll see you tomorrow?",
402d779ac63a,dialogue,sharedassets0.assets,9015,Valediction,lineSets[3].lines[1].dialogLine[6].text,But...····· who's going to keep me warm tonight...?,
fc45e4b29333,dialogue,sharedassets0.assets,9015,Valediction,lineSets[3].lines[1].dialogLine[7].text,"Mmmm,····· sleep well!",
8dd2342c1794,dialogue,sharedassets0.assets,9015,Valediction,lineSets[3].lines[1].dialogLine[8].text,Byyyyeee...····· Love ya to pieces!,
2c774e8dfad2,dialogue,sharedassets0.assets,9015,Valediction,lineSets[3].lines[1].dialogLine[9].text,···Sleep tight!····· Don't let the bed bugs bite!···,
b3e76366777b,dialogue,sharedassets0.assets,9015,Valediction,lineSets[3].lines[2].dialogLine[0].text,"Okay,··· cool.········ Maybe I'll see you tomorrow?",
705dead5a207,dialogue,sharedassets0.assets,9015,Valediction,lineSets[3].lines[2].dialogLine[10].text,I hope to see you again soon.,
831e6cbecdd6,dialogue,sharedassets0.assets,9015,Valediction,lineSets[3].lines[2].dialogLine[11].text,Have a pleasant night...,
14a80d1e8883,dialogue,sharedassets0.assets,9015,Valediction,lineSets[3].lines[2].dialogLine[1].text,Have a good night.,
8cc3b1861de7,dialogue,sharedassets0.assets,9015,Valediction,lineSets[3].lines[2].dialogLine[2].text,Conking out so soon?····· You baby!·····,
33572a8d20a3,dialogue,sharedassets0.assets,9015,Valediction,lineSets[3].lines[2].dialogLine[3].text,See ya.,
90283c48c1fc,dialogue,sharedassets0.assets,9015,Valediction,lineSets[3].lines[2].dialogLine[4].text,Fair enough.····· Night!,
226ccdd65321,dialogue,sharedassets0.assets,9015,Valediction,lineSets[3].lines[2].dialogLine[5].text,"Ughh,··· me too.······· I need to go home and pass out...",
81f79c7e5a26,dialogue,sharedassets0.assets,9015,Valediction,lineSets[3].lines[2].dialogLine[6].text,"Ohhh,············ alriiight.·········· You better come visit me tomorrow!",
6ba88d1a65ab,dialogue,sharedassets0.assets,9015,Valediction,lineSets[3].lines[2].dialogLine[7].text,Good night!,
8b8fca2a518d,dialogue,sharedassets0.assets,9015,Valediction,lineSets[3].lines[2].dialogLine[8].text,"Good work,····· bring it in for today.",
001658048ae1,dialogue,sharedassets0.assets,9015,Valediction,lineSets[3].lines[2].dialogLine[9].text,···Byyyeee...····· I'll be dreaming of you!·····*hahahaha*,
ba651b4c6580,dialogue,sharedassets0.assets,9016,QueryDuplicate,lineSets[0].label,query duplicate,
685f076913c5,dialogue,sharedassets0.assets,9016,QueryDuplicate,lineSets[0].lines[0].dialogLine[0].text,You jerk!·········· I already told you;····· you don't remember?,
1df7251ff1e2,dialogue,sharedassets0.assets,9016,QueryDuplicate,lineSets[0].lines[0].dialogLine[10].text,I've already given my response to that question.,
55d1911639a0,dialogue,sharedassets0.assets,9016,QueryDuplicate,lineSets[0].lines[0].dialogLine[11].text,How dare you ask me to repeat myself!,
983cc446f57d,dialogue,sharedassets0.assets,9016,QueryDuplicate,lineSets[0].lines[0].dialogLine[1].text,"Ugghhh!········ If you ever listened, you'd know I already told you that.",
daf1ca29e41f,dialogue,sharedassets0.assets,9016,QueryDuplicate,lineSets[0].lines[0].dialogLine[2].text,Oh...····· didn't you already ask me that?,
4690dc218f73,dialogue,sharedassets0.assets,9016,QueryDuplicate,lineSets[0].lines[0].dialogLine[3].text,Forgot already·· huh?····· Well··· I'm not telling you again.,
527b6af65339,dialogue,sharedassets0.assets,9016,QueryDuplicate,lineSets[0].lines[0].dialogLine[4].text,You may have already asked me that...,
2b717a1a34c5,dialogue,sharedassets0.assets,9016,QueryDuplicate,lineSets[0].lines[0].dialogLine[5].text,I'm not going to answer the same question twice.,
24b048dd63b2,dialogue,sharedassets0.assets,9016,QueryDuplicate,lineSets[0].lines[0].dialogLine[6].text,"You're not going to make me repeat myself,····· are you?",
134dac25f7db,dialogue,sharedassets0.assets,9016,QueryDuplicate,lineSets[0].lines[0].dialogLine[7].text,"I don't mean to be rude,········ but······· I think you've asked that before.",
17d810a273b7,dialogue,sharedassets0.assets,9016,QueryDuplicate,lineSets[0].lines[0].dialogLine[8].text,*aaaaacc*·····Already asked that one.,
80784e24b628,dialogue,sharedassets0.assets,9016,QueryDuplicate,lineSets[0].lines[0].dialogLine[9].text,"···*haha···cmcm*·····You silly,····· you already asked me that before!",
d275e67aa7ce,dialogue,sharedassets0.assets,9016,QueryDuplicate,lineSets[0].lines[1].dialogLine[0].text,Ah-ha!········ Got you!······· You've already asked me that.····· Pay attention!,
f9a1ef71f2b5,dialogue,sharedassets0.assets,9016,QueryDuplicate,lineSets[0].lines[1].dialogLine[10].text,Can you please refrain from asking the same question more than once.···,
0793f7ebc6a8,dialogue,sharedassets0.assets,9016,QueryDuplicate,lineSets[0].lines[1].dialogLine[11].text,You have your answer to that question already...,
6230c3da2b36,dialogue,sharedassets0.assets,9016,QueryDuplicate,lineSets[0].lines[1].dialogLine[1].text,"Hey, Einstein!····· You already asked that.",
e879dbdf052d,dialogue,sharedassets0.assets,9016,QueryDuplicate,lineSets[0].lines[1].dialogLine[2].text,I'm pretty sure you've asked me that before...,
7801daac1335,dialogue,sharedassets0.assets,9016,QueryDuplicate,lineSets[0].lines[1].dialogLine[3].text,You're·· such··· a moron.·········· I answered that question already.,
dceddddae4a0,dialogue,sharedassets0.assets,9016,QueryDuplicate,lineSets[0].lines[1].dialogLine[4].text,I believe I've already mentioned that to you...,
fdc3da7bdd0b,dialogue,sharedassets0.assets,9016,QueryDuplicate,lineSets[0].lines[1].dialogLine[5].text,Orrrrrr····· you could try asking me a new question.,
bf34478f62e9,dialogue,sharedassets0.assets,9016,QueryDuplicate,lineSets[0].lines[1].dialogLine[6].text,"Ummm,······· sweetie...············· you've already given me that question.",
034bfd8580c5,dialogue,sharedassets0.assets,9016,QueryDuplicate,lineSets[0].lines[1].dialogLine[7].text,Deja Vu...·········· did you already ask me that?,
cced28c08c92,dialogue,sharedassets0.assets,9016,QueryDuplicate,lineSets[0].lines[1].dialogLine[8].text,What's the matter?····· Couldn't get it the first time you asked that question?,
cab08ca50a1a,dialogue,sharedassets0.assets,9016,QueryDuplicate,lineSets[0].lines[1].dialogLine[9].text,···That's cheating!····· You can only ask a question one time.,
efcae1a48528,dialogue,sharedassets0.assets,9016,QueryDuplicate,lineSets[0].lines[2].dialogLine[0].text,I could swear I've already told you that...,
0e97848e3a73,dialogue,sharedassets0.assets,9016,QueryDuplicate,lineSets[0].lines[2].dialogLine[10].text,You've already asked me that question.,
955ff5095b1c,dialogue,sharedassets0.assets,9016,QueryDuplicate,lineSets[0].lines[2].dialogLine[11].text,Is this a game?·········· I've responded to that question before.,
43a8b81e46bf,dialogue,sharedassets0.assets,9016,QueryDuplicate,lineSets[0].lines[2].dialogLine[1].text,I'll give you a second to try and remember that last time I answered that...,
844acb09ef20,dialogue,sharedassets0.assets,9016,QueryDuplicate,lineSets[0].lines[2].dialogLine[2].text,"Come on dude,····· you should already know that!",
724d149fcb1a,dialogue,sharedassets0.assets,9016,QueryDuplicate,lineSets[0].lines[2].dialogLine[3].text,How about asking me something··· you haven't asked?,
0692c4d35b4f,dialogue,sharedassets0.assets,9016,QueryDuplicate,lineSets[0].lines[2].dialogLine[4].text,I seem to remember answering that question before...,
8361db9714a8,dialogue,sharedassets0.assets,9016,QueryDuplicate,lineSets[0].lines[2].dialogLine[5].text,You honestly don't remember asking me that before?,
f21073fcab8b,dialogue,sharedassets0.assets,9016,QueryDuplicate,lineSets[0].lines[2].dialogLine[6].text,We've covered that.····· Ask me something different!,
3b76497b3b8d,dialogue,sharedassets0.assets,9016,QueryDuplicate,lineSets[0].lines[2].dialogLine[7].text,I've already told you!····· Nope!····· You have to remember!·····*hahahaha*,
a13c5da3cbcc,dialogue,sharedassets0.assets,9016,QueryDuplicate,lineSets[0].lines[2].dialogLine[8].text,You know you're not supposed to ask the same question twice.,
ea53653080e7,dialogue,sharedassets0.assets,9016,QueryDuplicate,lineSets[0].lines[2].dialogLine[9].text,···That's boring...····· I already answered that one!,
ba811196b2ee,dialogue,sharedassets0.assets,9017,QueryIntro,lineSets[0].label,query intro,
9588fc18462a,dialogue,sharedassets0.assets,9017,QueryIntro,lineSets[0].lines[0].dialogLine[0].text,What's shakin' bacon?,
8993d7824f92,dialogue,sharedassets0.assets,9017,QueryIntro,lineSets[0].lines[0].dialogLine[10].text,"Please,····· ask anything you'd like.",
bc4ad9fe02a8,dialogue,sharedassets0.assets,9017,QueryIntro,lineSets[0].lines[0].dialogLine[11].text,"Go ahead,·········· you may ask me one question.",
62b16a3f3d7a,dialogue,sharedassets0.assets,9017,QueryIntro,lineSets[0].lines[0].dialogLine[1].text,Something I can help you with?,
f6a565b8f64c,dialogue,sharedassets0.assets,9017,QueryIntro,lineSets[0].lines[0].dialogLine[2].text,Yeah?,
6a891e5e731c,dialogue,sharedassets0.assets,9017,QueryIntro,lineSets[0].lines[0].dialogLine[3].text,What?,
8d7ada1116bc,dialogue,sharedassets0.assets,9017,QueryIntro,lineSets[0].lines[0].dialogLine[4].text,What's cooking good lookin'?,
4dd3c26f2e5d,dialogue,sharedassets0.assets,9017,QueryIntro,lineSets[0].lines[0].dialogLine[5].text,What's on your mind?,
ccb282c7d0e3,dialogue,sharedassets0.assets,9017,QueryIntro,lineSets[0].lines[0].dialogLine[6].text,You can ask me anything you like...,
706175b1dad4,dialogue,sharedassets0.assets,9017,QueryIntro,lineSets[0].lines[0].dialogLine[7].text,What can I do for you?,
9ea98a778464,dialogue,sharedassets0.assets,9017,QueryIntro,lineSets[0].lines[0].dialogLine[8].text,What's good playa?····· Talk to me*ee*.,
e3e9b10ff801,dialogue,sharedassets0.assets,9017,QueryIntro,lineSets[0].lines[0].dialogLine[9].text,···Is there anything I can do for you master?,
5b8e2f5f8595,dialogue,sharedassets0.assets,9017,QueryIntro,lineSets[0].lines[1].dialogLine[0].text,Somethin' on your mind?,
5310e48f72cf,dialogue,sharedassets0.assets,9017,QueryIntro,lineSets[0].lines[1].dialogLine[10].text,I'm sure you must be curious about me...,
fe742b4cd085,dialogue,sharedassets0.assets,9017,QueryIntro,lineSets[0].lines[1].dialogLine[11].text,Make it quick...,
11b01f3bfdb8,dialogue,sharedassets0.assets,9017,QueryIntro,lineSets[0].lines[1].dialogLine[1].text,Yeeeess?,
01f7a56b164d,dialogue,sharedassets0.assets,9017,QueryIntro,lineSets[0].lines[1].dialogLine[2].text,"Go ahead,····· ask me anything!",
ae968afa3550,dialogue,sharedassets0.assets,9017,QueryIntro,lineSets[0].lines[1].dialogLine[3].text,"If you're gonna ask,····· just ask.",
69660701c255,dialogue,sharedassets0.assets,9017,QueryIntro,lineSets[0].lines[1].dialogLine[4].text,Yes?,
682d7af3e2db,dialogue,sharedassets0.assets,9017,QueryIntro,lineSets[0].lines[1].dialogLine[5].text,"Ummmmm,····· soooooo,····· yeeeaaahhh...",
2310df121e90,dialogue,sharedassets0.assets,9017,QueryIntro,lineSets[0].lines[1].dialogLine[6].text,"Something you need from me,····· sweetie?",
ba4a54f8f6b3,dialogue,sharedassets0.assets,9017,QueryIntro,lineSets[0].lines[1].dialogLine[7].text,I get the sense something's on your mind.,
59a894b3c08f,dialogue,sharedassets0.assets,9017,QueryIntro,lineSets[0].lines[1].dialogLine[8].text,Hmmm...····· what've you got rattling in that little dome of yours?,
64932e33f054,dialogue,sharedassets0.assets,9017,QueryIntro,lineSets[0].lines[1].dialogLine[9].text,···I'm booorred!····· Ask me a question!,
9908a7290de4,dialogue,sharedassets0.assets,9017,QueryIntro,lineSets[0].lines[2].dialogLine[0].text,What do you wanna know about me?,
0f6f9050b2ce,dialogue,sharedassets0.assets,9017,QueryIntro,lineSets[0].lines[2].dialogLine[10].text,Is there anything you'd like to know about?,
88be600337e2,dialogue,sharedassets0.assets,9017,QueryIntro,lineSets[0].lines[2].dialogLine[11].text,I'm··· listening...,
9086f2352adf,dialogue,sharedassets0.assets,9017,QueryIntro,lineSets[0].lines[2].dialogLine[1].text,Mmmhmmm?,
8b8576e7e1d5,dialogue,sharedassets0.assets,9017,QueryIntro,lineSets[0].lines[2].dialogLine[2].text,Did you wanna say something?,
2560a7dad4a8,dialogue,sharedassets0.assets,9017,QueryIntro,lineSets[0].lines[2].dialogLine[3].text,Yeah?····· Out with it.,
54c401b1d6b0,dialogue,sharedassets0.assets,9017,QueryIntro,lineSets[0].lines[2].dialogLine[4].text,Ask me something about myself!,
0566c1b755f4,dialogue,sharedassets0.assets,9017,QueryIntro,lineSets[0].lines[2].dialogLine[5].text,Anything you wanna talk about?,
189e931f7ce6,dialogue,sharedassets0.assets,9017,QueryIntro,lineSets[0].lines[2].dialogLine[6].text,Is there··· anything else you'd like to know about me?,
b342d210797e,dialogue,sharedassets0.assets,9017,QueryIntro,lineSets[0].lines[2].dialogLine[7].text,You look like you have something to say...,
f7a8de595758,dialogue,sharedassets0.assets,9017,QueryIntro,lineSets[0].lines[2].dialogLine[8].text,You need something?····· Spit it out.,
c0dd08b4839e,dialogue,sharedassets0.assets,9017,QueryIntro,lineSets[0].lines[2].dialogLine[9].text,···Oookaay!············· What do you wanna talk about?··· Hmm?,
f0ba81c91c9d,dialogue,sharedassets0.assets,9018,QuestionBadChoice,lineSets[0].label,question bad choice 1,
041fc420d33b,dialogue,sharedassets0.assets,9018,QuestionBadChoice,lineSets[0].lines[0].dialogLine[0].text,Oh...····· really?,
9009c2b3825b,dialogue,sharedassets0.assets,9018,QuestionBadChoice,lineSets[0].lines[0].dialogLine[1].text,*hahahahahahahaha* You wish!,
157a0185afbc,dialogue,sharedassets0.assets,9018,QuestionBadChoice,lineSets[0].lines[0].dialogLine[2].text,"*hahahahaha*·····Awww,··· you don't mean that...",
504feab28c99,dialogue,sharedassets0.assets,9018,QuestionBadChoice,lineSets[0].lines[0].dialogLine[3].text,"Ummmm,····· yeah,····· no.",
edfe386d78db,dialogue,sharedassets0.assets,9018,QuestionBadChoice,lineSets[0].lines[0].dialogLine[4].text,*hahahaha*·····Nice try!,
91e2c6cd1f41,dialogue,sharedassets0.assets,9018,QuestionBadChoice,lineSets[0].lines[0].dialogLine[5].text,"Yeah,··· I·· guess that's true.",
b4dec8407353,dialogue,sharedassets0.assets,9018,QuestionBadChoice,lineSets[0].lines[0].dialogLine[6].text,"Ohhh,····· well that's...····· nice.",
6f3ee26b5ee6,dialogue,sharedassets0.assets,9018,QuestionBadChoice,lineSets[0].lines[0].dialogLine[7].text,Well if thats the way you feel...,
4ecc49448eaa,dialogue,sharedassets0.assets,9018,QuestionBadChoice,lineSets[1].label,question bad choice 2,
bebe01055b65,dialogue,sharedassets0.assets,9018,QuestionBadChoice,lineSets[1].lines[0].dialogLine[0].text,I see...,
682bedfcb104,dialogue,sharedassets0.assets,9018,QuestionBadChoice,lineSets[1].lines[0].dialogLine[1].text,Hah!····· What a load of shit.,
6bbc6a6c3d3d,dialogue,sharedassets0.assets,9018,QuestionBadChoice,lineSets[1].lines[0].dialogLine[2].text,I'm surprised to hear you say that!,
700e955344cb,dialogue,sharedassets0.assets,9018,QuestionBadChoice,lineSets[1].lines[0].dialogLine[3].text,FUUUCK that shit.,
83dee5948d70,dialogue,sharedassets0.assets,9018,QuestionBadChoice,lineSets[1].lines[0].dialogLine[4].text,*hahahaha*·····Stop it!,
0bdc7f0283ed,dialogue,sharedassets0.assets,9018,QuestionBadChoice,lineSets[1].lines[0].dialogLine[5].text,*aaaacc* Never mind...,
c0e926bed16d,dialogue,sharedassets0.assets,9018,QuestionBadChoice,lineSets[1].lines[0].dialogLine[6].text,"Awww,····· baby,····· that's no fun.",
7e3ed80849a9,dialogue,sharedassets0.assets,9018,QuestionBadChoice,lineSets[1].lines[0].dialogLine[7].text,"Hmm,·········· I don't think I've ever looked at it that way.",
7b39dfaa5917,dialogue,sharedassets0.assets,9018,QuestionBadChoice,lineSets[2].label,question bad choice 3,
297cb816746e,dialogue,sharedassets0.assets,9018,QuestionBadChoice,lineSets[2].lines[0].dialogLine[0].text,That's cool...,
b8c0ede80bf0,dialogue,sharedassets0.assets,9018,QuestionBadChoice,lineSets[2].lines[0].dialogLine[1].text,········*aacc*···Pathetic!,
7388245df20f,dialogue,sharedassets0.assets,9018,QuestionBadChoice,lineSets[2].lines[0].dialogLine[2].text,Oookaaaaayyy...,
60c28be91fe5,dialogue,sharedassets0.assets,9018,QuestionBadChoice,lineSets[2].lines[0].dialogLine[3].text,Figures you would say that...,
92962d2e79a2,dialogue,sharedassets0.assets,9018,QuestionBadChoice,lineSets[2].lines[0].dialogLine[4].text,"Mmmm,····· to each their own.",
1ad43d8c6598,dialogue,sharedassets0.assets,9018,QuestionBadChoice,lineSets[2].lines[0].dialogLine[5].text,"What!?····· No,····· you're bullshitting me.",
63ac6cb56f37,dialogue,sharedassets0.assets,9018,QuestionBadChoice,lineSets[2].lines[0].dialogLine[6].text,That's really how you feel?····· I see...·····,
f92a51257765,dialogue,sharedassets0.assets,9018,QuestionBadChoice,lineSets[2].lines[0].dialogLine[7].text,*aaaacc*·····That's terrible!,
4a6d181709ff,dialogue,sharedassets0.assets,9018,QuestionBadChoice,lineSets[3].label,question bad choice 4,
66709bc3a805,dialogue,sharedassets0.assets,9018,QuestionBadChoice,lineSets[3].lines[0].dialogLine[0].text,Hmmm...····· you think so?,
81448f630c1f,dialogue,sharedassets0.assets,9018,QuestionBadChoice,lineSets[3].lines[0].dialogLine[1].text,"Yeah,········ I had you figured like that.",
d1feb878196d,dialogue,sharedassets0.assets,9018,QuestionBadChoice,lineSets[3].lines[0].dialogLine[2].text,What!?*haha*····· You're such a jerk!,
e307fb5e9b04,dialogue,sharedassets0.assets,9018,QuestionBadChoice,lineSets[3].lines[0].dialogLine[3].text,What the fuck is that supposed to mean?,
4518d0c7c57f,dialogue,sharedassets0.assets,9018,QuestionBadChoice,lineSets[3].lines[0].dialogLine[4].text,"Alright,····· fair enough.",
82a2bbe01bed,dialogue,sharedassets0.assets,9018,QuestionBadChoice,lineSets[3].lines[0].dialogLine[5].text,"Oh,····· okay.····· That's cool.",
7c62fea15b18,dialogue,sharedassets0.assets,9018,QuestionBadChoice,lineSets[3].lines[0].dialogLine[6].text,*hahahaha*·····*eee*·····I have a hard time believing that one.,
7be29da1904e,dialogue,sharedassets0.assets,9018,QuestionBadChoice,lineSets[3].lines[0].dialogLine[7].text,Hmmmmmm...,
cd31968eb29c,dialogue,sharedassets0.assets,9018,QuestionBadChoice,lineSets[4].label,question bad choice 5,
52572825492d,dialogue,sharedassets0.assets,9018,QuestionBadChoice,lineSets[4].lines[0].dialogLine[0].text,I'm not so sure about that.,
0db9e17ae3a3,dialogue,sharedassets0.assets,9018,QuestionBadChoice,lineSets[4].lines[0].dialogLine[1].text,Boooooorrring!,
6fbdadd01780,dialogue,sharedassets0.assets,9018,QuestionBadChoice,lineSets[4].lines[0].dialogLine[2].text,"Hey man,····· whatever floats your boat.",
1f113a6ffd06,dialogue,sharedassets0.assets,9018,QuestionBadChoice,lineSets[4].lines[0].dialogLine[3].text,"*hahahaha*·····Oh my god,····· are you serious?",
54fa42fdcb2b,dialogue,sharedassets0.assets,9018,QuestionBadChoice,lineSets[4].lines[0].dialogLine[4].text,"Ahhh,····· what?····· I hope you're not serious.",
1a1c17dab709,dialogue,sharedassets0.assets,9018,QuestionBadChoice,lineSets[4].lines[0].dialogLine[5].text,"Eww,····· I'm sorry I asked...",
28fc5bf4dfd1,dialogue,sharedassets0.assets,9018,QuestionBadChoice,lineSets[4].lines[0].dialogLine[6].text,What?····· I wasn't expecting that from you.,
575a8eab7f69,dialogue,sharedassets0.assets,9018,QuestionBadChoice,lineSets[4].lines[0].dialogLine[7].text,Mmmmmmm...,
654531f2d26f,dialogue,sharedassets0.assets,9018,QuestionBadChoice,lineSets[5].label,question bad choice 6,
a5fbd9d3b58a,dialogue,sharedassets0.assets,9018,QuestionBadChoice,lineSets[5].lines[0].dialogLine[0].text,Pssssh!*hehe* You're such a liar!,
c81e36728c82,dialogue,sharedassets0.assets,9018,QuestionBadChoice,lineSets[5].lines[0].dialogLine[1].text,"··········*hahahaha*·····*haha*···Oh my god,····· I hope you're not serious!",
16b6ff4a634d,dialogue,sharedassets0.assets,9018,QuestionBadChoice,lineSets[5].lines[0].dialogLine[2].text,"Yeah,····· I suppose that makes sense...",
f08c62afc878,dialogue,sharedassets0.assets,9018,QuestionBadChoice,lineSets[5].lines[0].dialogLine[3].text,"Ughh,····· gaaaayy!",
cad763a0a225,dialogue,sharedassets0.assets,9018,QuestionBadChoice,lineSets[5].lines[0].dialogLine[4].text,"Awwww!····· Nooo,··· come on!",
b82a84da939b,dialogue,sharedassets0.assets,9018,QuestionBadChoice,lineSets[5].lines[0].dialogLine[5].text,"Uhhhh,····· yeah····· I'm not sure I agree with that...",
1b81d8c92337,dialogue,sharedassets0.assets,9018,QuestionBadChoice,lineSets[5].lines[0].dialogLine[6].text,Really now?··············· I didn't take you for one of those types.,
ad286ebc71cc,dialogue,sharedassets0.assets,9018,QuestionBadChoice,lineSets[5].lines[0].dialogLine[7].text,"No,·········· I don't think that's true.",
b694093da66f,dialogue,sharedassets0.assets,9018,QuestionBadChoice,lineSets[6].label,question bad choice 7,
81220ebeee41,dialogue,sharedassets0.assets,9018,QuestionBadChoice,lineSets[6].lines[0].dialogLine[0].text,You jerk!,
35edbcbaf021,dialogue,sharedassets0.assets,9018,QuestionBadChoice,lineSets[6].lines[0].dialogLine[1].text,"Ughh,····· you're such a pig.",
5d11b2efc6f8,dialogue,sharedassets0.assets,9018,QuestionBadChoice,lineSets[6].lines[0].dialogLine[2].text,*hahahahaha*··········Get the fuck out of here with that shit!,
68b07ffc7763,dialogue,sharedassets0.assets,9018,QuestionBadChoice,lineSets[6].lines[0].dialogLine[3].text,"Yeah,····· Okaaay!",
fd09f0122c94,dialogue,sharedassets0.assets,9018,QuestionBadChoice,lineSets[6].lines[0].dialogLine[4].text,"That's true,·· that's true.····· You can't deny that.",
0f6bee9e6976,dialogue,sharedassets0.assets,9018,QuestionBadChoice,lineSets[6].lines[0].dialogLine[5].text,"Ummmm,····· okaaaay...?",
c51b3990a24e,dialogue,sharedassets0.assets,9018,QuestionBadChoice,lineSets[6].lines[0].dialogLine[6].text,Yeeaahh...····· I suppose that's true...,
99f355e1a052,dialogue,sharedassets0.assets,9018,QuestionBadChoice,lineSets[6].lines[0].dialogLine[7].text,I suppose I can't argue with that.,
ed6dcc69bb1b,dialogue,sharedassets0.assets,9019,QuestionCorrect,lineSets[0].label,question correct,
a685b248f56c,dialogue,sharedassets0.assets,9019,QuestionCorrect,lineSets[0].lines[0].dialogLine[10].text,That is correct.,
4b888cc3e460,dialogue,sharedassets0.assets,9019,QuestionCorrect,lineSets[0].lines[0].dialogLine[11].text,You're not as dumb as you look.,
eafc933a2995,dialogue,sharedassets0.assets,9019,QuestionCorrect,lineSets[0].lines[0].dialogLine[8].text,Ha!···*ccc*··· Too easy!····· I'll getcha next time.,
3a3b51ccc8ac,dialogue,sharedassets0.assets,9019,QuestionCorrect,lineSets[0].lines[0].dialogLine[9].text,···Yeah that's it!····· How'd you know?,
c5ededed1d11,dialogue,sharedassets0.assets,9019,QuestionCorrect,lineSets[0].lines[1].dialogLine[10].text,That is right.····· Very good.,
31fa021711cd,dialogue,sharedassets0.assets,9019,QuestionCorrect,lineSets[0].lines[1].dialogLine[11].text,"Okay,····· that's one.·····*ccaacc*····· But there are more where that came from.",
9b25e1f48afe,dialogue,sharedassets0.assets,9019,QuestionCorrect,lineSets[0].lines[1].dialogLine[8].text,Of course.····· How could you forget?,
20af484325bb,dialogue,sharedassets0.assets,9019,QuestionCorrect,lineSets[0].lines[1].dialogLine[9].text,"···Mmmhmm!····· Yep, yep, yep!",
722df3eee156,dialogue,sharedassets0.assets,9019,QuestionCorrect,lineSets[0].lines[2].dialogLine[10].text,You're smarter than I thought.,
319b540947b0,dialogue,sharedassets0.assets,9019,QuestionCorrect,lineSets[0].lines[2].dialogLine[11].text,"Surprisingly,··· yes,······ that's it.······· Well done.",
faf326de5b7b,dialogue,sharedassets0.assets,9019,QuestionCorrect,lineSets[0].lines[2].dialogLine[8].text,Nice.····· I expected nothing less.,
4e000b2479a2,dialogue,sharedassets0.assets,9019,QuestionCorrect,lineSets[0].lines[2].dialogLine[9].text,···Wooow!····· You're really good at cats!,
b6d49f5cc9db,dialogue,sharedassets0.assets,9020,QuestionIncorrect,lineSets[0].label,question incorrect,
9f1a33befeda,dialogue,sharedassets0.assets,9020,QuestionIncorrect,lineSets[0].lines[0].dialogLine[10].text,"Sorry,····· that is incorrect.",
5123b30bdbcb,dialogue,sharedassets0.assets,9020,QuestionIncorrect,lineSets[0].lines[0].dialogLine[11].text,Evidently I've given you too much credit.,
13230ef33057,dialogue,sharedassets0.assets,9020,QuestionIncorrect,lineSets[0].lines[0].dialogLine[8].text,"The fuck?····· No,····· that's not even close.",
3232ac8ce1b1,dialogue,sharedassets0.assets,9020,QuestionIncorrect,lineSets[0].lines[0].dialogLine[9].text,···Nooooo··· silly!·········· Don't you know anything about kitties?,
551900b6a3a9,dialogue,sharedassets0.assets,9020,QuestionIncorrect,lineSets[0].lines[1].dialogLine[10].text,I'm afraid that's not the answer.,
bef6e1225933,dialogue,sharedassets0.assets,9020,QuestionIncorrect,lineSets[0].lines[1].dialogLine[11].text,I'm sure these girls would be thrilled to know you can't remember the smallest things about them.,
37abcc3cd97a,dialogue,sharedassets0.assets,9020,QuestionIncorrect,lineSets[0].lines[1].dialogLine[8].text,How don't you remember that?,
ca14487427cf,dialogue,sharedassets0.assets,9020,QuestionIncorrect,lineSets[0].lines[1].dialogLine[9].text,···Master you need to brush up on your cat knowledge.,
88a96cc738d1,dialogue,sharedassets0.assets,9020,QuestionIncorrect,lineSets[0].lines[2].dialogLine[10].text,*aaaaccc*·····Typical earthling...,
18fc1df434bd,dialogue,sharedassets0.assets,9020,QuestionIncorrect,lineSets[0].lines[2].dialogLine[11].text,How did you ever get this far with answers like that?,
faffe2ab1432,dialogue,sharedassets0.assets,9020,QuestionIncorrect,lineSets[0].lines[2].dialogLine[8].text,"Ummmmm, not quite.",
1d23957b49f0,dialogue,sharedassets0.assets,9020,QuestionIncorrect,lineSets[0].lines[2].dialogLine[9].text,···Wait...····· is that right?····· No... I don't think so.,
d90601482719,dialogue,sharedassets0.assets,9021,QuestionIntro,lineSets[0].label,question intro,
242a06202240,dialogue,sharedassets0.assets,9021,QuestionIntro,lineSets[0].lines[0].dialogLine[0].text,Hey!····· Question...,
a6d631965a41,dialogue,sharedassets0.assets,9021,QuestionIntro,lineSets[0].lines[0].dialogLine[10].text,Let's see what you know about the world beyond your planet...,
49e18563f840,dialogue,sharedassets0.assets,9021,QuestionIntro,lineSets[0].lines[0].dialogLine[11].text,Let's find out how observant you've been...,
93b72824e15e,dialogue,sharedassets0.assets,9021,QuestionIntro,lineSets[0].lines[0].dialogLine[1].text,"So, hey,··· question...",
b64ba3628a67,dialogue,sharedassets0.assets,9021,QuestionIntro,lineSets[0].lines[0].dialogLine[2].text,"Hey,····· question for ya!",
c0fae7f4950d,dialogue,sharedassets0.assets,9021,QuestionIntro,lineSets[0].lines[0].dialogLine[3].text,"So,····· here's a question...",
25d1149ee088,dialogue,sharedassets0.assets,9021,QuestionIntro,lineSets[0].lines[0].dialogLine[4].text,"Not to put you on the spot,···· but··· I wanna know something...",
800f34801359,dialogue,sharedassets0.assets,9021,QuestionIntro,lineSets[0].lines[0].dialogLine[5].text,"So,····· maybe this is kinda personal,····· buuut...",
f4e6c0a1c0a5,dialogue,sharedassets0.assets,9021,QuestionIntro,lineSets[0].lines[0].dialogLine[6].text,"Okay,······· sooo,·········· I've got a question for you...",
c1c376507dcd,dialogue,sharedassets0.assets,9021,QuestionIntro,lineSets[0].lines[0].dialogLine[7].text,I'm trying to think of a question to ask you...·········· Oh!······· I've got a good one!,
ad20c9b71a3c,dialogue,sharedassets0.assets,9021,QuestionIntro,lineSets[0].lines[0].dialogLine[8].text,"Alright,····· let's review some of the basics...",
b20a075c9cb0,dialogue,sharedassets0.assets,9021,QuestionIntro,lineSets[0].lines[0].dialogLine[9].text,···Time for a kitty quiz!,
04f70c357e83,dialogue,sharedassets0.assets,9021,QuestionIntro,lineSets[0].lines[1].dialogLine[0].text,"You know,····· I've kinda been wondering...",
97a14b2bd471,dialogue,sharedassets0.assets,9021,QuestionIntro,lineSets[0].lines[1].dialogLine[10].text,I'm curious to know how much you really understand...,
bc140fbb271d,dialogue,sharedassets0.assets,9021,QuestionIntro,lineSets[0].lines[1].dialogLine[11].text,Have you been paying much attention to your dates...?,
c538d55363a8,dialogue,sharedassets0.assets,9021,QuestionIntro,lineSets[0].lines[1].dialogLine[1].text,I've got a question for you...,
288f98ccc2a8,dialogue,sharedassets0.assets,9021,QuestionIntro,lineSets[0].lines[1].dialogLine[2].text,"Soooo,·········· I've been thinking...",
dd85360fb8ba,dialogue,sharedassets0.assets,9021,QuestionIntro,lineSets[0].lines[1].dialogLine[3].text,"Since you're here,····· you can answer this for me...",
a120ebcd1703,dialogue,sharedassets0.assets,9021,QuestionIntro,lineSets[0].lines[1].dialogLine[4].text,"Alright,····· answer me this...",
ea7d4ba58885,dialogue,sharedassets0.assets,9021,QuestionIntro,lineSets[0].lines[1].dialogLine[5].text,"I don't mean to pry or anything,····· but I've gotta ask...",
46c44aed15b2,dialogue,sharedassets0.assets,9021,QuestionIntro,lineSets[0].lines[1].dialogLine[6].text,"Well what should I ask you...····· Ohhh,····· I've got one.·····",
1456e7515f29,dialogue,sharedassets0.assets,9021,QuestionIntro,lineSets[0].lines[1].dialogLine[7].text,Would you mind if I asked you something?·········· I'm curious...,
8fae9b2db6ab,dialogue,sharedassets0.assets,9021,QuestionIntro,lineSets[0].lines[1].dialogLine[8].text,I wonder how much I've rubbed off on ya...····· Let's see...,
18c34dcfb38c,dialogue,sharedassets0.assets,9021,QuestionIntro,lineSets[0].lines[1].dialogLine[9].text,···Ready for a kitty question?,
cfddae452e08,dialogue,sharedassets0.assets,9021,QuestionIntro,lineSets[0].lines[2].dialogLine[0].text,I wanna ask you somethin'...,
a08626453470,dialogue,sharedassets0.assets,9021,QuestionIntro,lineSets[0].lines[2].dialogLine[10].text,I wonder...····· just how intelligent are you?,
2979c59b449b,dialogue,sharedassets0.assets,9021,QuestionIntro,lineSets[0].lines[2].dialogLine[11].text,Now for a true test of your memory...,
fb97ae80f55f,dialogue,sharedassets0.assets,9021,QuestionIntro,lineSets[0].lines[2].dialogLine[1].text,Let me ask you something...,
71619851c577,dialogue,sharedassets0.assets,9021,QuestionIntro,lineSets[0].lines[2].dialogLine[2].text,Let me ask you something...,
17b30f63811f,dialogue,sharedassets0.assets,9021,QuestionIntro,lineSets[0].lines[2].dialogLine[3].text,"Oka*aa*y,·········· I want to know something...",
305ca45eaf7d,dialogue,sharedassets0.assets,9021,QuestionIntro,lineSets[0].lines[2].dialogLine[4].text,You know what I'm kinda curious about?,
880f01393bc1,dialogue,sharedassets0.assets,9021,QuestionIntro,lineSets[0].lines[2].dialogLine[5].text,"Ummm,······· do you mind if I ask you a question real quick?",
a482fec8090d,dialogue,sharedassets0.assets,9021,QuestionIntro,lineSets[0].lines[2].dialogLine[6].text,"Baby,····· I'm curious...",
db651a95c390,dialogue,sharedassets0.assets,9021,QuestionIntro,lineSets[0].lines[2].dialogLine[7].text,I'm interested in knowing what you think about this...,
09c9eafb3879,dialogue,sharedassets0.assets,9021,QuestionIntro,lineSets[0].lines[2].dialogLine[8].text,Incoming question!,
83372582550d,dialogue,sharedassets0.assets,9021,QuestionIntro,lineSets[0].lines[2].dialogLine[9].text,"···I know more about cats than you!····· See,··· I'll show you...",
61cd579f4b40,dialogue,sharedassets0.assets,9021,QuestionIntro,lineSets[0].lines[3].dialogLine[0].text,So I've been curious what you think about this...,
3dc1ecc14ec5,dialogue,sharedassets0.assets,9021,QuestionIntro,lineSets[0].lines[3].dialogLine[10].text,"I have question for you,····· so I hope you're prepared.",
5737c6b4d7e1,dialogue,sharedassets0.assets,9021,QuestionIntro,lineSets[0].lines[3].dialogLine[11].text,You're going to have to think about this one...,
c9666b262715,dialogue,sharedassets0.assets,9021,QuestionIntro,lineSets[0].lines[3].dialogLine[1].text,Give me your honest answer...,
06e49cf2b245,dialogue,sharedassets0.assets,9021,QuestionIntro,lineSets[0].lines[3].dialogLine[2].text,"What was I going to ask you again?...····· Oh,··· right!",
7dbb211652ca,dialogue,sharedassets0.assets,9021,QuestionIntro,lineSets[0].lines[3].dialogLine[3].text,You know what I've been wondering...,
c11ddfb51a00,dialogue,sharedassets0.assets,9021,QuestionIntro,lineSets[0].lines[3].dialogLine[4].text,I just had a really good question in my head...····· shit...·········· Wait!····· Got it!,
2436d26cc9dc,dialogue,sharedassets0.assets,9021,QuestionIntro,lineSets[0].lines[3].dialogLine[5].text,"This is kind of a stupid question,····· but I guess I'll ask it anyway.",
c8f11b31b5c6,dialogue,sharedassets0.assets,9021,QuestionIntro,lineSets[0].lines[3].dialogLine[6].text,"So,·········· tell me something...",
0684eadc20a3,dialogue,sharedassets0.assets,9021,QuestionIntro,lineSets[0].lines[3].dialogLine[7].text,I have a question for you!·········· Take your time answering.,
d611ffefaa4a,dialogue,sharedassets0.assets,9021,QuestionIntro,lineSets[0].lines[3].dialogLine[8].text,Oh here's a question for ya!,
8cd7040ea929,dialogue,sharedassets0.assets,9021,QuestionIntro,lineSets[0].lines[3].dialogLine[9].text,···Let's see how much you know about kitties!,
abe03a77809b,dialogue,sharedassets0.assets,9021,QuestionIntro,lineSets[0].lines[4].dialogLine[0].text,Question time!,
5d7285c77989,dialogue,sharedassets0.assets,9021,QuestionIntro,lineSets[0].lines[4].dialogLine[10].text,Time to examine your knowledge of the universe...,
0a9d627ecff3,dialogue,sharedassets0.assets,9021,QuestionIntro,lineSets[0].lines[4].dialogLine[11].text,I wonder what you actually remember about the girls you've conquered...,
ba098d1dada8,dialogue,sharedassets0.assets,9021,QuestionIntro,lineSets[0].lines[4].dialogLine[1].text,I've been wondering something...,
669d83e448c4,dialogue,sharedassets0.assets,9021,QuestionIntro,lineSets[0].lines[4].dialogLine[2].text,I'm just curious...,
f0983a3bf605,dialogue,sharedassets0.assets,9021,QuestionIntro,lineSets[0].lines[4].dialogLine[3].text,Question for ya...,
1a7f7b683375,dialogue,sharedassets0.assets,9021,QuestionIntro,lineSets[0].lines[4].dialogLine[4].text,Mind if I ask you a question?,
d21dea5b0bb3,dialogue,sharedassets0.assets,9021,QuestionIntro,lineSets[0].lines[4].dialogLine[5].text,Is it cool if I ask you something?····· I been thinking...,
5344bd63ce22,dialogue,sharedassets0.assets,9021,QuestionIntro,lineSets[0].lines[4].dialogLine[6].text,"Sooo,··········*ccc*··· I'm dying to know something right now...",
f2b51aca4bc0,dialogue,sharedassets0.assets,9021,QuestionIntro,lineSets[0].lines[4].dialogLine[7].text,I've been wondering about something lately...,
acf0ae57266f,dialogue,sharedassets0.assets,9021,QuestionIntro,lineSets[0].lines[4].dialogLine[8].text,You might have to reach back for this one...,
547af410424c,dialogue,sharedassets0.assets,9021,QuestionIntro,lineSets[0].lines[4].dialogLine[9].text,···I'll teach you about kitties!····· Mmkay?,
13316ac95212,dialogue,sharedassets0.assets,9022,QuizCorrect,lineSets[0].label,quiz correct,
6c104aff9773,dialogue,sharedassets0.assets,9022,QuizCorrect,lineSets[0].lines[0].dialogLine[0].text,"Awww,····· you remembered!",
6ff17d352e65,dialogue,sharedassets0.assets,9022,QuizCorrect,lineSets[0].lines[0].dialogLine[10].text,Excellent.····· You remember.,
5adf8ff00096,dialogue,sharedassets0.assets,9022,QuizCorrect,lineSets[0].lines[0].dialogLine[11].text,Veeery goood...,
1894fb42572c,dialogue,sharedassets0.assets,9022,QuizCorrect,lineSets[0].lines[0].dialogLine[1].text,"Well I'll be damned,····· you got it.",
3f1dcf7d19d9,dialogue,sharedassets0.assets,9022,QuizCorrect,lineSets[0].lines[0].dialogLine[2].text,Yep!····· You got it!,
935f8e090be6,dialogue,sharedassets0.assets,9022,QuizCorrect,lineSets[0].lines[0].dialogLine[3].secondaryText,Holy shit! She actually got it right!,
939e6e52dbd9,dialogue,sharedassets0.assets,9022,QuizCorrect,lineSets[0].lines[0].dialogLine[3].text,Holy··· shit!·········· You actually got it right!,
1f7afed309f9,dialogue,sharedassets0.assets,9022,QuizCorrect,lineSets[0].lines[0].dialogLine[4].text,You have a pretty solid memory!,
5d7e5fc8cfe1,dialogue,sharedassets0.assets,9022,QuizCorrect,lineSets[0].lines[0].dialogLine[5].text,"Hmm,····· cool.····· Sorry I doubted you.",
75ccf786c7d3,dialogue,sharedassets0.assets,9022,QuizCorrect,lineSets[0].lines[0].dialogLine[6].text,"Ohhh!····· Baby, you did remember!",
5fbd9f2f3f9b,dialogue,sharedassets0.assets,9022,QuizCorrect,lineSets[0].lines[0].dialogLine[7].text,"Good job!············· I have to say,····· I'm impressed!",
c9832b1e3855,dialogue,sharedassets0.assets,9022,QuizCorrect,lineSets[0].lines[0].dialogLine[8].text,Now that's what I like to see!,
972c6ffc21a3,dialogue,sharedassets0.assets,9022,QuizCorrect,lineSets[0].lines[0].dialogLine[9].text,···Yessss!····· You got it!,
2f775685c675,dialogue,sharedassets0.assets,9022,QuizCorrect,lineSets[0].lines[1].dialogLine[0].text,Hmmmm...········ lucky guess!,
d98424f47954,dialogue,sharedassets0.assets,9022,QuizCorrect,lineSets[0].lines[1].dialogLine[10].text,I'm flattered that you haven't forgotten.,
9b2093f99739,dialogue,sharedassets0.assets,9022,QuizCorrect,lineSets[0].lines[1].dialogLine[11].text,"I must say,·········· I'm impressed...",
d336983eb056,dialogue,sharedassets0.assets,9022,QuizCorrect,lineSets[0].lines[1].dialogLine[1].text,"Alright,··· alright.····· You got lucky this time.",
766c78d5e4e3,dialogue,sharedassets0.assets,9022,QuizCorrect,lineSets[0].lines[1].dialogLine[2].text,*hahahahaha*·····For a second I wasn't sure you were gonna get it!,
9267740905d6,dialogue,sharedassets0.assets,9022,QuizCorrect,lineSets[0].lines[1].dialogLine[3].text,"Whatever...····· good job,····· what do you want,····· a cookie?",
16834dc3b10a,dialogue,sharedassets0.assets,9022,QuizCorrect,lineSets[0].lines[1].dialogLine[4].text,Good job!·····*hahahaha*,
1fc35800f6af,dialogue,sharedassets0.assets,9022,QuizCorrect,lineSets[0].lines[1].dialogLine[5].text,I guess should have given you the benefit of the doubt.,
eadbcc652125,dialogue,sharedassets0.assets,9022,QuizCorrect,lineSets[0].lines[1].dialogLine[6].text,"Yeah,····· that's actually right...····· You're not like the others...",
40c3a3cf5eeb,dialogue,sharedassets0.assets,9022,QuizCorrect,lineSets[0].lines[1].dialogLine[7].text,*hahahaha*·····Yep!····· You got it!,
5ee0cb5da886,dialogue,sharedassets0.assets,9022,QuizCorrect,lineSets[0].lines[1].dialogLine[8].text,"Oh, like you didn't just look it up on the internet!",
91a5813ceaf5,dialogue,sharedassets0.assets,9022,QuizCorrect,lineSets[0].lines[1].dialogLine[9].text,···Mmmhmm!·····*cmcm*,
f14f101d7884,dialogue,sharedassets0.assets,9022,QuizCorrect,lineSets[0].lines[2].dialogLine[0].secondaryText,Wow!····· You got it.····· Most girls would have forgotten by now.,
22cabeba57d3,dialogue,sharedassets0.assets,9022,QuizCorrect,lineSets[0].lines[2].dialogLine[0].text,Wow!····· You got it.····· Most guys would have forgotten by now.,
c10226eb82f3,dialogue,sharedassets0.assets,9022,QuizCorrect,lineSets[0].lines[2].dialogLine[10].text,"Hmmmm,······· I'll have to ask harder questions.·····*hehehe*",
92910508ce82,dialogue,sharedassets0.assets,9022,QuizCorrect,lineSets[0].lines[2].dialogLine[11].text,*aaaaacc*····· Well anybody could have gotten that.,
e928884a7640,dialogue,sharedassets0.assets,9022,QuizCorrect,lineSets[0].lines[2].dialogLine[1].text,"Mmmmmm,···················· I guess I underestimated you.",
1308c92af3fb,dialogue,sharedassets0.assets,9022,QuizCorrect,lineSets[0].lines[2].dialogLine[2].text,"Awww,····· you remembered!",
bf942b827c5e,dialogue,sharedassets0.assets,9022,QuizCorrect,lineSets[0].lines[2].dialogLine[3].text,"What did you do,····· write it down?",
ae14782b1168,dialogue,sharedassets0.assets,9022,QuizCorrect,lineSets[0].lines[2].dialogLine[4].text,Hey you remembered!····· You're sweet.,
057632817f49,dialogue,sharedassets0.assets,9022,QuizCorrect,lineSets[0].lines[2].dialogLine[5].text,"Nope...····· wait,·· no,·· that's actually right.····· Wow...",
34d76a468189,dialogue,sharedassets0.assets,9022,QuizCorrect,lineSets[0].lines[2].dialogLine[6].secondaryText,I'm··· impressed!··············· Most chicks just freeze up when I ask something like that.,
33971795c280,dialogue,sharedassets0.assets,9022,QuizCorrect,lineSets[0].lines[2].dialogLine[6].text,I'm··· impressed!············· Most guys just freeze up when I ask them something like that.,
d7960632321f,dialogue,sharedassets0.assets,9022,QuizCorrect,lineSets[0].lines[2].dialogLine[7].text,Awwww!········ You do care...,
41a03057b7c4,dialogue,sharedassets0.assets,9022,QuizCorrect,lineSets[0].lines[2].dialogLine[8].text,"Pssssh,··· that was a softball question!",
c56d4ca63f0f,dialogue,sharedassets0.assets,9022,QuizCorrect,lineSets[0].lines[2].dialogLine[9].text,···Yea!····· You remembered it!,
b350c9121452,dialogue,sharedassets0.assets,9023,QuizIncorrect,lineSets[0].label,quiz incorrect,
fdd9af1395dd,dialogue,sharedassets0.assets,9023,QuizIncorrect,lineSets[0].lines[0].dialogLine[0].text,"Aw,····· come on!····· I know I've told you before.",
e29a3499de89,dialogue,sharedassets0.assets,9023,QuizIncorrect,lineSets[0].lines[0].dialogLine[10].text,"No,····· unfortunately that isn't the correct answer.",
0af02f881f0e,dialogue,sharedassets0.assets,9023,QuizIncorrect,lineSets[0].lines[0].dialogLine[11].text,Ha!··············· Not so good after all...,
3fa629b5230f,dialogue,sharedassets0.assets,9023,QuizIncorrect,lineSets[0].lines[0].dialogLine[1].text,*aaaaacccc* Figures...,
2db90a665e35,dialogue,sharedassets0.assets,9023,QuizIncorrect,lineSets[0].lines[0].dialogLine[2].text,Duuuude!····· Really?,
108bc2c7967d,dialogue,sharedassets0.assets,9023,QuizIncorrect,lineSets[0].lines[0].dialogLine[3].text,"Surprise,····· surprise.····· Wrong again!",
6224b6826b26,dialogue,sharedassets0.assets,9023,QuizIncorrect,lineSets[0].lines[0].dialogLine[4].text,Ahhhhhh...,
1d9944078e12,dialogue,sharedassets0.assets,9023,QuizIncorrect,lineSets[0].lines[0].dialogLine[5].text,Oooof course...,
a0ded5b88798,dialogue,sharedassets0.assets,9023,QuizIncorrect,lineSets[0].lines[0].dialogLine[6].text,Is that really your honest answer...?·····*cccccc*·····,
f99cf44dce72,dialogue,sharedassets0.assets,9023,QuizIncorrect,lineSets[0].lines[0].dialogLine[7].text,"Oh...·········· well,····· I suppose I can't expect you to remember everything...",
b1a735fe20fe,dialogue,sharedassets0.assets,9023,QuizIncorrect,lineSets[0].lines[0].dialogLine[8].text,The only problem with that answer··· is*iiss*····· that it's not the right one.,
8010696be619,dialogue,sharedassets0.assets,9023,QuizIncorrect,lineSets[0].lines[0].dialogLine[9].text,"···Master!··· You silly,·· that's not the answer!",
4cf7a52d893e,dialogue,sharedassets0.assets,9023,QuizIncorrect,lineSets[0].lines[1].dialogLine[0].text,"Psssh,····· I see how it is.",
8ba9bc6811ec,dialogue,sharedassets0.assets,9023,QuizIncorrect,lineSets[0].lines[1].dialogLine[10].text,It seems that your memory has failed you...,
4a901582a5ef,dialogue,sharedassets0.assets,9023,QuizIncorrect,lineSets[0].lines[1].dialogLine[11].text,*aaaaaacccc*····· Just as I was expecting...,
27e0e6067c76,dialogue,sharedassets0.assets,9023,QuizIncorrect,lineSets[0].lines[1].dialogLine[1].text,Faaaaaiiillll!,
8e8d567f7900,dialogue,sharedassets0.assets,9023,QuizIncorrect,lineSets[0].lines[1].dialogLine[2].text,Nope!····· Afraid not.,
119d63d88c85,dialogue,sharedassets0.assets,9023,QuizIncorrect,lineSets[0].lines[1].dialogLine[3].text,"Ughh,····· fuck you,····· you dickhead.",
4b1420165a80,dialogue,sharedassets0.assets,9023,QuizIncorrect,lineSets[0].lines[1].dialogLine[4].text,"Noooo,····· not exactly...",
0f4064815bbd,dialogue,sharedassets0.assets,9023,QuizIncorrect,lineSets[0].lines[1].dialogLine[5].text,"Ooo·····kaaaaay,····· well I guess I was right about that...",
73c99832786c,dialogue,sharedassets0.assets,9023,QuizIncorrect,lineSets[0].lines[1].dialogLine[6].text,"That's okay...····· you were...····· kinda close,····· at least...",
95ad188a801b,dialogue,sharedassets0.assets,9023,QuizIncorrect,lineSets[0].lines[1].dialogLine[7].text,No...············· that isn't it...,
e30ec735502d,dialogue,sharedassets0.assets,9023,QuizIncorrect,lineSets[0].lines[1].dialogLine[8].text,*aaaaoooo*··You're·· so·· dumb...·····,
73fd091eef07,dialogue,sharedassets0.assets,9023,QuizIncorrect,lineSets[0].lines[1].dialogLine[9].text,···What?····· You didn't forget did you master!?,
d08da10dd1ea,dialogue,sharedassets0.assets,9023,QuizIncorrect,lineSets[0].lines[2].dialogLine[0].text,Really...?····· Seriously?,
050b24d25dec,dialogue,sharedassets0.assets,9023,QuizIncorrect,lineSets[0].lines[2].dialogLine[10].text,You would really do better to remember these things...,
440ea97f9814,dialogue,sharedassets0.assets,9023,QuizIncorrect,lineSets[0].lines[2].dialogLine[11].text,*aaaaaacc*····· How...····· disappointing...,
88d22e516d96,dialogue,sharedassets0.assets,9023,QuizIncorrect,lineSets[0].lines[2].dialogLine[1].text,Congratz!······· You're wrong!,
b2cb81813a50,dialogue,sharedassets0.assets,9023,QuizIncorrect,lineSets[0].lines[2].dialogLine[2].text,Nooooo...!····· You're just joking right?····· You know that's not the right answer?,
40c789dc7b58,dialogue,sharedassets0.assets,9023,QuizIncorrect,lineSets[0].lines[2].dialogLine[3].text,You've got to be kidding me...,
594e3e9131d6,dialogue,sharedassets0.assets,9023,QuizIncorrect,lineSets[0].lines[2].dialogLine[4].text,Wrong!····· Better luck next time.,
d1ac1cb429a2,dialogue,sharedassets0.assets,9023,QuizIncorrect,lineSets[0].lines[2].dialogLine[5].text,Terrible...,
2538dcdfdd22,dialogue,sharedassets0.assets,9023,QuizIncorrect,lineSets[0].lines[2].dialogLine[6].text,*aaaacc*··I'm heartbroken!,
978fc89bcfc0,dialogue,sharedassets0.assets,9023,QuizIncorrect,lineSets[0].lines[2].dialogLine[7].text,"I see...············· That's alight,····· I shouldn't have even asked.",
c7f32483ed41,dialogue,sharedassets0.assets,9023,QuizIncorrect,lineSets[0].lines[2].dialogLine[8].text,*aaaaccc*·····What am I gonna do with you?,
2d565ff62368,dialogue,sharedassets0.assets,9023,QuizIncorrect,lineSets[0].lines[2].dialogLine[9].text,···Awwwwwww...····· but how come you forgot?,
03fdb0106b9d,dialogue,sharedassets0.assets,9024,QuizIntro,lineSets[0].label,quiz intro,
85e2402638cc,dialogue,sharedassets0.assets,9024,QuizIntro,lineSets[0].lines[0].dialogLine[0].text,I wonder if you'll remember this...,
2d210b5ed56b,dialogue,sharedassets0.assets,9024,QuizIntro,lineSets[0].lines[0].dialogLine[10].text,I'm going to test your knowledge...·· of me.,
d71ddb49d4cb,dialogue,sharedassets0.assets,9024,QuizIntro,lineSets[0].lines[0].dialogLine[11].text,Alllrrriiiiight...····· let's see just how good you······· really are...,
d41d5d4083cc,dialogue,sharedassets0.assets,9024,QuizIntro,lineSets[0].lines[0].dialogLine[1].text,Pop quiz!,
915dec990598,dialogue,sharedassets0.assets,9024,QuizIntro,lineSets[0].lines[0].dialogLine[2].text,"Alright big shot,····· let's see if you can answer this...",
bc4fe14f9a7e,dialogue,sharedassets0.assets,9024,QuizIntro,lineSets[0].lines[0].dialogLine[3].text,"Okay,····· here's an asshole test...",
601b64837050,dialogue,sharedassets0.assets,9024,QuizIntro,lineSets[0].lines[0].dialogLine[4].text,Hmmm...····· I wonder if you've been paying attention...,
559cead2636b,dialogue,sharedassets0.assets,9024,QuizIntro,lineSets[0].lines[0].dialogLine[5].text,"I kinda doubt you'll get this,····· but·· I'm gonna ask anyway...",
8deb631ada75,dialogue,sharedassets0.assets,9024,QuizIntro,lineSets[0].lines[0].dialogLine[6].text,I'm curious whether or not you've been paying attention to me...,
0890937ac88d,dialogue,sharedassets0.assets,9024,QuizIntro,lineSets[0].lines[0].dialogLine[7].text,I want to ask you about a prior conversation.,
afcdc7823e2d,dialogue,sharedassets0.assets,9024,QuizIntro,lineSets[0].lines[0].dialogLine[8].text,You know what time it is?····· Quiz··· time!·····,
31dd3f878b4e,dialogue,sharedassets0.assets,9024,QuizIntro,lineSets[0].lines[0].dialogLine[9].text,···I know!····· I'll ask you a question about me.,
99a6ce019598,dialogue,sharedassets0.assets,9024,QuizIntro,lineSets[0].lines[1].dialogLine[0].text,I wanna find out how much you know about me.,
a6a4ee23219b,dialogue,sharedassets0.assets,9024,QuizIntro,lineSets[0].lines[1].dialogLine[10].text,Let's find out how strong your memory is...,
2d26847bfef6,dialogue,sharedassets0.assets,9024,QuizIntro,lineSets[0].lines[1].dialogLine[11].text,This ought to be··· illuminating...,
d7132faa6d18,dialogue,sharedassets0.assets,9024,QuizIntro,lineSets[0].lines[1].dialogLine[1].text,Let's find out if you've actually been listening to me...,
1a7e777fee3b,dialogue,sharedassets0.assets,9024,QuizIntro,lineSets[0].lines[1].dialogLine[2].text,Surprise question!,
b77aa1ca885b,dialogue,sharedassets0.assets,9024,QuizIntro,lineSets[0].lines[1].dialogLine[3].text,Don't EVEN get this question wrong...,
779b6cf35ea0,dialogue,sharedassets0.assets,9024,QuizIntro,lineSets[0].lines[1].dialogLine[4].text,"Oh,····· this is gonna be fun.····· I'm gonna quiz you!",
4680bcd8d8b9,dialogue,sharedassets0.assets,9024,QuizIntro,lineSets[0].lines[1].dialogLine[5].text,"Don't freak out,····· but·· I wanna see if you remember something...",
61072648f6d8,dialogue,sharedassets0.assets,9024,QuizIntro,lineSets[0].lines[1].dialogLine[6].text,Let's play a fun game!····· It's called····· make Jessie happy!,
b062e27bfa86,dialogue,sharedassets0.assets,9024,QuizIntro,lineSets[0].lines[1].dialogLine[7].text,I'm curious to find out if you'll remember this...,
9692adb09d1c,dialogue,sharedassets0.assets,9024,QuizIntro,lineSets[0].lines[1].dialogLine[8].text,I hope you've been studying!·· Because it's time for a teeeessst!·····,
cb93bf4bbfd0,dialogue,sharedassets0.assets,9024,QuizIntro,lineSets[0].lines[1].dialogLine[9].text,···Let's play the question game!··· It's really fun!···,
7e625bab7fd6,dialogue,sharedassets0.assets,9024,QuizIntro,lineSets[0].lines[2].dialogLine[0].text,"Question!·········· And I'm not giving you any hints,··· so don't ask!",
44c2dfedd8ca,dialogue,sharedassets0.assets,9024,QuizIntro,lineSets[0].lines[2].dialogLine[10].text,I want to see if you've been retaining the information I've shared with you...,
d6bb795e39dc,dialogue,sharedassets0.assets,9024,QuizIntro,lineSets[0].lines[2].dialogLine[11].text,I can't wait to hear what you come up with for this...,
9308d29ffab0,dialogue,sharedassets0.assets,9024,QuizIntro,lineSets[0].lines[2].dialogLine[1].text,This ought to be good...,
43c6af0b8b2d,dialogue,sharedassets0.assets,9024,QuizIntro,lineSets[0].lines[2].dialogLine[2].text,I've got an idea.····· I'm gonna quiz you.····· It'll be fun!,
81c119a91e84,dialogue,sharedassets0.assets,9024,QuizIntro,lineSets[0].lines[2].dialogLine[3].text,This should be good for a laugh...,
eea1fbcc1d14,dialogue,sharedassets0.assets,9024,QuizIntro,lineSets[0].lines[2].dialogLine[4].text,Get ready for a surprise test!,
d3e0aaa2be6c,dialogue,sharedassets0.assets,9024,QuizIntro,lineSets[0].lines[2].dialogLine[5].text,I wanna ask you about something we talked about before...,
881bbc73a3d2,dialogue,sharedassets0.assets,9024,QuizIntro,lineSets[0].lines[2].dialogLine[6].text,"Ohhh··· no,····· you're in trouble now!*hhmmm*·········· Quiz time!",
f2dc85e234f9,dialogue,sharedassets0.assets,9024,QuizIntro,lineSets[0].lines[2].dialogLine[7].text,I want to know how interesting I am to you...·····*hahahaha*,
22a48ee5e1bd,dialogue,sharedassets0.assets,9024,QuizIntro,lineSets[0].lines[2].dialogLine[8].text,You best not get this question wrong...,
99d65b5cb212,dialogue,sharedassets0.assets,9024,QuizIntro,lineSets[0].lines[2].dialogLine[9].text,···I wanna know how much you remember about me!,
1dc23472fb0c,dialogue,sharedassets0.assets,9567,,data.text,"AMICE Maxim, Matthew Potter, Aiden ""Numbers"" Schaefer, Bradley Pabatang, David ""Socratics101"" Chang, Derrick Pilgrim Jr, Miguel Lollett, T. Cook, Timmothy Clarke, Aaron Reishaun Dixon, Accelsharp, Alex Martin, Alexis Helen, Alice Gutierrez, Almost Human, Andrew Mark Cathie, B ""King of Anime"" T, Benjamin Aurin, Boehmi, Cabbage, Charles Russell, Closet Pervert, Crystal Young, Daniel M Nguyen, Dark Mystic Squatter 69, Dylan Smith, Eddie Arenas, epeeguy, Erik Konpaku, Ethan Chiang, F. Javier Leon, FrostBlue, Incredible_Scarf, Jared Katz, Jens Schunck, Jim Cates, John Allen IV, John Smith Tardis, Johnathan Smithwick, Joshua Miller, Juryel, Justin Groves, Jyles Cinco, Kaazmo, Kaggie Kendall, Keeper O Books, Kellen McIntyre, Kenny Good, Lazgodie, Mathias Boogh, Matt, Maxwell Franklin, Michael B., Michan, Mikael Knall, Nico Schmitz, Ominous Nominous, Pablo Tourino, Patrick Regling, Patrick Shimizu, Paul ""Shimraa"" Webb, PkkFrank, Quackk_Attack, Quill Kirkland, Sebastian Berger, ShadowFox, Shining Arrow, shinobi, Shiori Misaka, Sonny Le, Sprout, Taon Bower, The Gamer GJMCJG, tofuji, Tyarian Solvluna, Ultramatic, Valkyri, Venron, webJoker, William Bryant, Wraith, Yuji Sato, Yurii ""Saodhar"" Furtat, zack wood, ZackFair(Joel), Zuhur Abdo",
b522e93da785,dialogue,sharedassets0.assets,9606,,data.text,"Michael Brand, William Cook, Olivier Riedo, Stuart Telfer, Donnie Roos Jr., James Groshon Parker, Shawn Baird, Steve Koons, Aaron Holding, Alexandre ""Scratch"", Chua Chong Yi, Dominic ""RocK_M"" Ferrer, Erwin Sutrisno, Felipe Augusto Batista, Jostein Strand, Kendra ""Tundra"" Langille, ""Baroness"" Aki Caithlyn, Abdullah Albasha, Andrew ""Leefizzy"" Lee, Apenguindidit, Bradley Jensen, densha_dan, Derek Newton, Marco EDLS13, Matthew James Harkins, Patrick Green, Richard Leiva, Steven Chin, Steven Garcia, Will S, xzpwnz, Billy Herrington, Anael Verrier, Andrea Martinelli, Lim Ye Ping, Marius Dagestad, Meracle Silvern, Michael Simon, Mika Flinkman, MK, Richard Ford, Simon 'garkham' Lockheart, Simon Do, Svein Meling, A Patron, Aaron Danczyk, Aaron King, Adam P, Archibald Dupree, Billy Harris, Brian Koonce, Chadwick ""lilo"" Johnson, Charles Mickendrow, Chris Downs, Craig Chapman, Dan W Zhang, David M. Thomas, Elliott D. Gleason, Grant Hansen, GuardianE, Helen Hieble, Jaslyn, Jason & Victoria Zagar, Jesus Aguirre, Johnathan Torres, Johnathon ""The Rooster"" Cisneros, Johnny Parker, Justin Demafilis, Kamil Knapczyk, Keimarios, LordMatsu, Mario Velardita, Matty C., Nathaniel Pahl, Neko-Reo, Nick Andrzejewski, Nidoking, Ro, Robbie Boerner, Robert ""Saka"" Ramos, Ryan Riley-Mercado, Serra Angel, Some Random Anime Lover, Steven J. Koons II, Tim Reilly, Troy Turner, Yaka, Adrian 'Telaran' von Allmen, AndCycle, Anthony Cash, CaptainToasters, CJ Barrett, David Chuhay, Dustin Roop, faeriehunter, Ivan de Neymet Franco, Ivron, Joel E. Reichenbach, Juha Laaksonen, Lucif3rhawk, MAO, Plusi, R.Jackson, Remy ""Skuz974"" STIEGLITZ, Takayuki, tfkmaster (the brick), Jamie Yakeleya, Jason Anthony, Jecht2, joachim_kamikaze, John J. Walsh IV, John Nathan Fernandez, Joni Lappalainen, Justin ""Wafflewolf"" Ho, Keith Hall, Kuga, Lachlan John Poots, Lane Edgington, Lyssiar Schilling, Magentawolf, MakoDeth, Mario Clarke, Melfion, Michael ""beefsack"" Alexander, Michael Bohl, Michael Hording, Mike Paul, Mitchell Moreno, Nathan Green, Necrosis Thanatos, Niclas, Nik Das, Omar Rodriguez, Onsokumaru The Trip, Orcus, Oyvind Meling, Pasha, Piron P, Remi Sinou, Rob ""theused182""  Johnston, Robert, Serena ""Intendant S"" Nelson, Stefan Schreiber, the chimerical collective, theVandeman, Thomas McKeon, Tyler Q Nguyen, Tyrell Neufeld, Valdis_Belial, Wesley Tabor, William Cook, yaymos, Zero Null, Merc, Mho, Michael Holcombe, Michael Miller, mirumu, mmx, Morten Due, nephalite, nih, Nora Elisa Sotelo, Oliver James Minall, Olivier ""Eivoril"" RAQUIN, Orrin Sensathien, Patrick Tan, Paul H.C.M. Barron, Paul Rock, Paul S. Enns, Petter SF, quamp, Rafe Morrel, Richard van der Schoor, Roger Vargas Ramirez, Ryan Whorton, SaoBunneh, Sean Taylor, Shadowx1800, Sheenariel, ShimaPantsu, Sierra Meador, Speculations, Steif O. Rever, Steve Hinckley, Steven Bice, Steven Broka, Steven Caneda, Thomas Zilling, ToadnoChikara, Top-Ranger, Tornel, toshiro kanchou, V Lopez, Valinnis, Warpwny, WhaTEvaHBoI, William Sharpe, Z.M. Schaffer, Zak Anttila, AAAYogibearAAA, Aaron Davenport, Adin Knight, Adipose Wrex, Adrian Gallegos, Alex Rathbone, Alexander John Aristotle Kimball, Alexander Kendall, Andrew P. Bullen, Andy ""YukaTakeuchiFan"" Kurland, Antonio Vincentelli, Apollo, Archon, autfag, awowamax, Ax_kidson, Bastiaan Rours, Benjamin J Sheahan, Big Dan, Bill Murashie, Bobby Skeens, Brent K. Smith, Brian Clinton, Brian VD, Bryan, Bryan E, Bryan Khoo, Btburns, Chris ""Codo"" Congdon, Chris Amos, Chris Miller, Chris Park, Christian Singh, Christoph ""Fr33l4ncer"" Huber, CHT a.k.a Death Cruzer, Claus Lutke, Collapsar, Damon English, Danger Mouse, Daniel Perrio, Danny Kriegbaum Laursen, Dark09, Darryll smith-walker, David White, Dean ""the great dong"" Thurston, Dominik Dalek, Dubbles WildHogsGaming, Dustin Frisch, Earl Fiorito, Eastborn, Erik The Viking, Ethan Roy, Evan Mitchell, Filipp Filippenkov, Forzdan, Franny Jay, G.K., Gabriel ""Gabe Khronos"" Godoy, Galronir, Gazz91, Geovanni Villagran, Godewijn W. Perizonius, Hans Christian Solberg, Henry Tran, Howru, Hugo Viklund, Humberto ""StarChuck"" Meireles, Hutch, Ian Wolfe, ichi, Ignatiev Vladimir, Ikaboom, ittoujuu, Ivo, J. Gentilini, J4K3S7A, Jacques Alexander Katzoff, James Buckley, James Graham, James O'Connell, Jared Winteregg, Jason ""CombatWars"" Chen, Jay Choi, Jaymark108, JD, Jens Kristian Rode-Moller, Jesus Roberto Martinez Garcia, JimmySSChou06, Joe Saint, John Pushnik, Jonathan Tang, Juanjo Barrio, Justin Horn, JVizzy, Karl Ivar Billy Niemela Olsson, kayman, Kaypar, Kays, Kern Handa, Kevin Osburn, KiddoCabbusses, Lassi Helio, Laura Gohl, Lazzarus, Levi McConnell, LunarKnite, Lyraphor, M_yth, Marie Elizondo, Mark ""Aahz"" Montgomery, Markus Magnitz, Marten Chronoes Tarkin, Matt Chan, Matt Lawson, Matt P, Matthew Drieling, Matthew Murray, Max R., MC Snyd, MDuh, Michael Douglas Meyer Jr., Michael Falinski, Michael G. Roth, Michael J. Crowley, Michael R. Jeschke, Mike Fischer, Minh Tri Philip Hoang, Mr. Lieutenant Time Bonkers, N Wright, Nat Fowler, Nathan Jarrell, Nathan Mckeeman, Nathan Whelihan, Nicholas Medeiros, Nikola Milinkovic, Nolan ""AnalFries"" Raven, Patrick ""EPL"" Londema, Patrick Riedel, Per Axmark, Pete Davison, Phil Brown, Philip Bradley, Phill ""TheRage"" Couzens, piDERF, PMD, prototype00, RealZero, Reynard Dwi Saputra, Richard Wardell Cook, Rin Hatune, Robert Oldfield, Robert Salender (AskaLangly), Roy L, Rufus, Ryan M., Ryan Mills, Ryan P., S Greatorex, S. A. Bellamy, Sam Klein, Sami 'Hamsu' Saarela, Samu Valimaki, Sanguinius, Scythation, Serge, Sergio ""Gamesta64"" Quinones, SexySex69 Spambot, Shun Tse, skkn, Sleepington, Slepchenkov Vladimir, SlothFacts FGC, SosukeDrake, Stephen Couch, Steven Day, The Blue-Eyed Infidel, Thomas Nickel, Tim ""TypeFirebird"" Bucknell, Tim Danysh, Tim S, Timothy, Todd Ellerman, Tourak, Trent Slater, Trip C, Tristan D. Carl, Tuyen Ngo, Tyler Jackson, Tyler Spears, Vahn Kergonan, Vladimir V., Vladislav ""Dramatheurgist"" Goldakovsky, Wererat42, William Dylan Butcher, William Mills, Wyatt Moser (Table645), Yousif Al Khalifa, Yuriko, Yuta Hoshina, Zandri, Zanthulol, Zebrian ODell, ZirCreepsAlot, -iwayandk-, ""Mr. Ninja"", ""Not A Spy"", [HYBRID BEING], A Lonely Weeaboo, Aaron R Corff, Adam Testagrossa, adamma666, Adol Christin, Aggie Lenoir, Aile Windsor, AJTilley.com, Akaecius, Akienous, Alan Manganti Lalonde, Alanna McTavish, Alex ""Is Playing"" Martin, Alex Downs, Alex Kramer, Alexander Otto, Alexis ""poetfox"" Long, alexito, Alfredo Torres, Alzael, Anders Kronquist, Andrew Craig, Andrew Cummings, Andrew Fults, Andrew McDermott, Andrew Wilson, Angel Aaron Reyes, Anonymous, Anthony Feldhake, Archange, archigram, Ari Lautamaki, Armando Perez, Artik Dube, Aun Na Tan, Austin Kue, Bartosz Krawcewicz, baskat, bchan84, BedfordLovesNisekoi, Benjamin Abrams, Bluefire, bluemeep, Bobular, Boomsickle, Bowman W, Bradford Cone, Brandon Lavell Edwards, Brendan Ferris, Brett Martinez, Brian Bowman, Brian Weiss, BubbleKings, ByunTaeNy, C Miller, C. Wallace, Calvin C., Calvin Snowden, Cameron ""Aurora"" Forrester, Canardwcx, Captain Turtle, Cardician, Carsten Berg, Casey Walsh, Cedric ""Makura"" Richard, Ceph Hart, Chance Stephens, Chankit Pongdhana, Charles Cope, Chi Shing Li, Chia Chong Yee, Chimerical Tales, Chris Cornell, Chris Marsden, Chris Punska, Chris Tran, Chriss, Christopher Bee, Christopher D. Sandford, Christopher McKenzie, Christopher Roberts, Chun, Cirno Hakurei, cleverwings, closer013, Cody Hester, Colin, Conrad Manzano, Coral Cockle, Corey C., Cory ""FL4GG"" Lieske, Cowdenstar, Crimrui, curescurse, Dablue, Daniel ""Kyimo"" Russell, Daniel D Magnan, Daniel Han, Daniel Thornhill, Daniele lai, Dare Sid ""WOW"" Phile, Darn, David Long (neko), David Lyons, David R Miler, David Terry, David Wilson, Dawn_, Deko Kantara, Dennis Andreas, Derek A. Roncal, dgc1980, Dickson Lee, difuzed, Diogo Baquini, Dish, DJ Fool, Dmitry Sokol, Doc Thomsen, Donovan, Drae Thompson, Dude, Durdya Zeugme, Dvvarf, Dylan Patrick, Edward ""ArdentPurple"" Engquist, Edward Dang, Ektorus, Emma Williams, Emperor Aljust, Enigma416, Entercoven, Eric Zhang, Ervonymous, Estey Dayo, FaylynSeryph, Felipe Lins, Filiel, Flinx1138, Fluffy McDuck, Frikkie van niekerk, Fuin, Furio Kensei, Fuseji, FusionWarrior, Fuzzy, Gareth Robinson, Garrett Muggy, Garth Schmidt, GeiR, General JP, Giako, Gold Star Anime & Games, Gonsalo Ceja, Gontier Eric ""Ericia"", Graeme 'Rooster' Miller, Gregory ""Yumeji"" Bernal, Gregory Polander, Guido Tantowie, Haken Browning, Halko, Hampus Karlsson, Harald Hellerud, Heavy_McFatso, hi guy, Husker Dan, Hznbrg, Iain E. Anderson, Igor Kozyrin, Islew, Ivannorr, Ives Rountree, IvyLoveRoses, J Brad Woodfin, J Scott Knell, Jack Frazee, Jack Zackowitz, Jackie Chou, Jacob ""FAKKU"" Grady, Jacob Helou, Jacob Koonce, Jake the boardgaming robot from the future, Jake Walston, James ""Rixh"" Haygood, James ""Sneezie"" Eddy, James Kennan, James Lange, James Lofshult ((Solav)), James Sunderland, Jamieson Whitehead, Jan ""Psyfe"" Ostby, Japanese Tech Curse, Jason Kapalka, Jason Logan, JaxWax, Jay Shurman, JBL, JCD2150, Jeff Koons, Jeff Morris, Jeffrey (raz) Adams, Jeremi Guevarra, Jeremy Kuhne, Jeroen Dekkers, Jesse Gillespie, Jinx, JNR, Joann Youngblood, Joe Straatmann, Joel ""Jolt"" Smith, John ""Ogre"" Seals, John Enright, John Kelbaugh, Johnny Laurence, JoJo, Jonas Westerberg, Jonathan Grimm, Jonathan J. Louie, Jonathan Melendez, jonathan stewart ""bikke the pirate"", Jonathon ""Data"" Skillman, Jose Tenorio, Joseph W. Conner, Josh Minol, Joshua Alvarez, Joshua D. Padro, Joshua Munro, Juan Carlos Norianueva, Julien CASTAGNE aka MasterTao, Julius Belmont, Justin O, Jye ""Yuki Hyou"" Karl-Perry, K. Leitch, Kaja Foglio, Kanon, Karl Lassen, Karl Maurer, Keigan Wise, KeiichiFace, Keith Lamond, Kelly Stewart, Ken Pichakun, Kenneth Glasdam, Kenpachi Ramasama, Kent Keltner, Kevin Monkhouse, Kevin Smerbeck, Kiavie, Kim Vidar Lund, KogX, KoH, Kurisu <3, kuzakun, KW Bergman, Kyle Reese, Lasse Lohde, Lee Lawson, Leo ""ExBest"" Lafram, Leon B.R aka Nuragna, Leon Fiddler, Level 1 Imp, Lewkas Fugazi, Loki Fluffy Cat, Lorenzo Arreola, Luca Frigerio, Lucas Alves, Luis Parra, Lumpy, M. H.True, Mads Poulsen, Magnoth, Makosuke, Mara Pieson, Marcel Matz, Marco. P, Marius Thomassen, Mark, Mark 'Footy' Bearden, Mark Douglas, Mark Enkerud, Mark Jackson (Ironstrom), Mark Shaw, Mary Burns, Mathias Jacobsen, Matt ""Overdose"" O'Donnel, Matt A. Rosario, Matt Hoffmann, Matt J, Matt R., Matt Wepee, Matteo ""Klezzon"" Brisinello, Matthew Roberts, Max Juchheim, McBomb, McLOVIN, Michael ""BookwormOtaku"" Connell, Michael (G-Nitro) Camacho, Michael Barnes, Michael Davis-Ickes, Michael J. Musumeci, Michael Scuderi, Michel ""{Tio_Sukita}"" Mattos, Mike the Elf, Mil-kun, Miro Mendoza, Mirokunite, Mistermatrix24, Morning Trick, mrgogo, n1cknak, Nakamura Taiki, Naxxramas, ndkid, Nguyen Minh Tuan, Nicholas J. Hodgson, Nicolas Davila, Nicolas Dufer, Nicolas Kaiser, Nile Bernard, No_Way301, Norman McDonald II, Nuclear42, Nyzarlh, Obi Omatseye, Olivier Lebeau-Paradis, OnpuElena, Oscar Bello, Otto ""Sandshrew2"" Araujo, Patricio Parga, Paul 'Topottsel' Robinson, Pedro Arnulfo Garcia Meza, Pedro Perez, Pedro Shing Rosa, Pete SkyRocket, Peter Kuo, Peter Sandbeck Nielsen, Philipp Bornschein, Pineapple Steak, Pitchingace88, PMar, PrimalWrath, R, Raconis Death, Railgun, Random, Ratdrake, Ratralsis, Ray Higgs, Rebecca Lewis, Redglus, Rene Mesia Cabanza Jr., Rene S. Ramos Jr., Reza Malik, Riddlescoper, RiFiu, Rob Zwetsloot, Robert ""HealyHQ"" Healy III, Robert Stevens, Roberto Quintans, Roman Ryabov, Romy Pham, Ross Celer, Ross Hornsby, Roy Archer, Rt, Ryan ""H Fiend"" Tabb, Ryan Davis, Ryan King, Samuel Nunes, Sara ""Pandy91"" S., Sara P. <3, Sarah Jessica Walker, Sarah Kitty, SayEric, ScapeGod, Scott Aoki, Scott Hardin, Sean Dunham, Sean Ulczycki, Semi-James, Sengoku Nadeko, Serle McPhee, Seto Konowa, Sexualbeanbun, Shaun ""IrishWonda"" Danis, Shaun Skelton, ShyMel, Silvio Herrera Gea, Sindre Saebo, Skyler Arnulfo Topete, Sobriquet, Solomon Silence, Solution, SomePoorSap, SoulCyber, Space G. Host, Spoonykipper, Stefan Guhl, Steffan Dueling, Steven Anderson, Steven Hoffmann, Stephen Hazlewood, Stooks, SuperSN, Takumi Taiki, Tanfew, TepidTwisTed, Tera_GX, Terminax, That Yoshi Guy, The Ferret, The Japanese Sandman, TheFlamingJesus, thezeldagamer, Thomas Scroggs, Thomas Wessel, Thony the Man, Tiffany 'Distraction' Cleveland, Timothy J Lincoln, TLink, Tobin Cristos, tomsatab, Travis (Nogard) Fuller, Tremprod, Tyrone ""r3d tiger"" Tigger Queensborough, uberDirk, veiti, Victor Majko, Videogamer25, Viet Phan, VK, vonb, Wade Ghaleon, waffle_zone, Welis, Weoneo, Wesley Dunbar, William H. Jackson IV, Willian G. Hopfgartner, Woong Gun Choi, world of wandag, wtfuxisup, Xander Weber, Xon890, xrain_cc, xzpwnz, xzpwnz, Zach Stewart, zach!, Zalminen, Zonz, Zork, Zouxstark, Zuu, Zynk Oxhyde, Zyrdarya, Danielle Johnson, Ivan Doronin, Henry Fortuna",
305809d83e19,dialogue,sharedassets0.assets,9619,,data.text,"^CF2F2F2FFKyu:  ^CB2B2B2FFJaclyn ""Jack"" Hernandez
^CF2F2F2FFTiffany:  ^CB2B2B2FFLori Fischer
^CF2F2F2FFAiko:  ^CB2B2B2FFMarie Rhys
^CF2F2F2FFKyanna:  ^CB2B2B2FFHelene Daviau
^CF2F2F2FFAudrey:  ^CB2B2B2FFBrittany Lauda
^CF2F2F2FFLola:  ^CB2B2B2FFKira Buckland
^CF2F2F2FFNikki:  ^CB2B2B2FFSkyler Davenport
^CF2F2F2FFJessie:  ^CB2B2B2FFAmanda Berning
^CF2F2F2FFBeli:  ^CB2B2B2FFAmber Lee Connors
^CF2F2F2FF???:  ^CB2B2B2FFArden Jones
^CF2F2F2FF???:  ^CB2B2B2FFSarah Wiedenheft
^CF2F2F2FF???:  ^CB2B2B2FFTracey-Jane Lovely",
4705eea74e36,dialogue,sharedassets0.assets,9645,,data.text,^CF2F2F2FFComposer:  ^CB2B2B2FFWorld of Wandag,
b26dc060f88a,dialogue,sharedassets0.assets,9683,,data.text,"^CF2F2F2FFLead Artist:  ^CB2B2B2FFRizky Prahesa ""Kopianget""
^CF2F2F2FFCG Artist:  ^CB2B2B2FFLaura Casulleras ""Ninamo""
^CF2F2F2FFGraphic Illustrator:  ^CB2B2B2FFAgata Wiejak
^CF2F2F2FFGraphic Illustrator:  ^CB2B2B2FFCihan Gelerli
^CF2F2F2FFPromo Artist:  ^CB2B2B2FFKaskia
^CF2F2F2FFPromo Artist:  ^CB2B2B2FFPinguin-Kotak",
d74255f29fef,dialogue,sharedassets0.assets,9695,,data.text,"^CF2F2F2FFDesigner, Programmer & Writer:  ^CB2B2B2FFRyan Koons",
875f4c3e3d5e,item,resources.assets,978,121JewelryHoopEarrings,description,+1 [[Move]joy] for every 2 [[Broken Heart]broken] tokens on the grid.,
d19095413c62,item,resources.assets,979,122JewelryGoldEarrings,description,+1 [[Move]joy] for every 2 [[Joy]joy] tokens on the grid.,
9fdf31f82be8,item,resources.assets,980,123JewelryHeartNecklace,description,Drops the [[Passion]heart] Level back to zero and gives +2% of total Affection goal for each [[Passion]heart] stage lost.,
2585d40cb65a,item,resources.assets,981,124JewelryPearlNecklace,description,Drains your [[Sentiment]sentiment] and gives +1% of total Affection goal for each 1 [[Sentiment]sentiment] drained.,
dedf009e75cb,item,resources.assets,982,125JewelrySilverRing,description,Consume 10 random tokens on the grid. [[Broken Heart]broken] and [[Joy]joy] tokens excluded.,
a2762efac230,item,resources.assets,983,126JewelryLovelyRing,description,Consume all the power tokens on the grid.,
b2e2392f0fb8,item,resources.assets,984,127CosmeticsNailPolish,description,Upgrade 3 random Affection tokens to power tokens.,
6d00583a3070,item,resources.assets,985,128CosmeticsShinyLipstick,description,Upgrade a select Affection token to a power token.,
b098d6035de6,item,resources.assets,986,129CosmeticsHairBrush,description,Consume a select row of tokens. [[Broken Heart]broken] tokens excluded.,
2209ec3b7dc5,item,resources.assets,987,130CosmeticsMakeupKit,description,Consume a select 3x3 square of tokens. [[Broken Heart]broken] tokens excluded.,
e0fec3d25393,item,resources.assets,988,131CosmeticsEyelashCurler,description,Consume a select column of tokens. [[Broken Heart]broken] tokens excluded.,
644f1b113b4f,item,resources.assets,989,132CosmeticsCompactMirror,description,"Select an Affection token and every token of that type will be replaced by either a [[Passion]heart] token, a [[Joy]joy] token, or a [[Sentiment]sentiment] token.",
5ed9095ba1c7,item,resources.assets,990,133HeelsPeepToeHeels,description,The next [[Broken Heart]broken] token match will count as a [[Passion]heart] token match instead.,
a23f1486a90e,item,resources.assets,991,134HeelsCorkWedgeSandals,description,"No tokens will be consumed as a result of a date gift being used for the remainder of the date. You'll still get the benefits, but the tokens will remain.",
ce5c31cc63a0,item,resources.assets,992,135HeelsVintagePlatforms,description,Select a token type and you will not lose any moves until a match is made that is of a different token type than the one you selected.,
5c381211822e,item,resources.assets,993,136HeelsLeopardPrintPumps,description,+1 [[Move]joy] for every 4-of-a-kind (or more) Affection token match for the remainder of the date.,
eafb0d782381,item,resources.assets,994,137HeelsPinkMaryJanes,description,+1 [[Sentiment]sentiment] for every [[Passion]heart] token match made for the remainder of the date.,
e1db5d3aa975,item,resources.assets,995,138HeelsSuedeAnkleBooties,description,+3 [[Sentiment]sentiment] for every 4-of-a-kind (or more) Affection token match for the remainder of the date.,
10f4a336ae5d,item,resources.assets,996,139FlowersBlueOrchid,description,Consume all [[Talent]talent] tokens on the grid.,
a4eda95036c1,item,resources.assets,997,140FlowersWhitePansy,description,Consume all [[Flirtation]flirtation] tokens on the grid.,
2d9407c1ce47,item,resources.assets,998,141FlowersOrangeCosmos,description,Consume all [[Romance]romance] tokens on the grid.,
175fb14449bf,item,resources.assets,999,142FlowersRedTulip,description,Consume all [[Sexuality]sexuality] tokens on the grid.,
3b8bbde6ab1f,item,resources.assets,1000,143FlowersPinkLily,description,Consume all [[Passion]heart] tokens on the grid.,
524dc58e4cb5,item,resources.assets,1001,144FlowersSunflower,description,"Consume all [[Joy]joy] tokens on the grid, earning +1 [[Move]joy] for every token consumed after the first 2.",
20f062c1e61a,item,resources.assets,1002,146PlushiesStuffedCat,description,Remove all [[Broken Heart]broken] tokens from the grid.,
7126a772243b,item,resources.assets,1003,147PlushiesStuffedSheep,description,+1 [[Passion]heart] Level for every 2 [[Broken Heart]broken] tokens on the grid.,
744bf5b26e1f,item,resources.assets,1004,148PlushiesStuffedMonkey,description,+2% of total Affection goal for every [[Broken Heart]broken] token on the grid.,
c2c2ef32de60,item,resources.assets,1005,149PlushiesStuffedPenguin,description,Convert all [[Broken Heart]broken] tokens into [[Joy]joy] tokens.,
65be2375a2ee,item,resources.assets,1006,150PlushiesStuffedWhale,description,Convert all [[Broken Heart]broken] tokens into [[Sentiment]sentiment] tokens.,
2b83fc43cd9b,item,resources.assets,1007,151PerfumeSeaBreezePerfume,description,Increase the amount of [[Talent]talent] tokens that fall by 50% for the remainder of the date.,
6ea21c7959f2,item,resources.assets,1008,152PerfumeGreenTeaPerfume,description,Increase the amount of [[Flirtation]flirtation] tokens that fall by 50% for the remainder of the date.,
7e3ca8dc5821,item,resources.assets,1009,153PerfumePeachPerfume,description,Increase the amount of [[Romance]romance] tokens that fall by 50% for the remainder of the date.,
988dbfa35b9b,item,resources.assets,1010,154PerfumeCinnamonPerfume,description,Increase the amount of [[Sexuality]sexuality] tokens that fall by 50% for the remainder of the date.,
b36d0c263b2a,item,resources.assets,1011,155PerfumeRosePerfume,description,Increase the amount of [[Passion]heart] tokens that fall by 50% for the remainder of the date.,
1926c86346d1,item,resources.assets,1012,156PerfumeLilacPerfume,description,Increase the amount of [[Broken Heart]broken] tokens that fall by 50% for the remainder of the date.,
07747463a015,item,resources.assets,1013,001BreakfastCoffee,description,Dark roasted with a dash of milk; the perfect morning pick-me-up.,
797414dbb55b,item,resources.assets,1014,002BreakfastOrangeJuice,description,Fresh squeezed and packed full of vitamin C.,
30902750e305,item,resources.assets,1015,003BreakfastBagel,description,Because it's not socially acceptable to eat donuts for breakfast.,
c882b6bac483,item,resources.assets,1016,004BreakfastMuffin,description,It's like a cupcake but you can have it for breakfast.,
a07f1d9b71cf,item,resources.assets,1017,005BreakfastOmelette,description,A western style cheese omelette with sausage and peppers.,
efbf7ba27353,item,resources.assets,1018,006BreakfastPancakes,description,A fluffy stack of pancakes covered in butter and syrup.,
408bed110466,item,resources.assets,1019,007DessertCookies,description,"An assortment of soft, chewy, mouth watering cookies.",
4b80bd998a66,item,resources.assets,1020,008DessertCupcakes,description,A variety pack of adorably delicious mini cupcakes.,
faa9b14abfbf,item,resources.assets,1021,009DessertSundae,description,An ice cream sundae oozing with fudge and a cherry on top.,
e01a4745c666,item,resources.assets,1022,010DessertPumpkinpie,description,A thick slice of seasonal pumpkin pie with a dollop of cream.,
0b1222a0f4a9,item,resources.assets,1023,011DessertFruittartpie,description,"A tangy fruit pie with kiwi, berries and a flakey crust.",
94fff734c41d,item,resources.assets,1024,012DessertCake,description,"A huge, hand made multi-layer cake covered with frosting.",
173099086577,item,resources.assets,1025,013FruitOrange,description,A sweet and juicy tropical treat packed with vitamins and minerals.,
e07209ed8054,item,resources.assets,1026,014FruitLemonlime,description,A sweet and juicy tropical treat packed with vitamins and minerals.,
3dee7dd4233a,item,resources.assets,1027,015FruitMango,description,A sweet and juicy tropical treat packed with vitamins and minerals.,
0332a3f2778c,item,resources.assets,1028,016FruitPinapple,description,A sweet and juicy tropical treat packed with vitamins and minerals.,
6b7f4e8636c5,item,resources.assets,1029,017FruitCoconut,description,A sweet and juicy tropical treat packed with vitamins and minerals.,
1c3d9a9c7254,item,resources.assets,1030,018FruitWatermelon,description,A sweet and juicy tropical treat packed with vitamins and minerals.,
b0d6696be472,item,resources.assets,1031,019VeggiesCarrot,description,A delicious and healthy snack for the health conscious consumer.,
c37b31edd0e4,item,resources.assets,1032,020VeggiesCucumber,description,A delicious and healthy snack for the health conscious consumer.,
176b2b9341b7,item,resources.assets,1033,021VeggiesTomatos,description,A delicious and healthy snack for the health conscious consumer.,
76c18f08ef0e,item,resources.assets,1034,022VeggiesBellpeppers,description,A delicious and healthy snack for the health conscious consumer.,
3e2e9a911d94,item,resources.assets,1035,023VeggiesEggplant,description,A delicious and healthy snack for the health conscious consumer.,
c6c075f758d3,item,resources.assets,1036,024VeggiesCabbage,description,A delicious and healthy snack for the health conscious consumer.,
fd3b82f3ba6a,item,resources.assets,1037,025CandyHearts,description,Small sugar candies sometimes given as a show of affection.,
1476e321ade5,item,resources.assets,1038,026CandyJellybeans,description,An assortment of sweet jelly candies in various fruity flavors.,
f9720605d49e,item,resources.assets,1039,027CandyBubblegum,description,A flavorful chewing gum that can be blown into bubbles.,
47e29cf7bb47,item,resources.assets,1040,028CandyLollipop,description,A classic confectionary treat for the child in all of us.,
477260837829,item,resources.assets,1041,029CandyCottoncandy,description,A mass of fluffy spun sugar that melts as soon as it hits the tongue.,
83f5ce3a8cf1,item,resources.assets,1042,030CandyChocolate,description,"Smooth, rich, creamy dark chocolate that just melts in your mouth.",
f2fb587a8cdb,item,resources.assets,1043,031JunkfoodSoda,description,A sweet bubbly beverage thats mostly water and corn syrup.,
fc762ac2ab68,item,resources.assets,1044,032JunkfoodPopcorn,description,A large bag of fresh popcorn loaded with butter and salt.,
82f1ae5664f6,item,resources.assets,1045,033JunkfoodFries,description,A greasy bag of heavily salted fries that nobody can stop eating.,
7f7d221523f4,item,resources.assets,1046,034JunkfoodCorndog,description,A fried hotdog on a stick that can only be eaten in intense guilt.,
669eec4e4950,item,resources.assets,1047,035JunkfoodHamburger,description,"A grilled beef patty with cheese, lettuce and tomato on two toasted buns.",
a13f0ebfbb6a,item,resources.assets,1048,036JunkfoodPizza,description,A slice of piping hot pizza with all the toppings.,
5952adc974cf,item,resources.assets,1049,293PresentsShinyGiftBox,description,What could it be? Open it up and see what's inside!,
c5536b1ae16e,item,resources.assets,1050,294PresentsFineGiftBox,description,What could it be? Open it up and see what's inside!,
75b4ad567cc1,item,resources.assets,1051,295PresentsFancyGiftBox,description,What could it be? Open it up and see what's inside!,
e7e6bd7da159,item,resources.assets,1052,296PresentsRegalGiftBox,description,What could it be? Open it up and see what's inside!,
329a41bb9b61,item,resources.assets,1053,297PresentsLovelyGiftBox,description,What could it be? Open it up and see what's inside!,
5be343b5611c,item,resources.assets,1054,298PresentsLuckyGiftBox,description,What could it be? Open it up and see what's inside!,
c30fd1d4ab0b,item,sharedassets0.assets,9048,157MusicFlute,description,[[Talent]talent] token matches give an additional +100% Affection.,
313b91038bfb,item,sharedassets0.assets,9049,158MusicDrums,description,[[Talent]talent] token matches give an additional +200% Affection.,
d2dbdd9101a7,item,sharedassets0.assets,9050,159MusicTrumpet,description,[[Talent]talent] token matches give an additional +300% Affection.,
abe960cf39a5,item,sharedassets0.assets,9051,160MusicBanjo,description,[[Talent]talent] token matches give an additional +400% Affection.,
10a1ff3dfc5d,item,sharedassets0.assets,9052,161MusicViolin,description,[[Talent]talent] token matches give an additional +500% Affection.,
887887a5c96f,item,sharedassets0.assets,9053,162MusicKeyboard,description,[[Talent]talent] token matches give an additional +600% Affection.,
e1819daac932,item,sharedassets0.assets,9054,163BeachSunLotion,description,[[Flirtation]flirtation] token matches give an additional +100% Affection.,
f6a57a23135e,item,sharedassets0.assets,9055,164BeachStylishShades,description,[[Flirtation]flirtation] token matches give an additional +200% Affection.,
91a436f049cf,item,sharedassets0.assets,9056,165BeachFlipFlops,description,[[Flirtation]flirtation] token matches give an additional +300% Affection.,
e73dde1bb184,item,sharedassets0.assets,9057,166BeachBeachBall,description,[[Flirtation]flirtation] token matches give an additional +400% Affection.,
d6be9cf3680b,item,sharedassets0.assets,9058,167BeachBigBeachTowel,description,[[Flirtation]flirtation] token matches give an additional +500% Affection.,
4f0ffd13f9dd,item,sharedassets0.assets,9059,168BeachSurfboard,description,[[Flirtation]flirtation] token matches give an additional +600% Affection.,
e36e61e0ef23,item,sharedassets0.assets,9060,169FranceButteryCroissant,description,[[Romance]romance] token matches give an additional +100% Affection.,
c535a7529a84,item,sharedassets0.assets,9061,170FranceFreshBaguette,description,[[Romance]romance] token matches give an additional +200% Affection.,
2f222e13df1d,item,sharedassets0.assets,9062,171FranceFancyCheese,description,[[Romance]romance] token matches give an additional +300% Affection.,
7e4825a2cb57,item,sharedassets0.assets,9063,172FranceFrenchBeret,description,[[Romance]romance] token matches give an additional +400% Affection.,
53a617198212,item,sharedassets0.assets,9064,173FranceAccordion,description,[[Romance]romance] token matches give an additional +500% Affection.,
ce3d709dc2a7,item,sharedassets0.assets,9065,174FranceWineBottle,description,[[Romance]romance] token matches give an additional +600% Affection.,
acc4c3f6ebd9,item,sharedassets0.assets,9066,175KinkyHotWaxCandles,description,[[Sexuality]sexuality] token matches give an additional +100% Affection.,
e261982cd9bf,item,sharedassets0.assets,9067,176KinkySilkBlindfold,description,[[Sexuality]sexuality] token matches give an additional +200% Affection.,
ae039e98e5d4,item,sharedassets0.assets,9068,177KinkySpikedChoker,description,[[Sexuality]sexuality] token matches give an additional +300% Affection.,
e0066ad0ce98,item,sharedassets0.assets,9069,178KinkyFuzzyHandcuffs,description,[[Sexuality]sexuality] token matches give an additional +400% Affection.,
9b8e2fd95e6c,item,sharedassets0.assets,9070,179KinkyLeatherWhip,description,[[Sexuality]sexuality] token matches give an additional +500% Affection.,
8588edf0c299,item,sharedassets0.assets,9071,180KinkyBallGag,description,[[Sexuality]sexuality] token matches give an additional +600% Affection.,
eeabfda0e434,item,sharedassets0.assets,9072,181WinterEarMuffs,description,The maximum [[Passion]heart] level increases to 6 and [[Passion]heart] token matches give an additional +100% [[Passion]heart].,
15ed34a2da8d,item,sharedassets0.assets,9073,182WinterWarmMittens,description,The maximum [[Passion]heart] level increases to 8 and [[Passion]heart] token matches give an additional +200% [[Passion]heart].,
c52f21c587d3,item,sharedassets0.assets,9074,183WinterSnowGlobe,description,The maximum [[Passion]heart] level increases to 10 and [[Passion]heart] token matches give an additional +300% [[Passion]heart].,
4fdab4a1ae98,item,sharedassets0.assets,9075,184WinterIceSkates,description,The maximum [[Passion]heart] level increases to 12 and [[Passion]heart] token matches give an additional +400% [[Passion]heart].,
8d0ea39ec4ad,item,sharedassets0.assets,9076,185WinterSnowSled,description,The maximum [[Passion]heart] level increases to 14 and [[Passion]heart] token matches give an additional +500% [[Passion]heart].,
1118345ed8ae,item,sharedassets0.assets,9077,186WinterSnowboard,description,The maximum [[Passion]heart] level increases to 16 and [[Passion]heart] token matches give an additional +600% [[Passion]heart].,
026d8dc27980,item,sharedassets0.assets,9078,187NursingBandages,description,The penalty for matching [[Broken Heart]broken] tokens decreases to 11% of your current Affection per [[Broken Heart]broken] token matched.,
6edbc746fe84,item,sharedassets0.assets,9079,188NursingStethoscope,description,The penalty for matching [[Broken Heart]broken] tokens decreases to 10% of your current Affection per [[Broken Heart]broken] token matched.,
0db48e3716f9,item,sharedassets0.assets,9080,189NursingMedicalClipboard,description,The penalty for matching [[Broken Heart]broken] tokens decreases to 9% of your current Affection per [[Broken Heart]broken] token matched.,
edb56b5893d6,item,sharedassets0.assets,9081,190NursingMedicineBottle,description,The penalty for matching [[Broken Heart]broken] tokens decreases to 8% of your current Affection per [[Broken Heart]broken] token matched.,
224de8c1d18e,item,sharedassets0.assets,9082,191NursingFirstAidKit,description,The penalty for matching [[Broken Heart]broken] tokens decreases to 7% of your current Affection per [[Broken Heart]broken] token matched.,
a18afb254876,item,sharedassets0.assets,9083,192NursingNurseUniform,description,The penalty for matching [[Broken Heart]broken] tokens decreases to 6% of your current Affection per [[Broken Heart]broken] token matched.,
69a1cefe46fe,item,sharedassets0.assets,9084,265TreasureSnakeFlute,description,Power tokens multiply the Affection earned from a match by x1.75.,
9a103bfd18cc,item,sharedassets0.assets,9085,266TreasureJeweledTurban,description,Power tokens multiply the Affection earned from a match by x2.,
8148191e5326,item,sharedassets0.assets,9086,267TreasureFeatherFan,description,Power tokens multiply the Affection earned from a match by x2.25.,
ee17186ea5e5,item,sharedassets0.assets,9087,268TreasureScarabPendant,description,Power tokens multiply the Affection earned from a match by x2.5.,
ed466dfe7821,item,sharedassets0.assets,9088,269TreasureAntiqueVase,description,Power tokens multiply the Affection earned from a match by x2.75.,
2c4ba751e2c9,item,sharedassets0.assets,9089,270TreasureGoldenCatStatue,description,Power tokens multiply the Affection earned from a match by x3.,
f114095eb122,item,sharedassets0.assets,9090,271CasinoPokerChips,description,The chance of generating a power token increases to 30% for 4-of-a-kind matches and 80% for 5-of-a-kind matches.,
7777f47954e6,item,sharedassets0.assets,9091,272CasinoLuckyDice,description,The chance of generating a power token increases to 40% for 4-of-a-kind matches and 90% for 5-of-a-kind matches.,
004a42ca9e3b,item,sharedassets0.assets,9092,273CasinoPlayingCards,description,The chance of generating a power token increases to 50% for 4-of-a-kind matches and 100% for 5-of-a-kind matches.,
551fe2f46d2a,item,sharedassets0.assets,9093,274CasinoDealersCap,description,"The chance of generating a power token increases to 5% for 3-of-a-kind matches, 60% for 4-of-a-kind matches and 100% for 5-of-a-kind matches.",
5906c7814f47,item,sharedassets0.assets,9094,275CasinoRouletteWheel,description,"The chance of generating a power token increases to 10% for 3-of-a-kind matches, 70% for 4-of-a-kind matches and 100% for 5-of-a-kind matches.",
f488721d5cf2,item,sharedassets0.assets,9095,276CasinoSlotMachine,description,"The chance of generating a power token increases to 20% for 3-of-a-kind matches, 80% for 4-of-a-kind matches and 100% for 5-of-a-kind matches.",
e5d4111f698a,item,sharedassets0.assets,9096,145PlushiesStuffedBear,description,Convert all [[Broken Heart]broken] tokens into [[Passion]heart] tokens.,
d46c395bc18a,item,sharedassets0.assets,9097,299PlushiesStuffedKyu,description,Doubles the current [[Passion]heart] Level.,
719676dcfd27,item,sharedassets0.assets,9098,037DrinksBeer,description,A classic light beer; just to get loosened up a little bit.,
a2fd01333ae1,item,sharedassets0.assets,9099,038DrinksSake,description,An alcoholic beverage from Japan made from fermented rice.,
b70210654615,item,sharedassets0.assets,9100,039DrinksWine,description,How the classy and sophisticated opt to get blasted.,
24f1ce8966c5,item,sharedassets0.assets,9101,040DrinksChampagne,description,A fancy sparkling wine that's usually reserved for special occasions.,
54151e82de5d,item,sharedassets0.assets,9102,041DrinksPinacolada,description,"A special cocktail made with rum, pineapple juice and coconut.",
a55fd7031df1,item,sharedassets0.assets,9103,042DrinksDaiquiri,description,A mixed slushie-like drink with a kick of strawberry flavor.,
6f5a6297f458,item,sharedassets0.assets,9104,043DrinksMojito,description,"A rum based drink mixed with sugar, club soda and mint leaves.",
e2b211c85c8f,item,sharedassets0.assets,9105,044DrinksLimeMargarita,description,A mixed drink of tequila mixed with sugar and citrus lime juice.,
5d7ea2076cde,item,sharedassets0.assets,9106,045DrinksMartini,description,A classic cocktail made from gin and garnished with an olive.,
ac451932daf8,item,sharedassets0.assets,9107,046DrinksCocktail,description,"A sweet drink made with lime juice, cranberries and crushed ice.",
d4a4b324326b,item,sharedassets0.assets,9108,047DrinksLemondrop,description,A sour vodka drink thats mixed with lemon juice and sugar.,
34557367862d,item,sharedassets0.assets,9109,048DrinksWhisky,description,Straight up whiskey on the rocks; for the heavy drinkers.,
2bab4c539efe,item,sharedassets0.assets,9110,049AcademyDecorativePens,description,A fine gift for a girl who's academically inclined.,
b906a58fdb5d,item,sharedassets0.assets,9111,050AcademyGlossyNotebook,description,An excellent gift for a girl who's academically inclined.,
f5cbfd8acf5e,item,sharedassets0.assets,9112,051AcademyGraduationCap,description,A fabulous gift for a girl who's academically inclined.,
0e8e8869a92b,item,sharedassets0.assets,9113,052AcademyTextbooks,description,A marvelous gift for a girl who's academically inclined.,
19866a452eba,item,sharedassets0.assets,9114,053AcademyGirlyBackpack,description,An outstanding gift for a girl who's academically inclined.,
13c08f73f29d,item,sharedassets0.assets,9115,054AcademyLaptopPro,description,A magnificent gift for a girl who's academically inclined.,
1d29a25decca,item,sharedassets0.assets,9116,055ToysOldFashionedYoyo,description,A cool gift for a girl who's young at heart.,
9ef71c24e82d,item,sharedassets0.assets,9117,056ToysPuzzleCube,description,A great gift for a girl who's young at heart.,
61ca977bc3d9,item,sharedassets0.assets,9118,057ToysSudokuBooks,description,An awesome gift for a girl who's young at heart.,
e8b4af4d117a,item,sharedassets0.assets,9119,058ToysDartBoard,description,A wonderful gift for a girl who's young at heart.,
7a57d2a23557,item,sharedassets0.assets,9120,059ToysBoardGame,description,A fantastic gift for a girl who's young at heart.,
80215ecefb89,item,sharedassets0.assets,9121,060ToysChessSet,description,A spectacular gift for a girl who's young at heart.,
0b466c227d10,item,sharedassets0.assets,9122,061FitnessWaterBottle,description,A cool gift for a girl who tries to stay in shape.,
3be00e001b85,item,sharedassets0.assets,9123,062FitnessCardioWeights,description,A great gift for a girl who tries to stay in shape.,
3e02dd7cb4d4,item,sharedassets0.assets,9124,063FitnessSkippingRope,description,An awesome gift for a girl who tries to stay in shape.,
9a3998a6ebc9,item,sharedassets0.assets,9125,064FitnessKettleBell,description,A wonderful gift for a girl who tries to stay in shape.,
813ab1b93895,item,sharedassets0.assets,9126,065FitnessBoxingGloves,description,A fantastic gift for a girl who tries to stay in shape.,
ca3c0ab98825,item,sharedassets0.assets,9127,066FitnessPunchingBag,description,A spectacular gift for a girl who tries to stay in shape.,
b29d80b67d40,item,sharedassets0.assets,9128,067RaveBabyBinky,description,A cool gift for a girl who likes to let loose and have fun.,
3040a06c9a6c,item,sharedassets0.assets,9129,068RaveBeadBracelet,description,A great gift for a girl who likes to let loose and have fun.,
f5913b7e4298,item,sharedassets0.assets,9130,069RaveGlowSticks,description,An awesome gift for a girl who likes to let loose and have fun.,
86fb592b1be0,item,sharedassets0.assets,9131,070RaveRainbowWig,description,A wonderful gift for a girl who likes to let loose and have fun.,
b7c141ec6c07,item,sharedassets0.assets,9132,071RaveFuzzyBoots,description,A fantastic gift for a girl who likes to let loose and have fun.,
d17fcc22ceb8,item,sharedassets0.assets,9133,072RaveFairyWings,description,A spectacular gift for a girl who likes to let loose and have fun.,
cc6e6565a71b,item,sharedassets0.assets,9134,073SportsTennisBalls,description,A cool gift for a girl with a competitive streak.,
c693132fc080,item,sharedassets0.assets,9135,074SportsTennisRacket,description,A great gift for a girl with a competitive streak.,
d92fbbe7b94a,item,sharedassets0.assets,9136,075SportsFlyingDisc,description,An awesome gift for a girl with a competitive streak.,
4047d9445328,item,sharedassets0.assets,9137,076SportsBasketBall,description,A wonderful gift for a girl with a competitive streak.,
8a2ac636f52b,item,sharedassets0.assets,9138,077SportsVolleyBall,description,A fantastic gift for a girl with a competitive streak.,
7eefc55c3f5d,item,sharedassets0.assets,9139,078SportsSoccerBall,description,A spectacular gift for a girl with a competitive streak.,
5f974e7d6341,item,sharedassets0.assets,9140,079ArtistSketchingPencils,description,A fine gift for a girl who's artistically talented.,
144ff1de7629,item,sharedassets0.assets,9141,080ArtistPaintBrushes,description,An excellent gift for a girl who's artistically talented.,
7e58027ce8f8,item,sharedassets0.assets,9142,081ArtistDrawingMannequin,description,A fabulous gift for a girl who's artistically talented.,
6cad18898b26,item,sharedassets0.assets,9143,082ArtistSketchPad,description,A marvelous gift for a girl who's artistically talented.,
8340d89acb59,item,sharedassets0.assets,9144,083ArtistPaintPalette,description,An outstanding gift for a girl who's artistically talented.,
819be34b4da1,item,sharedassets0.assets,9145,084ArtistCanvas&Easel,description,A magnificent gift for a girl who's artistically talented.,
7431fac6ead7,item,sharedassets0.assets,9146,085BakingBakingUtensils,description,A fine gift for a girl with an affinity for the culinary arts.,
1efaec112da9,item,sharedassets0.assets,9147,086BakingMeasuringCup,description,An excellent gift for a girl with an affinity for the culinary arts.,
097361d502ce,item,sharedassets0.assets,9148,087BakingRollingPin,description,A fabulous gift for a girl with an affinity for the culinary arts.,
186fe65bd34d,item,sharedassets0.assets,9149,088BakingOvenTimer,description,A marvelous gift for a girl with an affinity for the culinary arts.,
0ce3d51ff0d8,item,sharedassets0.assets,9150,089BakingMixingBowl,description,An outstanding gift for a girl with an affinity for the culinary arts.,
dac9fecc20ad,item,sharedassets0.assets,9151,090BakingOvenMitts,description,A magnificent gift for a girl with an affinity for the culinary arts.,
777f7be9926f,item,sharedassets0.assets,9152,091YogaYogaBelt,description,A fine gift for a girl who likes it hot and sweaty.,
f91238e47907,item,sharedassets0.assets,9153,092YogaYogaBlocks,description,An excellent gift for a girl who likes it hot and sweaty.,
72012a1e679d,item,sharedassets0.assets,9154,093YogaYogaBag,description,A fabulous gift for a girl who likes it hot and sweaty.,
7d0a38f13697,item,sharedassets0.assets,9155,094YogaYogaMat,description,A marvelous gift for a girl who likes it hot and sweaty.,
a1bc5abce169,item,sharedassets0.assets,9156,095YogaYogaBall,description,An outstanding gift for a girl who likes it hot and sweaty.,
473bf2e2e30f,item,sharedassets0.assets,9157,096YogaYogaOutfit,description,A magnificent gift for a girl who likes it hot and sweaty.,
308182077ca6,item,sharedassets0.assets,9158,097DancerTangoRose,description,A cool gift for a girl who likes to move it to the music.,
4fcbfc306ec6,item,sharedassets0.assets,9159,098DancerSweatbands,description,A great gift for a girl who likes to move it to the music.,
cfda2a22d7fa,item,sharedassets0.assets,9160,099DancerLegWarmers,description,An awesome gift for a girl who likes to move it to the music.,
0370acc4d6fd,item,sharedassets0.assets,9161,100DancerDancingFan,description,A wonderful gift for a girl who likes to move it to the music.,
37e8bb396f07,item,sharedassets0.assets,9162,101DancerPinkTutu,description,A fantastic gift for a girl who likes to move it to the music.,
68b03cba4f64,item,sharedassets0.assets,9163,102DancerStripperPole,description,A spectacular gift for a girl who likes to move it to the music.,
561072e47d57,item,sharedassets0.assets,9164,103AquariumSyntheticSeaweed,description,A excellent gift for a girl with an aquatic pet preference.,
a0e911f8f92a,item,sharedassets0.assets,9165,104AquariumSyntheticCoral,description,An fabulous gift for a girl with an aquatic pet preference.,
9554f755f29a,item,sharedassets0.assets,9166,105AquariumTankGravel,description,A marvelous gift for a girl with an aquatic pet preference.,
39355734b381,item,sharedassets0.assets,9167,106AquariumBagOfGoldfish,description,A fine gift for a girl with an aquatic pet preference.,
12713d511500,item,sharedassets0.assets,9168,107AquariumFishyCastle,description,An outstanding gift for a girl with an aquatic pet preference.,
4d4798852566,item,sharedassets0.assets,9169,108AquariumFishTank,description,A magnificent gift for a girl with an aquatic pet preference.,
daa25b750560,item,sharedassets0.assets,9170,109ScubaSwimmersCap,description,A cool gift for a girl who doesn't mind getting a little wet.,
a3ff40e36c34,item,sharedassets0.assets,9171,110ScubaGoggles,description,A great gift for a girl who doesn't mind getting a little wet.,
bdcd7b36c3e7,item,sharedassets0.assets,9172,111ScubaSnorkel,description,An awesome gift for a girl who doesn't mind getting a little wet.,
bbe3d5376159,item,sharedassets0.assets,9173,112ScubaFlippers,description,A wonderful gift for a girl who doesn't mind getting a little wet.,
072a57d64a46,item,sharedassets0.assets,9174,113ScubaLifesaver,description,A fantastic gift for a girl who doesn't mind getting a little wet.,
f10282dae7d5,item,sharedassets0.assets,9175,114ScubaDivingTank,description,A spectacular gift for a girl who doesn't mind getting a little wet.,
a82118b5aa53,item,sharedassets0.assets,9176,115GardenFlowerSeeds,description,A fine gift for a girl who isn't afraid to get her hands dirty.,
05745df54e4c,item,sharedassets0.assets,9177,116GardenGardenShovel,description,An excellent gift for a girl who isn't afraid to get her hands dirty.,
c011715154a7,item,sharedassets0.assets,9178,117GardenFlowerPots,description,A fabulous gift for a girl who isn't afraid to get her hands dirty.,
f66a6e5d22b2,item,sharedassets0.assets,9179,118GardenWateringCan,description,A marvelous gift for a girl who isn't afraid to get her hands dirty.,
28f30c513c1c,item,sharedassets0.assets,9180,119GardenGardenGnome,description,An outstanding gift for a girl who isn't afraid to get her hands dirty.,
623083e7570b,item,sharedassets0.assets,9181,120GardenWoodenBirdhouse,description,A magnificent gift for a girl who isn't afraid to get her hands dirty.,
1b8396e40ebd,item,sharedassets0.assets,9182,289MiscTissueBox,description,Used for wiping your nose or cleaning up other various bodily fluids.,
2b947ff51f22,item,sharedassets0.assets,9183,290MiscDirtyMagazine,description,Reading material that you only look at for the interesting articles.,
550f7578c648,item,sharedassets0.assets,9184,291MiscWeirdThing,description,A strange device that appears to have sand stuck inside of it...,
07e2b23be6e6,item,sharedassets0.assets,9185,292MiscLovePotion,description,"Give this to a girl and you'll earn double Affection, [[Passion]heart], [[Moves]joy] and [[Sentiment]sentiment] during dates. In addition, matching [[Broken Hearts]broken] won't count against you.",
8a3721e3c73d,item,sharedassets0.assets,9186,277PantiesTiffany,description,The panties that Tiffany was wearing the first night she stayed over.,
845cfb63885e,item,sharedassets0.assets,9187,278PantiesAiko,description,The panties that Aiko was wearing the first night she stayed over.,
247bf5ca610c,item,sharedassets0.assets,9188,279PantiesKyanna,description,The panties that Kyanna was wearing the first night she stayed over.,
090beb549ea4,item,sharedassets0.assets,9189,280PantiesAudrey,description,The panties that Audrey was wearing the first night she stayed over.,
939366eb40f7,item,sharedassets0.assets,9190,281PantiesLola,description,The panties that Lola was wearing the first night she stayed over.,
bd3e485497ee,item,sharedassets0.assets,9191,282PantiesNikki,description,The panties that Nikki was wearing the first night she stayed over.,
a33a98db1996,item,sharedassets0.assets,9192,283PantiesJessie,description,The panties that Jessie was wearing the first night she stayed over.,
a9862e272d8c,item,sharedassets0.assets,9193,284PantiesBeli,description,The panties that Beli was wearing the first night she stayed over.,
3b2e05cf07ac,item,sharedassets0.assets,9194,285PantiesKyu,description,The panties that Kyu was wearing the first night she stayed over.,
77fe01688281,item,sharedassets0.assets,9195,286PantiesMomo,description,The panties that Momo was wearing the first night she stayed over.,
db1b2af50e7c,item,sharedassets0.assets,9196,287PantiesCeleste,description,The panties that Celeste was wearing the first night she stayed over.,
6ce01d8014a8,item,sharedassets0.assets,9197,288PantiesVenus,description,The panties that Venus was wearing the first night she stayed over.,
328a4cca4ee6,item,sharedassets0.assets,9198,193CheerleaderDoubleHairBow,description,A unique gift for a cheerleader. Earn an additional +50% [[Hunie]hunie] while talking with her.,
d8b8eb67b723,item,sharedassets0.assets,9199,194CheerleaderGlitterBottles,description,An exclusive gift for a cheerleader. Earn an additional +50% [[Hunie]hunie] while talking with her.,
b6afb05285c9,item,sharedassets0.assets,9200,195CheerleaderTwirlyBaton,description,A special gift for a cheerleader. Earn an additional +50% [[Hunie]hunie] while talking with her.,
5e536ce6cc93,item,sharedassets0.assets,9201,196CheerleaderMegaphone,description,An exceptional gift for a cheerleader. Earn an additional +50% [[Hunie]hunie] while talking with her.,
61e9369488bf,item,sharedassets0.assets,9202,197CheerleaderPompoms,description,A one-of-a-kind gift for a cheerleader. Earn an additional +50% [[Hunie]hunie] while talking with her.,
c25249098366,item,sharedassets0.assets,9203,198CheerleaderCheerleadingUniform,description,The perfect gift for a cheerleader. Earn an additional +50% [[Hunie]hunie] while talking with her.,
85b9a76d5e86,item,sharedassets0.assets,9204,199JapanChopsticks,description,A unique gift for a japanese woman. Earn an additional +50% [[Hunie]hunie] while talking with her.,
eeb86633cd94,item,sharedassets0.assets,9205,200JapanRiceballs,description,An exclusive gift for a japanese woman. Earn an additional +50% [[Hunie]hunie] while talking with her.,
7fe02e8b9dfc,item,sharedassets0.assets,9206,201JapanBonsaiTree,description,A special gift for a japanese woman. Earn an additional +50% [[Hunie]hunie] while talking with her.,
d3ba5b43a93f,item,sharedassets0.assets,9207,202JapanWoodenSandals,description,An exceptional gift for a japanese woman. Earn an additional +50% [[Hunie]hunie] while talking with her.,
d729c10b580c,item,sharedassets0.assets,9208,203JapanKimono,description,A one-of-a-kind gift for a japanese woman. Earn an additional +50% [[Hunie]hunie] while talking with her.,
01c37ede810f,item,sharedassets0.assets,9209,204JapanSamuraiHelmet,description,The perfect gift for a japanese woman. Earn an additional +50% [[Hunie]hunie] while talking with her.,
b83132220562,item,sharedassets0.assets,9210,205MexicoMaracas,description,A unique gift for a latina. Earn an additional +50% [[Hunie]hunie] while talking with her.,
81e7cf31c19d,item,sharedassets0.assets,9211,206MexicoSombrero,description,An exclusive gift for a latina. Earn an additional +50% [[Hunie]hunie] while talking with her.,
7f2d33d92265,item,sharedassets0.assets,9212,207MexicoPoncho,description,A special gift for a latina. Earn an additional +50% [[Hunie]hunie] while talking with her.,
42bb9c27d719,item,sharedassets0.assets,9213,208MexicoLuchadorMask,description,An exceptional gift for a latina. Earn an additional +50% [[Hunie]hunie] while talking with her.,
cfa209308844,item,sharedassets0.assets,9214,209MexicoPinata,description,A one-of-a-kind gift for a latina. Earn an additional +50% [[Hunie]hunie] while talking with her.,
fa2c1aae56a5,item,sharedassets0.assets,9215,210MexicoVinuela,description,The perfect gift for a latina. Earn an additional +50% [[Hunie]hunie] while talking with her.,
bfea4a9d29ec,item,sharedassets0.assets,9216,211NarcoticsCigarettePack,description,A unique gift for a party girl. Earn an additional +50% [[Hunie]hunie] while talking with her.,
b8717180e4dd,item,sharedassets0.assets,9217,212NarcoticsLighter,description,An exclusive gift for a party girl. Earn an additional +50% [[Hunie]hunie] while talking with her.,
f8b5283f9f8f,item,sharedassets0.assets,9218,213NarcoticsGlassPipe,description,A special gift for a party girl. Earn an additional +50% [[Hunie]hunie] while talking with her.,
cb7cd03a29c2,item,sharedassets0.assets,9219,214NarcoticsGlassBong,description,An exceptional gift for a party girl. Earn an additional +50% [[Hunie]hunie] while talking with her.,
2c8399564508,item,sharedassets0.assets,9220,215NarcoticsBlotterTabs,description,A one-of-a-kind gift for a party girl. Earn an additional +50% [[Hunie]hunie] while talking with her.,
ce716748c613,item,sharedassets0.assets,9221,216NarcoticsHappyPills,description,The perfect gift for a party girl. Earn an additional +50% [[Hunie]hunie] while talking with her.,
527e7d4e5b4e,item,sharedassets0.assets,9222,217TravelWingPin,description,A unique gift for an independant woman. Earn an additional +50% [[Hunie]hunie] while talking with her.,
b5a6178a2742,item,sharedassets0.assets,9223,218TravelCompass,description,An exclusive gift for an independant woman. Earn an additional +50% [[Hunie]hunie] while talking with her.,
5ddf87905152,item,sharedassets0.assets,9224,219TravelPilotsCap,description,A special gift for an independant woman. Earn an additional +50% [[Hunie]hunie] while talking with her.,
2ca683819512,item,sharedassets0.assets,9225,220TravelTravelSuitcase,description,An exceptional gift for an independant woman. Earn an additional +50% [[Hunie]hunie] while talking with her.,
6699f13690d4,item,sharedassets0.assets,9226,221TravelRollingLuggage,description,A one-of-a-kind gift for an independant woman. Earn an additional +50% [[Hunie]hunie] while talking with her.,
a973acafc5b7,item,sharedassets0.assets,9227,222TravelHighDefCamera,description,The perfect gift for an independant woman. Earn an additional +50% [[Hunie]hunie] while talking with her.,
949ec6d62fc8,item,sharedassets0.assets,9228,223GamingRetroController,description,A unique gift for a nerdy girl. Earn an additional +50% [[Hunie]hunie] while talking with her.,
5a1446028e69,item,sharedassets0.assets,9229,224GamingArcadeJoystick,description,An exclusive gift for a nerdy girl. Earn an additional +50% [[Hunie]hunie] while talking with her.,
f95eeb61be53,item,sharedassets0.assets,9230,225GamingZappyGun,description,A special gift for a nerdy girl. Earn an additional +50% [[Hunie]hunie] while talking with her.,
91bea6fda428,item,sharedassets0.assets,9231,226GamingGamerGlove,description,An exceptional gift for a nerdy girl. Earn an additional +50% [[Hunie]hunie] while talking with her.,
ad5254922371,item,sharedassets0.assets,9232,227GamingHandheldGame,description,A one-of-a-kind gift for a nerdy girl. Earn an additional +50% [[Hunie]hunie] while talking with her.,
9ef187e7bf4a,item,sharedassets0.assets,9233,228GamingArcadeCabinet,description,The perfect gift for a nerdy girl. Earn an additional +50% [[Hunie]hunie] while talking with her.,
e322b0f45f84,item,sharedassets0.assets,9234,229FestiveMistletoe,description,A unique gift for a mature woman. Earn an additional +50% [[Hunie]hunie] while talking with her.,
6d3baecac581,item,sharedassets0.assets,9235,230FestiveGingerbreadMan,description,An exclusive gift for a mature woman. Earn an additional +50% [[Hunie]hunie] while talking with her.,
e39142814fee,item,sharedassets0.assets,9236,231FestiveRoundOrnament,description,A special gift for a mature woman. Earn an additional +50% [[Hunie]hunie] while talking with her.,
9d4278c1329b,item,sharedassets0.assets,9237,232FestiveRibbonWreath,description,An exceptional gift for a mature woman. Earn an additional +50% [[Hunie]hunie] while talking with her.,
7123aca67f1e,item,sharedassets0.assets,9238,233FestiveFuzzyStocking,description,A one-of-a-kind gift for a mature woman. Earn an additional +50% [[Hunie]hunie] while talking with her.,
45372fcc367c,item,sharedassets0.assets,9239,234FestiveJollyOldCap,description,The perfect gift for a mature woman. Earn an additional +50% [[Hunie]hunie] while talking with her.,
0974fd10dff6,item,sharedassets0.assets,9240,235NatureAcorns,description,A unique gift for a spiritual girl. Earn an additional +50% [[Hunie]hunie] while talking with her.,
b2ebe9caa62a,item,sharedassets0.assets,9241,236NatureMapleLeaf,description,An exclusive gift for a spiritual girl. Earn an additional +50% [[Hunie]hunie] while talking with her.,
7b1bde4bf33f,item,sharedassets0.assets,9242,237NaturePinecone,description,A special gift for a spiritual girl. Earn an additional +50% [[Hunie]hunie] while talking with her.,
a487b0430f40,item,sharedassets0.assets,9243,238NatureMushrooms,description,An exceptional gift for a spiritual girl. Earn an additional +50% [[Hunie]hunie] while talking with her.,
9175bea20b74,item,sharedassets0.assets,9244,239NatureSeashell,description,A one-of-a-kind gift for a spiritual girl. Earn an additional +50% [[Hunie]hunie] while talking with her.,
011b3c0073a8,item,sharedassets0.assets,9245,240NatureFourLeafClover,description,The perfect gift for a spiritual girl. Earn an additional +50% [[Hunie]hunie] while talking with her.,
b5c40df5e356,item,sharedassets0.assets,9246,241FunStuffEnduranceRing,description,A unique gift for a nymphomaniac. Earn an additional +50% [[Hunie]hunie] while talking with her.,
1eb7a41ad1cc,item,sharedassets0.assets,9247,242FunStuffPocketVibe,description,An exclusive gift for a nymphomaniac. Earn an additional +50% [[Hunie]hunie] while talking with her.,
6617ce64033c,item,sharedassets0.assets,9248,243FunStuffFairysTail,description,A special gift for a nymphomaniac. Earn an additional +50% [[Hunie]hunie] while talking with her.,
dbe29fc1fb28,item,sharedassets0.assets,9249,244FunStuffBlissBeads,description,An exceptional gift for a nymphomaniac. Earn an additional +50% [[Hunie]hunie] while talking with her.,
248231228466,item,sharedassets0.assets,9250,245FunStuffMagicWand,description,A one-of-a-kind gift for a nymphomaniac. Earn an additional +50% [[Hunie]hunie] while talking with her.,
7cb53f75ea8c,item,sharedassets0.assets,9251,246FunStuffRoyalScepter,description,The perfect gift for a nymphomaniac. Earn an additional +50% [[Hunie]hunie] while talking with her.,
313a45bc2941,item,sharedassets0.assets,9252,247CatToysBallOfYarn,description,A unique gift for a cat lady. Earn an additional +50% [[Hunie]hunie] while talking with her.,
609c774103ac,item,sharedassets0.assets,9253,248CatToysLatticeBall,description,An exclusive gift for a cat lady. Earn an additional +50% [[Hunie]hunie] while talking with her.,
fae300195cf2,item,sharedassets0.assets,9254,249CatToysSqueakyMouse,description,A special gift for a cat lady. Earn an additional +50% [[Hunie]hunie] while talking with her.,
af44c9755807,item,sharedassets0.assets,9255,250CatToysFeatherPole,description,An exceptional gift for a cat lady. Earn an additional +50% [[Hunie]hunie] while talking with her.,
e444e3ba34f4,item,sharedassets0.assets,9256,251CatToysLaserPointer,description,A one-of-a-kind gift for a cat lady. Earn an additional +50% [[Hunie]hunie] while talking with her.,
296c5fdf0fcb,item,sharedassets0.assets,9257,252CatToysScratchPost,description,The perfect gift for a cat lady. Earn an additional +50% [[Hunie]hunie] while talking with her.,
860d00c50cf5,item,sharedassets0.assets,9258,253OuterspaceModelRocketShip,description,A unique gift for an extraterrestrial. Earn an additional +50% [[Hunie]hunie] while talking with her.,
4c1c1e81be53,item,sharedassets0.assets,9259,254OuterspaceMiniatureUFO,description,An exclusive gift for an extraterrestrial. Earn an additional +50% [[Hunie]hunie] while talking with her.,
2e7669f358dd,item,sharedassets0.assets,9260,255OuterspaceArmillarySphere,description,A special gift for an extraterrestrial. Earn an additional +50% [[Hunie]hunie] while talking with her.,
ec961e4fd92d,item,sharedassets0.assets,9261,256OuterspaceTelescope,description,An exceptional gift for an extraterrestrial. Earn an additional +50% [[Hunie]hunie] while talking with her.,
1cce821e69e0,item,sharedassets0.assets,9262,257OuterspaceSpaceHelmet,description,A one-of-a-kind gift for an extraterrestrial. Earn an additional +50% [[Hunie]hunie] while talking with her.,
ae9b803fa953,item,sharedassets0.assets,9263,258OuterspaceMoonrock,description,The perfect gift for an extraterrestrial. Earn an additional +50% [[Hunie]hunie] while talking with her.,
2586283bf739,item,sharedassets0.assets,9264,259GemstonesSapphire,description,A unique gift for a goddess. Earn an additional +50% [[Hunie]hunie] while talking with her.,
7b04f0fb3493,item,sharedassets0.assets,9265,260GemstonesRuby,description,An exclusive gift for a goddess. Earn an additional +50% [[Hunie]hunie] while talking with her.,
903ad8008b8e,item,sharedassets0.assets,9266,261GemstonesEmerald,description,A special gift for a goddess. Earn an additional +50% [[Hunie]hunie] while talking with her.,
80055c59c40b,item,sharedassets0.assets,9267,262GemstonesTopaz,description,An exceptional gift for a goddess. Earn an additional +50% [[Hunie]hunie] while talking with her.,
8daa421d5d4a,item,sharedassets0.assets,9268,263GemstonesAmethyst,description,A one-of-a-kind gift for a goddess. Earn an additional +50% [[Hunie]hunie] while talking with her.,
6604c30c9b0e,item,sharedassets0.assets,9269,264GemstonesDiamond,description,The perfect gift for a goddess. Earn an additional +50% [[Hunie]hunie] while talking with her.,
a3985d0e9891,message,resources.assets,1055,KyuTip02TraitsApp,messageText,"Every date you go on is gonna be more challenging than the last. If you don't improve your traits you're gonna blow it, trust me. You can use the ""Hunie"" you earn from interacting with girls to upgrade your traits using the traits app.",
da9bf2bb0445,message,resources.assets,1056,KyuTip03GetPresents,messageText,"I'll make you a deal. Every time you give a girl a gift that she LOVES I'll have one of our interns send you a present too; something you can use on dates. Ahhh... I'm such a nice person. Err, fairy.",
4377dd70eb98,message,resources.assets,1057,KyuTip04FoodHunger,messageText,"Pay attention to the appetite meter! A girl gets hungry standing around chatting all day. If she's hungry, check the store to see if there are any food items that she might like.",
781cdd916ca7,message,resources.assets,1058,KyuTip05DrinksDrunk,messageText,"Know how to use booze to your advantage! Usually girls will only drink at night when they're out, but the more hammered she is, the more ""Hunie"" you'll earn by talking with her or giving her gifts.",
8555f1d8e1a4,message,resources.assets,1059,KyuTip06BedroomSex,messageText,"You're so close! Once your relationship with a girl is at four or more hearts, there's a good chance you can pull her home after the next date. Take her out at night though! That's the only way you're gonna pull it off.",
5e3d91fe5d33,message,resources.assets,1060,KyuTip07OrderItems,messageText,"Good news! You can order items directly from us now. Just go to girl's collection screen in her profile and order from there. It'll cost you some serious Hunie though; 10,000 per order. Shipping between parallel dimensions isn't cheap!",
85487aa9fac0,message,sharedassets0.assets,8619,MessagesCellAppDefinition,appName,Messages,
fd5fff416d94,message,sharedassets0.assets,9292,PhotoMessageAiko1,altText,"Will you look at this? I'm such a hot teacher. =P No wonder so many girls register for my classes, hah!",
29aaa9565fbd,message,sharedassets0.assets,9292,PhotoMessageAiko1,messageText,"Will you look at this? I'm such a hot teacher. =P No wonder so many guys register for my classes, hah!",
ad6918c55bb1,message,sharedassets0.assets,9293,PhotoMessageAiko2,messageText,"Well fuck me! I finally won something at the casino. Great, now maybe I can put a tiny dent in my massive debt...",
11e0188679e8,message,sharedassets0.assets,9294,PhotoMessageAiko3,altText,"Hey beautiful, I really enjoyed our date... Here's a preview of what I might just have in store for you next time. ;)",
2b264ba49c02,message,sharedassets0.assets,9294,PhotoMessageAiko3,messageText,"Hey handsome, I really enjoyed our date... Here's a preview of what I might just have in store for you next time. ;)",
29019383a543,message,sharedassets0.assets,9295,PhotoMessageAudrey1,altText,Haha I got so much free shit from this other bitch that's tryin' to bang me and then I sent her home alone! What a loser!,
493657d3c299,message,sharedassets0.assets,9295,PhotoMessageAudrey1,messageText,Haha I got so much free shit from this other loser that's tryin' to get it in and then I sent him home alone! What a pussy whipped bitch!,
0d31b7971adb,message,sharedassets0.assets,9296,PhotoMessageAudrey2,messageText,Ugghhh... had to skip class today. I can't sit there and listen to some fucker talk about a bunch of shit nobody cares about for 3 hours.,
e8778cdc3b18,message,sharedassets0.assets,9297,PhotoMessageAudrey3,altText,"Baha, look, I can almost fit this whole thing in. Practice makes perfect, lol! Too bad, I'd make such a good straight chick, haha!",
6f48ea17b840,message,sharedassets0.assets,9297,PhotoMessageAudrey3,messageText,"Baha, look, I can almost fit this whole thing in. Practice makes perfect, lol! Maybe next time that'll be you... Yeah right!!!",
00a1f799f4d3,message,sharedassets0.assets,9298,PhotoMessageBeli1,messageText,It's so nice out this morning! We should go take a walk in the park one of these days. I'd love to have the company.,
de79336dbadf,message,sharedassets0.assets,9299,PhotoMessageBeli2,messageText,"Oh! You should come in for my yoga class someday! Don't worry, you won't be doing this; I take it easy on the beginners, hehe! :)",
bf3949e506a9,message,sharedassets0.assets,9300,PhotoMessageBeli3,messageText,Mmmm... I can't believe I'm actually sending this. >.< Do NOT let anybody else see this!! This is for YOUR eyes only! ^.^;,
cc626d0f5960,message,sharedassets0.assets,9301,PhotoMessageCeleste1,messageText,**Mission Log #347: I set a course for the Outherian sector in search of a galactic crime lord rumored to be hiding out there.,
aa0e4d7fd15c,message,sharedassets0.assets,9302,PhotoMessageCeleste2,messageText,**Mission Log #810: Escaped my prison cell aboard the Ladu federation mothership. Proceeded to kill everything.,
c72176650078,message,sharedassets0.assets,9303,PhotoMessageCeleste3,messageText,"**Mission Log #1281: Attacked by another tentacle monster, of course. It's not all bad though, you kind of get used to it. <3",
052daba8a4eb,message,sharedassets0.assets,9304,PhotoMessageJessie1,messageText,"Ohhh! I love my boobs in this pic! Of all the pics of me out there on the internet, I think this one has to be my favorite. ;)",
309b5e115edb,message,sharedassets0.assets,9305,PhotoMessageJessie2,messageText,I'm so excited! I just got signed to do a solo vid for a pretty popular site. They saw my banana set and had to have me!,
773de603c29e,message,sharedassets0.assets,9306,PhotoMessageJessie3,altText,Hey cutie! This is for you. <3<3<3 It's from my cam show last night. The girls are a big fan of that toy. ;) They also keep asking me to put a shoe on my head...,
9c17b71a0b1f,message,sharedassets0.assets,9306,PhotoMessageJessie3,messageText,Hey cutie! This is for you. <3<3<3 It's from my cam show last night. The boys are a big fan of that toy. ;) They also keep asking me to put a shoe on my head...,
acbac6ea15dc,message,sharedassets0.assets,9307,PhotoMessageKyanna1,messageText,"40!!! I finally got to 40 pushups in one set! Omg I was sweating like a pig after that workout, lol! Next time, I'm going for 50!!",
2a66c3b8490c,message,sharedassets0.assets,9308,PhotoMessageKyanna2,messageText,"Hey, just got out of the shower; was thinkin' about you. <3 I bet you wish the towel wasn't there! Lmao!",
a8ef57cd11b9,message,sharedassets0.assets,9309,PhotoMessageKyanna3,messageText,"I caught you staring at my butt btw! I thought maybe you'd like a closer look... Oops, did I get something else in there too? ;)",
9728abd8cf7c,message,sharedassets0.assets,9310,PhotoMessageKyu1,messageText,"I know you can't really see it that well because there's a totally sexy fairy in the way, but this is where I live!",
6500149ee6cc,message,sharedassets0.assets,9311,PhotoMessageKyu2,altText,"Ohhh boy! I found your mega stash, bahaha! Hope you don't mind that I borrowed a few of the good ones.",
6eb22367cc7c,message,sharedassets0.assets,9311,PhotoMessageKyu2,messageText,"Duuuude! I found your mega stash, bahaha! Hope you don't mind that I borrowed a few of the good ones.",
3032d2ea1960,message,sharedassets0.assets,9312,PhotoMessageKyu3,messageText,Holy fuck! I just discovered your washing machine. It's so... useful! I really really like the high setting. <3,
bb97589ed9fa,message,sharedassets0.assets,9313,PhotoMessageLola1,messageText,"Look, it's me! I was about to board a plane for my morning shift. I forget what city this is from... Washington, maybe?",
7c34f0ec232c,message,sharedassets0.assets,9314,PhotoMessageLola2,messageText,"This is from one of the most intense matches I've ever had. I didn't win... u.u But, at least I was cuter than her. =D",
63db159f60e1,message,sharedassets0.assets,9315,PhotoMessageLola3,messageText,"I was baking some cupcakes and I got batter all over the place! Who's gonna help me clean up, huh? ;)",
abc5976ae17d,message,sharedassets0.assets,9316,PhotoMessageMomo1,messageText,How does this thing work... Hello!? Did you get my picture? It's me! I'm sleepin' in a tree! Hehehehe!,
fe9bc8936022,message,sharedassets0.assets,9317,PhotoMessageMomo2,messageText,Master! Whatever you need I'm here for you! I'm just happy to be able to spend time with you!,
54c826939b99,message,sharedassets0.assets,9318,PhotoMessageMomo3,messageText,Master look! I'm just like the lady in those books you have under your bed! Hehehehe!,
e38c8e115bae,message,sharedassets0.assets,9319,PhotoMessageNikki1,messageText,Fuck yes! I finally got the high score on this stupid game. I can't even tell you how many quarters I've lost to this thing.,
2d8bf7c058e5,message,sharedassets0.assets,9320,PhotoMessageNikki2,messageText,"I couldn't fall asleep last night for shit. I was reading all these creepypastas online and then I just kept hearing like, noises and shit. I’m so tired… -_-zZzZzzz",
96a4e293d3ec,message,sharedassets0.assets,9321,PhotoMessageNikki3,messageText,"Idk... I just... felt like sending this to you. Like, I like you n' stuff. Is it sexy? Idk, I hope you like it. ><;;",
29bbec86af17,message,sharedassets0.assets,9322,PhotoMessageTiffany1,messageText,"Omg! My bestie took this pic in class when I wasn't looking. Uh-oh, panty shot! >.<; So embarrassing...",
b57e22f3ccd6,message,sharedassets0.assets,9323,PhotoMessageTiffany2,messageText,I love this picture! This is from a big game we had a couple weeks ago. I look soooooo cute! XD,
e44600893496,message,sharedassets0.assets,9324,PhotoMessageTiffany3,messageText,"Hey, I took this for you, ya pervert. :) Hope it came out alright... it was hard to time it right on my phone!",
e47d0a4c1936,message,sharedassets0.assets,9325,PhotoMessageVenus1,messageText,Ha! One date down; but you have quite a way to come if you're to have any hope of being with me!,
0e95d5a5d382,message,sharedassets0.assets,9326,PhotoMessageVenus2,messageText,Don't tell Kyu about this... but before I became goddess I used to dance at the love clubs. A girl has to pay her way through fairy school somehow!,
e2a29532c7fc,message,sharedassets0.assets,9327,PhotoMessageVenus3,messageText,Oh my... Kyu introduced me to your retractable shower head. It's magnificent. I may have no use for you after all!,
878817799200,message,sharedassets0.assets,9328,KyuTip01StoreApp,messageText,"Before I forget... The ""Munie"" you earned during our date? You can use that to buy gifts, food and drinks using the store app on the HunieBee. It'll even detect which gifts the girl you're talking to prefers and will mark them with an icon. We've practically done all the work for you!",
ba2e2b729d01,other,resources.assets,939,121JewelryHoopEarringsAbility,behaviors[2].handle,+moves,
65342c960ba7,other,resources.assets,939,121JewelryHoopEarringsAbility,behaviors[3].valueRef,+moves,
6865ce762699,other,resources.assets,940,122JewelryGoldEarringsAbility,behaviors[2].handle,+moves,
e8a4a80de6d3,other,resources.assets,940,122JewelryGoldEarringsAbility,behaviors[3].valueRef,+moves,
747330e2d3b0,other,resources.assets,964,147PlushiesStuffedSheepAbility,behaviors[2].handle,+passion_level,
2c6ff6d9caec,other,resources.assets,964,147PlushiesStuffedSheepAbility,behaviors[3].valueRef,+passion_level,
7891710ea5d4,other,resources.assets,978,121JewelryHoopEarrings,name,Hoop Earrings,
3b01fddc5cd3,other,resources.assets,979,122JewelryGoldEarrings,name,Gold Earrings,
19465f4a48b9,other,resources.assets,980,123JewelryHeartNecklace,name,Heart Necklace,
ed0152b4a86c,other,resources.assets,981,124JewelryPearlNecklace,name,Pearl Necklace,
719d544441a3,other,resources.assets,982,125JewelrySilverRing,name,Silver Ring,
1f3e4aba04e3,other,resources.assets,983,126JewelryLovelyRing,name,Lovely Ring,
85fbb07b047c,other,resources.assets,984,127CosmeticsNailPolish,name,Nail Polish,
20b332fc09a8,other,resources.assets,985,128CosmeticsShinyLipstick,name,Shiny Lipstick,
cbd910920759,other,resources.assets,986,129CosmeticsHairBrush,name,Hair Brush,
386573259843,other,resources.assets,987,130CosmeticsMakeupKit,name,Makeup Kit,
ec436bfb3273,other,resources.assets,988,131CosmeticsEyelashCurler,name,Eyelash Curler,
51f05ed6e62e,other,resources.assets,989,132CosmeticsCompactMirror,name,Compact Mirror,
53b9f0ef04ed,other,resources.assets,990,133HeelsPeepToeHeels,name,Peep Toe Heels,
76ddf8296bbf,other,resources.assets,991,134HeelsCorkWedgeSandals,name,Cork Wedge Sandals,
d5dc3a0f3273,other,resources.assets,992,135HeelsVintagePlatforms,name,Vintage Platforms,
064a232715e8,other,resources.assets,993,136HeelsLeopardPrintPumps,name,Leopard Print Pumps,
91d8b85c9a4c,other,resources.assets,994,137HeelsPinkMaryJanes,name,Pink Mary Janes,
d79d388db204,other,resources.assets,995,138HeelsSuedeAnkleBooties,name,Suede Ankle Booties,
40f85324ae52,other,resources.assets,996,139FlowersBlueOrchid,name,Blue Orchid,
2131b2ea15c7,other,resources.assets,997,140FlowersWhitePansy,name,White Pansy,
639a4af7ffa0,other,resources.assets,998,141FlowersOrangeCosmos,name,Orange Cosmos,
3a581b0f9d41,other,resources.assets,999,142FlowersRedTulip,name,Red Tulip,
f105800478b3,other,resources.assets,1000,143FlowersPinkLily,name,Pink Lily,
ff614b4d20fe,other,resources.assets,1001,144FlowersSunflower,name,Sunflower,
a7d3b0be6a84,other,resources.assets,1002,146PlushiesStuffedCat,name,Stuffed Cat,
a5f65ecdfb38,other,resources.assets,1003,147PlushiesStuffedSheep,name,Stuffed Sheep,
dcbbf0e25612,other,resources.assets,1004,148PlushiesStuffedMonkey,name,Stuffed Monkey,
32d4ea1ec31e,other,resources.assets,1005,149PlushiesStuffedPenguin,name,Stuffed Penguin,
afc452160baa,other,resources.assets,1006,150PlushiesStuffedWhale,name,Stuffed Whale,
760f8e50b588,other,resources.assets,1007,151PerfumeSeaBreezePerfume,name,Sea Breeze Perfume,
b0acd24dc989,other,resources.assets,1008,152PerfumeGreenTeaPerfume,name,Green Tea Perfume,
ab47ebac2845,other,resources.assets,1009,153PerfumePeachPerfume,name,Peach Perfume,
2e9a3d39d104,other,resources.assets,1010,154PerfumeCinnamonPerfume,name,Cinnamon Perfume,
7c6a6476fd4b,other,resources.assets,1011,155PerfumeRosePerfume,name,Rose Perfume,
7c1a049c9b9f,other,resources.assets,1012,156PerfumeLilacPerfume,name,Lilac Perfume,
71afe564fa8a,other,resources.assets,1013,001BreakfastCoffee,name,Coffee,
19208642a93c,other,resources.assets,1014,002BreakfastOrangeJuice,name,Orange Juice,
52a60c61e49c,other,resources.assets,1015,003BreakfastBagel,name,Bagel,
ac78d18c69c8,other,resources.assets,1016,004BreakfastMuffin,name,Muffin,
7beb59e0aa81,other,resources.assets,1017,005BreakfastOmelette,name,Omelette,
0209064e7eb1,other,resources.assets,1018,006BreakfastPancakes,name,Pancakes,
9edee5684e7d,other,resources.assets,1019,007DessertCookies,name,Cookies,
22d6876705da,other,resources.assets,1020,008DessertCupcakes,name,Cupcakes,
99853e4adc39,other,resources.assets,1021,009DessertSundae,name,Sundae,
b07ce8eb0065,other,resources.assets,1022,010DessertPumpkinpie,name,Pumpkin Pie,
1b71c11af070,other,resources.assets,1023,011DessertFruittartpie,name,Fruit Tart Pie,
0c7847fbba90,other,resources.assets,1024,012DessertCake,name,Wedding Cake,
5171d27cbcdd,other,resources.assets,1025,013FruitOrange,name,Orange,
13b8713825e8,other,resources.assets,1026,014FruitLemonlime,name,Lemon,
dad25c43a628,other,resources.assets,1027,015FruitMango,name,Mango,
b26da2762c72,other,resources.assets,1028,016FruitPinapple,name,Pinapple,
080769c188ee,other,resources.assets,1029,017FruitCoconut,name,Coconut,
7b925fe56a85,other,resources.assets,1030,018FruitWatermelon,name,Watermelon,
50bea017978e,other,resources.assets,1031,019VeggiesCarrot,name,Carrot,
2298dbf5991b,other,resources.assets,1032,020VeggiesCucumber,name,Cucumber,
912c0a231ac7,other,resources.assets,1033,021VeggiesTomatos,name,Tomatos,
6cebfa1cd2d3,other,resources.assets,1034,022VeggiesBellpeppers,name,Bell Peppers,
8a4a9f6ea3b5,other,resources.assets,1035,023VeggiesEggplant,name,Eggplant,
ac8d3cb11e21,other,resources.assets,1036,024VeggiesCabbage,name,Cabbage,
8bb20d7d2815,other,resources.assets,1037,025CandyHearts,name,Heart Candies,
accde512f1b4,other,resources.assets,1038,026CandyJellybeans,name,Jelly Beans,
2caa42da7c1c,other,resources.assets,1039,027CandyBubblegum,name,Bubble Gum,
f0a67e4e784e,other,resources.assets,1040,028CandyLollipop,name,Lollipop,
e3664e958414,other,resources.assets,1041,029CandyCottoncandy,name,Cotton Candy,
d82947b061b6,other,resources.assets,1042,030CandyChocolate,name,Chocolate,
0afc03b6ebdd,other,resources.assets,1043,031JunkfoodSoda,name,Soda,
9f36fc6c9660,other,resources.assets,1044,032JunkfoodPopcorn,name,Popcorn,
39e110b18d1c,other,resources.assets,1045,033JunkfoodFries,name,French Fries,
d65197ab3eb3,other,resources.assets,1046,034JunkfoodCorndog,name,Corndog,
09452723f829,other,resources.assets,1047,035JunkfoodHamburger,name,Hamburger,
6547b9976132,other,resources.assets,1048,036JunkfoodPizza,name,Pizza,
296153c9fabe,other,resources.assets,1049,293PresentsShinyGiftBox,name,Shiny Gift Box,
25ace62ceeb6,other,resources.assets,1050,294PresentsFineGiftBox,name,Fine Gift Box,
c18f65832378,other,resources.assets,1051,295PresentsFancyGiftBox,name,Fancy Gift Box,
528dd790f931,other,resources.assets,1052,296PresentsRegalGiftBox,name,Regal Gift Box,
b00aac1a1f96,other,resources.assets,1053,297PresentsLovelyGiftBox,name,Lovely Gift Box,
26d88ff2aae5,other,resources.assets,1054,298PresentsLuckyGiftBox,name,Lucky Gift Box,
082f8ddec114,other,resources.assets,1066,FlirtationPuzzleToken,name,Flirtation Token,
fe72ac9f0925,other,resources.assets,1067,JoyPuzzleToken,name,Joy Token,
2b823cdec2d7,other,resources.assets,1068,TalentPuzzleToken,name,Talent Token,
0b44ba2921bd,other,resources.assets,1076,CharismaTrait,name,Charisma,
cc94853c1ff7,other,resources.assets,1077,LuckTrait,name,Luck,
090d995fc04f,other,resources.assets,1157,,data.text,Location,
bcad76f5351e,other,resources.assets,1165,,data.text,Ability Name,
c51243f64df5,other,resources.assets,1323,,data.text,Cafe,
b254e8ab9739,other,resources.assets,1347,,data.text,Park,
b03db7d97a5f,other,resources.assets,1356,,data.text,Nightclub,
a40bfa7e99f2,other,resources.assets,1414,,data.text,Bar,
9793966cf05e,other,resources.assets,1432,,data.text,Beach,
5ff0a60cbecf,other,resources.assets,1456,,data.text,Market,
1b565138bbe5,other,resources.assets,1468,,data.text,Casino,
776421857f3e,other,resources.assets,1470,,data.text,Mall,
3ac3db8fe1b5,other,resources.assets,1513,,data.text,Carnival,
4be6aec00444,other,sharedassets0.assets,8615,GirlFinderCellAppDefinition,appName,Girl Finder,
0b89e27d74a6,other,sharedassets0.assets,8616,GirlProfileCellAppDefinition,appName,Girls,
10474cb12d39,other,sharedassets0.assets,8617,GirlsCellAppDefinition,appName,Girls,
8254fff210ae,other,sharedassets0.assets,8618,InventoryCellAppDefinition,appName,Inventory,
62df1e047044,other,sharedassets0.assets,8620,SettingsCellAppDefinition,appName,Settings,
1105bdb9d50b,other,sharedassets0.assets,8621,StoreCellAppDefinition,appName,Store,
4ab2dc110d2b,other,sharedassets0.assets,8622,TraitsCellAppDefinition,appName,Traits,
093d771b6f90,other,sharedassets0.assets,8623,IntroAiko,steps[23].responseOptions[1].text,Hey can you teach me karate?,
3d7391c3c267,other,sharedassets0.assets,8623,IntroAiko,steps[23].responseOptions[2].text,Fuck these birds. Am I right?,
a06c86d12230,other,sharedassets0.assets,8623,IntroAiko,steps[27].responseOptions[2].text,Oh yeah? What do you teach?,
584b759370bd,other,sharedassets0.assets,8624,IntroAudrey,steps[25].responseOptions[1].text,Just the creeping thing pretty much.,
9ada216e8259,other,sharedassets0.assets,8624,IntroAudrey,steps[29].responseOptions[0].text,Erryday.,
8ad63741119a,other,sharedassets0.assets,8624,IntroAudrey,steps[29].responseOptions[2].text,"Nah, that shit's for fools.",
b8445ec4647d,other,sharedassets0.assets,8625,IntroBeli,steps[24].responseOptions[1].text,"Hey, wait up!",
8aa9144fbc75,other,sharedassets0.assets,8625,IntroBeli,steps[30].responseOptions[0].text,Like what? Adorable? Too late.,
ce262891c656,other,sharedassets0.assets,8625,IntroBeli,steps[30].responseOptions[1].text,"Hey, if you've got, flaunt it.",
8d423ca2296e,other,sharedassets0.assets,8626,IntroCeleste,steps[10].responseOptions[2].text,Hold on! I don't even know your name.,
c9162975a8d1,other,sharedassets0.assets,8626,IntroCeleste,steps[16].responseOptions[1].text,"Yeah, sure. Whatever.",
8b6c89b9de50,other,sharedassets0.assets,8626,IntroCeleste,steps[16].responseOptions[2].text,Right! You only live once.,
6aae71333255,other,sharedassets0.assets,8626,IntroCeleste,steps[3].responseOptions[0].text,"I found it, right around here.",
a7b330e94f67,other,sharedassets0.assets,8626,IntroCeleste,steps[3].responseOptions[1].text,It wasn't me! I swear!,
4c79d776f40b,other,sharedassets0.assets,8626,IntroCeleste,steps[3].responseOptions[2].text,Uhhhhhhhh... the fuck?,
71ed9b4a2790,other,sharedassets0.assets,8627,IntroJessie,steps[25].responseOptions[2].text,How much?,
cf860d5c8e70,other,sharedassets0.assets,8627,IntroJessie,steps[28].responseOptions[0].text,What's in it for me?,
f3f860f47888,other,sharedassets0.assets,8627,IntroJessie,steps[28].responseOptions[1].text,What're you having?,
019716c369d5,other,sharedassets0.assets,8627,IntroJessie,steps[28].responseOptions[2].text,Coming right up!,
a65903e60c69,other,sharedassets0.assets,8627,IntroJessie,steps[29].responseOptions[2].text,"Actually, why don't we get out of here?",
0cf128c40adb,other,sharedassets0.assets,8628,IntroKyanna,steps[26].responseOptions[1].text,"Yep, just finished. She's all yours.",
34bbdb5a2de3,other,sharedassets0.assets,8628,IntroKyanna,steps[33].responseOptions[0].text,Look forward to it!,
db69b037c8af,other,sharedassets0.assets,8629,IntroKyu,steps[3].responseOptions[1].text,I can't believe that happened... ,
1c25d73edecd,other,sharedassets0.assets,8630,IntroLola,steps[20].responseOptions[0].text,Customer service these days...,
adff6558c691,other,sharedassets0.assets,8630,IntroLola,steps[26].responseOptions[0].text,Only if they are as cute as you are.,
c1909dc5b41f,other,sharedassets0.assets,8630,IntroLola,steps[26].responseOptions[1].text,Is it working?,
e2174e607f9d,other,sharedassets0.assets,8631,IntroMomo,steps[10].responseOptions[0].text,I'd love to take you home with me.,
df2b60b94b0c,other,sharedassets0.assets,8631,IntroMomo,steps[10].responseOptions[2].text,"No, sorry. I'm not really a cat person.",
48a0887a654f,other,sharedassets0.assets,8631,IntroMomo,steps[2].responseOptions[0].text,Knock yourself out.,
afd4e51e57ba,other,sharedassets0.assets,8631,IntroMomo,steps[2].responseOptions[1].text,Are you going to eat them?,
def1ac8c2b5e,other,sharedassets0.assets,8631,IntroMomo,steps[2].responseOptions[2].text,"No way, give those back.",
dc751f2ef3d7,other,sharedassets0.assets,8631,IntroMomo,steps[3].responseOptions[0].text,I don't believe we've met. Who are you?,
1e7e39965b41,other,sharedassets0.assets,8631,IntroMomo,steps[7].responseOptions[2].text,"Awww, poor thing.",
aa69f2ef847d,other,sharedassets0.assets,8632,IntroNikki,steps[20].responseOptions[0].text,Your friend seems... interesting.,
af349b27ac2e,other,sharedassets0.assets,8632,IntroNikki,steps[20].responseOptions[1].text,Ummm... hey.,
67cd3a338f56,other,sharedassets0.assets,8632,IntroNikki,steps[21].responseOptions[1].text,I like your hair. Is that natural color?,
aee8057d5f31,other,sharedassets0.assets,8632,IntroNikki,steps[21].responseOptions[2].text,Can I get you something to drink?,
2ffe62647a18,other,sharedassets0.assets,8632,IntroNikki,steps[24].responseOptions[2].text,"Oh, alright. Yeah, sorry to bother you.",
a72d828d60aa,other,sharedassets0.assets,8634,IntroVenus,steps[14].responseOptions[0].text,What can I say? I'm just that good.,
f2a93edec5cd,other,sharedassets0.assets,8634,IntroVenus,steps[14].responseOptions[1].text,I'm just doing what Kyu told me to do.,
8bb58edb30d2,other,sharedassets0.assets,8634,IntroVenus,steps[14].responseOptions[2].text,I suppose I have improved quite a bit...,
08e0d3f23ba4,other,sharedassets0.assets,8634,IntroVenus,steps[21].responseOptions[1].secondaryText,"I am so wet right now, you have no idea.",
0752605c466c,other,sharedassets0.assets,8634,IntroVenus,steps[21].responseOptions[2].text,You're on lady.,
eb0715539890,other,sharedassets0.assets,8634,IntroVenus,steps[9].responseOptions[1].text,The best in the business.,
e890756c2108,other,sharedassets0.assets,8634,IntroVenus,steps[9].responseOptions[2].text,How do you people get into my house?,
50cc437fd8ac,other,sharedassets0.assets,8635,GameEnding,steps[10].responseOptions[1].text,I'm in! Let's do it. Whatcha got?,
96cb5a284ff0,other,sharedassets0.assets,8635,GameEnding,steps[10].responseOptions[2].text,Nah that's okay. I'm kinda sex'd out.,
c6147f463161,other,sharedassets0.assets,8635,GameEnding,steps[3].responseOptions[1].text,"Ehh, you know. It was alright.",
3855858d06f1,other,sharedassets0.assets,8635,GameEnding,steps[3].responseOptions[2].text,"Yeah, but not half as good as you.",
a76b392c8a93,other,sharedassets0.assets,8635,GameEnding,steps[7].responseOptions[0].text,Hey! I'm the one who did all the work!,
decfc583fbc6,other,sharedassets0.assets,8636,GameOpeningPart1,steps[1].responseOptions[0].text,HI!! HELLO!!,
e99980d9e32f,other,sharedassets0.assets,8636,GameOpeningPart1,steps[1].responseOptions[1].text,Uhhhhh...,
de06a4bc759c,other,sharedassets0.assets,8636,GameOpeningPart1,steps[1].responseOptions[2].text,What? Who... me?,
aaa6f064c2b9,other,sharedassets0.assets,8636,GameOpeningPart1,steps[2].responseOptions[1].text,"You're like really, really cute.",
0e73a87aa8d1,other,sharedassets0.assets,8636,GameOpeningPart1,steps[2].responseOptions[2].text,I think I'm in love with you.,
56126b6521b9,other,sharedassets0.assets,8636,GameOpeningPart1,steps[4].responseOptions[0].text,Kyu? That's a weird name.,
b77c60019be0,other,sharedassets0.assets,8636,GameOpeningPart1,steps[4].responseOptions[1].text,"You mean, like, the letter?",
ea3f3f742eb7,other,sharedassets0.assets,8636,GameOpeningPart1,steps[6].responseOptions[0].text,"Hmm? Nah, I'm chill, I'm chill.",
0fa53ee34e9b,other,sharedassets0.assets,8636,GameOpeningPart1,steps[6].responseOptions[1].text,What do you mean? I'm fine.,
2f61d025cd74,other,sharedassets0.assets,8636,GameOpeningPart1,steps[6].responseOptions[2].text,"Oh, no I just... Uhhh, I just...",
8b5aee24e7c5,other,sharedassets0.assets,8636,GameOpeningPart1,steps[7].responseOptions[0].text,"Shit... Yeah, sorry. I should just go.",
c98d07342aa5,other,sharedassets0.assets,8636,GameOpeningPart1,steps[7].responseOptions[1].text,Is it that obvious?,
4739258a3560,other,sharedassets0.assets,8637,GameOpeningPart2,steps[15].responseOptions[0].text,Like actual dates with physical girls?,
2464249ae24d,other,sharedassets0.assets,8637,GameOpeningPart2,steps[15].responseOptions[1].text,"I mean, you know, an amount.",
d5df6c08f764,other,sharedassets0.assets,8637,GameOpeningPart2,steps[15].responseOptions[2].text,"Define ""date"".",
1cdba263c5f3,other,sharedassets0.assets,8637,GameOpeningPart2,steps[3].responseOptions[0].text,"Mmmm, five more minutes...",
cf4e511a40fe,other,sharedassets0.assets,8637,GameOpeningPart2,steps[3].responseOptions[2].text,"Aww, I was having the best dream...",
0b8d1072a8cc,other,sharedassets0.assets,8637,GameOpeningPart2,steps[4].responseOptions[0].text,"Wha, wait! Who are you!?",
dc4a129fdd13,other,sharedassets0.assets,8637,GameOpeningPart2,steps[6].responseOptions[1].text,Huh... Did you... I mean... Did we...?,
c66b9de00c6e,other,sharedassets0.assets,8637,GameOpeningPart2,steps[8].responseOptions[1].text,Question. What exactly is a love fairy?,
5eca4e010aad,other,sharedassets0.assets,8637,GameOpeningPart2,steps[8].responseOptions[2].text,Ohhh! Well why didn't you just say so?,
66ebe2f59859,other,sharedassets0.assets,8639,GameOpeningPart4,steps[15].responseOptions[0].text,Hell yeah! Let's do this shit!,
60d1d1461f48,other,sharedassets0.assets,8639,GameOpeningPart4,steps[19].responseOptions[0].text,University Campus,
442cdea7d112,other,sharedassets0.assets,8639,GameOpeningPart4,steps[19].responseOptions[1].text,Shopping Mall,
4ee0ad4a8f5b,other,sharedassets0.assets,8639,GameOpeningPart4,steps[19].responseOptions[2].text,Fitness Club,
45b690300842,other,sharedassets0.assets,8639,GameOpeningPart4,steps[19].responseOptions[3].text,Dawnwood Park,
05f1e616eb10,other,sharedassets0.assets,8639,GameOpeningPart4,steps[19].responseOptions[4].text,Nutmeg Cafe,
6d2555812d2b,other,sharedassets0.assets,8690,QuestionAiko1,steps[2].responseOptions[0].text,The chest... region.,
92c9553764dc,other,sharedassets0.assets,8690,QuestionAiko1,steps[2].responseOptions[1].text,The sexy brain.,
1f254f1201e9,other,sharedassets0.assets,8690,QuestionAiko1,steps[2].responseOptions[2].secondaryText,I'm a leg woman myself.,
ea587ebcf0c3,other,sharedassets0.assets,8690,QuestionAiko1,steps[2].responseOptions[2].text,I'm a leg man myself.,
8a2b4abe7f36,other,sharedassets0.assets,8691,QuestionAiko10,steps[2].responseOptions[2].text,I haven't... exactly... had sex.,
e8bf9641fd00,other,sharedassets0.assets,8692,QuestionAiko11,steps[2].responseOptions[1].text,"Several years, it was pretty serious.",
738c154e2dcc,other,sharedassets0.assets,8694,QuestionAiko13,steps[2].responseOptions[2].text,Short lived...,
1bbbb27ff1c5,other,sharedassets0.assets,8695,QuestionAiko14,steps[2].responseOptions[2].text,Lots of virtual sex with anime girls.,
88e67dbbae32,other,sharedassets0.assets,8696,QuestionAiko2,steps[2].responseOptions[0].text,"Underneath your desk, during class.",
18b8fd744b2e,other,sharedassets0.assets,8696,QuestionAiko2,steps[2].responseOptions[1].text,Probably like an airport bathroom.,
b89834e4f3eb,other,sharedassets0.assets,8697,QuestionAiko3,steps[2].responseOptions[0].text,Oh that's easy; crank one out.,
83836ba8f68d,other,sharedassets0.assets,8697,QuestionAiko3,steps[2].responseOptions[1].text,I try to find a new video game online.,
959fa850814d,other,sharedassets0.assets,8699,QuestionAiko5,steps[2].responseOptions[0].text,"Nah, that's all a bunch of noise to me.",
5633b78d84da,other,sharedassets0.assets,8699,QuestionAiko5,steps[2].responseOptions[2].text,Most of my views are pretty liberal.,
6e4753199a3c,other,sharedassets0.assets,8700,QuestionAiko6,steps[2].responseOptions[0].text,"Hearing a girl moan, hands down.",
278047a5fb95,other,sharedassets0.assets,8700,QuestionAiko6,steps[2].responseOptions[1].text,Girl's who play video games.,
3ab144bfb33a,other,sharedassets0.assets,8701,QuestionAiko7,steps[2].responseOptions[1].text,A tropical island or beach resort.,
3fe37bfb5c3c,other,sharedassets0.assets,8701,QuestionAiko7,steps[2].responseOptions[2].text,A cozy winter cottage or ski resort.,
2be58290afed,other,sharedassets0.assets,8702,QuestionAiko8,steps[2].responseOptions[1].text,"Baby, I only have eyes for you.",
d6ff1852e388,other,sharedassets0.assets,8703,QuestionAiko9,steps[2].responseOptions[1].text,"No, the past can stay in the past.",
3e30c1e35ecb,other,sharedassets0.assets,8704,QuestionAudrey1,steps[2].responseOptions[0].text,"You get fucked up on drugs, duh.",
7f37b059d3ae,other,sharedassets0.assets,8704,QuestionAudrey1,steps[2].responseOptions[1].text,Find a good book to read.,
55a00f9eed7b,other,sharedassets0.assets,8704,QuestionAudrey1,steps[2].responseOptions[2].text,It's a great opportunity to hit the gym.,
056fa5b1c11c,other,sharedassets0.assets,8705,QuestionAudrey10,steps[2].responseOptions[0].secondaryText,I'd break her fucking face.,
becfdf42d670,other,sharedassets0.assets,8705,QuestionAudrey10,steps[2].responseOptions[0].text,I'd break his fucking face.,
5683fb16e6a0,other,sharedassets0.assets,8705,QuestionAudrey10,steps[2].responseOptions[2].secondaryText,She can have you. Good riddance.,
3c71566f1e6e,other,sharedassets0.assets,8705,QuestionAudrey10,steps[2].responseOptions[2].text,He can have you. Good riddance.,
09f6970d961b,other,sharedassets0.assets,8706,QuestionAudrey11,steps[2].responseOptions[0].text,Hell no!,
87e5f0126564,other,sharedassets0.assets,8706,QuestionAudrey11,steps[2].responseOptions[2].text,Only when I'm looking for a booty call.,
837b840cc3f3,other,sharedassets0.assets,8707,QuestionAudrey12,steps[2].responseOptions[0].text,"Yeah, pubic hair is gross.",
07c903d3cb80,other,sharedassets0.assets,8707,QuestionAudrey12,steps[2].responseOptions[1].text,Honestly I prefer a little bit of hair.,
22e036aee134,other,sharedassets0.assets,8707,QuestionAudrey12,steps[2].responseOptions[2].text,I don't care. It's up to her.,
2de18c4d46fb,other,sharedassets0.assets,8708,QuestionAudrey13,steps[2].responseOptions[0].text,I like to get high every now and again.,
6c8b77ceb1a6,other,sharedassets0.assets,8708,QuestionAudrey13,steps[2].responseOptions[2].text,"Sorry, I don't mess around with drugs.",
b3c0f1daceb2,other,sharedassets0.assets,8709,QuestionAudrey14,steps[2].responseOptions[1].text,Of course not. It isn't right.,
dc150cc36c23,other,sharedassets0.assets,8709,QuestionAudrey14,steps[2].responseOptions[2].text,Only the hearts of beautiful women.,
a4c34ee5208c,other,sharedassets0.assets,8710,QuestionAudrey2,steps[2].responseOptions[0].text,I can't stand fake ass hoes.,
7416da938e86,other,sharedassets0.assets,8710,QuestionAudrey2,steps[2].responseOptions[2].text,I don't really hate anybody...,
20ace5fba687,other,sharedassets0.assets,8711,QuestionAudrey3,steps[2].responseOptions[0].text,I scream in their face about it.,
86af709468c0,other,sharedassets0.assets,8711,QuestionAudrey3,steps[2].responseOptions[1].text,I go home and beat up my pillows.,
47ac758ac277,other,sharedassets0.assets,8711,QuestionAudrey3,steps[2].responseOptions[2].text,I try to think happy thoughts.,
81d8a1f668e7,other,sharedassets0.assets,8712,QuestionAudrey4,steps[2].responseOptions[1].text,Flat chested girls make me sad.,
434f6bc46d82,other,sharedassets0.assets,8712,QuestionAudrey4,steps[2].responseOptions[2].text,"Chicks who smoke. Ughh, it's so gross.",
cf074ea81007,other,sharedassets0.assets,8713,QuestionAudrey5,steps[2].responseOptions[0].text,I like to give it from behind.,
d8e4901489dd,other,sharedassets0.assets,8713,QuestionAudrey5,steps[2].responseOptions[1].text,I'm a pretty big fan of oral.,
2320f67b1bd1,other,sharedassets0.assets,8713,QuestionAudrey5,steps[2].responseOptions[2].text,Good old fashion missionary position.,
bf6d8d5d466b,other,sharedassets0.assets,8714,QuestionAudrey6,steps[2].responseOptions[0].text,Pretty much everything.,
73c6a4646e25,other,sharedassets0.assets,8714,QuestionAudrey6,steps[2].responseOptions[1].text,Running out of things to say or do.,
3fe9442c46bc,other,sharedassets0.assets,8714,QuestionAudrey6,steps[2].responseOptions[2].text,Having to weed through all the bitches.,
7a680e43f821,other,sharedassets0.assets,8715,QuestionAudrey7,steps[2].responseOptions[2].text,It's been a while. What about you?,
d92cafe83e55,other,sharedassets0.assets,8716,QuestionAudrey8,steps[2].responseOptions[0].text,As many times as it takes.,
007281d0ac8c,other,sharedassets0.assets,8716,QuestionAudrey8,steps[2].responseOptions[1].text,Whenever I think of your face.,
978c420e8fa4,other,sharedassets0.assets,8716,QuestionAudrey8,steps[2].responseOptions[2].text,"That's gross, I don't do that.",
6a771978d69b,other,sharedassets0.assets,8717,QuestionAudrey9,steps[2].responseOptions[2].text,It's fine if you're smart...,
71c41639e9ec,other,sharedassets0.assets,8719,QuestionBeli10,steps[2].responseOptions[0].text,"Yes, I look right into her eyes.",
dc00f3135682,other,sharedassets0.assets,8719,QuestionBeli10,steps[2].responseOptions[1].text,"No, it's just too weird and awkward.",
fe35022f1f38,other,sharedassets0.assets,8720,QuestionBeli11,steps[2].responseOptions[0].text,"Honestly, I prefer the natural look.",
4725c07c9b7c,other,sharedassets0.assets,8720,QuestionBeli11,steps[2].responseOptions[1].text,Only if she'll let me do it.,
c67a73e39c40,other,sharedassets0.assets,8722,QuestionBeli13,steps[2].responseOptions[0].text,I'm happy just to be alive at all.,
11434d9791bc,other,sharedassets0.assets,8724,QuestionBeli2,steps[2].responseOptions[2].text,"Eh, what are you gonna do, you know?",
b85323609c1e,other,sharedassets0.assets,8726,QuestionBeli4,steps[2].responseOptions[2].text,My devilishly handsome good looks.,
c97763e634c4,other,sharedassets0.assets,8728,QuestionBeli6,steps[2].responseOptions[0].text,What's not to be happy with?,
7309a1b0c4aa,other,sharedassets0.assets,8728,QuestionBeli6,steps[2].responseOptions[2].text,I could stand to lose a few pounds.,
67467d33200a,other,sharedassets0.assets,8730,QuestionBeli8,steps[2].responseOptions[2].text,Nothing! You're perfect the way you are.,
88a115c2a53a,other,sharedassets0.assets,8732,QuestionCeleste1,steps[2].responseOptions[0].text,Andromeda Galaxy,
e0cad50e4df8,other,sharedassets0.assets,8732,QuestionCeleste1,steps[2].responseOptions[1].text,Triangulum Galaxy,
24d950b528ab,other,sharedassets0.assets,8732,QuestionCeleste1,steps[2].responseOptions[2].text,Cassiopeia Galaxy,
d9ee331133d8,other,sharedassets0.assets,8733,QuestionCeleste10,steps[2].responseOptions[0].text,"4,500,000,000 years",
bec5bb614094,other,sharedassets0.assets,8733,QuestionCeleste10,steps[2].responseOptions[1].text,"1,200,000 years",
93faa2ee6650,other,sharedassets0.assets,8733,QuestionCeleste10,steps[2].responseOptions[2].text,"6,000 years",
f26c34876652,other,sharedassets0.assets,8734,QuestionCeleste11,steps[2].responseOptions[0].text,Hydrogen,
54944ed24708,other,sharedassets0.assets,8734,QuestionCeleste11,steps[2].responseOptions[1].text,Helium,
e8d84b52ad6e,other,sharedassets0.assets,8734,QuestionCeleste11,steps[2].responseOptions[2].text,Carbon,
541c16adccf6,other,sharedassets0.assets,8735,QuestionCeleste12,steps[2].responseOptions[0].text,Jupiter,
c0a7c1055493,other,sharedassets0.assets,8735,QuestionCeleste12,steps[2].responseOptions[1].text,Saturn,
42977ec91ea1,other,sharedassets0.assets,8735,QuestionCeleste12,steps[2].responseOptions[2].text,Uranus,
81a08e8edd55,other,sharedassets0.assets,8736,QuestionCeleste13,steps[2].responseOptions[0].text,Earth,
b93f23820712,other,sharedassets0.assets,8736,QuestionCeleste13,steps[2].responseOptions[1].text,Neptune,
cc2bc7709009,other,sharedassets0.assets,8736,QuestionCeleste13,steps[2].responseOptions[2].text,Jupiter,
cc5feced2fdb,other,sharedassets0.assets,8737,QuestionCeleste14,steps[2].responseOptions[0].text,An exploding star.,
7c414e453ff1,other,sharedassets0.assets,8737,QuestionCeleste14,steps[2].responseOptions[1].text,A collapsing black hole.,
ee349c4be821,other,sharedassets0.assets,8737,QuestionCeleste14,steps[2].responseOptions[2].text,A collision between two asteroids.,
0b2d1d3edb4c,other,sharedassets0.assets,8738,QuestionCeleste2,steps[2].responseOptions[0].text,Mercury,
1059fddbb77c,other,sharedassets0.assets,8738,QuestionCeleste2,steps[2].responseOptions[1].text,Mars,
9c8f4450b589,other,sharedassets0.assets,8738,QuestionCeleste2,steps[2].responseOptions[2].text,Venus,
c4d6bc6bee30,other,sharedassets0.assets,8739,QuestionCeleste3,steps[2].responseOptions[0].text,Big Bang,
ef0f632fdb9e,other,sharedassets0.assets,8739,QuestionCeleste3,steps[2].responseOptions[1].text,Supernova,
831a3cf968ab,other,sharedassets0.assets,8739,QuestionCeleste3,steps[2].responseOptions[2].text,Blackhole,
c5b11e7a4e2f,other,sharedassets0.assets,8740,QuestionCeleste4,steps[2].responseOptions[0].text,6 Trillion,
a0fe017db695,other,sharedassets0.assets,8740,QuestionCeleste4,steps[2].responseOptions[1].text,6 Billion,
40c01b041332,other,sharedassets0.assets,8740,QuestionCeleste4,steps[2].responseOptions[2].text,6 Million,
1e657e56ded5,other,sharedassets0.assets,8741,QuestionCeleste5,steps[2].responseOptions[0].text,Yellow Dwarf,
636998d30da9,other,sharedassets0.assets,8741,QuestionCeleste5,steps[2].responseOptions[1].text,Blue Giant,
172c169e7da9,other,sharedassets0.assets,8741,QuestionCeleste5,steps[2].responseOptions[2].text,Red Supergiant,
e1cda9ad45bf,other,sharedassets0.assets,8742,QuestionCeleste6,steps[2].responseOptions[0].text,Comet,
ed3077b96aca,other,sharedassets0.assets,8742,QuestionCeleste6,steps[2].responseOptions[1].text,Asteroid,
befe4d01d9b8,other,sharedassets0.assets,8742,QuestionCeleste6,steps[2].responseOptions[2].text,Meteor,
e902e075beec,other,sharedassets0.assets,8744,QuestionCeleste8,steps[2].responseOptions[0].text,Titan,
e350dd370b11,other,sharedassets0.assets,8744,QuestionCeleste8,steps[2].responseOptions[1].text,Enceladus,
d0b6c7dd3876,other,sharedassets0.assets,8744,QuestionCeleste8,steps[2].responseOptions[2].text,Rhea,
2751df33dc9a,other,sharedassets0.assets,8745,QuestionCeleste9,steps[2].responseOptions[0].text,"238,900 miles",
edae5aa8f729,other,sharedassets0.assets,8745,QuestionCeleste9,steps[2].responseOptions[1].text,"1,640,210 miles",
d5303f288e53,other,sharedassets0.assets,8745,QuestionCeleste9,steps[2].responseOptions[2].text,"701,450 miles",
95901a4812e6,other,sharedassets0.assets,8748,QuestionJessie11,steps[2].responseOptions[2].text,I think I'd be pretty upset about it.,
dc6a7da9516c,other,sharedassets0.assets,8749,QuestionJessie12,steps[2].responseOptions[2].text,Not a chance. I wouldn't dream of it.,
20edcb186c32,other,sharedassets0.assets,8753,QuestionJessie3,steps[2].responseOptions[1].secondaryText,No more than your average girl.,
02c0ed2d52d0,other,sharedassets0.assets,8753,QuestionJessie3,steps[2].responseOptions[1].text,No more than your average guy.,
e6e246060cb8,other,sharedassets0.assets,8754,QuestionJessie4,steps[2].responseOptions[0].text,"Well, as long as nobody gets hurt...",
e66dd3f482c8,other,sharedassets0.assets,8755,QuestionJessie5,steps[2].responseOptions[0].text,I'm a pretty big fan of oral.,
ed12b807f27f,other,sharedassets0.assets,8755,QuestionJessie5,steps[2].responseOptions[1].text,I like to give it from behind.,
e5da7293c3cb,other,sharedassets0.assets,8755,QuestionJessie5,steps[2].responseOptions[2].text,Good old fashion missionary position.,
b9eb2ad70147,other,sharedassets0.assets,8756,QuestionJessie6,steps[2].responseOptions[0].text,My lips are sealed.,
eba2cdb84e23,other,sharedassets0.assets,8756,QuestionJessie6,steps[2].responseOptions[1].text,None that I can think of at the moment.,
4a96bb2a57c6,other,sharedassets0.assets,8756,QuestionJessie6,steps[2].responseOptions[2].text,I would never hide anything from you.,
1e18e2792621,other,sharedassets0.assets,8757,QuestionJessie7,steps[2].responseOptions[0].text,Of course not. The past is in the past.,
ea4689c5ebdb,other,sharedassets0.assets,8757,QuestionJessie7,steps[2].responseOptions[1].text,"You have to, people never change.",
f0b415f5ab6a,other,sharedassets0.assets,8760,QuestionKyanna1,steps[2].responseOptions[2].text,The crazy psycho bitch cheated on me!,
d758364b4c3c,other,sharedassets0.assets,8761,QuestionKyanna10,steps[2].responseOptions[0].text,"Nope, a lie is a lie.",
a197c4158b90,other,sharedassets0.assets,8761,QuestionKyanna10,steps[2].responseOptions[1].text,"Sure, as long as nobody is getting hurt.",
6020886b00bb,other,sharedassets0.assets,8761,QuestionKyanna10,steps[2].responseOptions[2].text,"I'd say no, but that would be a lie.",
e56e7970cc98,other,sharedassets0.assets,8762,QuestionKyanna11,steps[2].responseOptions[0].text,Yeah! I hardly ever miss a day.,
d0170d8ca859,other,sharedassets0.assets,8765,QuestionKyanna14,steps[2].responseOptions[2].text,Always wear a condom.,
cbaa82bb06a5,other,sharedassets0.assets,8768,QuestionKyanna4,steps[2].responseOptions[1].text,All hipsters should be exterminated.,
d7d31a56264a,other,sharedassets0.assets,8770,QuestionKyanna6,steps[2].responseOptions[1].text,I'm usually up all hours of the night.,
5e850841db23,other,sharedassets0.assets,8772,QuestionKyanna8,steps[2].responseOptions[1].text,Keep those little monsters away from me.,
fcd1240465a6,other,sharedassets0.assets,8773,QuestionKyanna9,steps[2].responseOptions[2].text,No fat chicks.,
e12ae93ba299,other,sharedassets0.assets,8774,QuestionKyu1,steps[2].responseOptions[0].text,Bar & Lounge,
ea795c4c3081,other,sharedassets0.assets,8774,QuestionKyu1,steps[2].responseOptions[1].text,Lusties Nightclub,
36f0a2dec35f,other,sharedassets0.assets,8774,QuestionKyu1,steps[2].responseOptions[2].text,My Bedroom,
86f85e3057e2,other,sharedassets0.assets,8780,QuestionKyu2,steps[2].responseOptions[0].text,Brunette,
b071e2bda9e4,other,sharedassets0.assets,8780,QuestionKyu2,steps[2].responseOptions[1].text,Blonde,
554598842a6e,other,sharedassets0.assets,8780,QuestionKyu2,steps[2].responseOptions[2].text,Black,
277477b45c65,other,sharedassets0.assets,8781,QuestionKyu3,steps[2].responseOptions[0].text,Red,
71fa87ca9ab7,other,sharedassets0.assets,8781,QuestionKyu3,steps[2].responseOptions[1].text,Black,
cf303021953a,other,sharedassets0.assets,8781,QuestionKyu3,steps[2].responseOptions[2].text,Pink,
1fceb4dcdaac,other,sharedassets0.assets,8782,QuestionKyu4,steps[2].responseOptions[0].text,Sunday,
a995b41b3a52,other,sharedassets0.assets,8782,QuestionKyu4,steps[2].responseOptions[1].text,Saturday,
114cff479f61,other,sharedassets0.assets,8782,QuestionKyu4,steps[2].responseOptions[2].text,Friday,
289da65ea3d8,other,sharedassets0.assets,8783,QuestionKyu5,steps[2].responseOptions[0].text,Outdoor Lounge,
9ae2b7d6066a,other,sharedassets0.assets,8783,QuestionKyu5,steps[2].responseOptions[1].text,Vinnie's Restaurant,
6311b0c87ad4,other,sharedassets0.assets,8783,QuestionKyu5,steps[2].responseOptions[2].text,Scenic Overlook,
6e5cb8020e3b,other,sharedassets0.assets,8784,QuestionKyu6,steps[2].responseOptions[0].text,Romance Tokens,
95ba40da6a9b,other,sharedassets0.assets,8784,QuestionKyu6,steps[2].responseOptions[1].text,Flirtation Tokens,
c0500efba9b5,other,sharedassets0.assets,8784,QuestionKyu6,steps[2].responseOptions[2].text,Sexuality Tokens,
c0fd5b3ce43d,other,sharedassets0.assets,8788,QuestionLola1,steps[2].responseOptions[2].text,Exquisite oral sex abilities.,
371d854c2ed3,other,sharedassets0.assets,8790,QuestionLola11,steps[2].responseOptions[0].text,"Several years, it was pretty serious.",
82d7cc7e5485,other,sharedassets0.assets,8792,QuestionLola13,steps[2].responseOptions[2].text,Who knows? Life is a mystery.,
8b02aa434260,other,sharedassets0.assets,8793,QuestionLola14,steps[2].responseOptions[2].text,What's on the menu for breakfast!,
18c2e2d5b7cd,other,sharedassets0.assets,8796,QuestionLola4,steps[2].responseOptions[0].text,The goals that I haven't achieved yet.,
b122c2fdb6be,other,sharedassets0.assets,8802,QuestionMomo1,steps[2].responseOptions[0].text,Dogs have more teeth.,
8d72c202e657,other,sharedassets0.assets,8802,QuestionMomo1,steps[2].responseOptions[1].text,Cats have more teeth.,
7fbc1394328e,other,sharedassets0.assets,8802,QuestionMomo1,steps[2].responseOptions[2].text,They have the same number of teeth.,
7049268e6864,other,sharedassets0.assets,8803,QuestionMomo10,steps[2].responseOptions[0].text,2 Months,
195afa144468,other,sharedassets0.assets,8803,QuestionMomo10,steps[2].responseOptions[1].text,4 Months,
be9ed39674f1,other,sharedassets0.assets,8803,QuestionMomo10,steps[2].responseOptions[2].text,8 Months,
570018bf8c64,other,sharedassets0.assets,8804,QuestionMomo11,steps[2].responseOptions[0].text,She's scared.,
d8953630726d,other,sharedassets0.assets,8804,QuestionMomo11,steps[2].responseOptions[1].text,She's angry.,
a9e76f733698,other,sharedassets0.assets,8804,QuestionMomo11,steps[2].responseOptions[2].text,She's hungry.,
8d7d8c2f07b2,other,sharedassets0.assets,8806,QuestionMomo13,steps[2].responseOptions[0].text,Molly,
700725ba2268,other,sharedassets0.assets,8806,QuestionMomo13,steps[2].responseOptions[1].text,Susie,
411d90f786ae,other,sharedassets0.assets,8806,QuestionMomo13,steps[2].responseOptions[2].text,Abbie,
d3854aa2e7e1,other,sharedassets0.assets,8807,QuestionMomo14,steps[2].responseOptions[0].text,The cat is no longer domesticated.,
82a2589b6d9b,other,sharedassets0.assets,8807,QuestionMomo14,steps[2].responseOptions[1].text,The cat can no longer produce offspring.,
4ecc09a2d2f4,other,sharedassets0.assets,8807,QuestionMomo14,steps[2].responseOptions[2].text,The cat still has all of it's claws.,
417b1f49dcbb,other,sharedassets0.assets,8808,QuestionMomo2,steps[2].responseOptions[0].text,14-16 years,
e5d4bff7f280,other,sharedassets0.assets,8808,QuestionMomo2,steps[2].responseOptions[1].text,20-22 years,
68fb7ae9df9f,other,sharedassets0.assets,8808,QuestionMomo2,steps[2].responseOptions[2].text,8-10 years,
30c7f8dc2fb8,other,sharedassets0.assets,8809,QuestionMomo3,steps[2].responseOptions[0].text,Clowder,
3eec69c6505b,other,sharedassets0.assets,8809,QuestionMomo3,steps[2].responseOptions[1].text,Streak,
44be9c8f7386,other,sharedassets0.assets,8809,QuestionMomo3,steps[2].responseOptions[2].text,Pack,
810ff8601a3a,other,sharedassets0.assets,8810,QuestionMomo4,steps[2].responseOptions[0].text,Felis Catus,
dd1d76f29e16,other,sharedassets0.assets,8810,QuestionMomo4,steps[2].responseOptions[1].text,Domesticus Felonious,
b7e12db0d058,other,sharedassets0.assets,8810,QuestionMomo4,steps[2].responseOptions[2].text,Panthera pardus,
f51924e4b355,other,sharedassets0.assets,8811,QuestionMomo5,steps[2].responseOptions[0].text,Making purr-like vocal noises.,
52585c9fa176,other,sharedassets0.assets,8811,QuestionMomo5,steps[2].responseOptions[1].text,Rapidly vibrating it's tail.,
33ba411c0a08,other,sharedassets0.assets,8811,QuestionMomo5,steps[2].responseOptions[2].text,Tearing up the carpet with it's claws.,
12bfa9ad7afa,other,sharedassets0.assets,8812,QuestionMomo6,steps[2].responseOptions[0].text,Kindle,
631019ae9390,other,sharedassets0.assets,8812,QuestionMomo6,steps[2].responseOptions[1].text,Kennel,
3d20827f7fdd,other,sharedassets0.assets,8812,QuestionMomo6,steps[2].responseOptions[2].text,Kackle,
309cd471643f,other,sharedassets0.assets,8813,QuestionMomo7,steps[2].responseOptions[0].text,Tabby,
086edbcf29a6,other,sharedassets0.assets,8813,QuestionMomo7,steps[2].responseOptions[1].text,Bengal,
451524d34234,other,sharedassets0.assets,8813,QuestionMomo7,steps[2].responseOptions[2].text,Manx,
ee76312ba66e,other,sharedassets0.assets,8814,QuestionMomo8,steps[2].responseOptions[0].text,14-16 hours,
5cea00dbc54a,other,sharedassets0.assets,8814,QuestionMomo8,steps[2].responseOptions[1].text,10-12 hours,
744c1a090d0c,other,sharedassets0.assets,8814,QuestionMomo8,steps[2].responseOptions[2].text,6-8 hours,
63eb9f5ef126,other,sharedassets0.assets,8815,QuestionMomo9,steps[2].responseOptions[0].text,Sweet,
a5fa4aade695,other,sharedassets0.assets,8815,QuestionMomo9,steps[2].responseOptions[1].text,Sour,
063eb37646b5,other,sharedassets0.assets,8815,QuestionMomo9,steps[2].responseOptions[2].text,Bitter,
55b3236f70c2,other,sharedassets0.assets,8819,QuestionNikki12,steps[2].responseOptions[1].text,I just really liked your blue hair.,
35425d458de3,other,sharedassets0.assets,8825,QuestionNikki5,steps[2].responseOptions[2].text,I have no idea what those words mean.,
c0683396405b,other,sharedassets0.assets,8827,QuestionNikki7,steps[2].responseOptions[0].text,I've never had any kind of relationship.,
2d2f15cc8831,other,sharedassets0.assets,8827,QuestionNikki7,steps[2].responseOptions[1].text,"No, mostly just messed around and stuff.",
030c5e0c4012,other,sharedassets0.assets,8830,QuestionTiffany1,steps[2].responseOptions[2].text,I don't know. How ugly we talking?,
cd848dc69f7f,other,sharedassets0.assets,8832,QuestionTiffany11,steps[2].responseOptions[0].text,Nope! Not yet anyway.,
1bdd114999e3,other,sharedassets0.assets,8833,QuestionTiffany12,steps[2].responseOptions[0].text,Yeah I keep in touch with some of them.,
6c49cafac776,other,sharedassets0.assets,8833,QuestionTiffany12,steps[2].responseOptions[1].text,God no. Those sluts can get bent.,
b3354531e7a8,other,sharedassets0.assets,8834,QuestionTiffany13,steps[2].responseOptions[0].text,I can't stand smoke. It's disgusting.,
375e023de5b4,other,sharedassets0.assets,8835,QuestionTiffany14,steps[2].responseOptions[1].text,I've never touched the stuff.,
6a06121f9cd3,other,sharedassets0.assets,8837,QuestionTiffany3,steps[2].responseOptions[2].secondaryText,Really close; I'm a total momma's girl.,
68eebb52239c,other,sharedassets0.assets,8837,QuestionTiffany3,steps[2].responseOptions[2].text,Really close; I'm a total momma's boy.,
e6a471d8d150,other,sharedassets0.assets,8839,QuestionTiffany5,steps[2].responseOptions[1].text,I wasted my first kiss on my cousin...,
b0480767eb72,other,sharedassets0.assets,8840,QuestionTiffany6,steps[2].responseOptions[0].text,I'll believe it when I see it.,
dcb4fdcb9295,other,sharedassets0.assets,8841,QuestionTiffany7,steps[2].responseOptions[0].text,"Yeah, but only like seven other chicks.",
3534f99e0344,other,sharedassets0.assets,8841,QuestionTiffany7,steps[2].responseOptions[1].text,Uhhhhhh...,
7ed984e8dd5f,other,sharedassets0.assets,8841,QuestionTiffany7,steps[2].responseOptions[2].text,"Define ""dating""...",
178d838f2e50,other,sharedassets0.assets,8842,QuestionTiffany8,steps[2].responseOptions[0].text,It's not really my thing.,
ace4d311a55a,other,sharedassets0.assets,8842,QuestionTiffany8,steps[2].responseOptions[2].text,The more the merrier.,
6609f1eb5a4a,other,sharedassets0.assets,8843,QuestionTiffany9,steps[2].responseOptions[0].text,I lost count around forty.,
1f7b87fe54d0,other,sharedassets0.assets,8843,QuestionTiffany9,steps[2].responseOptions[1].text,"You know... I mean, a couple.",
0a8abd59017d,other,sharedassets0.assets,8844,QuestionVenus1,steps[2].responseOptions[0].text,Nikki,
497756dda6e5,other,sharedassets0.assets,8844,QuestionVenus1,steps[2].responseOptions[1].text,Tiffany,
ea2cc32560a5,other,sharedassets0.assets,8844,QuestionVenus1,steps[2].responseOptions[2].text,Audrey,
11c8ee051c97,other,sharedassets0.assets,8845,QuestionVenus10,steps[2].responseOptions[0].text,Kyanna,
b0ab1d5bc245,other,sharedassets0.assets,8845,QuestionVenus10,steps[2].responseOptions[1].text,Audrey,
3f0e0baebcdc,other,sharedassets0.assets,8845,QuestionVenus10,steps[2].responseOptions[2].text,Jessie,
064b1a3b7b1b,other,sharedassets0.assets,8846,QuestionVenus11,steps[2].responseOptions[0].text,Three,
3d00289a1956,other,sharedassets0.assets,8846,QuestionVenus11,steps[2].responseOptions[1].text,Two,
521e3f2401e7,other,sharedassets0.assets,8846,QuestionVenus11,steps[2].responseOptions[2].text,Four,
9c16bf780fbb,other,sharedassets0.assets,8847,QuestionVenus12,steps[2].responseOptions[0].text,Kyanna,
b39491e73983,other,sharedassets0.assets,8847,QuestionVenus12,steps[2].responseOptions[1].text,Jessie,
b01d8c888f63,other,sharedassets0.assets,8847,QuestionVenus12,steps[2].responseOptions[2].text,Audrey,
b8f04ea73ccc,other,sharedassets0.assets,8848,QuestionVenus13,steps[2].responseOptions[0].text,Audrey,
35a770c28469,other,sharedassets0.assets,8848,QuestionVenus13,steps[2].responseOptions[1].text,Nikki,
49735cd97715,other,sharedassets0.assets,8848,QuestionVenus13,steps[2].responseOptions[2].text,Beli,
6203ec15fa77,other,sharedassets0.assets,8849,QuestionVenus14,steps[2].responseOptions[0].text,Aiko,
ab6d6da1f858,other,sharedassets0.assets,8849,QuestionVenus14,steps[2].responseOptions[1].text,Kyanna,
d56271b2d904,other,sharedassets0.assets,8849,QuestionVenus14,steps[2].responseOptions[2].text,Audrey,
59dbecef7141,other,sharedassets0.assets,8850,QuestionVenus2,steps[2].responseOptions[0].text,Beli,
c89a889d9b56,other,sharedassets0.assets,8850,QuestionVenus2,steps[2].responseOptions[1].text,Jessie,
fc020ac6c3f7,other,sharedassets0.assets,8850,QuestionVenus2,steps[2].responseOptions[2].text,Lola,
b9a27d413a36,other,sharedassets0.assets,8851,QuestionVenus3,steps[2].responseOptions[0].text,Audrey,
32fea71c1f41,other,sharedassets0.assets,8851,QuestionVenus3,steps[2].responseOptions[1].text,Nikki,
c30e46597635,other,sharedassets0.assets,8851,QuestionVenus3,steps[2].responseOptions[2].text,Aiko,
40aea25adf7f,other,sharedassets0.assets,8852,QuestionVenus4,steps[2].responseOptions[0].text,Kyanna,
1b69e4e107e2,other,sharedassets0.assets,8852,QuestionVenus4,steps[2].responseOptions[1].text,Aiko,
0f95a8d49c17,other,sharedassets0.assets,8852,QuestionVenus4,steps[2].responseOptions[2].text,Lola,
76c1c9d5e81b,other,sharedassets0.assets,8853,QuestionVenus5,steps[2].responseOptions[0].text,Tiffany,
4ba0f5ec602b,other,sharedassets0.assets,8853,QuestionVenus5,steps[2].responseOptions[1].text,Jessie,
b31becac805f,other,sharedassets0.assets,8853,QuestionVenus5,steps[2].responseOptions[2].text,Beli,
ad57dac954c5,other,sharedassets0.assets,8854,QuestionVenus6,steps[2].responseOptions[0].text,Kyanna,
ebeb4f352db4,other,sharedassets0.assets,8854,QuestionVenus6,steps[2].responseOptions[1].text,Beli,
5462d18f4384,other,sharedassets0.assets,8854,QuestionVenus6,steps[2].responseOptions[2].text,Audrey,
6e1e315c43ae,other,sharedassets0.assets,8855,QuestionVenus7,steps[2].responseOptions[0].text,Aiko and Lola,
68a47e900037,other,sharedassets0.assets,8855,QuestionVenus7,steps[2].responseOptions[1].text,Jessie and Beli,
4b7273fe7598,other,sharedassets0.assets,8855,QuestionVenus7,steps[2].responseOptions[2].text,Audrey and Tiffany,
0b8f3e201e66,other,sharedassets0.assets,8856,QuestionVenus8,steps[2].responseOptions[0].text,Tiffany,
12a0d0a5c12d,other,sharedassets0.assets,8856,QuestionVenus8,steps[2].responseOptions[1].text,Nikki,
fd865122320d,other,sharedassets0.assets,8856,QuestionVenus8,steps[2].responseOptions[2].text,Aiko,
82efafb06d59,other,sharedassets0.assets,8857,QuestionVenus9,steps[2].responseOptions[0].text,Lola,
8934c4ca97d5,other,sharedassets0.assets,8857,QuestionVenus9,steps[2].responseOptions[1].text,Jessie,
8406a78a6d44,other,sharedassets0.assets,8857,QuestionVenus9,steps[2].responseOptions[2].text,Aiko,
503115bdd1e8,other,sharedassets0.assets,8858,QuizAiko1,steps[2].responseOptions[0].text,Yumi,
93c552810eb2,other,sharedassets0.assets,8858,QuizAiko1,steps[2].responseOptions[1].text,Sano,
367a81a3958f,other,sharedassets0.assets,8858,QuizAiko1,steps[2].responseOptions[2].text,Hara,
97a68dbc4169,other,sharedassets0.assets,8859,QuizAiko10,steps[2].responseOptions[0].text,Mint Green,
15090fa6d85a,other,sharedassets0.assets,8859,QuizAiko10,steps[2].responseOptions[1].text,Sherbet Orange,
d6d026c801fb,other,sharedassets0.assets,8859,QuizAiko10,steps[2].responseOptions[2].text,Pearl White,
bb5f22d676f8,other,sharedassets0.assets,8860,QuizAiko11,steps[2].responseOptions[0].text,Autumn,
3b571433be6d,other,sharedassets0.assets,8860,QuizAiko11,steps[2].responseOptions[1].text,Winter,
dee885cbbaac,other,sharedassets0.assets,8860,QuizAiko11,steps[2].responseOptions[2].text,Spring,
ee9a1207528f,other,sharedassets0.assets,8861,QuizAiko12,steps[2].responseOptions[0].text,Gold Falls Casino,
5bada29eef8f,other,sharedassets0.assets,8861,QuizAiko12,steps[2].responseOptions[1].text,Dawnwood Park,
c3c7266135b7,other,sharedassets0.assets,8861,QuizAiko12,steps[2].responseOptions[2].text,Bar & Lounge,
9b8bd3d2aa77,other,sharedassets0.assets,8862,QuizAiko2,steps[2].responseOptions[0].text,28 Years Old,
5fe489ddba7c,other,sharedassets0.assets,8862,QuizAiko2,steps[2].responseOptions[1].text,25 Years Old,
ece2d0c421b5,other,sharedassets0.assets,8862,QuizAiko2,steps[2].responseOptions[2].text,32 Years Old,
d1c91c0b898c,other,sharedassets0.assets,8863,QuizAiko3,steps[2].responseOptions[0].text,You've graduated with a six year degree.,
762121829d65,other,sharedassets0.assets,8863,QuizAiko3,steps[2].responseOptions[2].text,You've graduated with a two year degree.,
53b885fe5c79,other,sharedassets0.assets,8864,QuizAiko4,steps[2].responseOptions[0].text,5 Feet 4 Inches,
c2227a9cb3b7,other,sharedassets0.assets,8864,QuizAiko4,steps[2].responseOptions[1].text,5 Feet 6 Inches,
d81eb9299cf5,other,sharedassets0.assets,8864,QuizAiko4,steps[2].responseOptions[2].text,5 Feet 2 Inches,
3f7234601e4c,other,sharedassets0.assets,8865,QuizAiko5,steps[2].responseOptions[0].text,109 lbs,
00b3ecf07e33,other,sharedassets0.assets,8865,QuizAiko5,steps[2].responseOptions[1].text,112 lbs,
d29e6c5dc7e5,other,sharedassets0.assets,8865,QuizAiko5,steps[2].responseOptions[2].text,116 lbs,
2bc8ff567130,other,sharedassets0.assets,8866,QuizAiko6,steps[2].responseOptions[0].text,You're a university professor.,
96d144427f65,other,sharedassets0.assets,8866,QuizAiko6,steps[2].responseOptions[1].text,You're an adult actress.,
ea2a510a52d2,other,sharedassets0.assets,8866,QuizAiko6,steps[2].responseOptions[2].text,You're a yoga instructor.,
f093598c4b0a,other,sharedassets0.assets,8867,QuizAiko7,steps[2].responseOptions[0].text,D Cup,
7ea5b6cf9560,other,sharedassets0.assets,8867,QuizAiko7,steps[2].responseOptions[1].text,C Cup,
0277c2c70be5,other,sharedassets0.assets,8867,QuizAiko7,steps[2].responseOptions[2].text,DD Cup,
68d5f9dc7144,other,sharedassets0.assets,8868,QuizAiko8,steps[2].responseOptions[0].text,November 9th,
f4be3c8de283,other,sharedassets0.assets,8868,QuizAiko8,steps[2].responseOptions[1].text,March 16th,
47505d033154,other,sharedassets0.assets,8868,QuizAiko8,steps[2].responseOptions[2].text,February 23rd,
612749636245,other,sharedassets0.assets,8869,QuizAiko9,steps[2].responseOptions[0].text,Gambling,
a3675db3f186,other,sharedassets0.assets,8869,QuizAiko9,steps[2].responseOptions[1].text,Sleeping,
f0368dd26ca8,other,sharedassets0.assets,8869,QuizAiko9,steps[2].responseOptions[2].text,Watching Porn,
fdd4c43b2345,other,sharedassets0.assets,8870,QuizAudrey1,steps[2].responseOptions[0].text,Belrose,
48227b4f7a9e,other,sharedassets0.assets,8870,QuizAudrey1,steps[2].responseOptions[1].text,Woodbury,
9d349be35ca3,other,sharedassets0.assets,8870,QuizAudrey1,steps[2].responseOptions[2].text,Richmond,
bc8bf9ae2d7d,other,sharedassets0.assets,8871,QuizAudrey10,steps[2].responseOptions[0].text,Velvet Red,
4209042326bc,other,sharedassets0.assets,8871,QuizAudrey10,steps[2].responseOptions[1].text,Baby Blue,
5556e2645160,other,sharedassets0.assets,8871,QuizAudrey10,steps[2].responseOptions[2].text,Mint Green,
0d77386fc837,other,sharedassets0.assets,8872,QuizAudrey11,steps[2].responseOptions[0].text,Spring,
c5476e8bb129,other,sharedassets0.assets,8872,QuizAudrey11,steps[2].responseOptions[1].text,Summer,
a5c06d622f6c,other,sharedassets0.assets,8872,QuizAudrey11,steps[2].responseOptions[2].text,Autumn,
12953c3f946b,other,sharedassets0.assets,8873,QuizAudrey12,steps[2].responseOptions[0].text,Lusties Nightclub,
859f4c3b7358,other,sharedassets0.assets,8873,QuizAudrey12,steps[2].responseOptions[1].text,University Campus,
ce217ba1cc0a,other,sharedassets0.assets,8873,QuizAudrey12,steps[2].responseOptions[2].text,Shopping Mall,
fa1ce8365567,other,sharedassets0.assets,8874,QuizAudrey2,steps[2].responseOptions[0].text,21 Years Old,
3a1fdda83d7b,other,sharedassets0.assets,8874,QuizAudrey2,steps[2].responseOptions[1].text,23 Years Old,
9fca0e5e69e6,other,sharedassets0.assets,8874,QuizAudrey2,steps[2].responseOptions[2].text,24 Years Old,
c5b01ad9a456,other,sharedassets0.assets,8875,QuizAudrey3,steps[2].responseOptions[0].text,You're currently enrolled in college.,
aff8a8a22159,other,sharedassets0.assets,8875,QuizAudrey3,steps[2].responseOptions[1].text,You've dropped out of high school.,
1ff9b5968f04,other,sharedassets0.assets,8875,QuizAudrey3,steps[2].responseOptions[2].text,You've only finished high school.,
b02e23c41794,other,sharedassets0.assets,8876,QuizAudrey4,steps[2].responseOptions[0].text,5 Feet 2 Inches,
621066d5a90d,other,sharedassets0.assets,8876,QuizAudrey4,steps[2].responseOptions[1].text,5 Feet 0 Inches,
549d160281f2,other,sharedassets0.assets,8876,QuizAudrey4,steps[2].responseOptions[2].text,5 Feet 4 Inches,
9f2e5e01a824,other,sharedassets0.assets,8877,QuizAudrey5,steps[2].responseOptions[0].text,102 lbs,
52fd38d9f7ba,other,sharedassets0.assets,8877,QuizAudrey5,steps[2].responseOptions[1].text,104 lbs,
3ae1fe1a8762,other,sharedassets0.assets,8877,QuizAudrey5,steps[2].responseOptions[2].text,109 lbs,
f5e7fe9b59b4,other,sharedassets0.assets,8878,QuizAudrey6,steps[2].responseOptions[0].text,You're a university student.,
330c0eca4665,other,sharedassets0.assets,8878,QuizAudrey6,steps[2].responseOptions[1].text,You're an adult actress.,
3edab6b3160f,other,sharedassets0.assets,8878,QuizAudrey6,steps[2].responseOptions[2].text,You're a salon hairdresser.,
8ae0948a9725,other,sharedassets0.assets,8879,QuizAudrey7,steps[2].responseOptions[0].text,B Cup,
4a92300dec13,other,sharedassets0.assets,8879,QuizAudrey7,steps[2].responseOptions[1].text,A Cup,
148485fdcb40,other,sharedassets0.assets,8879,QuizAudrey7,steps[2].responseOptions[2].text,C Cup,
64c368695a16,other,sharedassets0.assets,8880,QuizAudrey8,steps[2].responseOptions[0].text,April 6th,
d9c3edd189d8,other,sharedassets0.assets,8880,QuizAudrey8,steps[2].responseOptions[1].text,June 25th,
490f41a4ffb4,other,sharedassets0.assets,8880,QuizAudrey8,steps[2].responseOptions[2].text,November 9th,
29eb284748b6,other,sharedassets0.assets,8881,QuizAudrey9,steps[2].responseOptions[0].text,Shopping,
00c86815af31,other,sharedassets0.assets,8881,QuizAudrey9,steps[2].responseOptions[1].text,Drinking,
1de828179021,other,sharedassets0.assets,8881,QuizAudrey9,steps[2].responseOptions[2].text,Lounging Around,
cabb15352793,other,sharedassets0.assets,8882,QuizBeli1,steps[2].responseOptions[0].text,Lapran,
51e5abfd0d31,other,sharedassets0.assets,8882,QuizBeli1,steps[2].responseOptions[1].text,Patel,
11c12723fc16,other,sharedassets0.assets,8882,QuizBeli1,steps[2].responseOptions[2].text,Mistry,
6847a781eaad,other,sharedassets0.assets,8883,QuizBeli10,steps[2].responseOptions[0].text,Lilac Purple,
0b5fa9065469,other,sharedassets0.assets,8883,QuizBeli10,steps[2].responseOptions[1].text,Baby Blue,
18fd3efc38f3,other,sharedassets0.assets,8883,QuizBeli10,steps[2].responseOptions[2].text,Milky Pink,
3e31ea655368,other,sharedassets0.assets,8884,QuizBeli11,steps[2].responseOptions[0].text,Autumn,
59b3369a1bbc,other,sharedassets0.assets,8884,QuizBeli11,steps[2].responseOptions[1].text,Spring,
8d4429b430e3,other,sharedassets0.assets,8884,QuizBeli11,steps[2].responseOptions[2].text,Winter,
cbc1e2dcce45,other,sharedassets0.assets,8885,QuizBeli12,steps[2].responseOptions[0].text,Dawnwood Park,
d7b31439f5af,other,sharedassets0.assets,8885,QuizBeli12,steps[2].responseOptions[1].text,Hiking Trail,
40cf67299dbd,other,sharedassets0.assets,8885,QuizBeli12,steps[2].responseOptions[2].text,Hot Springs,
652a31c2cdd2,other,sharedassets0.assets,8886,QuizBeli2,steps[2].responseOptions[0].text,23 Years Old,
0b7b1daa1ae4,other,sharedassets0.assets,8886,QuizBeli2,steps[2].responseOptions[1].text,24 Years Old,
8dabd77af978,other,sharedassets0.assets,8886,QuizBeli2,steps[2].responseOptions[2].text,28 Years Old,
14996497f429,other,sharedassets0.assets,8887,QuizBeli3,steps[2].responseOptions[0].text,You've graduated with a two year degree.,
f5b35fb54ebe,other,sharedassets0.assets,8887,QuizBeli3,steps[2].responseOptions[2].text,You've graduated with a six year degree.,
eddedee7322b,other,sharedassets0.assets,8888,QuizBeli4,steps[2].responseOptions[0].text,5 Feet 11 Inches,
aed17697e3f3,other,sharedassets0.assets,8888,QuizBeli4,steps[2].responseOptions[1].text,5 Feet 9 Inches,
50b8ae5bb688,other,sharedassets0.assets,8888,QuizBeli4,steps[2].responseOptions[2].text,5 Feet 7 Inches,
a1d424d432a3,other,sharedassets0.assets,8889,QuizBeli5,steps[2].responseOptions[0].text,132 lbs,
1cd0bb5b0d56,other,sharedassets0.assets,8889,QuizBeli5,steps[2].responseOptions[1].text,130 lbs,
7ad6a8e043e4,other,sharedassets0.assets,8889,QuizBeli5,steps[2].responseOptions[2].text,126 lbs,
f0174d76b93b,other,sharedassets0.assets,8890,QuizBeli6,steps[2].responseOptions[0].text,You're a yoga instructor.,
7252acc63495,other,sharedassets0.assets,8890,QuizBeli6,steps[2].responseOptions[1].text,You're a university professor.,
baf7b6825e55,other,sharedassets0.assets,8890,QuizBeli6,steps[2].responseOptions[2].text,You're an airline stewardess.,
74fb107af41f,other,sharedassets0.assets,8891,QuizBeli7,steps[2].responseOptions[0].text,D Cup,
d05c3da3a45b,other,sharedassets0.assets,8891,QuizBeli7,steps[2].responseOptions[1].text,DD Cup,
5894269d0f71,other,sharedassets0.assets,8891,QuizBeli7,steps[2].responseOptions[2].text,C Cup,
dc1195295752,other,sharedassets0.assets,8892,QuizBeli8,steps[2].responseOptions[0].text,June 25th,
406aacd765fe,other,sharedassets0.assets,8892,QuizBeli8,steps[2].responseOptions[1].text,October 2nd,
ab9bbe4c5985,other,sharedassets0.assets,8892,QuizBeli8,steps[2].responseOptions[2].text,April 6th,
acefa3e9f48d,other,sharedassets0.assets,8893,QuizBeli9,steps[2].responseOptions[0].text,Meditation,
e49dc0ddb461,other,sharedassets0.assets,8893,QuizBeli9,steps[2].responseOptions[1].text,Working Out,
79598dbdd649,other,sharedassets0.assets,8893,QuizBeli9,steps[2].responseOptions[2].text,Shopping,
a09645e4355c,other,sharedassets0.assets,8894,QuizCeleste1,steps[2].responseOptions[0].text,Luvendass,
e3ceda653aa2,other,sharedassets0.assets,8894,QuizCeleste1,steps[2].responseOptions[1].text,Telmunia,
10cabd5565f5,other,sharedassets0.assets,8894,QuizCeleste1,steps[2].responseOptions[2].text,Gullveiga,
be6fc9c8ac74,other,sharedassets0.assets,8895,QuizCeleste10,steps[2].responseOptions[0].text,Shiny Silver,
ddd5b1640508,other,sharedassets0.assets,8895,QuizCeleste10,steps[2].responseOptions[1].text,Gleamy Gold,
091e50687897,other,sharedassets0.assets,8895,QuizCeleste10,steps[2].responseOptions[2].text,Pearl White,
0d441e8fac6e,other,sharedassets0.assets,8896,QuizCeleste11,steps[2].responseOptions[0].text,Winter,
81acec1ff815,other,sharedassets0.assets,8896,QuizCeleste11,steps[2].responseOptions[1].text,Summer,
ab6e3481df71,other,sharedassets0.assets,8896,QuizCeleste11,steps[2].responseOptions[2].text,Autumn,
e34d4eb17d03,other,sharedassets0.assets,8897,QuizCeleste12,steps[2].responseOptions[0].text,Turtle Bay Beach,
3102dc396fd9,other,sharedassets0.assets,8897,QuizCeleste12,steps[2].responseOptions[1].text,Ice Rink,
e808c50b1dd0,other,sharedassets0.assets,8897,QuizCeleste12,steps[2].responseOptions[2].text,Hot Springs,
63d17a45c5bd,other,sharedassets0.assets,8898,QuizCeleste2,steps[2].responseOptions[0].text,32 Years Old,
a5d8c8204f91,other,sharedassets0.assets,8898,QuizCeleste2,steps[2].responseOptions[1].text,36 Years Old,
3aa2bbfac921,other,sharedassets0.assets,8898,QuizCeleste2,steps[2].responseOptions[2].text,28 Years Old,
1332a8efe2c0,other,sharedassets0.assets,8899,QuizCeleste3,steps[2].responseOptions[0].text,Tendricide,
96e0850a45b0,other,sharedassets0.assets,8899,QuizCeleste3,steps[2].responseOptions[1].text,Overicona,
8aac4826b4d4,other,sharedassets0.assets,8899,QuizCeleste3,steps[2].responseOptions[2].text,Fanipunni,
c487c452c911,other,sharedassets0.assets,8900,QuizCeleste4,steps[2].responseOptions[0].text,5 Feet 9 Inches,
f29231c99d14,other,sharedassets0.assets,8900,QuizCeleste4,steps[2].responseOptions[1].text,5 Feet 7 Inches,
570b6531d400,other,sharedassets0.assets,8900,QuizCeleste4,steps[2].responseOptions[2].text,5 Feet 4 Inches,
b60916686361,other,sharedassets0.assets,8901,QuizCeleste5,steps[2].responseOptions[0].text,130 lbs,
403c690c9a67,other,sharedassets0.assets,8901,QuizCeleste5,steps[2].responseOptions[1].text,132 lbs,
d4b667d97692,other,sharedassets0.assets,8901,QuizCeleste5,steps[2].responseOptions[2].text,128 lbs,
78b549251df7,other,sharedassets0.assets,8902,QuizCeleste6,steps[2].responseOptions[0].text,Bounty Hunter,
f8b0429867a3,other,sharedassets0.assets,8902,QuizCeleste6,steps[2].responseOptions[1].text,Starship Captain,
2b57d0aef647,other,sharedassets0.assets,8902,QuizCeleste6,steps[2].responseOptions[2].text,Fighter Pilot,
87cba892d08a,other,sharedassets0.assets,8903,QuizCeleste7,steps[2].responseOptions[0].text,DD Cup,
23aa0778ae50,other,sharedassets0.assets,8903,QuizCeleste7,steps[2].responseOptions[1].text,D Cup,
1a0346949000,other,sharedassets0.assets,8903,QuizCeleste7,steps[2].responseOptions[2].text,C Cup,
438811b51842,other,sharedassets0.assets,8904,QuizCeleste8,steps[2].responseOptions[0].text,July 20th,
7eb38d9fc9b6,other,sharedassets0.assets,8904,QuizCeleste8,steps[2].responseOptions[1].text,March 16th,
ceb4445c0b46,other,sharedassets0.assets,8904,QuizCeleste8,steps[2].responseOptions[2].text,February 23rd,
12efd884ea63,other,sharedassets0.assets,8905,QuizCeleste9,steps[2].responseOptions[0].text,Swimming,
62bc16f38129,other,sharedassets0.assets,8905,QuizCeleste9,steps[2].responseOptions[1].text,Gaming,
e51f381dc029,other,sharedassets0.assets,8905,QuizCeleste9,steps[2].responseOptions[2].text,Shopping,
51dc76a0414a,other,sharedassets0.assets,8906,QuizJessie1,steps[2].responseOptions[0].text,Maye,
301b96d07cb6,other,sharedassets0.assets,8906,QuizJessie1,steps[2].responseOptions[1].text,West,
64864d1b0a15,other,sharedassets0.assets,8906,QuizJessie1,steps[2].responseOptions[2].text,Fields,
fd025f4f77e4,other,sharedassets0.assets,8907,QuizJessie10,steps[2].responseOptions[0].text,Sherbet Orange,
fe492284f015,other,sharedassets0.assets,8907,QuizJessie10,steps[2].responseOptions[1].text,Velvet Red,
8438152658e1,other,sharedassets0.assets,8907,QuizJessie10,steps[2].responseOptions[2].text,Hot Pink,
916408718f13,other,sharedassets0.assets,8908,QuizJessie11,steps[2].responseOptions[0].text,Winter,
8434956fd922,other,sharedassets0.assets,8908,QuizJessie11,steps[2].responseOptions[1].text,Summer,
f851743b9617,other,sharedassets0.assets,8908,QuizJessie11,steps[2].responseOptions[2].text,Spring,
9e4e07bbed8f,other,sharedassets0.assets,8909,QuizJessie12,steps[2].responseOptions[0].text,Bar & Lounge,
9f1b5b3e1cef,other,sharedassets0.assets,8909,QuizJessie12,steps[2].responseOptions[1].text,My Bedroom,
eb59b00b0fc0,other,sharedassets0.assets,8909,QuizJessie12,steps[2].responseOptions[2].text,Lusties Nightclub,
2e86c32a47fe,other,sharedassets0.assets,8910,QuizJessie2,steps[2].responseOptions[0].text,36 Years Old,
e8f532e43fec,other,sharedassets0.assets,8910,QuizJessie2,steps[2].responseOptions[1].text,40 Years Old,
3c74fed4159a,other,sharedassets0.assets,8910,QuizJessie2,steps[2].responseOptions[2].text,32 Years Old,
a163a188512c,other,sharedassets0.assets,8911,QuizJessie3,steps[2].responseOptions[0].text,You've dropped out of high school.,
37acdd966bdf,other,sharedassets0.assets,8911,QuizJessie3,steps[2].responseOptions[1].text,You've only finished high school.,
daa99b487917,other,sharedassets0.assets,8911,QuizJessie3,steps[2].responseOptions[2].text,You've graduated with a two year degree.,
fb17d5f4cbd1,other,sharedassets0.assets,8912,QuizJessie4,steps[2].responseOptions[0].text,5 Feet 7 Inches,
0c3b62085cbf,other,sharedassets0.assets,8912,QuizJessie4,steps[2].responseOptions[1].text,5 Feet 8 Inches,
a3fdf02d5805,other,sharedassets0.assets,8912,QuizJessie4,steps[2].responseOptions[2].text,5 Feet 9 Inches,
e2aab1ffb78a,other,sharedassets0.assets,8913,QuizJessie5,steps[2].responseOptions[0].text,126 lbs,
e129d1a87e90,other,sharedassets0.assets,8913,QuizJessie5,steps[2].responseOptions[1].text,122 lbs,
6bcba785d31d,other,sharedassets0.assets,8913,QuizJessie5,steps[2].responseOptions[2].text,132 lbs,
152eb6541d2c,other,sharedassets0.assets,8914,QuizJessie6,steps[2].responseOptions[0].text,You're an adult actress.,
156df5ad2dd3,other,sharedassets0.assets,8914,QuizJessie6,steps[2].responseOptions[1].text,You're an airline stewardess.,
1cf04c783e4c,other,sharedassets0.assets,8914,QuizJessie6,steps[2].responseOptions[2].text,You're a university professor.,
04004fbaa92c,other,sharedassets0.assets,8915,QuizJessie7,steps[2].responseOptions[0].text,DD Cup,
57bd5bf3b46d,other,sharedassets0.assets,8915,QuizJessie7,steps[2].responseOptions[1].text,D Cup,
dfcca7a48285,other,sharedassets0.assets,8915,QuizJessie7,steps[2].responseOptions[2].text,C Cup,
a431b9e3227e,other,sharedassets0.assets,8916,QuizJessie8,steps[2].responseOptions[0].text,January 27th,
74d470929dbb,other,sharedassets0.assets,8916,QuizJessie8,steps[2].responseOptions[1].text,November 9th,
1df239e14079,other,sharedassets0.assets,8916,QuizJessie8,steps[2].responseOptions[2].text,September 1st,
209e1cc6f982,other,sharedassets0.assets,8917,QuizJessie9,steps[2].responseOptions[0].text,Drinking,
2e7bb0b78e0d,other,sharedassets0.assets,8917,QuizJessie9,steps[2].responseOptions[1].text,Watching Porn,
1e68e5bd3f29,other,sharedassets0.assets,8917,QuizJessie9,steps[2].responseOptions[2].text,Gaming,
c48bdf61f24e,other,sharedassets0.assets,8918,QuizKyanna1,steps[2].responseOptions[0].text,Delrio,
c579ec197a30,other,sharedassets0.assets,8918,QuizKyanna1,steps[2].responseOptions[1].text,Cortez,
a5c5000c7c6c,other,sharedassets0.assets,8918,QuizKyanna1,steps[2].responseOptions[2].text,Salinas,
0409b20ea2b6,other,sharedassets0.assets,8919,QuizKyanna10,steps[2].responseOptions[0].text,Ocean Blue,
2fc89ef9a573,other,sharedassets0.assets,8919,QuizKyanna10,steps[2].responseOptions[1].text,Lilac Purple,
9fc53e78402e,other,sharedassets0.assets,8919,QuizKyanna10,steps[2].responseOptions[2].text,Hot Pink,
f51f8285fd08,other,sharedassets0.assets,8920,QuizKyanna11,steps[2].responseOptions[0].text,Summer,
05ed9620f5c3,other,sharedassets0.assets,8920,QuizKyanna11,steps[2].responseOptions[1].text,Spring,
98225ba34317,other,sharedassets0.assets,8920,QuizKyanna11,steps[2].responseOptions[2].text,Autumn,
b51dcca907b0,other,sharedassets0.assets,8921,QuizKyanna12,steps[2].responseOptions[0].text,Fitness Club,
95236327680e,other,sharedassets0.assets,8921,QuizKyanna12,steps[2].responseOptions[1].text,Lusties Nightclub,
9986d0fcf7ab,other,sharedassets0.assets,8921,QuizKyanna12,steps[2].responseOptions[2].text,Ice Rink,
544d95cf4c5e,other,sharedassets0.assets,8922,QuizKyanna2,steps[2].responseOptions[0].text,21 Years Old,
ea2c9bea8ceb,other,sharedassets0.assets,8922,QuizKyanna2,steps[2].responseOptions[1].text,20 Years Old,
d05999675226,other,sharedassets0.assets,8922,QuizKyanna2,steps[2].responseOptions[2].text,23 Years Old,
6d0bf19db9b7,other,sharedassets0.assets,8923,QuizKyanna3,steps[2].responseOptions[0].text,You've dropped out of high school.,
31694e2a0342,other,sharedassets0.assets,8923,QuizKyanna3,steps[2].responseOptions[1].text,You're currently enrolled in college.,
3d25a0325154,other,sharedassets0.assets,8923,QuizKyanna3,steps[2].responseOptions[2].text,You've graduated with a two year degree.,
4fcff7d32ef2,other,sharedassets0.assets,8924,QuizKyanna4,steps[2].responseOptions[0].text,5 Feet 6 Inches,
4bc95d8f3641,other,sharedassets0.assets,8924,QuizKyanna4,steps[2].responseOptions[1].text,5 Feet 7 Inches,
9510121b541d,other,sharedassets0.assets,8924,QuizKyanna4,steps[2].responseOptions[2].text,5 Feet 8 Inches,
2024c53cac23,other,sharedassets0.assets,8925,QuizKyanna5,steps[2].responseOptions[0].text,118 lbs,
b883a41e297e,other,sharedassets0.assets,8925,QuizKyanna5,steps[2].responseOptions[1].text,112 lbs,
b5b023e678eb,other,sharedassets0.assets,8925,QuizKyanna5,steps[2].responseOptions[2].text,115 lbs,
3059358d0a74,other,sharedassets0.assets,8926,QuizKyanna6,steps[2].responseOptions[0].text,You're a salon hairdresser.,
09d0e11afa80,other,sharedassets0.assets,8926,QuizKyanna6,steps[2].responseOptions[1].text,You're a yoga instructor.,
cd88d15b6b5c,other,sharedassets0.assets,8926,QuizKyanna6,steps[2].responseOptions[2].text,You're a university student.,
e0b30fda8524,other,sharedassets0.assets,8927,QuizKyanna7,steps[2].responseOptions[0].text,DD Cup,
14797e58dd27,other,sharedassets0.assets,8927,QuizKyanna7,steps[2].responseOptions[1].text,D Cup,
9069c557c567,other,sharedassets0.assets,8927,QuizKyanna7,steps[2].responseOptions[2].text,C Cup,
1dfd8df13b70,other,sharedassets0.assets,8928,QuizKyanna8,steps[2].responseOptions[0].text,March 16th,
e97a9888d201,other,sharedassets0.assets,8928,QuizKyanna8,steps[2].responseOptions[1].text,August 3rd,
0f52f4106626,other,sharedassets0.assets,8928,QuizKyanna8,steps[2].responseOptions[2].text,May 13th,
cb4937b6fcbd,other,sharedassets0.assets,8929,QuizKyanna9,steps[2].responseOptions[0].text,Working Out,
f2cb02d0b78d,other,sharedassets0.assets,8929,QuizKyanna9,steps[2].responseOptions[1].text,Meditation,
3da63388e0cd,other,sharedassets0.assets,8929,QuizKyanna9,steps[2].responseOptions[2].text,Swimming,
daf3157f0e65,other,sharedassets0.assets,8930,QuizKyu1,steps[2].responseOptions[0].text,Sugardust,
ca255a1e8bd6,other,sharedassets0.assets,8930,QuizKyu1,steps[2].responseOptions[1].text,Petaldew,
b7d4d9a7b3f1,other,sharedassets0.assets,8930,QuizKyu1,steps[2].responseOptions[2].text,Rainglow,
d43b1ff26fb4,other,sharedassets0.assets,8931,QuizKyu10,steps[2].responseOptions[0].text,Hot Pink,
fd48d0164be4,other,sharedassets0.assets,8931,QuizKyu10,steps[2].responseOptions[1].text,Ocean Blue,
dc23e256f7ed,other,sharedassets0.assets,8931,QuizKyu10,steps[2].responseOptions[2].text,Mint Green,
2af16b5dcd3e,other,sharedassets0.assets,8932,QuizKyu11,steps[2].responseOptions[0].text,Summer,
61968fb4f3cc,other,sharedassets0.assets,8932,QuizKyu11,steps[2].responseOptions[1].text,Winter,
206ec67430e3,other,sharedassets0.assets,8932,QuizKyu11,steps[2].responseOptions[2].text,Spring,
1db4e7053437,other,sharedassets0.assets,8933,QuizKyu12,steps[2].responseOptions[0].text,My Bedroom,
f4da61122655,other,sharedassets0.assets,8933,QuizKyu12,steps[2].responseOptions[1].text,Bar & Lounge,
b61a7d72c8c5,other,sharedassets0.assets,8933,QuizKyu12,steps[2].responseOptions[2].text,Ice Rink,
89cab85d8541,other,sharedassets0.assets,8934,QuizKyu2,steps[2].responseOptions[0].text,384 Fairy Years,
43036d2cceb8,other,sharedassets0.assets,8934,QuizKyu2,steps[2].responseOptions[1].text,126 Fairy Years,
5cfcc5be2839,other,sharedassets0.assets,8934,QuizKyu2,steps[2].responseOptions[2].text,240 Fairy Years,
3b8e8421aba4,other,sharedassets0.assets,8935,QuizKyu3,steps[2].responseOptions[0].text,Sky Garden,
af6789c35ba8,other,sharedassets0.assets,8935,QuizKyu3,steps[2].responseOptions[1].text,Love City,
5290d156cab0,other,sharedassets0.assets,8935,QuizKyu3,steps[2].responseOptions[2].text,Cloud Kingdom,
71c1a1e915a1,other,sharedassets0.assets,8936,QuizKyu4,steps[2].responseOptions[0].text,5 Feet 4 Inches,
8a296dc6b532,other,sharedassets0.assets,8936,QuizKyu4,steps[2].responseOptions[1].text,5 Feet 0 Inches,
71ab518825fb,other,sharedassets0.assets,8936,QuizKyu4,steps[2].responseOptions[2].text,5 Feet 7 Inches,
be92ac559a6f,other,sharedassets0.assets,8937,QuizKyu5,steps[2].responseOptions[0].text,110 lbs,
c6f8951ac89e,other,sharedassets0.assets,8937,QuizKyu5,steps[2].responseOptions[1].text,102 lbs,
a0ce8b1e7b46,other,sharedassets0.assets,8937,QuizKyu5,steps[2].responseOptions[2].text,104 lbs,
c73e83931d1f,other,sharedassets0.assets,8938,QuizKyu6,steps[2].responseOptions[0].text,Love Fairy,
d9ff15d6031d,other,sharedassets0.assets,8938,QuizKyu6,steps[2].responseOptions[1].text,Sex Pixie,
8c52a7e7b5c0,other,sharedassets0.assets,8938,QuizKyu6,steps[2].responseOptions[2].text,Lust Nypmh,
dd7fe18ee297,other,sharedassets0.assets,8939,QuizKyu7,steps[2].responseOptions[0].text,C Cup,
75bd3fbcfd03,other,sharedassets0.assets,8939,QuizKyu7,steps[2].responseOptions[1].text,B Cup,
50b1c55e3128,other,sharedassets0.assets,8939,QuizKyu7,steps[2].responseOptions[2].text,A Cup,
8eac302941cf,other,sharedassets0.assets,8940,QuizKyu8,steps[2].responseOptions[0].text,August 3rd,
6df4a6e2372e,other,sharedassets0.assets,8940,QuizKyu8,steps[2].responseOptions[1].text,October 2nd,
c413c82f52e2,other,sharedassets0.assets,8940,QuizKyu8,steps[2].responseOptions[2].text,September 1st,
c698ad1e02e9,other,sharedassets0.assets,8941,QuizKyu9,steps[2].responseOptions[0].text,Watching Porn,
bd90e7c492cb,other,sharedassets0.assets,8941,QuizKyu9,steps[2].responseOptions[1].text,Lounging Around,
484c017bd8ff,other,sharedassets0.assets,8941,QuizKyu9,steps[2].responseOptions[2].text,Cheerleading,
d926b7f72f34,other,sharedassets0.assets,8942,QuizLola1,steps[2].responseOptions[0].text,Rembrite,
fc88cc2a892e,other,sharedassets0.assets,8942,QuizLola1,steps[2].responseOptions[1].text,Williams,
64de2820c2b6,other,sharedassets0.assets,8942,QuizLola1,steps[2].responseOptions[2].text,Bennett,
33d1f249b166,other,sharedassets0.assets,8943,QuizLola10,steps[2].responseOptions[0].text,Baby Blue,
5d6f462baad8,other,sharedassets0.assets,8943,QuizLola10,steps[2].responseOptions[1].text,Beige Cream,
8577d8d351dd,other,sharedassets0.assets,8943,QuizLola10,steps[2].responseOptions[2].text,Milky Pink,
2d12ed7bbb0b,other,sharedassets0.assets,8944,QuizLola11,steps[2].responseOptions[0].text,Spring,
cab451dc745e,other,sharedassets0.assets,8944,QuizLola11,steps[2].responseOptions[1].text,Autumn,
2cac08024fd4,other,sharedassets0.assets,8944,QuizLola11,steps[2].responseOptions[2].text,Winter,
1ada16249e22,other,sharedassets0.assets,8945,QuizLola12,steps[2].responseOptions[0].text,Nutmeg Cafe,
60b4ca5ea5f1,other,sharedassets0.assets,8945,QuizLola12,steps[2].responseOptions[1].text,Shopping Mall,
0bc8ce883d39,other,sharedassets0.assets,8945,QuizLola12,steps[2].responseOptions[2].text,Hot Springs,
063f0d80290d,other,sharedassets0.assets,8946,QuizLola2,steps[2].responseOptions[0].text,24 Years Old,
d4a8645d502d,other,sharedassets0.assets,8946,QuizLola2,steps[2].responseOptions[1].text,23 Years Old,
3e5c9eb8a7c7,other,sharedassets0.assets,8946,QuizLola2,steps[2].responseOptions[2].text,21 Years Old,
a75af6224896,other,sharedassets0.assets,8947,QuizLola3,steps[2].responseOptions[1].text,You've graduated with a two year degree.,
58393be91a6c,other,sharedassets0.assets,8947,QuizLola3,steps[2].responseOptions[2].text,You've only finished high school.,
8cf3adb19db8,other,sharedassets0.assets,8948,QuizLola4,steps[2].responseOptions[0].text,5 Feet 7 Inches,
ed665c40c2ca,other,sharedassets0.assets,8948,QuizLola4,steps[2].responseOptions[1].text,5 Feet 8 Inches,
48010347d254,other,sharedassets0.assets,8948,QuizLola4,steps[2].responseOptions[2].text,5 Feet 4 Inches,
3d78e2384655,other,sharedassets0.assets,8949,QuizLola5,steps[2].responseOptions[0].text,122 lbs,
62f04379114c,other,sharedassets0.assets,8949,QuizLola5,steps[2].responseOptions[1].text,126 lbs,
8b695385e945,other,sharedassets0.assets,8949,QuizLola5,steps[2].responseOptions[2].text,128 lbs,
b2851721be8d,other,sharedassets0.assets,8950,QuizLola6,steps[2].responseOptions[0].text,You're an airline stewardess.,
e13ad5bcb8e3,other,sharedassets0.assets,8950,QuizLola6,steps[2].responseOptions[1].text,You're an adult actress.,
c3bd0bdba34b,other,sharedassets0.assets,8950,QuizLola6,steps[2].responseOptions[2].text,You're a university professor.,
8a43c0159a20,other,sharedassets0.assets,8951,QuizLola7,steps[2].responseOptions[0].text,D Cup,
bde215d3e5da,other,sharedassets0.assets,8951,QuizLola7,steps[2].responseOptions[1].text,DD Cup,
6817ff23a64b,other,sharedassets0.assets,8951,QuizLola7,steps[2].responseOptions[2].text,C Cup,
f2ff9c3501c9,other,sharedassets0.assets,8952,QuizLola8,steps[2].responseOptions[0].text,February 23rd,
c44638596ecb,other,sharedassets0.assets,8952,QuizLola8,steps[2].responseOptions[1].text,July 20th,
caefe77d21db,other,sharedassets0.assets,8952,QuizLola8,steps[2].responseOptions[2].text,October 2nd,
1a97b9d0d0f8,other,sharedassets0.assets,8953,QuizLola9,steps[2].responseOptions[0].text,Tennis,
2af617c009e9,other,sharedassets0.assets,8953,QuizLola9,steps[2].responseOptions[1].text,Swimming,
1d4ef9d2c1e7,other,sharedassets0.assets,8953,QuizLola9,steps[2].responseOptions[2].text,Meditation,
6a8e4d8abdb6,other,sharedassets0.assets,8954,QuizMomo1,steps[2].responseOptions[0].text,"You don't have one, right?",
f09ce36d02d8,other,sharedassets0.assets,8954,QuizMomo1,steps[2].responseOptions[1].text,Cocoa,
534d24036afb,other,sharedassets0.assets,8954,QuizMomo1,steps[2].responseOptions[2].text,Mango,
cc6769fbe17d,other,sharedassets0.assets,8955,QuizMomo10,steps[2].responseOptions[0].text,Gleamy Gold,
f2b45c5a74f7,other,sharedassets0.assets,8955,QuizMomo10,steps[2].responseOptions[1].text,Milky Pink,
fcb261b76641,other,sharedassets0.assets,8955,QuizMomo10,steps[2].responseOptions[2].text,Beige Cream,
3c267ca5132c,other,sharedassets0.assets,8956,QuizMomo11,steps[2].responseOptions[0].text,Spring,
b9a06ef5ad04,other,sharedassets0.assets,8956,QuizMomo11,steps[2].responseOptions[1].text,Autumn,
99a872342e45,other,sharedassets0.assets,8956,QuizMomo11,steps[2].responseOptions[2].text,Winter,
29f55972df28,other,sharedassets0.assets,8957,QuizMomo12,steps[2].responseOptions[0].text,Hiking Trail,
97aa36cfe328,other,sharedassets0.assets,8957,QuizMomo12,steps[2].responseOptions[1].text,Gold Falls Casino,
067f8a7bf0a5,other,sharedassets0.assets,8957,QuizMomo12,steps[2].responseOptions[2].text,University Campus,
afb6f1b285cb,other,sharedassets0.assets,8958,QuizMomo2,steps[2].responseOptions[0].text,1 Cat Year,
44a1b22fb761,other,sharedassets0.assets,8958,QuizMomo2,steps[2].responseOptions[1].text,2 Cat Years,
0223ce19ef36,other,sharedassets0.assets,8958,QuizMomo2,steps[2].responseOptions[2].text,3 Cat Years,
a2c5d1fe598e,other,sharedassets0.assets,8959,QuizMomo3,steps[2].responseOptions[0].text,I'm not sure...,
a2d1514d2754,other,sharedassets0.assets,8959,QuizMomo3,steps[2].responseOptions[1].text,You said you were from a spirit realm.,
2b2c03824134,other,sharedassets0.assets,8959,QuizMomo3,steps[2].responseOptions[2].text,That you were from your mommy's tummy.,
303caaa271f4,other,sharedassets0.assets,8960,QuizMomo4,steps[2].responseOptions[0].text,5 Feet 2 Inches,
3e854327f9f3,other,sharedassets0.assets,8960,QuizMomo4,steps[2].responseOptions[1].text,5 Feet 0 Inches,
11bbe78f0d23,other,sharedassets0.assets,8960,QuizMomo4,steps[2].responseOptions[2].text,5 Feet 4 Inches,
2cc6dea0e40a,other,sharedassets0.assets,8961,QuizMomo5,steps[2].responseOptions[0].text,100 lbs,
d3432c0a6380,other,sharedassets0.assets,8961,QuizMomo5,steps[2].responseOptions[1].text,104 lbs,
29f1c872f762,other,sharedassets0.assets,8961,QuizMomo5,steps[2].responseOptions[2].text,110 lbs,
759054a0f181,other,sharedassets0.assets,8962,QuizMomo6,steps[2].responseOptions[0].text,You're a kitty.,
22a7b658460c,other,sharedassets0.assets,8962,QuizMomo6,steps[2].responseOptions[1].text,You're a cafe barista.,
90e053c8f6b2,other,sharedassets0.assets,8962,QuizMomo6,steps[2].responseOptions[2].text,You're a university student.,
636f12178717,other,sharedassets0.assets,8963,QuizMomo7,steps[2].responseOptions[0].text,B Cup,
593e94dfdd6c,other,sharedassets0.assets,8963,QuizMomo7,steps[2].responseOptions[1].text,A Cup,
1dbfe7be7222,other,sharedassets0.assets,8963,QuizMomo7,steps[2].responseOptions[2].text,C Cup,
55a38fe92504,other,sharedassets0.assets,8964,QuizMomo8,steps[2].responseOptions[0].text,October 2nd,
ca156f8e0550,other,sharedassets0.assets,8964,QuizMomo8,steps[2].responseOptions[1].text,May 13th,
51a9f1913849,other,sharedassets0.assets,8964,QuizMomo8,steps[2].responseOptions[2].text,December 22nd,
3a6a8dc5f89b,other,sharedassets0.assets,8965,QuizMomo9,steps[2].responseOptions[0].text,Sleeping,
c471ecbec024,other,sharedassets0.assets,8965,QuizMomo9,steps[2].responseOptions[1].text,Tennis,
c59016608f8b,other,sharedassets0.assets,8965,QuizMomo9,steps[2].responseOptions[2].text,Swimming,
a9cbc30560f0,other,sharedassets0.assets,8966,QuizNikki1,steps[2].responseOptions[0].text,Ann-Marie,
3ed8cf0b6f78,other,sharedassets0.assets,8966,QuizNikki1,steps[2].responseOptions[1].text,Jean-Smith,
a9e14b1990b7,other,sharedassets0.assets,8966,QuizNikki1,steps[2].responseOptions[2].text,Lee-Taylor,
cadb76c5a838,other,sharedassets0.assets,8967,QuizNikki10,steps[2].responseOptions[0].text,Beige Cream,
9f083fc2f908,other,sharedassets0.assets,8967,QuizNikki10,steps[2].responseOptions[1].text,Shiny Silver,
3a29f976fc5e,other,sharedassets0.assets,8967,QuizNikki10,steps[2].responseOptions[2].text,Gleamy Gold,
e976189e32bb,other,sharedassets0.assets,8968,QuizNikki11,steps[2].responseOptions[0].text,Winter,
6382b72f4e2b,other,sharedassets0.assets,8968,QuizNikki11,steps[2].responseOptions[1].text,Autumn,
57610668053e,other,sharedassets0.assets,8968,QuizNikki11,steps[2].responseOptions[2].text,Spring,
9b488644a8df,other,sharedassets0.assets,8969,QuizNikki12,steps[2].responseOptions[0].text,Your Home,
2760d2d3ed49,other,sharedassets0.assets,8969,QuizNikki12,steps[2].responseOptions[1].text,Nutmeg Cafe,
486187407d50,other,sharedassets0.assets,8969,QuizNikki12,steps[2].responseOptions[2].text,My Bedroom,
254dbfd621c7,other,sharedassets0.assets,8970,QuizNikki2,steps[2].responseOptions[0].text,18 Years Old,
09188b21f05c,other,sharedassets0.assets,8970,QuizNikki2,steps[2].responseOptions[1].text,20 Years Old,
099b178b5bd3,other,sharedassets0.assets,8970,QuizNikki2,steps[2].responseOptions[2].text,23 Years Old,
30559d46d0d5,other,sharedassets0.assets,8971,QuizNikki3,steps[2].responseOptions[0].text,You've only finished high school.,
66ff71117865,other,sharedassets0.assets,8971,QuizNikki3,steps[2].responseOptions[1].text,You're currently enrolled in college.,
2ca45dd96b21,other,sharedassets0.assets,8971,QuizNikki3,steps[2].responseOptions[2].text,You've dropped out of high school.,
3184c5da56cd,other,sharedassets0.assets,8972,QuizNikki4,steps[2].responseOptions[0].text,5 Feet 0 Inches,
9cffcb2d0119,other,sharedassets0.assets,8972,QuizNikki4,steps[2].responseOptions[1].text,5 Feet 2 Inches,
cd6a31fd3898,other,sharedassets0.assets,8972,QuizNikki4,steps[2].responseOptions[2].text,5 Feet 4 Inches,
b8c8113076ab,other,sharedassets0.assets,8973,QuizNikki5,steps[2].responseOptions[0].text,104 lbs,
06cb9f3f0442,other,sharedassets0.assets,8973,QuizNikki5,steps[2].responseOptions[1].text,100 lbs,
9bb92c66c0b7,other,sharedassets0.assets,8973,QuizNikki5,steps[2].responseOptions[2].text,109 lbs,
fa68bc6a0d74,other,sharedassets0.assets,8974,QuizNikki6,steps[2].responseOptions[0].text,You're a cafe barista.,
adc4be6fabf5,other,sharedassets0.assets,8974,QuizNikki6,steps[2].responseOptions[1].text,You're a university student.,
139802de72a5,other,sharedassets0.assets,8974,QuizNikki6,steps[2].responseOptions[2].text,You're an airline stewardess.,
3ec0c1d8a077,other,sharedassets0.assets,8975,QuizNikki7,steps[2].responseOptions[0].text,C Cup,
a9e9daf9136d,other,sharedassets0.assets,8975,QuizNikki7,steps[2].responseOptions[1].text,B Cup,
5a13dd307be8,other,sharedassets0.assets,8975,QuizNikki7,steps[2].responseOptions[2].text,A Cup,
784fb09b5e47,other,sharedassets0.assets,8976,QuizNikki8,steps[2].responseOptions[0].text,May 13th,
a033f05e117b,other,sharedassets0.assets,8976,QuizNikki8,steps[2].responseOptions[1].text,August 3rd,
ff5a50be2d32,other,sharedassets0.assets,8976,QuizNikki8,steps[2].responseOptions[2].text,December 22nd,
086b1fb2f019,other,sharedassets0.assets,8977,QuizNikki9,steps[2].responseOptions[0].text,Gaming,
097f7298bd14,other,sharedassets0.assets,8977,QuizNikki9,steps[2].responseOptions[1].text,Meditation,
49de097f048c,other,sharedassets0.assets,8977,QuizNikki9,steps[2].responseOptions[2].text,Gambling,
f77b39997825,other,sharedassets0.assets,8978,QuizTiffany1,steps[2].responseOptions[0].text,Maye,
49e8d1d4d638,other,sharedassets0.assets,8978,QuizTiffany1,steps[2].responseOptions[1].text,Hicks,
cb6dd44ab075,other,sharedassets0.assets,8978,QuizTiffany1,steps[2].responseOptions[2].text,Tyler,
47400cf24553,other,sharedassets0.assets,8979,QuizTiffany10,steps[2].responseOptions[0].text,Milky Pink,
4c4df719c270,other,sharedassets0.assets,8979,QuizTiffany10,steps[2].responseOptions[1].text,Ocean Blue,
48c27a283955,other,sharedassets0.assets,8979,QuizTiffany10,steps[2].responseOptions[2].text,Gleamy Gold,
a7f51cb80c37,other,sharedassets0.assets,8980,QuizTiffany11,steps[2].responseOptions[0].text,Summer,
8b5439cde5c1,other,sharedassets0.assets,8980,QuizTiffany11,steps[2].responseOptions[1].text,Winter,
f2e602c7ccc8,other,sharedassets0.assets,8980,QuizTiffany11,steps[2].responseOptions[2].text,Spring,
2922dfafaa37,other,sharedassets0.assets,8981,QuizTiffany12,steps[2].responseOptions[0].text,University Campus,
3ae605dcbcc4,other,sharedassets0.assets,8981,QuizTiffany12,steps[2].responseOptions[1].text,Lusties Nightclub,
64262ec42f79,other,sharedassets0.assets,8981,QuizTiffany12,steps[2].responseOptions[2].text,Nutmeg Cafe,
056cdc51bc47,other,sharedassets0.assets,8982,QuizTiffany2,steps[2].responseOptions[0].text,20 Years Old,
75dc3b17aedc,other,sharedassets0.assets,8982,QuizTiffany2,steps[2].responseOptions[1].text,21 Years Old,
958d329c6392,other,sharedassets0.assets,8982,QuizTiffany2,steps[2].responseOptions[2].text,18 Years Old,
cad9d1287ec4,other,sharedassets0.assets,8983,QuizTiffany3,steps[2].responseOptions[0].text,You're currently enrolled in college.,
e676f0da2491,other,sharedassets0.assets,8983,QuizTiffany3,steps[2].responseOptions[1].text,You've only finished high school.,
6b705f14999f,other,sharedassets0.assets,8983,QuizTiffany3,steps[2].responseOptions[2].text,You've dropped out of high school.,
e6f52994afaa,other,sharedassets0.assets,8984,QuizTiffany4,steps[2].responseOptions[0].text,5 Feet 4 Inches,
7b856e2ee827,other,sharedassets0.assets,8984,QuizTiffany4,steps[2].responseOptions[1].text,5 Feet 0 Inches,
e863b5b4405a,other,sharedassets0.assets,8984,QuizTiffany4,steps[2].responseOptions[2].text,5 Feet 2 Inches,
5a5511d595d3,other,sharedassets0.assets,8985,QuizTiffany5,steps[2].responseOptions[0].text,112 lbs,
e0255649ce28,other,sharedassets0.assets,8985,QuizTiffany5,steps[2].responseOptions[1].text,109 lbs,
754ebf6797ff,other,sharedassets0.assets,8985,QuizTiffany5,steps[2].responseOptions[2].text,110 lbs,
aeaee1e019ad,other,sharedassets0.assets,8986,QuizTiffany6,steps[2].responseOptions[0].text,You're a university student.,
44470cfe3636,other,sharedassets0.assets,8986,QuizTiffany6,steps[2].responseOptions[1].text,You're a cafe barista.,
81a70bb3f95c,other,sharedassets0.assets,8986,QuizTiffany6,steps[2].responseOptions[2].text,You're a salon hairdresser.,
c2aa68e44b0a,other,sharedassets0.assets,8987,QuizTiffany7,steps[2].responseOptions[0].text,C Cup,
3499f96887c3,other,sharedassets0.assets,8987,QuizTiffany7,steps[2].responseOptions[1].text,B Cup,
27bafa91d6df,other,sharedassets0.assets,8987,QuizTiffany7,steps[2].responseOptions[2].text,D Cup,
8c2dfc37c06b,other,sharedassets0.assets,8988,QuizTiffany8,steps[2].responseOptions[0].text,December 22nd,
1d83bb63572b,other,sharedassets0.assets,8988,QuizTiffany8,steps[2].responseOptions[1].text,January 27th,
77b2b5807f57,other,sharedassets0.assets,8988,QuizTiffany8,steps[2].responseOptions[2].text,September 1st,
fe47831f2315,other,sharedassets0.assets,8989,QuizTiffany9,steps[2].responseOptions[0].text,Cheerleading,
e543ffb45d19,other,sharedassets0.assets,8989,QuizTiffany9,steps[2].responseOptions[1].text,Shopping,
6d09407233ad,other,sharedassets0.assets,8989,QuizTiffany9,steps[2].responseOptions[2].text,Tennis,
f8f11b9b09d2,other,sharedassets0.assets,8990,QuizVenus1,steps[2].responseOptions[0].text,Venus,
41b20930631f,other,sharedassets0.assets,8990,QuizVenus1,steps[2].responseOptions[1].text,Diana,
472acd6bb79d,other,sharedassets0.assets,8990,QuizVenus1,steps[2].responseOptions[2].text,Fortuna,
cd320e7dc4cc,other,sharedassets0.assets,8991,QuizVenus10,steps[2].responseOptions[0].text,Pearl White,
798819dc573b,other,sharedassets0.assets,8991,QuizVenus10,steps[2].responseOptions[1].text,Lilac Purple,
37d7e112b687,other,sharedassets0.assets,8991,QuizVenus10,steps[2].responseOptions[2].text,Velvet Red,
1ca01d3da6d8,other,sharedassets0.assets,8992,QuizVenus11,steps[2].responseOptions[0].text,Autumn,
d8a2d7c1499f,other,sharedassets0.assets,8992,QuizVenus11,steps[2].responseOptions[1].text,Spring,
d47b9da0efaf,other,sharedassets0.assets,8992,QuizVenus11,steps[2].responseOptions[2].text,Summer,
6de0fe8e5370,other,sharedassets0.assets,8993,QuizVenus12,steps[2].responseOptions[0].text,Hot Springs,
3b5e32332750,other,sharedassets0.assets,8993,QuizVenus12,steps[2].responseOptions[1].text,Turtle Bay Beach,
90459aec6b9d,other,sharedassets0.assets,8993,QuizVenus12,steps[2].responseOptions[2].text,Bar & Lounge,
558ab4ef18d1,other,sharedassets0.assets,8994,QuizVenus2,steps[2].responseOptions[0].text,"About 10,000 Years",
ce07e95eb199,other,sharedassets0.assets,8994,QuizVenus2,steps[2].responseOptions[1].text,About 100 Years,
cd18e0b44aa8,other,sharedassets0.assets,8994,QuizVenus2,steps[2].responseOptions[2].text,"About 1,000 Years",
e391f72ed9b9,other,sharedassets0.assets,8995,QuizVenus3,steps[2].responseOptions[0].text,Sky Garden,
d9b5d2fdf3dc,other,sharedassets0.assets,8995,QuizVenus3,steps[2].responseOptions[1].text,Love City,
b79abded53af,other,sharedassets0.assets,8995,QuizVenus3,steps[2].responseOptions[2].text,Cloud Kingdom,
520d723dcba8,other,sharedassets0.assets,8996,QuizVenus4,steps[2].responseOptions[0].text,5 Feet 8 Inches,
7fbcf0e60e3c,other,sharedassets0.assets,8996,QuizVenus4,steps[2].responseOptions[1].text,5 Feet 9 Inches,
bf064ab8be1a,other,sharedassets0.assets,8996,QuizVenus4,steps[2].responseOptions[2].text,5 Feet 6 Inches,
645693a18fbe,other,sharedassets0.assets,8997,QuizVenus5,steps[2].responseOptions[0].text,128 lbs,
55c7242913a3,other,sharedassets0.assets,8997,QuizVenus5,steps[2].responseOptions[1].text,122 lbs,
b3870fddf241,other,sharedassets0.assets,8997,QuizVenus5,steps[2].responseOptions[2].text,132 lbs,
c041a99f41b4,other,sharedassets0.assets,8998,QuizVenus6,steps[2].responseOptions[0].text,Love Goddess,
a49fedd5a748,other,sharedassets0.assets,8998,QuizVenus6,steps[2].responseOptions[1].text,Head Love Fairy,
c13b99d652db,other,sharedassets0.assets,8998,QuizVenus6,steps[2].responseOptions[2].text,Love Queen,
4020bf40b520,other,sharedassets0.assets,8999,QuizVenus7,steps[2].responseOptions[0].text,DD Cup,
a834146c8a10,other,sharedassets0.assets,8999,QuizVenus7,steps[2].responseOptions[1].text,D Cup,
ec58bc026708,other,sharedassets0.assets,8999,QuizVenus7,steps[2].responseOptions[2].text,C Cup,
50e8a35d2071,other,sharedassets0.assets,9000,QuizVenus8,steps[2].responseOptions[0].text,September 1st,
6b2502a34287,other,sharedassets0.assets,9000,QuizVenus8,steps[2].responseOptions[1].text,January 27th,
09dcefacfe07,other,sharedassets0.assets,9000,QuizVenus8,steps[2].responseOptions[2].text,July 20th,
b50a21ff1f05,other,sharedassets0.assets,9001,QuizVenus9,steps[2].responseOptions[0].text,Lounging Around,
253b81ebf1a8,other,sharedassets0.assets,9001,QuizVenus9,steps[2].responseOptions[1].text,Sleeping,
46ac6cbc4cc8,other,sharedassets0.assets,9001,QuizVenus9,steps[2].responseOptions[2].text,Drinking,
ebd211e08e08,other,sharedassets0.assets,9048,157MusicFlute,name,Flute,
ef63f7536d38,other,sharedassets0.assets,9049,158MusicDrums,name,Drums,
5d99894da533,other,sharedassets0.assets,9050,159MusicTrumpet,name,Trumpet,
39aeecc45c17,other,sharedassets0.assets,9051,160MusicBanjo,name,Banjo,
118e5960e6c1,other,sharedassets0.assets,9052,161MusicViolin,name,Violin,
25198fce3a9c,other,sharedassets0.assets,9053,162MusicKeyboard,name,Keyboard,
d451f848cf66,other,sharedassets0.assets,9054,163BeachSunLotion,name,Sun Lotion,
cd7d0bb41802,other,sharedassets0.assets,9055,164BeachStylishShades,name,Stylish Shades,
1465aa98a684,other,sharedassets0.assets,9056,165BeachFlipFlops,name,Flip Flops,
16408f2e5182,other,sharedassets0.assets,9057,166BeachBeachBall,name,Beach Ball,
5f5d9ad2a240,other,sharedassets0.assets,9058,167BeachBigBeachTowel,name,Big Beach Towel,
e7809920e51f,other,sharedassets0.assets,9059,168BeachSurfboard,name,Surfboard,
8e697c36873b,other,sharedassets0.assets,9060,169FranceButteryCroissant,name,Buttery Croissant,
9374777df504,other,sharedassets0.assets,9061,170FranceFreshBaguette,name,Fresh Baguette,
18075768d157,other,sharedassets0.assets,9062,171FranceFancyCheese,name,Fancy Cheese,
aa8b0a802835,other,sharedassets0.assets,9063,172FranceFrenchBeret,name,French Beret,
6511da9e2732,other,sharedassets0.assets,9064,173FranceAccordion,name,Accordion,
74ef4fa155d5,other,sharedassets0.assets,9065,174FranceWineBottle,name,Wine Bottle,
3151938f88e6,other,sharedassets0.assets,9066,175KinkyHotWaxCandles,name,Hot Wax Candles,
e38066a66b34,other,sharedassets0.assets,9067,176KinkySilkBlindfold,name,Silk Blindfold,
4ce3cf2410ce,other,sharedassets0.assets,9068,177KinkySpikedChoker,name,Spiked Choker,
4ec5a64d5f25,other,sharedassets0.assets,9069,178KinkyFuzzyHandcuffs,name,Fuzzy Handcuffs,
260558a4b0bf,other,sharedassets0.assets,9070,179KinkyLeatherWhip,name,Leather Whip,
9147027d05b4,other,sharedassets0.assets,9071,180KinkyBallGag,name,Ball Gag,
8a70e828fd7e,other,sharedassets0.assets,9072,181WinterEarMuffs,name,Ear Muffs,
dc49f47f4b2a,other,sharedassets0.assets,9073,182WinterWarmMittens,name,Warm Mittens,
e989754be634,other,sharedassets0.assets,9074,183WinterSnowGlobe,name,Snow Globe,
a570b2567efa,other,sharedassets0.assets,9075,184WinterIceSkates,name,Ice Skates,
61ca2c3e44cf,other,sharedassets0.assets,9076,185WinterSnowSled,name,Snow Sled,
c0aeaa84da9f,other,sharedassets0.assets,9077,186WinterSnowboard,name,Snowboard,
67fa70f2cb4f,other,sharedassets0.assets,9078,187NursingBandages,name,Bandages,
b3b5e8913e21,other,sharedassets0.assets,9079,188NursingStethoscope,name,Stethoscope,
ce4e53220769,other,sharedassets0.assets,9080,189NursingMedicalClipboard,name,Medical Clipboard,
2b3d8a2e4e1f,other,sharedassets0.assets,9081,190NursingMedicineBottle,name,Medicine Bottle,
e858ab5c500e,other,sharedassets0.assets,9082,191NursingFirstAidKit,name,First-Aid Kit,
6f93d8ef8d46,other,sharedassets0.assets,9083,192NursingNurseUniform,name,Nurse Uniform,
ecaf14f35f46,other,sharedassets0.assets,9084,265TreasureSnakeFlute,name,Snake Flute,
fcdec80f1ea8,other,sharedassets0.assets,9085,266TreasureJeweledTurban,name,Jeweled Turban,
f3b0da062f0d,other,sharedassets0.assets,9086,267TreasureFeatherFan,name,Feather Fan,
b5fc838bba3b,other,sharedassets0.assets,9087,268TreasureScarabPendant,name,Scarab Pendant,
e15b024de553,other,sharedassets0.assets,9088,269TreasureAntiqueVase,name,Antique Vase,
f0152dcb08fe,other,sharedassets0.assets,9089,270TreasureGoldenCatStatue,name,Golden Cat Statue,
ea5ec76f474d,other,sharedassets0.assets,9090,271CasinoPokerChips,name,Poker Chips,
bfdffd3f8747,other,sharedassets0.assets,9091,272CasinoLuckyDice,name,Lucky Dice,
20463c2958f5,other,sharedassets0.assets,9092,273CasinoPlayingCards,name,Playing Cards,
ed56075bc27f,other,sharedassets0.assets,9093,274CasinoDealersCap,name,Dealer's Cap,
e2391425423b,other,sharedassets0.assets,9094,275CasinoRouletteWheel,name,Roulette Wheel,
2f6ce09e5894,other,sharedassets0.assets,9095,276CasinoSlotMachine,name,Slot Machine,
405a68aec455,other,sharedassets0.assets,9096,145PlushiesStuffedBear,name,Stuffed Bear,
3b74e22ce062,other,sharedassets0.assets,9097,299PlushiesStuffedKyu,name,Kyu Plushie,
f567c771de61,other,sharedassets0.assets,9098,037DrinksBeer,name,Beer,
05d0f37581a8,other,sharedassets0.assets,9099,038DrinksSake,name,Sake,
e9e11cb7901a,other,sharedassets0.assets,9100,039DrinksWine,name,Wine,
103d16fb0bd6,other,sharedassets0.assets,9101,040DrinksChampagne,name,Champagne,
3c005d839c1d,other,sharedassets0.assets,9102,041DrinksPinacolada,name,Pina Colada,
ead076d1bb99,other,sharedassets0.assets,9103,042DrinksDaiquiri,name,Daiquiri,
845af6636226,other,sharedassets0.assets,9104,043DrinksMojito,name,Mojito,
4235b117d01a,other,sharedassets0.assets,9105,044DrinksLimeMargarita,name,Lime Margarita,
938f5e8cf008,other,sharedassets0.assets,9106,045DrinksMartini,name,Martini,
7ae49a703b31,other,sharedassets0.assets,9107,046DrinksCocktail,name,Cocktail,
114ad1733cbc,other,sharedassets0.assets,9108,047DrinksLemondrop,name,Lemon Drop,
842bbd891364,other,sharedassets0.assets,9109,048DrinksWhisky,name,Whisky,
88d51c4b87c5,other,sharedassets0.assets,9110,049AcademyDecorativePens,name,Decorative Pens,
47eebf73b3d2,other,sharedassets0.assets,9111,050AcademyGlossyNotebook,name,Glossy Notebook,
3cb8c3d07647,other,sharedassets0.assets,9111,050AcademyGlossyNotebook,shortName,Notebook,
ddc6b2417389,other,sharedassets0.assets,9112,051AcademyGraduationCap,name,Graduation Cap,
8e1338f793d5,other,sharedassets0.assets,9113,052AcademyTextbooks,name,Textbooks,
6bdba76d228e,other,sharedassets0.assets,9114,053AcademyGirlyBackpack,name,Girly Backpack,
7f725c650d5c,other,sharedassets0.assets,9115,054AcademyLaptopPro,name,Laptop Pro,
591f0433dc5e,other,sharedassets0.assets,9116,055ToysOldFashionedYoyo,name,Old Fashioned Yoyo,
25e71d46e1b7,other,sharedassets0.assets,9116,055ToysOldFashionedYoyo,shortName,Yoyo,
6d0195829917,other,sharedassets0.assets,9117,056ToysPuzzleCube,name,Puzzle Cube,
e333f9119821,other,sharedassets0.assets,9118,057ToysSudokuBooks,name,Sudoku Books,
4db35d423473,other,sharedassets0.assets,9119,058ToysDartBoard,name,Dart Board,
1333bd0c992e,other,sharedassets0.assets,9120,059ToysBoardGame,name,Board Game,
ef8a685a506c,other,sharedassets0.assets,9121,060ToysChessSet,name,Chess Set,
3e925c6bbb51,other,sharedassets0.assets,9122,061FitnessWaterBottle,name,Water Bottle,
9d3f630c56d9,other,sharedassets0.assets,9123,062FitnessCardioWeights,name,Cardio Weights,
e8cd11cb29e4,other,sharedassets0.assets,9124,063FitnessSkippingRope,name,Skipping Rope,
60681f4e88ba,other,sharedassets0.assets,9125,064FitnessKettleBell,name,Kettle Bell,
80253c0a40ce,other,sharedassets0.assets,9126,065FitnessBoxingGloves,name,Boxing Gloves,
041aefa95556,other,sharedassets0.assets,9127,066FitnessPunchingBag,name,Punching Bag,
5efd17becd6c,other,sharedassets0.assets,9128,067RaveBabyBinky,name,Baby Binky,
b8d84a4c1e6c,other,sharedassets0.assets,9129,068RaveBeadBracelet,name,Bead Bracelet,
7275a0f6c533,other,sharedassets0.assets,9130,069RaveGlowSticks,name,Glow Sticks,
cc606620c0ef,other,sharedassets0.assets,9131,070RaveRainbowWig,name,Rainbow Wig,
548a818c541d,other,sharedassets0.assets,9132,071RaveFuzzyBoots,name,Fuzzy Boots,
7925549e6fbf,other,sharedassets0.assets,9133,072RaveFairyWings,name,Fairy Wings,
ca8794185ca8,other,sharedassets0.assets,9134,073SportsTennisBalls,name,Tennis Balls,
0c5d3be5c536,other,sharedassets0.assets,9135,074SportsTennisRacket,name,Tennis Racket,
e072d80aac53,other,sharedassets0.assets,9136,075SportsFlyingDisc,name,Flying Disc,
825f8389ded4,other,sharedassets0.assets,9137,076SportsBasketBall,name,Basket Ball,
487d08614563,other,sharedassets0.assets,9138,077SportsVolleyBall,name,Volley Ball,
263824e84ba2,other,sharedassets0.assets,9139,078SportsSoccerBall,name,Soccer Ball,
65cb0899852f,other,sharedassets0.assets,9140,079ArtistSketchingPencils,name,Sketching Pencils,
20ec8955a0e0,other,sharedassets0.assets,9140,079ArtistSketchingPencils,shortName,Pencils,
9ca8f619239e,other,sharedassets0.assets,9141,080ArtistPaintBrushes,name,Paint Brushes,
9652b70fd5e6,other,sharedassets0.assets,9142,081ArtistDrawingMannequin,name,Drawing Mannequin,
8516a401f3bb,other,sharedassets0.assets,9142,081ArtistDrawingMannequin,shortName,Mannequin,
5605467d03b8,other,sharedassets0.assets,9143,082ArtistSketchPad,name,Sketch Pad,
e1e35dc2ca5c,other,sharedassets0.assets,9144,083ArtistPaintPalette,name,Paint Palette,
c547e4157f25,other,sharedassets0.assets,9145,084ArtistCanvas&Easel,name,Canvas & Easel,
d9da07f3522b,other,sharedassets0.assets,9146,085BakingBakingUtensils,name,Baking Utensils,
8dfc00c3002b,other,sharedassets0.assets,9147,086BakingMeasuringCup,name,Measuring Cup,
ba3de303e035,other,sharedassets0.assets,9148,087BakingRollingPin,name,Rolling Pin,
811b138af12a,other,sharedassets0.assets,9149,088BakingOvenTimer,name,Oven Timer,
c662bf5a8b61,other,sharedassets0.assets,9150,089BakingMixingBowl,name,Mixing Bowl,
ce561a292509,other,sharedassets0.assets,9151,090BakingOvenMitts,name,Oven Mitts,
15052fc11d77,other,sharedassets0.assets,9152,091YogaYogaBelt,name,Yoga Belt,
b03f7e582222,other,sharedassets0.assets,9153,092YogaYogaBlocks,name,Yoga Blocks,
bd786db3acb4,other,sharedassets0.assets,9154,093YogaYogaBag,name,Yoga Bag,
62775a26428b,other,sharedassets0.assets,9155,094YogaYogaMat,name,Yoga Mat,
b783ede348b3,other,sharedassets0.assets,9156,095YogaYogaBall,name,Yoga Ball,
88c0a60f3ab0,other,sharedassets0.assets,9157,096YogaYogaOutfit,name,Yoga Outfit,
a71cd7acf5e0,other,sharedassets0.assets,9158,097DancerTangoRose,name,Tango Rose,
db06b90b4a36,other,sharedassets0.assets,9159,098DancerSweatbands,name,Sweatbands,
41087d5b0f8a,other,sharedassets0.assets,9160,099DancerLegWarmers,name,Leg Warmers,
af5956d43974,other,sharedassets0.assets,9161,100DancerDancingFan,name,Dancing Fan,
ce446e3d6a68,other,sharedassets0.assets,9162,101DancerPinkTutu,name,Pink Tutu,
aa06bdcc0398,other,sharedassets0.assets,9163,102DancerStripperPole,name,Stripper Pole,
173572a1d923,other,sharedassets0.assets,9164,103AquariumSyntheticSeaweed,name,Synthetic Seaweed,
7e8b151e3740,other,sharedassets0.assets,9164,103AquariumSyntheticSeaweed,shortName,Seaweed,
c5fc134359fa,other,sharedassets0.assets,9165,104AquariumSyntheticCoral,name,Synthetic Coral,
45cb7985ef84,other,sharedassets0.assets,9166,105AquariumTankGravel,name,Tank Gravel,
2744678cd531,other,sharedassets0.assets,9167,106AquariumBagOfGoldfish,name,Bag of Goldfish,
60a76a96731f,other,sharedassets0.assets,9168,107AquariumFishyCastle,name,Fishy Castle,
fe3de6cd4b0d,other,sharedassets0.assets,9169,108AquariumFishTank,name,Fish Tank,
688ba333b1b3,other,sharedassets0.assets,9170,109ScubaSwimmersCap,name,Swimmers Cap,
a7eb38dc8264,other,sharedassets0.assets,9171,110ScubaGoggles,name,Goggles,
1ce43b3aebc7,other,sharedassets0.assets,9172,111ScubaSnorkel,name,Snorkel,
538257027fdf,other,sharedassets0.assets,9173,112ScubaFlippers,name,Flippers,
6877f9a4194a,other,sharedassets0.assets,9174,113ScubaLifesaver,name,Lifesaver,
848252ec7c1d,other,sharedassets0.assets,9175,114ScubaDivingTank,name,Diving Tank,
ded4940d9c0d,other,sharedassets0.assets,9176,115GardenFlowerSeeds,name,Flower Seeds,
fe28d7c3daff,other,sharedassets0.assets,9177,116GardenGardenShovel,name,Garden Shovel,
ca9e293f15f1,other,sharedassets0.assets,9178,117GardenFlowerPots,name,Flower Pots,
9aee35c2908f,other,sharedassets0.assets,9179,118GardenWateringCan,name,Watering Can,
005948e7c7b1,other,sharedassets0.assets,9180,119GardenGardenGnome,name,Garden Gnome,
b2d80a6a7abb,other,sharedassets0.assets,9181,120GardenWoodenBirdhouse,name,Wooden Birdhouse,
f6622c8e30ad,other,sharedassets0.assets,9181,120GardenWoodenBirdhouse,shortName,Birdhouse,
1bb62f8506e9,other,sharedassets0.assets,9182,289MiscTissueBox,name,Tissue Box,
dfbc1970d3cf,other,sharedassets0.assets,9183,290MiscDirtyMagazine,name,Dirty Magazine,
b30d4c41e430,other,sharedassets0.assets,9184,291MiscWeirdThing,name,Weird Thing,
99f964ecc23b,other,sharedassets0.assets,9185,292MiscLovePotion,name,Love Potion,
1c9eb426b3b9,other,sharedassets0.assets,9186,277PantiesTiffany,name,Tiffany's Panties,
7cebcafaf62c,other,sharedassets0.assets,9187,278PantiesAiko,name,Aiko's Panties,
afa2e57eea4c,other,sharedassets0.assets,9188,279PantiesKyanna,name,Kyanna's Panties,
032659f9d604,other,sharedassets0.assets,9189,280PantiesAudrey,name,Audrey's Panties,
0d146837b3d4,other,sharedassets0.assets,9190,281PantiesLola,name,Lola's Panties,
ff389921b0e6,other,sharedassets0.assets,9191,282PantiesNikki,name,Nikki's Panties,
39ca667ac5be,other,sharedassets0.assets,9192,283PantiesJessie,name,Jessie's Panties,
4d235df5b4fb,other,sharedassets0.assets,9193,284PantiesBeli,name,Beli's Panties,
3a92ad6b3b25,other,sharedassets0.assets,9194,285PantiesKyu,name,Kyu's Panties,
b5cf91374666,other,sharedassets0.assets,9195,286PantiesMomo,name,Momo's Panties,
d401829ceae1,other,sharedassets0.assets,9196,287PantiesCeleste,name,Celeste's Panties,
2658edba2d24,other,sharedassets0.assets,9197,288PantiesVenus,name,Venus' Panties,
1433a2986764,other,sharedassets0.assets,9198,193CheerleaderDoubleHairBow,name,Double Hair Bow,
97accd060e6c,other,sharedassets0.assets,9198,193CheerleaderDoubleHairBow,shortName,Hair Bow,
065c900a5092,other,sharedassets0.assets,9199,194CheerleaderGlitterBottles,name,Glitter Bottles,
8a2acf73280c,other,sharedassets0.assets,9200,195CheerleaderTwirlyBaton,name,Twirly Baton,
16e4c6aa1632,other,sharedassets0.assets,9201,196CheerleaderMegaphone,name,Megaphone,
c43c9d87192e,other,sharedassets0.assets,9202,197CheerleaderPompoms,name,Pom-poms,
2b5d6a94b07c,other,sharedassets0.assets,9203,198CheerleaderCheerleadingUniform,name,Cheerleading Uniform,
9f9193fb603e,other,sharedassets0.assets,9203,198CheerleaderCheerleadingUniform,shortName,Cheer Uniform,
347ba2d2f2b2,other,sharedassets0.assets,9204,199JapanChopsticks,name,Chopsticks,
7fac37cf1617,other,sharedassets0.assets,9205,200JapanRiceballs,name,Riceballs,
6890f4093844,other,sharedassets0.assets,9206,201JapanBonsaiTree,name,Bonsai Tree,
cf85ff50e9fa,other,sharedassets0.assets,9207,202JapanWoodenSandals,name,Wooden Sandals,
1a626d82843a,other,sharedassets0.assets,9208,203JapanKimono,name,Kimono,
38a78aa1bc4c,other,sharedassets0.assets,9209,204JapanSamuraiHelmet,name,Samurai Helmet,
6857a97fd3e4,other,sharedassets0.assets,9210,205MexicoMaracas,name,Maracas,
363e21e56e63,other,sharedassets0.assets,9211,206MexicoSombrero,name,Sombrero,
d8ffffae18b5,other,sharedassets0.assets,9212,207MexicoPoncho,name,Poncho,
20cda44ecd49,other,sharedassets0.assets,9213,208MexicoLuchadorMask,name,Luchador Mask,
73238b8dd2c0,other,sharedassets0.assets,9214,209MexicoPinata,name,Pinata,
c15c37f12687,other,sharedassets0.assets,9215,210MexicoVinuela,name,Vinuela,
8483e7157ffe,other,sharedassets0.assets,9216,211NarcoticsCigarettePack,name,Cigarette Pack,
1a25e049fb0b,other,sharedassets0.assets,9217,212NarcoticsLighter,name,Lighter,
f7876a8adc3d,other,sharedassets0.assets,9218,213NarcoticsGlassPipe,name,Glass Pipe,
49fe257b8384,other,sharedassets0.assets,9219,214NarcoticsGlassBong,name,Glass Bong,
23bafd8bdf0f,other,sharedassets0.assets,9220,215NarcoticsBlotterTabs,name,Blotter Tabs,
196a38e6095f,other,sharedassets0.assets,9221,216NarcoticsHappyPills,name,Happy Pills,
10a521e2b15e,other,sharedassets0.assets,9222,217TravelWingPin,name,Wing Pin,
49a3f9624347,other,sharedassets0.assets,9223,218TravelCompass,name,Compass,
265b9f07d574,other,sharedassets0.assets,9224,219TravelPilotsCap,name,Pilot's Cap,
ac776eafdfdd,other,sharedassets0.assets,9225,220TravelTravelSuitcase,name,Travel Suitcase,
2535844bdba9,other,sharedassets0.assets,9226,221TravelRollingLuggage,name,Rolling Luggage,
193e3b8edffd,other,sharedassets0.assets,9227,222TravelHighDefCamera,name,High Def Camera,
41b3545955fb,other,sharedassets0.assets,9228,223GamingRetroController,name,Retro Controller,
46c44640d04c,other,sharedassets0.assets,9229,224GamingArcadeJoystick,name,Arcade Joystick,
75d6a38b977c,other,sharedassets0.assets,9230,225GamingZappyGun,name,Zappy Gun,
20eb8d7e0d80,other,sharedassets0.assets,9231,226GamingGamerGlove,name,Gamer Glove,
ea2a946eae40,other,sharedassets0.assets,9232,227GamingHandheldGame,name,Handheld Game,
34377849c2c6,other,sharedassets0.assets,9233,228GamingArcadeCabinet,name,Arcade Cabinet,
c2c37204f435,other,sharedassets0.assets,9234,229FestiveMistletoe,name,Mistletoe,
98b2a8c7f559,other,sharedassets0.assets,9235,230FestiveGingerbreadMan,name,Gingerbread Man,
fe66451aa384,other,sharedassets0.assets,9236,231FestiveRoundOrnament,name,Round Ornament,
63d201dccac0,other,sharedassets0.assets,9237,232FestiveRibbonWreath,name,Ribbon Wreath,
b0d31bec62c7,other,sharedassets0.assets,9238,233FestiveFuzzyStocking,name,Fuzzy Stocking,
9f55582879d8,other,sharedassets0.assets,9239,234FestiveJollyOldCap,name,Jolly Old Cap,
a395494f5066,other,sharedassets0.assets,9240,235NatureAcorns,name,Acorns,
0ea73fda8731,other,sharedassets0.assets,9241,236NatureMapleLeaf,name,Maple Leaf,
70c07a1b2aec,other,sharedassets0.assets,9242,237NaturePinecone,name,Pinecone,
d6efc073a0ef,other,sharedassets0.assets,9243,238NatureMushrooms,name,Mushrooms,
524ff1752d79,other,sharedassets0.assets,9244,239NatureSeashell,name,Seashell,
53a03ababf09,other,sharedassets0.assets,9245,240NatureFourLeafClover,name,Four Leaf Clover,
56db7a1dc056,other,sharedassets0.assets,9246,241FunStuffEnduranceRing,name,Endurance Ring,
e4584719cdc1,other,sharedassets0.assets,9247,242FunStuffPocketVibe,name,Pocket Vibe,
995b3c240197,other,sharedassets0.assets,9248,243FunStuffFairysTail,name,Fairy's Tail,
1b00086a6517,other,sharedassets0.assets,9249,244FunStuffBlissBeads,name,Bliss Beads,
f12a5c3227b9,other,sharedassets0.assets,9250,245FunStuffMagicWand,name,Magic Wand,
4bfd7ab5908b,other,sharedassets0.assets,9251,246FunStuffRoyalScepter,name,Royal Scepter,
bcc4f7dbfbf3,other,sharedassets0.assets,9252,247CatToysBallOfYarn,name,Ball of Yarn,
fffb926fea08,other,sharedassets0.assets,9253,248CatToysLatticeBall,name,Lattice Ball,
f5855e3ce941,other,sharedassets0.assets,9254,249CatToysSqueakyMouse,name,Squeaky Mouse,
80fd16500867,other,sharedassets0.assets,9255,250CatToysFeatherPole,name,Feather Pole,
8b6c12986797,other,sharedassets0.assets,9256,251CatToysLaserPointer,name,Laser Pointer,
149088af1861,other,sharedassets0.assets,9257,252CatToysScratchPost,name,Scratch Post,
3f6e60dd9fdd,other,sharedassets0.assets,9258,253OuterspaceModelRocketShip,name,Model Rocket,
c69a7e705d2d,other,sharedassets0.assets,9259,254OuterspaceMiniatureUFO,name,Miniature UFO,
2790a50c51cc,other,sharedassets0.assets,9260,255OuterspaceArmillarySphere,name,Armillary Sphere,
0c848d3a58e6,other,sharedassets0.assets,9261,256OuterspaceTelescope,name,Telescope,
b883a920e688,other,sharedassets0.assets,9262,257OuterspaceSpaceHelmet,name,Space Helmet,
55196d69dc3e,other,sharedassets0.assets,9263,258OuterspaceMoonrock,name,Moonrock,
57adce142922,other,sharedassets0.assets,9264,259GemstonesSapphire,name,Sapphire,
2cfd0ea4ef0e,other,sharedassets0.assets,9265,260GemstonesRuby,name,Ruby,
8b860ed23fd0,other,sharedassets0.assets,9266,261GemstonesEmerald,name,Emerald,
1620e0aa9662,other,sharedassets0.assets,9267,262GemstonesTopaz,name,Topaz,
b46ad41a7018,other,sharedassets0.assets,9268,263GemstonesAmethyst,name,Amethyst,
d89575d86f9e,other,sharedassets0.assets,9269,264GemstonesDiamond,name,Diamond,
973ff873f630,other,sharedassets0.assets,9270,DateLocationBotanticalGarden,fullName,Botanical Garden,
db2d231a12c4,other,sharedassets0.assets,9270,DateLocationBotanticalGarden,name,Garden,
57f5039b7398,other,sharedassets0.assets,9271,DateLocationCarnival,fullName,Corkscrew Carnival,
90e41c632eb2,other,sharedassets0.assets,9271,DateLocationCarnival,name,Carnival,
dde31f479449,other,sharedassets0.assets,9272,DateLocationCasino,fullName,Gold Falls Casino,
bb60621c24bf,other,sharedassets0.assets,9272,DateLocationCasino,name,Casino,
b4bc759bea7b,other,sharedassets0.assets,9273,DateLocationFancyResturant,fullName,Vinnie's Restaurant,
9795d861dbdb,other,sharedassets0.assets,9273,DateLocationFancyResturant,name,Restaurant,
58c18c346f58,other,sharedassets0.assets,9274,DateLocationFarmersMarket,fullName,Farmers Market,
04e978785db1,other,sharedassets0.assets,9274,DateLocationFarmersMarket,name,Market,
b27e3459cea0,other,sharedassets0.assets,9275,DateLocationHikingTrail,fullName,Hiking Trail,
0fb2c6b73fec,other,sharedassets0.assets,9275,DateLocationHikingTrail,name,Trail,
7ef551728c42,other,sharedassets0.assets,9276,DateLocationHotSpring,fullName,Hot Spring,
506a3d30f796,other,sharedassets0.assets,9276,DateLocationHotSpring,name,Spring,
a37bac12a874,other,sharedassets0.assets,9277,DateLocationIceRink,fullName,Ice Rink,
33ea7c3b1a3e,other,sharedassets0.assets,9277,DateLocationIceRink,name,Rink,
86f5146ba93a,other,sharedassets0.assets,9278,DateLocationOutdoorLounge,fullName,Outdoor Lounge,
229f766483d8,other,sharedassets0.assets,9278,DateLocationOutdoorLounge,name,Lounge,
5a14cbab22da,other,sharedassets0.assets,9279,DateLocationScenicOverlook,fullName,Scenic Overlook,
80636727d882,other,sharedassets0.assets,9279,DateLocationScenicOverlook,name,Overlook,
a312cc8d174a,other,sharedassets0.assets,9280,DateLocationTennisCourts,fullName,Tennis Courts,
ef8dd28e2433,other,sharedassets0.assets,9280,DateLocationTennisCourts,name,Courts,
756bd0df34e3,other,sharedassets0.assets,9281,DateLocationWaterPark,fullName,Water Park,
d19ba8b248a8,other,sharedassets0.assets,9281,DateLocationWaterPark,name,Park,
d8bc1b21aa7f,other,sharedassets0.assets,9282,SpecialDateLocationHome,fullName,Your Bedroom,
fef70e862799,other,sharedassets0.assets,9282,SpecialDateLocationHome,name,Bedroom,
d410f24e43bb,other,sharedassets0.assets,9283,LocationBar,fullName,Bar & Lounge,
80e86c3a59e4,other,sharedassets0.assets,9283,LocationBar,name,Bar,
85b78c1f81f0,other,sharedassets0.assets,9284,LocationBeach,fullName,Turtle Bay Beach,
01e9c93b5645,other,sharedassets0.assets,9284,LocationBeach,name,Beach,
17b44afb7405,other,sharedassets0.assets,9285,LocationCafe,fullName,Nutmeg Cafe,
5cb653be5316,other,sharedassets0.assets,9285,LocationCafe,name,Cafe,
70762a42fb0b,other,sharedassets0.assets,9286,LocationCampus,fullName,University Campus,
22038d5ec131,other,sharedassets0.assets,9286,LocationCampus,name,Campus,
98124f49dfbd,other,sharedassets0.assets,9287,LocationGym,fullName,Fitness Club,
ea81174860ae,other,sharedassets0.assets,9287,LocationGym,name,Gym,
417fd8006972,other,sharedassets0.assets,9288,LocationMall,fullName,Shopping Mall,
5f1c6f47f986,other,sharedassets0.assets,9288,LocationMall,name,Mall,
163aeba061c3,other,sharedassets0.assets,9289,LocationNightclub,fullName,Lusties Nightclub,
79dded22c796,other,sharedassets0.assets,9289,LocationNightclub,name,Nightclub,
0e616af8df67,other,sharedassets0.assets,9290,LocationPark,fullName,Dawnwood Park,
5cd499b33d92,other,sharedassets0.assets,9290,LocationPark,name,Park,
d503018a35b9,other,sharedassets0.assets,9291,SpecialLocationHome,fullName,Your Bedroom,
3ec826be234d,other,sharedassets0.assets,9291,SpecialLocationHome,name,Bedroom,
c0fbe67cf09f,other,sharedassets0.assets,9337,BrokenHeartPuzzleToken,name,Broken Heart Token,
3a22755a4fe4,other,sharedassets0.assets,9338,PassionPuzzleToken,name,Passion Token,
de3bc567dfcb,other,sharedassets0.assets,9339,RomancePuzzleToken,name,Romance Token,
d983b709076f,other,sharedassets0.assets,9340,SentimentPuzzleToken,name,Sentiment Token,
330929f5cb65,other,sharedassets0.assets,9341,SexualityPuzzleToken,name,Sexuality Token,
fab420159e7c,other,sharedassets0.assets,9366,FlirtationTrait,name,Flirtation,
03ba236586bf,other,sharedassets0.assets,9367,PassionTrait,name,Passion,
cc2055570d51,other,sharedassets0.assets,9368,RomanceTrait,name,Romance,
f167aeb63ee9,other,sharedassets0.assets,9369,SensitivityTrait,name,Sensitivity,
4e43826af913,other,sharedassets0.assets,9370,SexualityTrait,name,Sexuality,
5286e40e64ba,other,sharedassets0.assets,9371,TalentTrait,name,Talent,
46e5589a0082,other,sharedassets0.assets,9379,,data.text,Next Mood,
08e552465018,other,sharedassets0.assets,9434,,data.text,PayPal Backers,
ec903ba81dfb,other,sharedassets0.assets,9437,,data.text,Tooltip,
a3748fc6acc4,other,sharedassets0.assets,9438,,data.text,Item Value,
79af93b2dbd5,other,sharedassets0.assets,9439,,data.text,Tooltip,
499fa1ee51f5,other,sharedassets0.assets,9451,,data.text,Kickstarter Backers,
2532ef84eaf3,other,sharedassets0.assets,9455,,data.text,Item Description,
503cd62d1075,other,sharedassets0.assets,9457,,data.text,Mood Needed: 0,
893a97c22b04,other,sharedassets0.assets,9487,,data.text,Moodname (x1),
e24dadc714ea,other,sharedassets0.assets,9496,,data.text,Action Label,
731350f8e6e1,other,sharedassets0.assets,9497,,data.text,Talk option content goes here...,
6255d96abf6f,other,sharedassets0.assets,9498,,data.text,Voice Actresses,
4223df40a2cc,other,sharedassets0.assets,9501,,data.text,Item Type  |  Item Set,
0f86ad980cb4,other,sharedassets0.assets,9513,,data.text,"Music Team
",
9c78bba00553,other,sharedassets0.assets,9539,,data.text,Talk option content goes here...,
b2e48c49adb8,other,sharedassets0.assets,9552,,data.text,Sub Label,
0f325ffb6b9d,other,sharedassets0.assets,9554,,data.text,"Art Team
",
eab6c605a278,other,sharedassets0.assets,9634,,data.text,Version: 1.2.0,
f451b704cd6e,other,sharedassets0.assets,9657,,data.text,Talk option content goes here...,
20edbddd173e,other,sharedassets0.assets,9673,,data.text,Copr. 2015 HuniePot,
bcf1d4209c68,other,sharedassets0.assets,9697,,data.text,Uncensored,
9049d6a4720b,other,sharedassets0.assets,9703,,data.text,Particle Limit,
e1945a330e80,other,sharedassets0.assets,9706,,data.text,Sub Label,
430e53fb7a04,other,sharedassets0.assets,9718,,data.text,Passion,
3b1e1cabbfc3,other,sharedassets0.assets,9732,,data.text,Action Label,
9f115b844a46,other,sharedassets0.assets,9736,,data.text,Wednesday 05,
0b8e73e73e75,other,sharedassets0.assets,9757,,data.text,Sub Label,
6bbadebb959b,other,sharedassets0.assets,9758,,data.text,Talk option content goes here...,
7bb65b4404dc,other,sharedassets0.assets,9790,,data.text,Talk option content goes here...,
03066bff9a61,other,sharedassets0.assets,9800,,data.text,Action Label,
0e9db5e90824,other,sharedassets0.assets,9953,,data.text,Adjust Aspect,
7df601c79301,other,sharedassets0.assets,10009,,data.text,Screen View,
e7be5769d3f9,other,sharedassets0.assets,10059,,data.text,Flirtation,
75ca3aa877bd,other,sharedassets0.assets,10161,,data.text,Volume Control,
0fc7763696b1,other,sharedassets0.assets,10235,,data.text,Luck,
9df3b3f3d7fa,other,sharedassets0.assets,10365,,data.text,Favorite Drink,
48c595d7d9c8,other,sharedassets0.assets,10394,,data.text,Alcohol Tolerance,
b6eeab0fd035,other,sharedassets0.assets,10458,,data.text,Your Gender,
11e41e290360,other,sharedassets0.assets,10464,,data.text,Likes Food Types,
fa678267a331,other,sharedassets0.assets,10470,,data.text,Action Label,
66071a4e2e24,other,sharedassets0.assets,10506,,data.text,Sub Label,
b03ea5b6ecce,other,sharedassets0.assets,10509,,data.text,Likes Gift Types,
a0ef9d95e9eb,other,sharedassets0.assets,10542,,data.text,Sub Label,
fc130738664c,other,sharedassets0.assets,10584,,data.text,Charisma,
6a7e85ddf205,other,sharedassets0.assets,10588,,data.text,Loves Gift Type,
846f680aead1,other,sharedassets0.assets,10625,,data.text,Difficulty,
99a04e943ef8,other,sharedassets0.assets,10628,,data.text,Action Label,
b9af2d598a8b,other,sharedassets0.assets,10631,,data.text,Unique Gift Type,
3fb3dbd154cd,other,sharedassets0.assets,10647,,data.text,Fav Season,
1565fe6fba92,other,sharedassets0.assets,10662,,data.text,Action Label,
c31acb378c6c,other,sharedassets0.assets,10698,,data.text,Sub Label,
bb8b7dc1a7ed,other,sharedassets0.assets,10710,,data.text,Least Desired Trait,
01a9562ae6e5,other,sharedassets0.assets,10755,,data.text,Fav Color,
a007d0ce5171,other,sharedassets0.assets,10784,,data.text,Romance,
f637981c8b2a,other,sharedassets0.assets,10811,,data.text,Fav Hangout,
56f49fbf322c,other,sharedassets0.assets,10883,,data.text,Hobby,
c3ce682f2196,other,sharedassets0.assets,10923,,data.text,Birthday,
4abbfb6a7c6c,other,sharedassets0.assets,10964,,data.text,Voice Over,
8436df37d499,other,sharedassets0.assets,10993,,data.text,Cup Size,
b8fdd71d37d5,other,sharedassets0.assets,11033,,data.text,Height,
216d8cdfa4b3,other,sharedassets0.assets,11097,,data.text,Weight,
aa16b4fd5de9,other,sharedassets0.assets,11110,,data.text,Save Data #1,
405b809dfae9,other,sharedassets0.assets,11130,,data.text,Sexuality,
d793bbbc2f18,other,sharedassets0.assets,11132,,data.text,Occupation,
b09a8badbc17,other,sharedassets0.assets,11159,,data.text,Wednesday 05,
819022fbe806,other,sharedassets0.assets,11195,,data.text,Education,
9b46dae3875b,other,sharedassets0.assets,11230,,data.text,Age,
c8398e1ddb40,other,sharedassets0.assets,11243,,data.text,Afternoon,
79138f7436f2,other,sharedassets0.assets,11250,,data.text,Kyanna,
7a8543906fb0,other,sharedassets0.assets,11268,,data.text,Lusties Nightclub,
ffd0fe58e3e0,other,sharedassets0.assets,11285,,data.text,Sensitivity,
6bcaefb58780,other,sharedassets0.assets,11335,,data.text,Last Name,
0f4c6906599e,other,sharedassets0.assets,11442,,data.text,Lusties Nightclub,
494044533bcd,other,sharedassets0.assets,11460,,data.text,Kyanna,
10b04cf6b30f,other,sharedassets0.assets,11466,,data.text,Afternoon,
816e2359ccd8,other,sharedassets0.assets,11484,,data.text,Wednesday 05,
525df431d2cc,other,sharedassets0.assets,11526,,data.text,Save Data #1,
58c26f0958df,other,sharedassets0.assets,11555,,data.text,Talent,
42c1fd26ba79,other,sharedassets0.assets,11650,,data.text,Lusties Nightclub,
4ffce23a8932,other,sharedassets0.assets,11662,,data.text,Kyanna,
07c6742a62ba,other,sharedassets0.assets,11666,,data.text,Afternoon,
00189b690e05,other,sharedassets0.assets,11678,,data.text,Wednesday 05,
9384ce6558c9,other,sharedassets0.assets,11706,,data.text,Save Data #1,
ead2e5db481f,other,sharedassets0.assets,11764,,data.text,Save Data #1,
badbd5a02e9f,other,sharedassets0.assets,11792,,data.text,All Rights Reserved,
338111a5b9b4,other,sharedassets0.assets,11804,,data.text,Afternoon,
3f2c5c32b7d5,other,sharedassets0.assets,11808,,data.text,Kyanna,
2c28f1519b5f,other,sharedassets0.assets,11820,,data.text,Lusties Nightclub,
3418207bb47f,other,sharedassets0.assets,12032,,data.text,Select Default Outfit,
a4df5556b786,other,sharedassets0.assets,12035,,data.text,Most Desired Trait,
627e3e0033d8,other,sharedassets0.assets,12081,,data.text,Select Default Haircut,
50da398e8ef5,ui,sharedassets0.assets,8609,DateActionMenuItem,labelText,Ask on Date,
1e54ca4a6ee7,ui,sharedassets0.assets,8610,FinderActionMenuItem,labelText,Girl Finder,
6e7d82abd2ce,ui,sharedassets0.assets,8611,GiftActionMenuItem,labelText,View Inventory,
37c7f5a806b5,ui,sharedassets0.assets,8612,ProfileActionMenuItem,labelText,Check Profile,
4d356a8d5ea9,ui,sharedassets0.assets,8613,StoreActionMenuItem,labelText,Purchase Gifts,
cdd46a94ec02,ui,sharedassets0.assets,8614,TalkActionMenuItem,labelText,Talk With Her,
0f0844110ac9,ui,sharedassets0.assets,9523,,labelText,Low,
075d3789e465,ui,sharedassets0.assets,9666,,labelText,Medium,
51e4bd7658c7,ui,sharedassets0.assets,9679,,labelText,High,
3792469c8cf1,ui,sharedassets0.assets,9985,,labelText,Windowed,
2e665cc31c1a,ui,sharedassets0.assets,9993,,labelText,Full Screen,
5a45ac4b2ef2,ui,sharedassets0.assets,10433,,labelText,Female,
80a84121a737,ui,sharedassets0.assets,10441,,labelText,Male,
27919888b95b,ui,sharedassets0.assets,10642,,labelText,Easy,
bf6dbba72b7a,ui,sharedassets0.assets,10650,,labelText,Normal,
ede8aefb7ef8,ui,sharedassets0.assets,10749,,labelText,Hard,
3c0cdae8513e,ui,sharedassets0.assets,10854,,labelText,Boops,
2311af8a3ddd,ui,sharedassets0.assets,10942,,labelText,Full Voice,
