sample_id,category,occurrences,text,pt_BR
7ea5b6cf9560,other,12,C Cup,
dee885cbbaac,other,12,Spring,
ea795c4c3081,other,10,Lusties Nightclub,
bb5f22d676f8,other,9,Autumn,
11c8ee051c97,other,9,Kyanna,
3b571433be6d,other,9,Winter,
53b885fe5c79,other,8,5 Feet 4 Inches,
f093598c4b0a,other,8,D Cup,
f9c97fd0e65b,dialogue,7,I hope to see you again soon.,
ea2cc32560a5,other,7,Audrey,
0277c2c70be5,other,7,DD Cup,
c5476e8bb129,other,7,Summer,
b0d6696be472,item,6,A delicious and healthy snack for the health conscious consumer.,
173099086577,item,6,A sweet and juicy tropical treat packed with vitamins and minerals.,
5952adc974cf,item,6,What could it be? Open it up and see what's inside!,
50b8ae5bb688,other,6,5 Feet 7 Inches,
e24dadc714ea,other,6,Action Label,
e12ae93ba299,other,6,Bar & Lounge,
b2e48c49adb8,other,6,Sub Label,
3a1fdda83d7b,other,5,23 Years Old,
621066d5a90d,other,5,5 Feet 0 Inches,
d81eb9299cf5,other,5,5 Feet 2 Inches,
6203ec15fa77,other,5,Aiko,
8ae0948a9725,other,5,B Cup,
3f0e0baebcdc,other,5,Jessie,
05f1e616eb10,other,5,Nutmeg Cafe,
731350f8e6e1,other,5,Talk option content goes here...,
60d1d1461f48,other,5,University Campus,
f5e7fe9b59b4,other,5,You're a university student.,
aff8a8a22159,other,5,You've dropped out of high school.,
762121829d65,other,5,You've graduated with a two year degree.,
1ff9b5968f04,other,5,You've only finished high school.,
ae158ff8867d,dialogue,4,Oh...····· hey.,
9073f55794f4,dialogue,4,"Okay,······· I'm here.····· So, now what?",
ba2e2b729d01,other,4,+moves,
52fd38d9f7ba,other,4,104 lbs,
3f7234601e4c,other,4,109 lbs,
a1d424d432a3,other,4,132 lbs,
fa1ce8365567,other,4,21 Years Old,
0c3b62085cbf,other,4,5 Feet 8 Inches,
aed17697e3f3,other,4,5 Feet 9 Inches,
4a92300dec13,other,4,A Cup,
c8398e1ddb40,other,4,Afternoon,
49735cd97715,other,4,Beli,
45b690300842,other,4,Dawnwood Park,
ddd5b1640508,other,4,Gleamy Gold,
40cf67299dbd,other,4,Hot Springs,
3102dc396fd9,other,4,Ice Rink,
acefa3e9f48d,other,4,Meditation,
18fd3efc38f3,other,4,Milky Pink,
36f0a2dec35f,other,4,My Bedroom,
0a8abd59017d,other,4,Nikki,
406aacd765fe,other,4,October 2nd,
aa16b4fd5de9,other,4,Save Data #1,
1df239e14079,other,4,September 1st,
29eb284748b6,other,4,Shopping,
442cdea7d112,other,4,Shopping Mall,
12efd884ea63,other,4,Swimming,
9f115b844a46,other,4,Wednesday 05,
2bc8ff567130,other,4,You're a university professor.,
96d144427f65,other,4,You're an adult actress.,
baf7b6825e55,other,4,You're an airline stewardess.,
c5b01ad9a456,other,4,You're currently enrolled in college.,
67d31d72b66c,dialogue,3,Don't be afraid to take a chance but try not to scare her off.,
fd098435aa70,dialogue,3,Open up with something safe to try and get on her good side.,
80c26628777f,dialogue,3,Say something really stupid to try and cheer her up.,
ebf374a538fc,dialogue,3,She's looking for a decent girl so try not to be an asshole.,
4a63a4689fd2,dialogue,3,She's looking for a decent guy so try not to be an asshole.,
f73b790ab9fe,dialogue,3,Take charge and don't let any of her bullshit get to me.,
e52fea5d7be8,dialogue,3,That my weirdness might actually pay off so just be myself.,
f38dd415a165,dialogue,3,The nice girl shit wasn't going to cut it so I had to be aggressive.,
e376bd5dc7ea,dialogue,3,The nice guy shit wasn't going to cut it so I had to be aggressive.,
ccac1ba676aa,dialogue,3,To quickly say something to her before she had a chance to get away.,
62a4297ab606,dialogue,3,"Uhhh...····· yeah,····· okay.····· Bye...",
b81f23088414,dialogue,3,You've graduated with a four year degree.,
cd3403d4bd81,dialogue,3,sex,
243deeaa00fa,dialogue,3,success,
be92ac559a6f,other,3,110 lbs,
00b3ecf07e33,other,3,112 lbs,
e129d1a87e90,other,3,122 lbs,
7ad6a8e043e4,other,3,126 lbs,
d4b667d97692,other,3,128 lbs,
ea2c9bea8ceb,other,3,20 Years Old,
9fca0e5e69e6,other,3,24 Years Old,
9b8bd3d2aa77,other,3,28 Years Old,
ece2d0c421b5,other,3,32 Years Old,
c2227a9cb3b7,other,3,5 Feet 6 Inches,
e97a9888d201,other,3,August 3rd,
4209042326bc,other,3,Baby Blue,
5d6f462baad8,other,3,Beige Cream,
51a9f1913849,other,3,December 22nd,
00c86815af31,other,3,Drinking,
47505d033154,other,3,February 23rd,
4ee0ad4a8f5b,other,3,Fitness Club,
62bc16f38129,other,3,Gaming,
ee9a1207528f,other,3,Gold Falls Casino,
d7b31439f5af,other,3,Hiking Trail,
8438152658e1,other,3,Hot Pink,
a431b9e3227e,other,3,January 27th,
438811b51842,other,3,July 20th,
6847a781eaad,other,3,Lilac Purple,
fc020ac6c3f7,other,3,Lola,
1de828179021,other,3,Lounging Around,
f4be3c8de283,other,3,March 16th,
0f52f4106626,other,3,May 13th,
97a68dbc4169,other,3,Mint Green,
68d5f9dc7144,other,3,November 9th,
0409b20ea2b6,other,3,Ocean Blue,
b254e8ab9739,other,3,Park,
d6d026c801fb,other,3,Pearl White,
a3675db3f186,other,3,Sleeping,
1a97b9d0d0f8,other,3,Tennis,
497756dda6e5,other,3,Tiffany,
e34d4eb17d03,other,3,Turtle Bay Beach,
bc8bf9ae2d7d,other,3,Velvet Red,
f0368dd26ca8,other,3,Watching Porn,
22a7b658460c,other,3,You're a cafe barista.,
3edab6b3160f,other,3,You're a salon hairdresser.,
ea2a510a52d2,other,3,You're a yoga instructor.,
c4cabd14d513,dialogue,2,Ahhh!,
6c104aff9773,dialogue,2,"Awww,····· you remembered!",
88c6ea2ae656,dialogue,2,Awwwww!,
74bfd81abbe0,dialogue,2,Beautiful!,
0a5087e7ad47,dialogue,2,Bye!,
2a3780b7a90a,dialogue,2,Cheers!,
406eb073b126,dialogue,2,Deuces!,
c67269268f87,dialogue,2,Exceptional...,
89246c0246e9,dialogue,2,Good Evening.,
1370d5b51ee8,dialogue,2,Good Morning.,
18f4863fac8f,dialogue,2,Goodnight!,
a956c3590663,dialogue,2,Hahahahaha!,
333d8490bb32,dialogue,2,Hahahahahahaha!,
50ea157a2b2a,dialogue,2,I don't know... I guess I'm still searching for that answer.,
b97dfc313fe7,dialogue,2,I love it!,
67ed1fb50101,dialogue,2,I'm lucky if I can keep it together for two weeks.,
fb97ae80f55f,dialogue,2,Let me ask you something...,
699375519a4f,dialogue,2,My longest? Probably a year and some change.,
b19c71d121fd,dialogue,2,Not bad...,
336d91f7ecef,dialogue,2,Peace!,
e832069ad977,dialogue,2,See ya.,
ad47195f92f8,dialogue,2,Sleep well.,
f9a28a181dc6,dialogue,2,Take care!,
108703bf56c0,dialogue,2,Take it easy.,
d18946def146,dialogue,2,Thank you so much!,
868d4dfea975,dialogue,2,Thank you!,
93d4e19df62f,dialogue,2,Thank you.,
d70f75d4e8b5,dialogue,2,Thanks!,
953c834e0b92,dialogue,2,Until next time...,
8e7ffea81891,dialogue,2,What day was I born on?,
85a09bc4a9c9,dialogue,2,Yeah?,
fde333f22ad6,dialogue,2,You shouldn't have!,
c4baaacda0b8,dialogue,2,afternoon,
0eb82be1def5,dialogue,2,evening,
01d684d2e437,dialogue,2,failure,
36104d01ae39,dialogue,2,hates,
b3ec4ba444b2,dialogue,2,loves,
68bc91f17c2c,dialogue,2,morning,
71c9fb0284c4,dialogue,2,night,
747330e2d3b0,other,2,+passion_level,
2cc6dea0e40a,other,2,100 lbs,
9f2e5e01a824,other,2,102 lbs,
1cd0bb5b0d56,other,2,130 lbs,
254dbfd621c7,other,2,18 Years Old,
a5d8c8204f91,other,2,36 Years Old,
64c368695a16,other,2,April 6th,
a40bfa7e99f2,other,2,Bar,
9793966cf05e,other,2,Beach,
fef70e862799,other,2,Bedroom,
554598842a6e,other,2,Black,
c51243f64df5,other,2,Cafe,
3ac3db8fe1b5,other,2,Carnival,
1b565138bbe5,other,2,Casino,
0b44ba2921bd,other,2,Charisma,
484c017bd8ff,other,2,Cheerleading,
5290d156cab0,other,2,Cloud Kingdom,
fab420159e7c,other,2,Flirtation,
612749636245,other,2,Gambling,
0b89e27d74a6,other,2,Girls,
2320f67b1bd1,other,2,Good old fashion missionary position.,
cf074ea81007,other,2,I like to give it from behind.,
d8e4901489dd,other,2,I'm a pretty big fan of oral.,
d9c3edd189d8,other,2,June 25th,
541c16adccf6,other,2,Jupiter,
af6789c35ba8,other,2,Love City,
cc94853c1ff7,other,2,Luck,
776421857f3e,other,2,Mall,
dad25c43a628,other,2,Mango,
5ff0a60cbecf,other,2,Market,
51dc76a0414a,other,2,Maye,
b03db7d97a5f,other,2,Nightclub,
289da65ea3d8,other,2,Outdoor Lounge,
03ba236586bf,other,2,Passion,
cc2055570d51,other,2,Romance,
6311b0c87ad4,other,2,Scenic Overlook,
f167aeb63ee9,other,2,Sensitivity,
e8bf9641fd00,other,2,"Several years, it was pretty serious.",
4e43826af913,other,2,Sexuality,
15090fa6d85a,other,2,Sherbet Orange,
be6fc9c8ac74,other,2,Shiny Silver,
3b8e8421aba4,other,2,Sky Garden,
5286e40e64ba,other,2,Talent,
ec903ba81dfb,other,2,Tooltip,
9c8f4450b589,other,2,Venus,
9ae2b7d6066a,other,2,Vinnie's Restaurant,
e49dc0ddb461,other,2,Working Out,
d1c91c0b898c,other,2,You've graduated with a six year degree.,
d8bc1b21aa7f,other,2,Your Bedroom,
1e54ca4a6ee7,ui,2,Girl Finder,Busca girls
d91b6ec79b84,dialogue,1,*aa*··*aacc*················ Good to see you again...,
01fb1fa83828,dialogue,1,"*aaaaaaaaaaacc*··· Oh boy...·········· same shit different day, eh?",
73dd7634d8a9,dialogue,1,*aaaaaaaaacc*····· I can't even look··· at food right now.,
847b09493c45,dialogue,1,"*aaaaaaaacc*···I'm sorry,············· was that supposed to be romantic?",
781321c1c065,dialogue,1,*aaaaaaaacc*····· Mmmhmm...?,
4fe7ba0253eb,dialogue,1,*aaaaaaaacc*·········· Not baaaaaaad...····················· But I'll have to give you some pointers next time.,
1c46f09a75ad,dialogue,1,*aaaaaaaccc*····· Try again.,
457d31d98575,dialogue,1,*aaaaaacc*Hehehehe···he.,
fe40424a8db1,dialogue,1,*aaaaaacc*··· I was up way too late last night.,
440ea97f9814,dialogue,1,*aaaaaacc*····· How...····· disappointing...,
97ccb4532259,dialogue,1,"*aaaaaacccc* Gooooood,····· this feels soooo nice...",
4a901582a5ef,dialogue,1,*aaaaaacccc*····· Just as I was expecting...,
d47ac90793a2,dialogue,1,*aaaaaacccc*·····I'm··· tired.············· Maybe I'll just stay over tonight.····· Is that okay...?,
43262187a9b6,dialogue,1,*aaaaaacccc*·····My legs are soooo tired...········ you should carry me!,
b32a80882849,dialogue,1,*aaaaaacccc*·····Today is going to be a good day.,
cbc8b394dbe4,dialogue,1,*aaaaacc*····· Too much...,
92910508ce82,dialogue,1,*aaaaacc*····· Well anybody could have gotten that.,
17d810a273b7,dialogue,1,*aaaaacc*·····Already asked that one.,
3fa629b5230f,dialogue,1,*aaaaacccc* Figures...,
0bdc7f0283ed,dialogue,1,*aaaacc* Never mind...,
e3728f133b57,dialogue,1,*aaaacc*....another unworthy suitor.,
0659886b09c6,dialogue,1,*aaaacc*You're so stupid!,
2538dcdfdd22,dialogue,1,*aaaacc*··I'm heartbroken!,
4c03fd8684cf,dialogue,1,*aaaacc*····· I'm insulted!,
4780194c6bc8,dialogue,1,"*aaaacc*····· Oh, yeah.········ Reeaalllly Impressive.",
b87f98231551,dialogue,1,*aaaacc*·····At least I can smoke in here.,
3bb5c2f3b295,dialogue,1,*aaaacc*·····Finally...,
6c1673c3a1bf,dialogue,1,*aaaacc*·····Hahahahahaha!,
1aaa0f1addec,dialogue,1,*aaaacc*·····I don't think I could eat another bite...,
d0f76f5bbf25,dialogue,1,*aaaacc*·····I know!····· Even my friends can be so plastic sometimes.,
2853d1edbc95,dialogue,1,*aaaacc*·····I should have stopped while I was ahead.,
42764db29a29,dialogue,1,*aaaacc*·····I'm such a lightweight.,
91c86c5000d5,dialogue,1,"*aaaacc*·····Puh-leese,············ you've got to be able to do better than that.",
cd4fa00d7046,dialogue,1,*aaaacc*·····So good to see you!,
f92a51257765,dialogue,1,*aaaacc*·····That's terrible!,
be0516cc63be,dialogue,1,*aaaacc*·····What a day.····· I need to unwind.,
99f6801f2161,dialogue,1,*aaaacc*·····Where do I start?,
5869cc1c2f3d,dialogue,1,*aaaacc*·····Why!?,
cc5713e5da7c,dialogue,1,*aaaacc*·····You jerk!·····*hahahaha*,
b10bbd52ed9b,dialogue,1,*aaaacc*·····You think...····· I'm cute?,
4ffbe06f22c4,dialogue,1,*aaaacc*·····Yummy!,
fde567b2cc2e,dialogue,1,*aaaacc*········· Alright...········ I'll handle this.·········· You're dismissed.,
28d643478f62,dialogue,1,*aaaacc*············This is more like it.,
c5a6d5f11fe9,dialogue,1,*aaaaccc*··You did this to me*eee*...,
02de871bf782,dialogue,1,*aaaaccc*·····*cccc*·····I should be getting to sleep too.·····,
0109bfa28218,dialogue,1,*aaaaccc*·····Mmmm...····· gonna be a tired kinda day.,
23f8535b083c,dialogue,1,*aaaaccc*·····Thanks for the sex homie.,
88a96cc738d1,dialogue,1,*aaaaccc*·····Typical earthling...,
c7f32483ed41,dialogue,1,*aaaaccc*·····What am I gonna do with you?,
303ea983037e,dialogue,1,*aaaaccc*·····You are impossible...,
e81127514766,dialogue,1,*aaaacc········*You're too much!············· I'll have to remember to get you something nice.,
e30ec735502d,dialogue,1,*aaaaoooo*··You're·· so·· dumb...·····,
cc9226664171,dialogue,1,*aaacc*·····Get with the program.····· We only like certain gifts!,
3cce095c908f,dialogue,1,"*aaacc*·····No, trust me,······· that's just her.············ I've had to deal with her before.",
0c8ba502e583,dialogue,1,*aaacc*·····They don't care...,
e70d7bb99175,dialogue,1,"*aaaccc*··Seriously,·········· tell me,······· how long have you been waiting for this to happen?",
6deeed05f0a8,dialogue,1,"*aaaccc*·····It's fine,····· just go with it;····· it's gonna be great.",
3a9da9de99b8,dialogue,1,"*aaacccc*·····Funny,········ but let's leave the sarcasm to me,········ alright?",
cfbb20790155,dialogue,1,*aacc*This····· is what we refer to·· as····· a mega bitch.····· Confidence is key here.,
32ba9baf1d6d,dialogue,1,*aacc*···*ccaaaacc*····· Do your worst...,
1c1596cf5a88,dialogue,1,*aaccc* Your turn!,
96e129d8704c,dialogue,1,*caac**cccc*···*cccc**cccc*···*aaa**aaac**ccaacc**ccaacc**ccaacc**ccaacc**ccaacc**ccaacc*·····,
94161747ebe1,dialogue,1,*caac*·····*cccaaacc*···*caac*···*ccaacc*·····*ccaacc*·····*ccaacc**ccaacc**ccaacc**ccaacc**ccaacc**ccaacc**ccaacc*,
96f28c44f962,dialogue,1,"*cac*··*cac*··*cac**ccaacc*·····*yes,··· more*·····*ccaacc*·····*ccaacc**ccaacc**ccaacc**ccaacc**ccaacc*",
c307dec6a990,dialogue,1,"*cc*Mmmm,····· lucky me running into you like this!",
ee07c957fe17,dialogue,1,*cc*Mmmm-*cc*mmm!····· How am I supposed to stop eating this shit?,
dc59666a5ef4,dialogue,1,*ccaacc**ccaacc*·····*ccaacc*·····*ccaaccccaacc**ccaacc**ccaacc**ccaacc**ccaacc**ccaacc**ccaacc**ccaacc*,
8dccf0db01c7,dialogue,1,*ccaacc*··*cac*···*caac*·····ohhh yeah·····*ccaacc**ccaacc*·····*ccaacc*·····*ccaacc*·····*ccaacc*·····,
bcb96b5193dd,dialogue,1,*ccaacc*···*ccaacc*···*ccaacc**ccaacc**ccaacc*···*ccaacc*···············*ccccaaaaaaaaaaaaaacccc*······························,
b7f8ac99cbb4,dialogue,1,*ccaacc*···*ccaacc*·····*ccaacc*·····*ccaacc*·····*ccaacc*···*ccaacc*···············*ccccaaaaaaaaaaaaaacccc*···············,
7d66c8fca71c,dialogue,1,*ccaacc*···*ccaacc*········*ccaacc*··········*ccaacc*············*ccaacc*···············*ccaacc*···············*ccccaaaaaaaaaaaaaacccc*···············,
fa9706bfd1cf,dialogue,1,*ccaacc*···*cccc*··*cccc*,
8d1ffbefcc15,dialogue,1,*ccaacc*·····*caac*·····*doont stoop*··*cccc*··*caac*·····*ccaacc**ccaacc**ccaacc**ccaacc**ccaacc**ccaacc**ccaacc*,
2ecf8cc29fee,dialogue,1,*ccaacc*·····*cac*···*ccaacc*···*ccaacc*···*cccaaaaccc*·····*ccaacc**ccaacc**ccaacc**ccaacc**ccaacc**ccaacc**ccaacc*,
436ae0d3e3db,dialogue,1,*ccaacc*·····*ccaacc*····*caac*·····*cccaaaaccc*·····*cccaaaccc*·····*ccaacc*·····*ccaacc**ccaacc**ccaacc**ccaacc*,
f5163b468bf1,dialogue,1,*cccc*·····Was she as good as I imagine?,
dfe591639853,dialogue,1,*cccc*·····Why you gotta be like that?····· Will you cut me a break over here?,
cbd5bd4f29af,dialogue,1,*cccccc*···For a second I thought you were going to say something else.,
b6f4ff2a3d66,dialogue,1,*cccccccc*·····Do we really have to get up?····· Let's just stay in bed...,
4351c8116009,dialogue,1,*cccccccc*·····Your bed is like a dream.····· I feel so rested and relaxed.,
fa1f43ee36b1,dialogue,1,*cmcmcmcmcm*·····This part never gets old.,
ecd9abf9a0a7,dialogue,1,"*haaah*·····No, but seriously.",
7962ee2d5456,dialogue,1,"*haha*··*hahahaha*·····Nooo,····· I like the birds.",
eee8efa804dc,dialogue,1,*hahaha*·····*heh*·····Well at least I don't have to worry about stamina...,
103f21879844,dialogue,1,*hahaha*··········How are classes going?,
e7eb935771ac,dialogue,1,*hahahaha**aaa*···The water is soooo··· cold.············· I like it out here in the sun.,
cb82b07abdae,dialogue,1,*hahahaha*Shut up.·····*haah*····· You know what I mean.,
f870664af117,dialogue,1,"*hahahaha*···*hah*···You realize,····· this makes you my official plaything,····· hmm?",
f7f222b60d67,dialogue,1,"*hahahaha*···What are you trying to say?...····· Just kidding,····· thanks!",
0ddf3fcb5241,dialogue,1,*hahahaha*·····*ccc*·····I just keep picturing myself falling on my butt.,
7c62fea15b18,dialogue,1,*hahahaha*·····*eee*·····I have a hard time believing that one.,
45526f8ae6cf,dialogue,1,*hahahaha*·····*ha*···You just keep on surprising me...,
7af4d7457704,dialogue,1,"*hahahaha*·····*haah*·····Somehow,····· I'm not so sure I believe that.",
4f1c6fdf3ae8,dialogue,1,*hahahaha*·····I think you and I are going to get along just fine...,
c591af6c6950,dialogue,1,"*hahahaha*·····Nah, I'm crazy real.····· I just hid myself from everyone so I can give you advice on the sidelines.",
edfe386d78db,dialogue,1,*hahahaha*·····Nice try!,
4cc8942eda28,dialogue,1,*hahahaha*·····Now I know we're soul mates.,
1f113a6ffd06,dialogue,1,"*hahahaha*·····Oh my god,····· are you serious?",
83dee5948d70,dialogue,1,*hahahaha*·····Stop it!,
f82529cbbbd1,dialogue,1,"*hahahaha*·····Uhhh,····· try again.",
b025d3a61582,dialogue,1,*hahahaha*·····We'll have to see about that...····· I'm pretty good myself.,
646f12a36ea2,dialogue,1,"*hahahaha*·····Well,····· yeah,····· I am pretty good...",
ce6958eaa153,dialogue,1,"*hahahaha*·····Yeah,····· but then what?····· I'm still bored!",
40c3a3cf5eeb,dialogue,1,*hahahaha*·····Yep!····· You got it!,
4a85c0ba4549,dialogue,1,"*hahahaha*·····You're such a clown.····· But,··· a funny one.",
7c9b4bae08c5,dialogue,1,"*hahahahaha*···Oh my god,····· seriously?",
5e47781b3896,dialogue,1,*hahahahaha*····· It took forever to find my bra this morning.····· How did it end up across the room?,
6aab2603b6ba,dialogue,1,*hahahahaha*·····*cccc*·····Did you really just say that?············· I don't think I've ever heard that one before.,
589929b90ed2,dialogue,1,*hahahahaha*·····At least you're honest.,
157a0185afbc,dialogue,1,"*hahahahaha*·····Awww,··· you don't mean that...",
766c78d5e4e3,dialogue,1,*hahahahaha*·····For a second I wasn't sure you were gonna get it!,
8f93dfcf41bf,dialogue,1,*hahahahaha*·····I haven't enjoyed myself like that in a while.,
1f5a1e499581,dialogue,1,*hahahahaha*·····I think I'm still a little sore from last night.,
eeb858f8543d,dialogue,1,*hahahahaha*·····Is that so?,
359f956192a8,dialogue,1,"*hahahahaha*·····Sooo,··· I take it work is good?",
7de1e33895f9,dialogue,1,"*hahahahaha*·····Yo,··· whatever...····· Think again.",
21a06b5f4150,dialogue,1,*hahahahaha*·····You sure about that?,
2f4641107c6b,dialogue,1,*hahahahaha*·······Is that the case?········ I'm glad I could be of service.,
38bb26a31623,dialogue,1,*hahahahaha*········It worked.····· You look wicked cool.,
5d11b2efc6f8,dialogue,1,*hahahahaha*··········Get the fuck out of here with that shit!,
d51447ecc6c3,dialogue,1,"*hahahahaha*··········With you?················ Uhhh,················ yeah,·············· sure,·············· whatever.·········· Just don't get your hopes up.",
f8f884444226,dialogue,1,*hahahahahaha*Is that sooo?·····,
176193bbce27,dialogue,1,*hahahahahaha*···*ha*···Well I hope you remember where it was.,
3de3292fa01f,dialogue,1,"*hahahahahaha*····· Uh, Hi...",
eb1da1b5a99e,dialogue,1,"*hahahahahaha*····· You're looking at her.·········· Venus,····· the goddess of love.",
880f6cdfca75,dialogue,1,"*hahahahahaha*·····*cccc*·····Of course!····· What was I thinking?············· I'm sorry honey,········ won't happen again.",
19e5b6807cc4,dialogue,1,"*hahahahahaha*·····*cccc*·····Okay,··· now that one I know I've never heard before.",
baa7f3a324bf,dialogue,1,"*hahahahahaha*·····No...······· no.······· God no.·········· Besides,····· I was on the clock.",
c616aa202e87,dialogue,1,*hahahahahaha*·····Thanks.····· I try.,
f0974454b22d,dialogue,1,*hahahahahahaha*·····Oh my god!····· Could you please be more racist?,
9009c2b3825b,dialogue,1,*hahahahahahahaha* You wish!,
2b085e8e59ce,dialogue,1,*hahahahahahahaha*··········I ask myself the same thing··· all the time.,
074df811035d,dialogue,1,*hahahahahahahahahaha*·····Of course!··············· Now I see why you came up to me.,
653afcb19ad9,dialogue,1,*hahahahahahahahahahahahaha*·····*ccaaaacc*········ Good luck...,
2cc9fb505323,dialogue,1,"*hehe*Yo,····· shut······· up.········· You're killin' my dream.····· You know you loved it.",
63d771854a9f,dialogue,1,*hehehe*·····Shut up! You're such a dork.,
de966efabc9c,dialogue,1,"*hehehe*·····Yeah right,····· you wish!",
9a6027ee1432,dialogue,1,"*hehehehe* Come on,·· give me a break.····· Stop teasing me!",
a7a84b64b845,dialogue,1,*hhmmmm*·····Why are they always confused?,
6b8174e3054f,dialogue,1,*hmmm*···I bet you were...,
06d0fe86c438,dialogue,1,*iii*I...·········· Oohhhh...······· you really think I'm attractive...?,
9527a3306d69,dialogue,1,*mmmhhhmmmhhh*·····Aren't they?····· What can I say?····· I'm blessed.,
2d9981908b3d,dialogue,1,"*oh my god,····· yeah*·····*ccccmmmm*·····*ccaacc*·····*ccaacc*·····*ccaacc**ccaacc**ccaacc**ccaacc**ccaacc**ccaacc*",
ab3333ca37d6,dialogue,1,...aaand··· what exactly am I supposed to do with...·· that?,
bd051c3b92e6,dialogue,1,...and here I was looking forward to this.,
5ad7f13dbb3d,dialogue,1,...and just why would you want to learn more about me?,
ea922ab6e612,dialogue,1,...and let you walk out of my life forever?,
13bafcaa84c0,dialogue,1,"A big house, fancy cars, exotic trips... the best life has to offer.",
b9916c11ba4c,dialogue,1,A bit too early for me...,
06ac5d8d55b4,dialogue,1,"A date?·········· Oh,··· that's adorable!············· I'd love to go on a date with you.",
6ff25666c6e2,dialogue,1,A gift?····· For me?····· Thank you.····· How can I repay you?,
6060a47ec6b8,dialogue,1,A girl with a lot of emotional baggage doesn't work for me.,
9311764612ac,dialogue,1,"A little bit is okay, but I prefer the more natural look.",
a2d5a9669d0c,dialogue,1,"A romantic candle lit dinner, followed by a moonlit walk on the beach.",
270538f89de0,dialogue,1,A teacher? You must be like really smart.,
1592f391f71b,dialogue,1,A thing?····· What kinda thing?·· A treat!?,
46ff6df1d182,dialogue,1,"A threesome... no, a foursome! As many girls as you can fit on a bed.",
dbaf0fc15a88,dialogue,1,A toast!·········· To the beautiful····· love goddess!,
1dc23472fb0c,dialogue,1,"AMICE Maxim, Matthew Potter, Aiden ""Numbers"" Schaefer, Bradley Pabatang, David ""Socratics101"" Chang, Derrick Pilgrim Jr, Miguel Lollett, T. Cook, Timmothy Clarke, Aaron Reishaun Dixon, Accelsharp, Alex Martin, Alexis Helen, Alice Gutierrez, Almost Human, Andrew Mark Cathie, B ""King of Anime"" T, Benjamin Aurin, Boehmi, Cabbage, Charles Russell, Closet Pervert, Crystal Young, Daniel M Nguyen, Dark Mystic Squatter 69, Dylan Smith, Eddie Arenas, epeeguy, Erik Konpaku, Ethan Chiang, F. Javier Leon, FrostBlue, Incredible_Scarf, Jared Katz, Jens Schunck, Jim Cates, John Allen IV, John Smith Tardis, Johnathan Smithwick, Joshua Miller, Juryel, Justin Groves, Jyles Cinco, Kaazmo, Kaggie Kendall, Keeper O Books, Kellen McIntyre, Kenny Good, Lazgodie, Mathias Boogh, Matt, Maxwell Franklin, Michael B., Michan, Mikael Knall, Nico Schmitz, Ominous Nominous, Pablo Tourino, Patrick Regling, Patrick Shimizu, Paul ""Shimraa"" Webb, PkkFrank, Quackk_Attack, Quill Kirkland, Sebastian Berger, ShadowFox, Shining Arrow, shinobi, Shiori Misaka, Sonny Le, Sprout, Taon Bower, The Gamer GJMCJG, tofuji, Tyarian Solvluna, Ultramatic, Valkyri, Venron, webJoker, William Bryant, Wraith, Yuji Sato, Yurii ""Saodhar"" Furtat, zack wood, ZackFair(Joel), Zuhur Abdo",
de3f01f7dce4,dialogue,1,Aaaaaaaaaahhhhh...,
9105cf91630d,dialogue,1,"About a week, I think it's good to make them sweat a little.",
259fbb42bfe2,dialogue,1,About as often as I do it when I'm single.,
e97335795ad3,dialogue,1,About time a man who knows what he's doing shows up in my life.,
bd5da5e08ab5,dialogue,1,About time a woman who knows what she's doing shows up in my life.,
60d9828f3e58,dialogue,1,About time...,
82cf065f166a,dialogue,1,About··· time!·········· I gotta say I wasn't sure if you were gonna pull it off.,
06431bd4b268,dialogue,1,Absolutely beautiful.······· Look at all these colors.,
8283f7cf4e5d,dialogue,1,Absolutely·· shameful.············ You're in the presence of a goddess!,
2cf574554328,dialogue,1,"Accomplishing the goals you set for yourself, whatever they might be.",
73f433df829b,dialogue,1,"Actually,····· I have a pounding headache right now.····· Can we do this later please?",
81b10176f389,dialogue,1,"Admittedly,·········· the food down here·········· isn't half bad.",
a5e8edcbbe68,dialogue,1,Afraid not.····· This is totally happening.,
d275e67aa7ce,dialogue,1,Ah-ha!········ Got you!······· You've already asked me that.····· Pay attention!,
c9546e0ab3eb,dialogue,1,Ahh!,
15e624faf322,dialogue,1,Ahhh the hot spring...····· a classic dating sim staple.,
189aeadbdbdb,dialogue,1,"Ahhh,··· coooome *ooooo*ooon.··············· You're not going to make me sit here and drink all by myself are you?",
989bd56232f0,dialogue,1,"Ahhh,····· the mega bitch.····· You wanna know the crazy thing about her?····· She was a virgin before you.····· Go figure.·····",
54fa42fdcb2b,dialogue,1,"Ahhh,····· what?····· I hope you're not serious.",
ab5acc3b6415,dialogue,1,Ahhh...····· feels good to be done with classes for the day.,
d533f00c9b17,dialogue,1,"Ahhhh, this job has it's perks...",
9b63e3860db0,dialogue,1,"Ahhhh,·· I'd love to...",
a61420ff8440,dialogue,1,"Ahhhh...····· the smell of fresh produce.········ Ehh,····· am I weird?",
2aaf92680e92,dialogue,1,Ahhhhh...····· this is soooo··· relaxing.············· Jab me if I start to doze off.,
2d7b8d0ec263,dialogue,1,Ahhhhh...····· this is what I deserve...····· to be pampered.,
6224b6826b26,dialogue,1,Ahhhhhh...,
fa106828896a,dialogue,1,Ahhhhhhhhhhhh...············ how soooooothing...······················ A girl could get used to this.,
2b6615e5ce92,dialogue,1,"Aight,····· let's hurry!····· I don't want to be stuck in long lines all day!",
b95dbfc1199b,dialogue,1,All I can think about is food...,
e0cd89aba366,dialogue,1,All of my previous clients are basically walking babe magnets now.,
6b1c54d1cf7b,dialogue,1,"All the way on, so I can watch her eyes roll back into her head.",
8e2c39265493,dialogue,1,All these dishes sound gross.········ Let's skip to the dessert menu.,
275b83e37475,dialogue,1,All together I need twelve pairs of panties from you;····· each pair from a different girl.,
d71ddb49d4cb,dialogue,1,Alllrrriiiiight...····· let's see just how good you······· really are...,
6dff6711792d,dialogue,1,"Alright alcy!····· A little soon for that,····· no?",
915dec990598,dialogue,1,"Alright big shot,····· let's see if you can answer this...",
7c363148edb9,dialogue,1,"Alright dude,····· I'll see you later.",
55c6c9df1aff,dialogue,1,Alright then!,
98551ed93c83,dialogue,1,"Alright then,····· you've just earned yourself a new friend.····· My name is Celeste.·····",
883617218d0d,dialogue,1,Alright!,
81ec954550cc,dialogue,1,Alright!····· Saddle up!····· Let's do this shit!·····,
19dbd3d8daf0,dialogue,1,"Alright!····· That's it,····· that's twelve pairs of panties.········ ""Alpha Mode""··· activated!····· Good Luck!",
e6934355d898,dialogue,1,Alright!···················· This will be a good chance to get to know each other better.,
d209f97e6cd3,dialogue,1,"Alright, alright.",
d2e6b82f035c,dialogue,1,"Alright, alright... I'm up... I'm... zZzZzZz...",
f0e06fea16a7,dialogue,1,"Alright, you're gettin' good.·· Just don't get too cocky.·· No wait,··· do.··· Chicks dig that.·····",
10eeb020ea84,dialogue,1,"Alright,·· alright!····· How can I say no to that?",
d336983eb056,dialogue,1,"Alright,··· alright.····· You got lucky this time.",
98ce66ec4111,dialogue,1,"Alright,··· grab your shit,····· we're going on a date,··· right now.····· Someone has to show you the ropes.",
ab5bc5e3d5d7,dialogue,1,"Alright,····· I get it;····· alcohol.",
898339f9ee76,dialogue,1,"Alright,····· I'll try to make this quick.",
40cad039814f,dialogue,1,"Alright,····· alright.····· I've gone on long enough.",
a120ebcd1703,dialogue,1,"Alright,····· answer me this...",
58f76dfc3384,dialogue,1,"Alright,····· chill,····· chill...··· I ain't tryin' to pass out.",
4518d0c7c57f,dialogue,1,"Alright,····· fair enough.",
52564b0e5807,dialogue,1,"Alright,····· fine.····· But, I better not get my shoes muddy.",
a36716be0ae0,dialogue,1,"Alright,····· let's go,····· these pants aren't going to get in themselves.",
ad20c9b71a3c,dialogue,1,"Alright,····· let's review some of the basics...",
d10571cc82ca,dialogue,1,"Alright,····· ready?····· Get your game face on!",
d35eba7fc21f,dialogue,1,"Alright,····· rest easy!",
f6cea88d075c,dialogue,1,"Alright,····· we can probably cool it with that now.",
83efa2aefd55,dialogue,1,"Alright,····· whatever,····· I guess you've earned it.····· Take me back to your place.",
457ac03f04bc,dialogue,1,"Alright,········ just to loosen up a little.",
ffbf8c071f0a,dialogue,1,Alright.··· I'll admit it.··· You did good.,
c92477345b6a,dialogue,1,Alright.······· Don't party too hard tonight!,
575ffc8bfa36,dialogue,1,Am I drunk?·········· I think I may have gotten carried away again...,
a097281a2475,dialogue,1,Am I gonna have to pull the covers off?,
3ef80c0cfcd3,dialogue,1,Amazing!,
b572af32b8d2,dialogue,1,An ambitious and independent woman; a real go-getter.,
6e1361135b6f,dialogue,1,An angel?················ Are you sure you were watching the right kid? *hahahahahahahahaha*········,
5bcc5604dc35,dialogue,1,And how are we doing this morning?,
7d346773463b,dialogue,1,And to think... I almost had to cancel.······· What a shame that'd have been.,
bc177cd2e55f,dialogue,1,Annnd?,
94317b21561d,dialogue,1,Annnnnnd seeing as how you don't have any date gifts...····· I'm guessing I need to explain that too?,
872a24be4fa7,dialogue,1,Any time spent with somebody I care about is good enough.,
af0f78d44786,dialogue,1,Anything but the roller coaster... I am not getting on that thing!*haha*,
0566c1b755f4,dialogue,1,Anything you wanna talk about?,
972b753c15e1,dialogue,1,Apparently you've been with every beautiful girl in your town...········ within a remarkably short time...,
48c8830aad95,dialogue,1,"Appreciated,·········· this should sustain me for a short while.",
5d9618d9c0ee,dialogue,1,Approximately how old is your planet Earth?,
f1b67710b529,dialogue,1,Are all females of your species this incompetent?,
83cf5b1d7115,dialogue,1,Are all males of your species this incompetent?,
2ceb30218c96,dialogue,1,Are you for real right now?,
d3b0bf720c68,dialogue,1,Are you generally an optimistic or pessimistic person?,
f478d14cd3fb,dialogue,1,Are you good at sports?,
59497f19fd69,dialogue,1,Are you good with money?,
526578da9b13,dialogue,1,Are you happy with your body?,
827312c235f0,dialogue,1,Are you kidding?····· Fuck yeah!,
5d6d5b801e80,dialogue,1,Are you like following me around or something?,
343289d2653b,dialogue,1,Are you not feeling well or something?,
3df2bc24cb05,dialogue,1,Are you serious!?,
c6ceb74c6971,dialogue,1,Are you serious?,
7bacb4a243ed,dialogue,1,Are you sure this isn't too expensive!?····· I'd be fine with fast food.,
14a09d23d4e0,dialogue,1,Are you sure?,
72880eae8502,dialogue,1,Are you sure?····· This is amazing!,
2080cbc4fbef,dialogue,1,Are you sure?·········· I'm surprised you got this for me.····· Thank you.,
bec6a51bc86e,dialogue,1,Are you trying to get me drunk or kill me?,
489db6468ba8,dialogue,1,Are you trying to make me throw up?,
1392104d3303,dialogue,1,"As far as we all know,····· what event began the universe?",
41bda1e71007,dialogue,1,Asian chicks...·········· don't even get me started.,
54c401b1d6b0,dialogue,1,Ask me something about myself!,
4203a3551dc7,dialogue,1,"Aw man,····· I love this shit.",
ab5504b5e7b2,dialogue,1,"Aw man,····· is it that time already?",
81382f270056,dialogue,1,Aw shit.····· That's good.,
1f1760f45152,dialogue,1,"Aw shit········ are these cute or what?····· All pink and frilly;····· what a sweetheart,····· that girl.",
49a9bff96416,dialogue,1,Aw yeah!,
b760c93d41d2,dialogue,1,"Aw,··· nice!",
fdd9af1395dd,dialogue,1,"Aw,····· come on!····· I know I've told you before.",
af9e7e106682,dialogue,1,"Aw,····· hey,····· thanks for showing up!",
3da9dfdfa7ff,dialogue,1,"Aw,····· score.·········· You're not as big of a loser as I thought.",
047bf46b0494,dialogue,1,Awesome!,
e54642830482,dialogue,1,"Awesome,····· thanks so much.",
4d8e4974f398,dialogue,1,"Aww yeah!····· Sweet,····· thanks!",
1bb484344161,dialogue,1,"Aww, cute!",
43aa788e06fe,dialogue,1,"Aww, shit.····· It's morning already?····· We are way behind schedule.",
7f60c68b0f23,dialogue,1,Awww dude!····· This is so cool!,
2620bc25944d,dialogue,1,"Awww,·· you didn't have to do that...····· but,····· it certainly doesn't hurt.",
3665bbf66be2,dialogue,1,"Awww,··· thank you.············· Remind me to return the favor····· later...",
8549513c1744,dialogue,1,"Awww,··· that's cute.····· But I hope you've gotten better since.·····*hehehe*·····",
c0e926bed16d,dialogue,1,"Awww,····· baby,····· that's no fun.",
82aba9342041,dialogue,1,"Awww,····· thanks!········ You didn't have to do that!",
1e015dc9e737,dialogue,1,"Awww,····· this is so cute.····· What a neat idea.",
70d3d44fc26c,dialogue,1,"Awww,····· you too?·········· It seems like today's world has given up hope on true love.",
fafff016e3ac,dialogue,1,"Awww,····· you're the best.····· Thanks for taking me out!",
4757ff9c2755,dialogue,1,"Awww,······· have you come to see me?",
a07bd8c639f4,dialogue,1,"Awww,········ you really shou*hiccup*...····· Ummm,··· what was I saying?",
5df03faefb51,dialogue,1,"Awww,·········· you didn't have to go through the trouble.",
21aea01343c3,dialogue,1,Awwww shit...······· now I have to get you something.,
cad763a0a225,dialogue,1,"Awwww!····· Nooo,··· come on!",
d7960632321f,dialogue,1,Awwww!········ You do care...,
df5ea6d00bc3,dialogue,1,"Awwww, thanks.·········· I really need to stop neglecting my garden at home.",
814f601c237e,dialogue,1,"Awwww,····· I wish we could stay longer.····· I had a really great time.",
81499618e9e1,dialogue,1,"Awwww,····· I'll miss you!",
c4610ed75366,dialogue,1,"Awwww,····· that's so sweet of you.",
e1d1b7f0ddfa,dialogue,1,"Awwwww!····· But,····· but,·· pleeeeease?",
3a88614babab,dialogue,1,Awwwww!··············· I used to take my daughter here all the time when she was young.,
a88cbd03c4cf,dialogue,1,"Awwwww,·········· you're desperately attracted to me?·········· You're sweet.",
46f8b472ca72,dialogue,1,"Awwwww,··············· you want to take me out?····· Of course I'll go.···",
4fc431df5de8,dialogue,1,"Awwwwww,····· really?",
889bcf132b60,dialogue,1,"Awwwwwww,··············· how did you know I dabbled in art?",
f236bf57b82c,dialogue,1,Awwww·· shit...·········· I was afraid we might run into one of these.,
c5dfffed7475,dialogue,1,"Awwww··· man!····· Alright····· stop,····· stop.····· I can't believe I'm jealous of you right now.",
a547ef862bc6,dialogue,1,Awww··· yeah...····· that's the good stuff!,
4fb66593b85c,dialogue,1,"Aww·· dude,····· that hit the spot.",
df6b69a30b70,dialogue,1,"Aww··· man!·········· I love breakfast,····· best meal of the day hands down.",
d0408ce9263c,dialogue,1,Aww··· yeah!····· You read my mind.,
32aca2faf60a,dialogue,1,"A··· fair?·········· *aaaaaacc*······ Alright,········· as long as nobody touches me.",
a482fec8090d,dialogue,1,"Baby,····· I'm curious...",
e99cc9512576,dialogue,1,Be a good boy out there.,
b591b78cd2b1,dialogue,1,Be a good girl out there.,
c86693eff3fb,dialogue,1,Be a shame to let these girls have you all to themselves...,
58138c8f2037,dialogue,1,Be seeing you!,
40aed4ff96ba,dialogue,1,"Be warned,····· I'm like the best Tennis player in my cheer squad.",
851c40abbb08,dialogue,1,"Be warned,····· I'm no lightweight.",
e9fce2fcde0d,dialogue,1,"Beastiality········ huh?··············· Hey,····· I'm not judging;····· gotta do what you gotta do.",
4227efb24e28,dialogue,1,Because you can't just sit in your room all day.······· You need to fucking··· exist or··· something!·····,
9c7d3beb10fc,dialogue,1,Because you looked different from all the other girls.,
6af75e5914fe,dialogue,1,"Before that,·········· would you mind sharing some of your food with me?",
559248f03e3a,dialogue,1,"Before we leave I wanna post a pic of us,····· my friends are gonna be so jell!",
843a8a0bce7c,dialogue,1,Before you go! Will I ever get to see you again?,
be18eccae558,dialogue,1,Beginner's luck.····· Don't let it go to your head.,
578c86c8b543,dialogue,1,Believe in it? I've actually seen a real ghost before.,
5961b7c484f6,dialogue,1,Believe it buddy!····· You earned it.,
2091bdadf6ba,dialogue,1,"Believe me, one look at my browser history would terrify you.",
0cab2c24f576,dialogue,1,Best of luck!··············· I have a feeling you're going to need it...,
89a80656214d,dialogue,1,Big deal!,
c4f3aef2a0f9,dialogue,1,"Bitch, I was born perfect. I don't need to work out.",
b11a8dc06805,dialogue,1,"Bitch,····· do I look like I'm joking!?····· How am I supposed to walk around like this?",
16f717eba0df,dialogue,1,Blaaaah...,
4dcc439936b0,dialogue,1,Bleh!!,
0db9e17ae3a3,dialogue,1,Boooooorrring!,
8b289ff2620c,dialogue,1,Booooorrrring!,
e509e7491ccf,dialogue,1,Bottoms up bitches!,
c4b1b2317c3e,dialogue,1,Bottoms up!,
cc1830dfd40e,dialogue,1,"Bright and early! Things to do, people to see.",
4cc1dc7116a0,dialogue,1,Broads who don't know how to let lose and have fun.,
cf161a0c6c36,dialogue,1,Buh-bye!,
28db5842904b,dialogue,1,But I guess you can keep me company until my friend is ready to go.,
34922b6cfd31,dialogue,1,But don't be afraid to take a chance!,
42c495cf1625,dialogue,1,"But,····· as long as I'm stranded here,····· I may as well try to enjoy myself...",
402d779ac63a,dialogue,1,But...····· who's going to keep me warm tonight...?,
9e9d68dac34a,dialogue,1,Buuut...····· you did put in effort I guess...····· and you are kind of cute.,
a4f46a02117d,dialogue,1,Buuuut...?,
17f9ae770964,dialogue,1,Buuuut...··· well...··· I don't have a master...,
0d261ef6a202,dialogue,1,Buuuuuuuuut...····· your weirdness might actually pay off here.,
3cb4ffccb097,dialogue,1,"By the way,····· that other chick that was here just a second ago?",
0aa323f4dd3a,dialogue,1,Bye bye sweetie.,
1d4f74b98523,dialogue,1,Bye bye!,
626bd508f476,dialogue,1,Bye.,
8dd2342c1794,dialogue,1,Byyyyeee...····· Love ya to pieces!,
c830c1350389,dialogue,1,Byyyyyeee.,
b7073a445d66,dialogue,1,Caffeine is poison. I gave that shit up a while ago.,
5622ec7854df,dialogue,1,"Calm down Nik,····· we just got here.",
db477f0bbc62,dialogue,1,Can I tell you a secret...? I'm high right now.··*hahahahaha*,
e7c468228591,dialogue,1,Can we get something to eat first?,
fddb7615ff5d,dialogue,1,Can we just get out of here please?,
c39357a2ec9b,dialogue,1,Can you get me something to eat?····· Pretty please?·····,
fc749efe2524,dialogue,1,Can you guess where I'd rather be right now?,
f9a1ef71f2b5,dialogue,1,Can you please refrain from asking the same question more than once.···,
c6e84ef687b7,dialogue,1,Can you tell me the name of the only girl who wears·· earrings?,
47fd9329ddc5,dialogue,1,Can't do it.·· Too many carbs.,
33091f6383f0,dialogue,1,Can't really argue with that.····· Take me somewhere nice!,
e9361536c31e,dialogue,1,Can't wait to see where we end up this time!,
3d56eb4264f7,dialogue,1,"Can't you just like chill out for once and I don't know,··· have fun?",
b0b4bff7cbea,dialogue,1,Catch ya later!,
1d00d9f4c524,dialogue,1,Catch you on the flip flop!,
a0e7ea342c13,dialogue,1,"Check the appetite meter.····· See anything that might··*ccc*,····· I don't know,····· be an issue?",
bf3ccd165720,dialogue,1,Chill out for a second.····· You'll be glad I showed up.,
bdf66dc005f3,dialogue,1,Clearly this isn't your first time around the block.,
0c782939f0c3,dialogue,1,"Clever disguise,····· right?····· I can change my hair any color I want.····· It's pretty sweet.",
fff335078b90,dialogue,1,Come and visit me anytime.,
844acb09ef20,dialogue,1,"Come on dude,····· you should already know that!",
053fdb482d8e,dialogue,1,Come on dude...····· I'm not going to invite myself over...,
5dca197267cc,dialogue,1,Come on!····· Seduce me with your sexy puzzle skills.,
d3a7fc291897,dialogue,1,"Come on,····· do you really take me for one of those types?",
edfa8bf8cbac,dialogue,1,Come on...····· quit staring at me like that...····· it's embarrassing...,
986d92609a31,dialogue,1,Come over here and claim your reward...····· I'm dripping with anticipation...,
631ca4162828,dialogue,1,Come to get your morning pick-me-up as well?,
4f4a38380ccf,dialogue,1,Come to try and work your·· magic····· on me?,
48203c450e99,dialogue,1,Come·· *oooo*on!····· I saw it and I immediately thought of you.·· You're going to love it.··· I promise.········,
531c48ed0bc2,dialogue,1,"Come··· on,············· you know me better than that.····· Don't you?",
0e95a3395b53,dialogue,1,"Common misconception.····· I assure you that fairies are indeed,····· a thing.",
a5e7ab1a6807,dialogue,1,Confidence is the foundation for all success in life.,
50d1186021aa,dialogue,1,Congratulations girl!····· And with such a fine young thing too...····· I'm impressed.,
8ca98cd8951e,dialogue,1,Congratulations man!····· And with such a fine young thing too...····· I'm impressed.,
88d22e516d96,dialogue,1,Congratz!······· You're wrong!,
8cc3b1861de7,dialogue,1,Conking out so soon?····· You baby!·····,
626dce44d497,dialogue,1,Consider it? That's the ONLY door I'm going through.,
23c3ef25697b,dialogue,1,Cool huh?,
58c11c4c10ae,dialogue,1,Cos...?····· Play...?····· I don't think so...,
9456b34d1586,dialogue,1,Could you PLEASE not do that?,
d11a23f06136,dialogue,1,"Could you maybe like,····· put in some effort next time?",
e0df340e9eda,dialogue,1,Could you please drop that shit?!,
59e0eb5b980e,dialogue,1,Could you please not do that?,
8ff2ff4f293e,dialogue,1,"Could you please suck more at match-three?····· That would be great,··· thanks.·····",
25a74d43e2dc,dialogue,1,"Could you please··· just not?····· Like,····· ever again?····· Yeah, thanks.",
12acc9be4216,dialogue,1,Cute!?,
8021afd62706,dialogue,1,Damn!····· How could I be so careless?,
22e0c4c75c60,dialogue,1,"Dates will continue to increase in difficulty, indefinitely.····· The question is,··· how far can you get?",
ae2ebe986276,dialogue,1,"Dayum girl! Is it hot out here, or is it just you?",
b546c1b1376c,dialogue,1,"Dear,·········· you have too many items in your inventory.·········· Can you make some room for me?",
9dfc3483b22a,dialogue,1,"Definitely, I can't stand being cooped up inside all day.",
034bfd8580c5,dialogue,1,Deja Vu...·········· did you already ask me that?,
c1e1d1e540a3,dialogue,1,Delicious!,
675fbff36032,dialogue,1,Delicious!·········· You couldn't ask for a better snack.,
fdcaad6b28b1,dialogue,1,Did he give you any trouble?,
6de4c98ac116,dialogue,1,"Did you drop these fishies here?····· If you don't want them, can I have them?",
615dbfe75c9d,dialogue,1,Did you forget what my favorite season is?,
a9f4acd1bac7,dialogue,1,Did you take an awesome class or something?····· Where did you learn to be so awesome?,
8b8576e7e1d5,dialogue,1,Did you wanna say something?,
a84489f1f1a5,dialogue,1,Didn't Venus say she was the final challenge?,
0a258cee3da1,dialogue,1,Disgraceful...··············· what am I to think after an embarrassment like that?,
0800fa32ac53,dialogue,1,Ditto.····· It's just an excuse to get drunk and act stupid.,
c88152375a3b,dialogue,1,"Do you believe in extraterrestrial stuff?······· You know,····· like aliens and that?",
cb9dec3f3d90,dialogue,1,Do you believe in the paranormal?,
82cbe2a13ace,dialogue,1,Do you believe there is some form of life after death?,
2ed5c4a133ea,dialogue,1,Do you believe there is some kind of deeper meaning to dreams?,
491d81739b4e,dialogue,1,Do you believe we're alone in the universe?,
33910007415f,dialogue,1,Do you enjoy drinking coffee?,
c5aa2cd027f2,dialogue,1,Do you even have the HunieBee anymore?····· It tells you what gifts I like.,
ff8dddb7bd87,dialogue,1,Do you even know how old I am?,
edc3deca4560,dialogue,1,Do you even work out?,
41c619832147,dialogue,1,Do you exercise a lot··· or are you a major couch potato?,
9bcd69386ec4,dialogue,1,Do you get up early in the morning or stay up really late at night?,
1d10d16b80c7,dialogue,1,Do you go to a lot of parties?,
1df0155f9500,dialogue,1,Do you have any dark secrets that you're keeping from me?,
46e07b1cc879,dialogue,1,Do you have any food on you?··· I'm starving.,
3e024e7abda5,dialogue,1,Do you know how old I am?····· I know I've mentioned it!,
09f0e7e3f99f,dialogue,1,Do you know what we're going over next week?····· I'd like to try to get a head start this time.,
df0c19f0024f,dialogue,1,Do you like the lights on or off during sex?,
4bdee6d15d2e,dialogue,1,Do you like to look at your partners face while making love?,
21fe9991c634,dialogue,1,Do you prefer girls that shave their shit?,
4c2793c60ed6,dialogue,1,Do you prefer stability or spontaneity in your life?,
e7be81e21aa5,dialogue,1,Do you prefer to know your partner's sexual history?,
413b2eb184ba,dialogue,1,Do you remember how old I am?,
33b4d59980a4,dialogue,1,Do you remember how old I said I was?,
22b1e331e6ca,dialogue,1,Do you remember how tall I am?,
f32028b3f1cf,dialogue,1,Do you remember what I got my weight down to?,
4d07bd72b15b,dialogue,1,Do you remember what I said about approaching Kyanna··· for the first time?,
01cac2a7960c,dialogue,1,Do you remember what day it was when we first met?,
2bfa1f22b6fe,dialogue,1,Do you remember what my last name is?,
8d5682e79252,dialogue,1,"Do you remember what size my...·········· chest,····· is?·····",
0b09fb482f62,dialogue,1,Do you still talk to any of the girls you used to fuck?,
857e202db69b,dialogue,1,Do you still talk with any of your ex's?,
aec69624d635,dialogue,1,Do you think it's okay to tell little white lies?,
92cc88d00cf9,dialogue,1,Do you think of yourself as a person who takes responsibility for her actions?,
3807ec33b425,dialogue,1,Do you think of yourself as a person who takes responsibility for his actions?,
77bf058e0136,dialogue,1,Do you think of yourself as an introvert or an extrovert?,
b433291a4788,dialogue,1,Do you think so?·····*hahahahaha*,
2bf5f142a75b,dialogue,1,"Do you want to like...····· I mean...········· like,······· watch a movie at your apartment·· or something?",
61139cf39c39,dialogue,1,Doesn't look like she's a big fan of people...,
b77aa1ca885b,dialogue,1,Don't EVEN get this question wrong...,
604cf1249f8c,dialogue,1,Don't be a dick!,
ec2d3de33a22,dialogue,1,"Don't be a stranger,·· okay?",
628a29e34409,dialogue,1,Don't beat yourself up over it.····· She was a lost cause to begin with.,
6547d1f3762b,dialogue,1,Don't beat yourself up over it.······· It's not the first shitty date I've had.,
4680bcd8d8b9,dialogue,1,"Don't freak out,····· but·· I wanna see if you remember something...",
0d39f2845b5e,dialogue,1,Don't get into any trouble out there.·· That's my job.···*hahahaha*·····*hah*,
36b5460608b4,dialogue,1,Don't get smug!,
5437a94c8f0c,dialogue,1,"Don't laugh at me if I suck.·········· I used to use my racket a lot,·· but never for tennis...",
a0fac4d05449,dialogue,1,Don't let me down.,
4806f8a8bcf7,dialogue,1,"Don't mention it.····· It's like I said,··· I'm just doing my job.",
0f94754b299f,dialogue,1,Don't mind if I do!,
10294c6ef024,dialogue,1,"Don't worry baby,·········· you just lie back····· and let Jessie take care of everything.",
69f9d4993500,dialogue,1,Don't worry sweetie...····· everybody has an off day once in a while...,
7e0ccf45d6da,dialogue,1,"Don't worry,····· nobody can see me.····· People just think you're eating alone.",
a5e742af3a52,dialogue,1,"Don't you recognize this adorable face?····· *hehe*It's·· Kyu,·· from the bar.",
1ef319cf5a48,dialogue,1,Don't·· be such·· a downer.·········· Loosen up a little!······· I'll buy you a drink.····· What do you want?,
ec963eb41cd7,dialogue,1,Down the hatch!,
6416ae07453c,dialogue,1,Drop *ee*em'.····· Let's see what you've got...,
2f53890c777d,dialogue,1,Dude... seriously right now?,
ab75519b4196,dialogue,1,Dude...······· bro...········· Asian chicks...·········· don't even get me started.,
2db90a665e35,dialogue,1,Duuuude!····· Really?,
2170cdd05c5f,dialogue,1,Each of the four types of Affection tokens represents a particular trait.,
805058c2f0d5,dialogue,1,"Ehhhhh,····· not today.············ I'm just not feelin' it.",
52ddd02896aa,dialogue,1,Enjoy the rest of your day!,
dd395fb3e8b0,dialogue,1,"Enjoy the rest of your night,····· if·· you can.",
e0504213aa02,dialogue,1,Enjoy your day.,
83879169eeac,dialogue,1,Enjoy!,
3f52d6cf83db,dialogue,1,Enjoying the great weather today?,
ea1c6af5d35d,dialogue,1,Enjoying the view?,
7554946dfef3,dialogue,1,"Even though I know you're just trying to fuck me,····· I still like the gift.",
f2fcd580d59b,dialogue,1,Everything is kinda blurry...····· and sideways-ie.·····,
5123b30bdbcb,dialogue,1,Evidently I've given you too much credit.,
bf7bef9f79d6,dialogue,1,"Ew,·········· well,····· you need to start.",
780e0e156c99,dialogue,1,"Eww, no. Sorry, that's not what that's for.",
1a1c17dab709,dialogue,1,"Eww,····· I'm sorry I asked...",
06b8a90eebd7,dialogue,1,Eww...····· no thanks.,
9728732f0087,dialogue,1,"Ewwww,····· just,····· no.",
01cf6ccab26f,dialogue,1,Excellent!,
0a6ebdfb8376,dialogue,1,Excellent!······· We'll have to play sometime.,
0aaa26778ae9,dialogue,1,Excellent.····· The females of my species would be jealous.,
def86da4e83f,dialogue,1,Excellent.····· The males of my species would be jealous.,
6ff17d352e65,dialogue,1,Excellent.····· You remember.,
37d8fde221d6,dialogue,1,Excellent.········ You're still around.,
6ffcd24a3d7e,dialogue,1,"Excuse me, but if I don't stop you now I'm going to regret it forever.",
44c4f9b3dcd3,dialogue,1,"Excuse me, do you know where I can find the student union?",
947029870584,dialogue,1,"Excuse·· me*ee*,·· miss!",
700e955344cb,dialogue,1,FUUUCK that shit.,
27e0e6067c76,dialogue,1,Faaaaaiiillll!,
90283c48c1fc,dialogue,1,Fair enough.····· Night!,
aaf1d1decbc3,dialogue,1,Fancy...············· I can't believe we didn't have to make a reservation.,
1d720570a9a5,dialogue,1,Farewell!,
f16daa948d0b,dialogue,1,Feeding the hungry in less fortunate parts of the world.,
a0d17bcf0a0c,dialogue,1,"Few have tried,····· but all have failed.····· No human has ever known my embrace.",
60c28be91fe5,dialogue,1,Figures you would say that...,
76e7a5973de7,dialogue,1,Finally someone agrees!········ It's so boring!·········· How am I supposed to deal with that?,
b61ea2c9ada1,dialogue,1,"Finally,····· the tear drops are Sentiment tokens.····· Matching those gives you...····· well,····· Sentiment.",
56e6d7aebc90,dialogue,1,"Fine,····· whatever.",
9b70b24ec969,dialogue,1,"For a successful date,····· you have to fill the affection meter before you run out of moves.",
ca73b8eb5354,dialogue,1,For how many years have I lived?,
7458e2bd744c,dialogue,1,For me!?,
bdd1d75cade6,dialogue,1,"For me...?····· Awww,····· thank you!",
51e37caca039,dialogue,1,For me?····· Thanks!,
1049151b5e86,dialogue,1,"For my own sanity, I try to think positively.",
f6c9c53e6102,dialogue,1,For real!?············ Oh my god I could kiss you!,
3be6c8d8b2dd,dialogue,1,For real?············ Yes!············ Just give me a second to get ready.,
98e33a878341,dialogue,1,For what reason would we possibly need to meet again?,
628ab678d9a2,dialogue,1,Forgive me for saying this... but your body is straight bangin'.,
4690dc218f73,dialogue,1,Forgot already·· huh?····· Well··· I'm not telling you again.,
3ea48e2ddbc4,dialogue,1,Fuck it's nice here!,
8ed4ff999c3d,dialogue,1,"Fuck that's good!····· Yo,····· I'm about to bust a nut over here.",
606be27f5534,dialogue,1,"Fuck you,····· really?·········· Oh, I'll have to keep that in mind...",
457f4e12507c,dialogue,1,"Fuck,·· man...····· I'm super horny.···············*aacc* I guess you'll have to do!",
b211e4b17925,dialogue,1,Fuck.····· Yes.······· I'm done teaching for the day.········ Let's do anything!,
127551d8aad6,dialogue,1,Fuckin' whore ass bitch needs to learn...,
cd55f6f9656d,dialogue,1,Fuck··· that hit the spot!,
2a0e5aa05e12,dialogue,1,Fuck····· yeah.····· This ought to make things fun.,
263ffc37a1f9,dialogue,1,Fuuuck that's good.,
cce100c45771,dialogue,1,Get at me later.,
819b5ac3bb0c,dialogue,1,Get it out of my sight.,
eea1fbcc1d14,dialogue,1,Get ready for a surprise test!,
12417cc5682d,dialogue,1,"Get some rest,····· you deserve it.",
836203aec0d0,dialogue,1,Get that shit out of my face.,
3db4636aa798,dialogue,1,Get the fuck outta town!····· Really?,
af16b30b359e,dialogue,1,Girls can't drink while they're hungry ya tard.,
c9666b262715,dialogue,1,Give me your honest answer...,
6c80e33fe5cd,dialogue,1,Gla*aaaa*dly.·········· At least I won't have to look at your whore face anymore.,
202999073b90,dialogue,1,Glad you're here!····· I need a workout buddy.,
31aafaa8ee3e,dialogue,1,"Go ahead, you look like you need it more than I do.",
01f7a56b164d,dialogue,1,"Go ahead,····· ask me anything!",
8f9a489ed16c,dialogue,1,"Go ahead,····· give it a shot.····· Match those orange ones with the crescent shape in the middle of the grid.",
bc4ad9fe02a8,dialogue,1,"Go ahead,·········· you may ask me one question.",
0b8f722e0cca,dialogue,1,Go ahead.····· Break that bad boy open!,
482d8f394125,dialogue,1,Go get her!,
2b7f7d906906,dialogue,1,God dammit!,
8f48888434a6,dialogue,1,God no. I try to avoid going in rooms with mirrors.,
c02607124e56,dialogue,1,"God,····· could it be any colder in here?",
defdf0834362,dialogue,1,God... you're so racist. *hahahahahaha*,
9812eb44551a,dialogue,1,Good Morning!,
7bb2b3d55e4b,dialogue,1,Good boy!,
74690498c793,dialogue,1,Good call!,
ffb9db8660b7,dialogue,1,Good choice rookie!······· Couldn't have picked it better myself.,
7f45b1357356,dialogue,1,Good girl!,
dea23b0beff9,dialogue,1,Good idea!···················· I'm going to run and get ready.,
16834dc3b10a,dialogue,1,Good job!·····*hahahaha*,
5fbd9f2f3f9b,dialogue,1,"Good job!············· I have to say,····· I'm impressed!",
a0c8d7ba0091,dialogue,1,Good luck!····· I know I can be a real bitch to win over.,
dfa4e34e56d2,dialogue,1,Good morning Aiko!,
bb65269b058e,dialogue,1,Good morning!,
c17448185d77,dialogue,1,Good morning!····· Ready to get to work?,
100b6037405a,dialogue,1,Good morning...·····*hahahaha*,
6ba88d1a65ab,dialogue,1,Good night!,
8297bed1e580,dialogue,1,Good question.····· I'm glad you asked.,
ec4671d24ae8,dialogue,1,Good to see you!····· How ya holdin' up?,
8b8fca2a518d,dialogue,1,"Good work,····· bring it in for today.",
9b61c0dbbe34,dialogue,1,Good!····· I'd have a thing or two to say to those fuckin' skanks.,
80d19e6db6f3,dialogue,1,"Good,····· and good for you!",
1b8b7e884d15,dialogue,1,"Good,····· you're up.····· Now get to hustlin'!",
01a4dcf96d39,dialogue,1,"Good...··· wait,····· what do you mean not yet!?·····",
603b82633378,dialogue,1,Good...·········· I was wondering when you might show up.,
8b4de8fe65d0,dialogue,1,Goodbye for now.,
b708931bde82,dialogue,1,Goodbye problems!,
650089659fe0,dialogue,1,Goodnight.,
e6b2f0446ff7,dialogue,1,"Gorgeous day,····· is it not?",
09b4cf269933,dialogue,1,Gray?·················*cccccc*········ I should have figured a girl like that would wear boring underwear.,
c7a425a68008,dialogue,1,Great!····· Can't wait!·········· See you there.,
1e4952fd6532,dialogue,1,Great!······· I'm counting on it!,
4e83d094efef,dialogue,1,"Great,····· you can entertain me.····· Soooooooo bored.",
99b8adf9d3e9,dialogue,1,"Great,····· you're here!",
7c4a14a4f340,dialogue,1,Great;····· now I get to be all sweaty and gross.,
37f37500c37b,dialogue,1,Greetings.····· How are you?,
eafc933a2995,dialogue,1,Ha!···*ccc*··· Too easy!····· I'll getcha next time.,
0af02f881f0e,dialogue,1,Ha!··············· Not so good after all...,
adc0abee7518,dialogue,1,Haah!····· How many cheesy lines have you memorized··· anyway?,
682bedfcb104,dialogue,1,Hah!····· What a load of shit.,
bc196fd33452,dialogue,1,"Haha, but, for real, what's up? You look a little bummed out over here.",
9e4ab7912023,dialogue,1,"Haha, it's hard to keep track after a while you know what I'm saying!?",
b1a797c8471e,dialogue,1,Hahahaha!,
491b5f6c754c,dialogue,1,Hahahahahaha!,
8f5c1b5ae8d4,dialogue,1,Hard·····coooore...,
ec1cd2372aa9,dialogue,1,Have I seen you on T.V. or something? You look familiar...,
0b9a3ccbb3c3,dialogue,1,Have a good day.,
542e00dd7315,dialogue,1,Have a good evening.,
68bc55ef3a89,dialogue,1,Have a good night!,
14a80d1e8883,dialogue,1,Have a good night.,
80d2d081d71b,dialogue,1,Have a great day!,
58b84597ea18,dialogue,1,Have a pleasant night.,
831e6cbecdd6,dialogue,1,Have a pleasant night...,
b34e55ce0a36,dialogue,1,Have fun!,
bc140fbb271d,dialogue,1,Have you been paying much attention to your dates...?,
523ea17c26f6,dialogue,1,Have you been waiting here long too?,
ab14764475d9,dialogue,1,Have you ever cheated on anybody?····· Be honest!,
c3a95573adf9,dialogue,1,Have you ever done any drugs?,
6375fa0929ea,dialogue,1,Have you ever had·· like····· a serious relationship?,
43c89b02f9ad,dialogue,1,Have you ever slept around while dating someone?,
dfab8f77644e,dialogue,1,Have you had a chance to grade our exams yet?,
b14ecd83d3c4,dialogue,1,"Have you slept with a lot of girls?····· Wait,····· don't tell me...········ No!····· Wait!····· Yes,····· tell me.",
5a249a8a411d,dialogue,1,"Having nice things... you know, I shouldn't be without.",
2b44995b4e2b,dialogue,1,Having you around is turning out to be pretty useful.*hahahahaha*,
fa0b2914fd14,dialogue,1,"Heeeeyy...····· are you trying to like,····· win me over or something with gifts?",
78a1b3fe878a,dialogue,1,Heeey...········ you just wanted to see me in a bikini!····· Didn't you?,
8c9e04061554,dialogue,1,"Heh, that was nothing. I'm just getting started.",
3096b57a8052,dialogue,1,"Heh,····· sorry,····· I'm kind of a picky eater.",
1aeb7a15a192,dialogue,1,Heh...····· that didn't go exactly as I hoped it would...,
a98eb98a4aab,dialogue,1,Hehehe!·····*hah*,
b1679f472da3,dialogue,1,Hehehe...,
8c34f870a737,dialogue,1,Hehehehe!,
fe801331e269,dialogue,1,Hehehehehehe!,
3ce1e2276a74,dialogue,1,Hehehe···hehe!,
12ddbdcefbd3,dialogue,1,Hello again.······· Productive day?,
d98bb4d60082,dialogue,1,Hello again.·········· How's your day going?,
51a52ecc9cf9,dialogue,1,Hello!····· This is a pleasant surprise.,
32e0d8f6265d,dialogue,1,Hello!····· What can I do for you?,
1e7993461ffd,dialogue,1,Hello!····· What's happening?,
2f8e3a4ae842,dialogue,1,"Hello,·· beautiful.",
5b07e3302089,dialogue,1,"Hello,·· handsome.",
d042da6777cb,dialogue,1,Hello.,
6435b3757807,dialogue,1,"Here,····· I'll hook you up with one of mine.····· It's on the house.",
3364923518a5,dialogue,1,Hey baby...····· you look soooo hot right now.,
9a19f3b220a2,dialogue,1,"Hey beautiful, I can't seem take my eyes off you.",
61c66306ee65,dialogue,1,Hey cool more free shit!,
4588c664579d,dialogue,1,"Hey dude,····· what's up?",
8b15af4d307e,dialogue,1,Hey hot stuff.,
8e59d6e75580,dialogue,1,Hey lover!····· Just got in a couple days ago.····· Missed you!,
6fbdadd01780,dialogue,1,"Hey man,····· whatever floats your boat.",
5c1405a14407,dialogue,1,Hey there!····· You're still out?····· Isn't it past your curfew?,
75df41d0292e,dialogue,1,Hey what's that supposed to mean?,
ae14782b1168,dialogue,1,Hey you remembered!····· You're sweet.,
2e455f04363d,dialogue,1,Hey you!,
c1c3d1f17cea,dialogue,1,Hey!····· Get back here!····· This isn't over!,
46a209790e82,dialogue,1,Hey!····· I didn't expect to see you here this early.,
75f443c1a4c9,dialogue,1,"Hey!····· I'm right here,····· are you blind?",
7572f5c4f72d,dialogue,1,Hey!····· Imagine running into you here!,
242a06202240,dialogue,1,Hey!····· Question...,
0c7d1086388c,dialogue,1,Hey!····· This is where I showed you how to play.····· Remember?,
195bfa68c588,dialogue,1,Hey!····· YOU asked ME out!,
f2cd1b62f0f5,dialogue,1,Hey!·········· I'm glad I ran into you.,
8273b4e36db1,dialogue,1,"Hey!··········· Weird,········ I was just thinking about you.",
6230c3da2b36,dialogue,1,"Hey, Einstein!····· You already asked that.",
f150b4a730f1,dialogue,1,"Hey, I'm sorry, but··· can we grab a bite?····· I'm starving.",
d757544d2357,dialogue,1,"Hey, cut that out!",
3e3ef8d8c8d2,dialogue,1,"Hey, don't take this the wrong way, but I just thought you were cute and had to say hi.",
f150fff81075,dialogue,1,"Hey, fuck you!",
4dab215de4f0,dialogue,1,"Hey, you!",
3d811d54411d,dialogue,1,"Hey, you!····· Rise and shine!····· We've got work to do.",
3034ab541b83,dialogue,1,"Hey,·· I'm glad you asked me out.······· This is really nice.·····",
e449b89f337c,dialogue,1,"Hey,··· look,··· it's whatever.·········· I guess I can let it slide if you promise it's just this once.",
c45be9e58dc3,dialogue,1,"Hey,····· are you finished with that machine?····· I have one set left to jam out.",
dda9e2c65015,dialogue,1,"Hey,····· as long as you're paying!",
71265de225d5,dialogue,1,"Hey,····· gimme that!",
f96592891e33,dialogue,1,"Hey,····· listen.······· Thanks soooo*oooo* much for watching Philip the other day.·········· I know it was last minute.",
97dceb2a72ce,dialogue,1,"Hey,····· not bad.·········· I guess I should have given you more credit.",
b64ba3628a67,dialogue,1,"Hey,····· question for ya!",
d7b8d74b66ca,dialogue,1,"Hey,····· sooooooo...··········  yeah...··· Is there anything else you wanted to do tonight?",
acae4340888f,dialogue,1,"Hey,····· that was actually really nice.····· Thank you.",
0021cf1e81f3,dialogue,1,"Hey,····· that's a good point...····· Life itself is such a precious gift!",
46dc80b381f8,dialogue,1,"Hey,····· this is actually pretty nice.····· The water feels great.·····",
f8a802ea9cbc,dialogue,1,"Hey,····· you know about this spot too!?·········· Sometimes,····· I come up here to think.",
27db300d8b12,dialogue,1,"Hey,·········· how is everything?",
d5652e5b6ac3,dialogue,1,"Hey,·········· we can hang out again,····· like this.········ Or whatever,····· I don't care.····· Do what you want.",
d174a44732d6,dialogue,1,"Hey,·········· you're not trying to get me drunk are you?··*haha*",
99536a7b3a97,dialogue,1,Hey.,
9511a6aa355d,dialogue,1,Hey...····· last night was really nice.··············· I'm glad I stayed over...,
bf54ff6800bb,dialogue,1,"Hey...····· soooo,····· you wanna····· maybe move this party····· back to your place?",
3779a9fc6bb9,dialogue,1,Hey...····· ummm...·········· you can ask me back to your place...····· if you want to.,
ab1c4c544cfa,dialogue,1,"Hey...············· *aa*ummmmm,··············· last night was...············· I don't know...·········· I don't even have words for it...··········*hahahaha*",
65df114f2402,dialogue,1,"Hey·· you,············ I'm glad you're here!········ Nobody wants to buy me a drink...",
34419f610f05,dialogue,1,"Hey····· Lol*ooll*a!············ Aww you bitch,····· you didn't tell me you were back in town!",
fa3b6a5f47c5,dialogue,1,Hi there!,
13fb6f77086f,dialogue,1,Hi!····· Funny running into you here.,
f675b15c11e0,dialogue,1,"Hi!········ Come,····· sit down with me.",
319a33366475,dialogue,1,"Hi!····················· Beautiful morning,····· isn't it?",
e12e861f22d5,dialogue,1,"Hi,····· can I get you something?",
029769b35f95,dialogue,1,Hi.·········· Thank you for coming to visit me.,
24a774efc358,dialogue,1,Hiii daddy...,
2d4aee67b918,dialogue,1,Hiii momma...,
db6dfdeb6b28,dialogue,1,Hiii!····· So good to see you.,
a7f7126b0618,dialogue,1,Hiiii...?,
bc40c25d3d72,dialogue,1,Hiya!,
61508d9a5a8a,dialogue,1,"Hm?······· Oh,····· hey,······· what are you doing here?",
85c1ac473885,dialogue,1,"Hmm,····· I like virtual tennis...····· but I rarely played the actual game.",
df607ae07bec,dialogue,1,"Hmm,····· I'm hungry.···················· Do you want to maybe grab something to eat?",
5d7e5fc8cfe1,dialogue,1,"Hmm,····· cool.····· Sorry I doubted you.",
7e3ed80849a9,dialogue,1,"Hmm,·········· I don't think I've ever looked at it that way.",
155a46568a14,dialogue,1,"Hmmm,····· I never thought I'd say this to you,··· but,·········· just be yourself.",
40e7be9c15a3,dialogue,1,"Hmmm,····· that's a good answer!····· Can I steal that from you?",
4a595c5d1c7f,dialogue,1,"Hmmm,·········· surprise me.·········· I like surprises...",
80a8f3c1bbe2,dialogue,1,Hmmm...····· Alright.············· I wonder what outfit I should change into...,
601b64837050,dialogue,1,Hmmm...····· I wonder if you've been paying attention...,
2dda79ecf430,dialogue,1,Hmmm...····· what's your angle here?,
59a894b3c08f,dialogue,1,Hmmm...····· what've you got rattling in that little dome of yours?,
66709bc3a805,dialogue,1,Hmmm...····· you think so?,
39d1f6f70bc5,dialogue,1,Hmmm...·········· is it all fruits and veggies?·········· I could go for some ice cream.,
d282251a68ae,dialogue,1,"Hmmm...·········· well,·········· I guess it's not that bad...",
9b296a31cc3a,dialogue,1,Hmmm?····· A gift!?·········· You didn't have to do that!,
c10226eb82f3,dialogue,1,"Hmmmm,······· I'll have to ask harder questions.·····*hehehe*",
df32bd9e627a,dialogue,1,Hmmmm...····· I can't decide what I want.·········· I'll just get what you're having.,
c554edd2256d,dialogue,1,"Hmmmm...····· that was kinda··· alright,··· I guess.",
2f775685c675,dialogue,1,Hmmmm...········ lucky guess!,
5f9ce9cc5807,dialogue,1,"Hmmmmm,····· wait,····· you know what?····· This might actually work...",
7be29da1904e,dialogue,1,Hmmmmmm...,
b68bf4bf5299,dialogue,1,Hold it right there!,
80ab52c0f42f,dialogue,1,"Hold on,····· I'm gonna pound this.",
3b71b96a1a20,dialogue,1,"Hold that thought,·· I'm starving...·····",
4b5075be40dd,dialogue,1,"Hold that thought.····· Have a seat,····· I'm gonna go grab you a drink.····· I want to hear all about it.",
935f8e090be6,dialogue,1,Holy shit! She actually got it right!,
dd2018d73bdd,dialogue,1,Holy shit!·········· Where the fuck did you find this?,
939e6e52dbd9,dialogue,1,Holy··· shit!·········· You actually got it right!,
07cc2edbf9f1,dialogue,1,"Holy··· shit...······· yeah,··········· I'm definitely taking this for a test drive tonight.",
5f30f3f0e097,dialogue,1,"Honestly, hun...····· not exactly what I was hoping for.",
3fd25ee98bac,dialogue,1,"Honestly,····· me too!·····*hehehehe* Oh no,····· are we terrible people?",
f8e8bcd8eb5e,dialogue,1,"Hopefully,····· I'll see you later?",
0be8c4e7ce72,dialogue,1,How about I come over tonight for a··· private lesson?,
724d149fcb1a,dialogue,1,How about asking me something··· you haven't asked?,
71a9518c3e57,dialogue,1,How about my height?····· Do you remember that?,
467b022fd3a7,dialogue,1,How about...··· my·· favorite·· season.····· Remember what I told you?,
01b2ba7a9a42,dialogue,1,How about...·········· my favorite season.·········· Do you know it?,
85c8897bedf2,dialogue,1,How adorable!,
f3436580b53f,dialogue,1,How am I going to make the most out of this day?,
1675926b14dc,dialogue,1,How are you this evening?,
abab93119870,dialogue,1,How big are my boobs?····· As if I even have to ask...,
5f51212e63bf,dialogue,1,How can something so good····· be bad for you?,
4dd9c49f5976,dialogue,1,How close are you with your family?,
55d1911639a0,dialogue,1,How dare you ask me to repeat myself!,
4d6f1ef50f9d,dialogue,1,How dare you!,
d8e434745469,dialogue,1,How did I advise you to approach Lola····· when first meeting her?,
eb6549ca65e3,dialogue,1,How did I suggest that you open the initial conversation with Aiko?,
da508be6a68e,dialogue,1,How did I tell you to open up your initial interaction with Nikki?,
18fc1df434bd,dialogue,1,How did you ever get this far with answers like that?,
581523ec9e2a,dialogue,1,How did you find out about the market?····· I come here all the time!,
225cb95aec6e,dialogue,1,How did you get in here? I'm calling the police.,
d16cdaefb62c,dialogue,1,How did you get your hands on this!?,
9696745281ae,dialogue,1,How did your last relationship end?,
a88de8391b2a,dialogue,1,How do you define happiness?,
2107eb5002b0,dialogue,1,How do you feel about girls who wear makeup?,
7cf3d408c1df,dialogue,1,How do you feel about kids?,
6403970e794d,dialogue,1,How do you feel about little tiny lies if nobody gets hurt?,
5679738a077a,dialogue,1,"How do you feel about open relationships?····· Like,····· seeing other people on the side?",
1e42859a83ca,dialogue,1,How do you feel about people who drink coffee every day?,
0543cbbcda99,dialogue,1,How do you feel about smokers?,
ec8dd639fc7d,dialogue,1,How do you feel about spirituality?,
49b7c53cf771,dialogue,1,How do you feel about war and disease in other countries?,
55eb1878314f,dialogue,1,How do you vent when somebody pisses you off?,
37abcc3cd97a,dialogue,1,How don't you remember that?,
33ff54f2def7,dialogue,1,How heavy did I say I was?,
e3916459694c,dialogue,1,How heavy did I tell you I was?,
1a86d4c1625b,dialogue,1,How important is family to you?,
1452c8cc55bc,dialogue,1,How incredibly young am I?,
384abc1d400d,dialogue,1,How is that possible?·········· I····· don't understand...,
4c11617ccc4f,dialogue,1,How long did I go to school for?,
f00eafa3ab08,dialogue,1,How long do you usually make a girl wait after getting her number?,
0c0d1d96dcb4,dialogue,1,How many drinks does it take to get underneath that shirt?,
41a1bd89405c,dialogue,1,How many girls have you dated who have blue eyes?,
8a3ceb8bf1b7,dialogue,1,How many kids do you plan on having?,
c8eb6c6bf916,dialogue,1,How many moons does your planet Saturn have?,
e547511d38cd,dialogue,1,How much did I say I weighed last time you asked?,
d79f7d018e69,dialogue,1,How much do I weigh?····· And be nice...,
d7da9a138d5e,dialogue,1,How much do I weigh?····· And do not get this wrong.,
d5364f8c0c22,dialogue,1,How much do you think I weigh?,
8fcfbcc2db18,dialogue,1,How much does my body weigh?,
bafffcc997a2,dialogue,1,How much school have I gone through?,
71cdfe86471e,dialogue,1,How much ya got?*mcmcmcmcmc*·····,
85b7dd7bb55e,dialogue,1,How often do you masturbate when you're in a relationship?,
fb77c1cff7df,dialogue,1,How often do you watch porn?,
49b80d1ae406,dialogue,1,How old am I right now?,
5c08bbfd003e,dialogue,1,How old am I?,
96f6586ba860,dialogue,1,How old am I?····· In····· fairy years of course.,
f20cf8fbf1c7,dialogue,1,How on earth did you find this?·····,
00bfdbe85e49,dialogue,1,"How peculiar,··············· I was just thinking about you.",
7282e19a2b66,dialogue,1,How tall am I again?,
5e6739aa04e5,dialogue,1,How tall am I?····· Five foot what?,
d806d208ed9d,dialogue,1,How tall are the females of my species?,
ce2890ae106d,dialogue,1,How tall did I say I am?,
5cc62fb5a311,dialogue,1,How tall did I say I was?,
d1164cb4f8a2,dialogue,1,How tall would you say I am?,
7db53e5845e5,dialogue,1,How would you feel about your partner seeing other people on the side?,
fb0ea4e83942,dialogue,1,How ya holdin' up champ?,
e7bd6b973b95,dialogue,1,How's it poppin' girlfriend?,
78aaa480c0df,dialogue,1,How's it poppin' my man?,
c60bfd600526,dialogue,1,How's my number one girl doing this afternoon?,
a3dbb6ce9f8a,dialogue,1,How's my number one guy doing this afternoon?,
d5b365b85bee,dialogue,1,How've you been my darling?····· Staying out of trouble?,
1392c2710f73,dialogue,1,Huh?,
7aa1c18902c1,dialogue,1,"Hun,····· how about we eat something first.",
ca519858963d,dialogue,1,"Hun,·········· do me a favor and help me out with my empty glass?·········· Pretty please?",
6493ccbe4f71,dialogue,1,Hurray!,
de4140653aae,dialogue,1,I absolutely love it!,
2f0dcd842bad,dialogue,1,I accept your offer.,
bad1d59cb02f,dialogue,1,I accept.,
cae2eb9ff8fe,dialogue,1,I actually kinda fit in here.····· I'll just··· pretend I'm in costume.,
a9f3905eb5e2,dialogue,1,"I admit,·············· I'm rather impressed.·········· I rarely see talent at this level.",
0c5801c92fc8,dialogue,1,I agree!·········· I can't help but feel there's some purpose behind my dreams.,
3722dfaf761b,dialogue,1,I always thought this place could use bottle service.,
1e676c7fd786,dialogue,1,I am NOT going anywhere in this.············· I'm changing back.,
e4506332259f,dialogue,1,I am a deeply spiritual person. I worship the great love goddess.,
7748a78e00c8,dialogue,1,I am gonna get soooooo fat.···,
55080cbd19f1,dialogue,1,I am most definitely one of those people.,
f3da1216d53c,dialogue,1,"I am rock hard right now, you have no idea.",
c8e1f57a12b4,dialogue,1,I am sooo hungry right now...,
3a493183beae,dialogue,1,"I apologize if I lost my composure last night.····· You just,············· do things to me...···",
1632bfd046fc,dialogue,1,I appears I may have underestimated human sexual capacity.,
dceddddae4a0,dialogue,1,I believe I've already mentioned that to you...,
3b7abc20514b,dialogue,1,I believe there is one special person out there for everyone.,
97f893f05542,dialogue,1,I believe you have something that belongs to me.····· I'd like it back.·····,
8278805d1964,dialogue,1,I bet this is how you get all the girls.,
c6b0813d8b5c,dialogue,1,I bet you can't recall my favorite color!····· Can ya?,
89c617a47209,dialogue,1,"I bet you don't remember how tall I am, hmm?",
f4484516de7b,dialogue,1,I better not...,
0f782ecba3c1,dialogue,1,I better quit while I'm ahead...,
c8446f3914c7,dialogue,1,I can assure you however·········· that this is no simple task.,
f6e10b2739c1,dialogue,1,I can assure you that I would be if only I had any.,
f1292c9fb1c3,dialogue,1,I can be pretty insecure about my relationship.,
8eadcea26a59,dialogue,1,I can get a little clingy when I really like somebody.,
81df27270c67,dialogue,1,I can have it?····· You really don't mind?,
07655d671e6f,dialogue,1,I can hold my liquor very well.,
48e5ea60875f,dialogue,1,"I can no longer overcome my sexual instincts.····· Please,······· let's return to your living quarters.",
f80d15458dd7,dialogue,1,I can only pack so much in bitch*aan*...····· Give me a break.,
4a15406bc26a,dialogue,1,I can only pack so much in man*aan*...····· Give me a break.,
a227e8f32dbd,dialogue,1,"I can tell you have some experience with this,····· and I like··· an experienced man.·····",
d987b037b376,dialogue,1,"I can tell you have some experience with this,····· and I like··· an experienced woman.·····",
873a5a98e3ee,dialogue,1,I can't believe I missed a workout getting ready for this.,
9b5b5fadf8bc,dialogue,1,I can't believe this!····· My own master!,
7943e325c811,dialogue,1,I can't believe you bought this for me!·········· How nice is that?,
27f7f8e7cbf1,dialogue,1,I can't eat this...,
e7f02aea004c,dialogue,1,I can't even...····· I just can't...,
51151b7d857e,dialogue,1,I can't remember. When I look at you time stands still.,
3b94b83221e4,dialogue,1,I can't resist it any longer...····· I insist you take me back to your bedroom.,
b33a5314fb75,dialogue,1,I can't stand parties or the kind of people who go to them.,
152956286a73,dialogue,1,"I can't tell you how much I appreciate this,····· honestly.",
aa4078fc00c9,dialogue,1,I can't tell you how much this means!,
a8629e7caef5,dialogue,1,"I can't wait any longer...····· please,····· make this feeling go away.",
d6bb795e39dc,dialogue,1,I can't wait to hear what you come up with for this...,
9baa8a53688f,dialogue,1,I can't wait to see what you've planned for us.,
fa573bd90a78,dialogue,1,"I cannot control myself anymore,····· I need you in my body.",
07789665866e,dialogue,1,I consider it an honor to accept your challenge.,
804daf194179,dialogue,1,I could become accustomed to this...····· there's no hurry to get back home.,
c7ca2573238a,dialogue,1,I could get used to this kind of treatment.·····*mcmcmc*···,
b84e01cf220d,dialogue,1,"I could have breakfast for every meal,··· I swear.",
40135341c418,dialogue,1,I could not agree with you more!····· I need my sun and fresh air.,
26d581c9f7b5,dialogue,1,I could see how uncomfortable you are right now from space.,
efcae1a48528,dialogue,1,I could swear I've already told you that...,
40a75039ce55,dialogue,1,I couldn't agree more.····· There's no good excuses to lie to someone.,
d6f9ea66417e,dialogue,1,I depends on the person. Some people are hard to trust.,
0e8ce5699ef6,dialogue,1,I don't believe I've had the pleasure of meeting you.·········· The·· cute·· ones·· are·· always·· hiding.·····,
04bcfd7c8909,dialogue,1,"I don't care how fat this makes me,····· I'm eating it.",
f313c7c08ce8,dialogue,1,I don't even want to think about eating right now...,
9e54603a656d,dialogue,1,I don't feel you're being very mindful of my needs.,
8f6d74f02c8e,dialogue,1,I don't have a specific goal. I'm just along for the ride.,
45a7829b3cc9,dialogue,1,"I don't have anywhere else to be tonight...··············· if you wanted to,·········· maybe,·········· do something else?",
5e1444588555,dialogue,1,I don't know about that.·········· I have a couple students who would probably agree with you though. *hahahahahahaha*·····,
bd4a676131fe,dialogue,1,I don't know much about this game...····· is it anything like sex?····· I know a lot about that.,
0cb71555d8b1,dialogue,1,I don't know too many girls who work out with earrings on.,
7abe34443a18,dialogue,1,I don't know what I'm doing here.······· I need a nap...,
3f899babcea1,dialogue,1,I don't know what to say.····· Thank you very much.·····,
a391248a8cee,dialogue,1,"I don't know why, but I always get the feeling that we're not.",
898e2142f869,dialogue,1,"I don't know, that's a difficult topic. It depends.",
597711c56671,dialogue,1,I don't know... I think I'm probably somewhere in the middle.,
43e3cfc2ac5b,dialogue,1,I don't know...····· I'm pretty sure I'm drunk.,
7c875b8a0499,dialogue,1,I don't know...····· this goes against my better judgement...,
208a535a1945,dialogue,1,I don't like being a stray kitty...····· it's no fun...,
01ecc22442a3,dialogue,1,"I don't like bitches. It's like, holy shit chill out bitch.",
7a52039bd875,dialogue,1,I don't like to brag but she came at least three times.,
776b5317ba55,dialogue,1,"I don't like to brag,····· but I'll have you know I have a very impressive track record.",
3046ffb2127d,dialogue,1,"I don't like to brag... but yeah, I'm pretty much the best of all time.",
134dac25f7db,dialogue,1,"I don't mean to be rude,········ but······· I think you've asked that before.",
ea7d4ba58885,dialogue,1,"I don't mean to pry or anything,····· but I've gotta ask...",
e87470ebf917,dialogue,1,I don't really bother with my family these days.,
07a78b6d5323,dialogue,1,I don't really watch porn. It's just not my thing.,
3409cf5958fa,dialogue,1,I don't sit in my room all day.,
602c75750720,dialogue,1,I don't think I'm ready for this date to be over...,
b53bac2160dd,dialogue,1,I don't think so... but there was that one thing...,
acbb9b655c5b,dialogue,1,I don't think there's anything that can't be worked on.,
4a9fdccfe10e,dialogue,1,I don't think you realize the gravity of the situation here.,
9b5c0c41c2c8,dialogue,1,I don't understand...,
70db67188fad,dialogue,1,I don't want anything.····· I'm not even old enough to drink.,
2d6d029d00e9,dialogue,1,"I don't want people to think...·········· I'm like that,·········· you know?",
a88f6a3fec19,dialogue,1,"I don't...····· like...·· I'm not that good,·· or whatever.····· So····· like...····· yeeeah...·····",
4ecc9efca2d5,dialogue,1,"I doubt it. Dreams are probably just that, dreams.",
c5b861fe1d05,dialogue,1,"I enjoy a stiff drink,······· but honestly,······· there's a better time for these things!",
760ab9e1aa7e,dialogue,1,I enjoy being around other people; keeps me from getting bored.,
d3532ef34bd1,dialogue,1,I feel bad;·········· I never have anything for you.,
58cd2f34c63f,dialogue,1,I feel like I can't remember the last time I've eaten...,
bfcc8f00bd9d,dialogue,1,I feel so...····· powerless.····· I have to have you...,
e0476410c7e0,dialogue,1,I feel your pain. This isn't really my scene either.,
26c6d9a59c9d,dialogue,1,I find myself excitedly anticipating our next date.,
ba4a54f8f6b3,dialogue,1,I get the sense something's on your mind.,
5e4d789e6687,dialogue,1,I go to pretty much every party I can get myself invited to.,
8237edf082c0,dialogue,1,I gotta admit I did not expect you to pull that off.,
90db1cf82792,dialogue,1,"I gotta admit,········ I wasn't too sure about you at first.",
9047160cba74,dialogue,1,"I gotta call my babysitter,····· because I don't think I'm coming home tonight...",
211122e7404c,dialogue,1,"I guess I don't have anything better to do right now.········ Okay,·········· we can go.·····",
1ee522bdbd12,dialogue,1,I guess I have a weakness for expensive things...,
ffa0eb370943,dialogue,1,I guess I'll be seein' ya...,
a64a1be258ac,dialogue,1,I guess I'll be seeing you around then?,
689e88240271,dialogue,1,I guess I've got some time.····· Let's do it!,
1fc35800f6af,dialogue,1,I guess should have given you the benefit of the doubt.,
10c66cd67fa5,dialogue,1,I guess that wasn't a complete waste of time.,
dc614918a12c,dialogue,1,"I guess you won't be having much need for these anymore····· huh?········*hahahaha*····· Here,····· I'll trade you for this!",
990efdad8501,dialogue,1,I had a dream I would find my soulmate here. Turns out dreams CAN come true.,
8020eb219cb2,dialogue,1,I had a feeling you were gonna show up.,
ec1a495729c2,dialogue,1,"I had a good time...············· I'm just tired,····· that's all.",
5ad4baf4b55e,dialogue,1,"I had a light breakfast so,········ I'm sure it's okay.",
42347ccd4e54,dialogue,1,I had a··· re*eeee*ally good time last night.·········· Feel free to invite me out again anytime.,
1eae1fec8309,dialogue,1,I had wonderful time.·········· Thank you for inviting me.,
f03ab02411dd,dialogue,1,I hardly recognize you without the virginity!,
dc4c57b391d5,dialogue,1,I hate to say it...····· but I'm probably drunk enough.,
528628b5ef47,dialogue,1,"I have a fairly easy birthday to remember.············· I'm curious,········· do you know it?",
0684eadc20a3,dialogue,1,I have a question for you!·········· Take your time answering.,
ef93b3e59601,dialogue,1,I have all the latest consoles and games. You should see my sick setup.,
04dea77a2fc9,dialogue,1,I have always wanted one of these!,
091d0d44b8c4,dialogue,1,"I have got to get something inside me...····· Food,··· I mean.",
11ec68d28d2f,dialogue,1,I have no patience for people who are rude.,
3dc1ecc14ec5,dialogue,1,"I have question for you,····· so I hope you're prepared.",
fd403ba5e35f,dialogue,1,I have the same view!····· I chose to have my son but I wouldn't want to force anybody.,
73ab0cec7877,dialogue,1,"I have to be attracted to my partner, otherwise it's not gonna work out.",
9edf08003c7c,dialogue,1,"I have to give you credit though,····· that's pretty brave.········ You don't hear that often enough.",
d75f1e322a0d,dialogue,1,I haven't picked up a book since I graduated high school.,
d180aa95b9d6,dialogue,1,I haven't seen you around here before.····· Are you starting this semester?,
ae12230c3bdf,dialogue,1,I hop right into the shower and get the day started!,
2d17796f6dc9,dialogue,1,I hope I don't get any shit····· on this out··fit.,
90957dd390c9,dialogue,1,I hope there aren't too many people here tonight...····· I stand out a little bit...,
4832579ea953,dialogue,1,I hope to see you soon!,
935649ca1440,dialogue,1,I hope you know what you're doing.,
a73a9684f77d,dialogue,1,I hope you're not expecting anything in return.,
9692adb09d1c,dialogue,1,I hope you've been studying!·· Because it's time for a teeeessst!·····,
375510cd9dff,dialogue,1,I just do whatever the magic fairy that follows me around tells me.,
73a9a16caf6f,dialogue,1,I just got bored of her and wanted something else.,
c11ddfb51a00,dialogue,1,I just had a really good question in my head...····· shit...·········· Wait!····· Got it!,
d357671e7569,dialogue,1,I just kinda thought you were cute is all...,
b59192e53073,dialogue,1,I just want somebody who will laugh at my stupid jokes.,
8aa6c6a93c4d,dialogue,1,"I just want to hang out, have fun and see where it goes. You know?",
e64dcff3b5a9,dialogue,1,I just weighed myself this morning;····· it hasn't changed.····· You remember what it is?,
559cead2636b,dialogue,1,"I kinda doubt you'll get this,····· but·· I'm gonna ask anyway...",
76b54b56a4fe,dialogue,1,"I know I still owe you too,····· so don't worry.····· I should be getting my paycheck tomorrow.",
3a13b3cbaebb,dialogue,1,I know a place nearby that's open pretty late.····· You'll love it.····· Or not;··· I don't care.,
33ff036c7610,dialogue,1,"I know it's inadequate nutrition, but it's so tasty!",
40a4ae161b00,dialogue,1,"I know it's sort of hard to remember,········ but········ do you know my last name?",
15cf4a9a83f2,dialogue,1,I know my boobs are kinda small...·········· so you don't have to pretend you like them.,
41ee21ca348a,dialogue,1,I know right?····· It's crazy.,
8830e14f67f7,dialogue,1,I know right?····· There's just something about the academic setting that I love.,
52fa42b6f273,dialogue,1,"I know what you mean.····· I have those days too,··· sometimes.",
49054b89889f,dialogue,1,I know you'll remember this.····· My cup size?,
dc8a1841dee5,dialogue,1,"I know you're gonna be able to tell me what my favorite color is,····· right?",
ff381bfe2942,dialogue,1,"I know!····· Me too,····· me too.····· I like to see what's going into my mouth.",
07c3e05fce44,dialogue,1,"I know,···· right!?·· It's ridiculous.",
55292c193140,dialogue,1,"I know.····· Believe me,··· I know.····· I'm just as surprised as you, but,····· that's her.",
272455035fb1,dialogue,1,"I know.····· Believe me,··· I know.····· I'm just as surprised as you, but,····· that's him.·····",
de13c527786d,dialogue,1,I know.····· What's my favorite spot to chill at?,
7a26ad6f5c60,dialogue,1,I like fiction; especially those epic fantasy novels.,
e655788200d0,dialogue,1,I like that I'm openminded and always learning.,
bb374ca50a11,dialogue,1,I like them off. I don't need to bare witness to that event...,
18d1ef43ec5d,dialogue,1,"I like this way of thinking...····· It is whatever,····· right?",
5a8f70032cd3,dialogue,1,I like to brew a cup for myself every now and again.,
571b57b88d00,dialogue,1,I like to invite the girl over for a glass of wine or two.,
4fc1f58feddf,dialogue,1,I like to take a few moments to reflect on the day ahead of me.,
9a4a9bd893f3,dialogue,1,I like to think I know all the regulars here on a first name basis.,
4ab678d2b96b,dialogue,1,I like to wait a little while and then plot my revenge.,
7b73d0310851,dialogue,1,I like your bed...····· I wish I could have a lazy day and sleep in today...,
8ce54cb838a3,dialogue,1,I literally can't remember my name right now.,
dc97cc1a1feb,dialogue,1,I loooovve the music here.····· It's probably my favorite song on the soundtrack.,
d66e75666c03,dialogue,1,I love it when you bite in and the juice drips down your chin.,
f2db0cafb1a7,dialogue,1,I love kids. They bring so much joy into your life.,
f38f5161cf9e,dialogue,1,"I love makeup, it makes girls look so much prettier.",
5c349341ce87,dialogue,1,I love the academic environment. I wish school never ended.,
ca19cf4a523e,dialogue,1,I may have gotten a little ahead of my stomach...,
b2bd18a07c1d,dialogue,1,"I mean really,····· is a cup of coffee so much to ask?····· Soooo sorry to inconvenience you.",
0446e2f0ce20,dialogue,1,I mean you've got a ways to go...····· but you're turning out to be a regular sex machine.,
e461c15da0a2,dialogue,1,"I mean, a little bit of both would be nice.",
b77f8de6fb0e,dialogue,1,"I mean,·········· if you're really saying you like it...",
ab0a02681c6f,dialogue,1,"I mean····· I've heard stories,····· but I've never seen anybody actually pull it off.",
a04aab2b3ee0,dialogue,1,I meeeaann...· it's more than a second.· Soooooo...···,
2b6d4ff7ef3c,dialogue,1,I might take you up a cup size. You can never have too much boob.,
9b2093f99739,dialogue,1,"I must say,·········· I'm impressed...",
e86e2db1cb8f,dialogue,1,"I need to find a source of energy, fast.···",
b2ee0063027f,dialogue,1,I need to pick up some condoms for our date tonight.,
b5a99eb03077,dialogue,1,I need to pick up some lube for our date tonight.,
48c013348051,dialogue,1,I need to think about getting something to eat first.,
ec63adfa2cf2,dialogue,1,"I normally don't give in so easily,····· so··· consider yourself lucky.",
687074741830,dialogue,1,I only go when I know my close friends are going to be there.,
fc06f8fcb88b,dialogue,1,I only wish I that had something to give you in return.,
23f107038078,dialogue,1,I prefer stability. It's important to have an anchor down somewhere in life.,
53f6bd2a677b,dialogue,1,I prefer that she just lie about it. I know I would.,
e4871c9fe8f7,dialogue,1,I really appreciate it!,
3886d0c4bf26,dialogue,1,"I really appreciate it,····· but··· you don't have to like,····· buy me stuff.",
079ad4f4b691,dialogue,1,"I really appreciate the gesture,·········· but it's just not for me.",
51483334b4cf,dialogue,1,I really appreciate the thought.,
6c27b748a0c1,dialogue,1,"I really have no use for this,····· sorry.",
a16f3d96cc82,dialogue,1,I really hope you'll know this.····· When's my birthday?,
de584297b713,dialogue,1,I really need to get something to eat first.,
70f6021045d3,dialogue,1,I really think I should just be going now.,
d0eb213bb2b2,dialogue,1,I respect your honesty.····· But they better not be cuter than me!,
7f2c04cab8f6,dialogue,1,I saaaiiiid...····· let's go talk to some broads!···,
b8e78a050a96,dialogue,1,I said····· GET UP!,
8d72096da9bf,dialogue,1,"I say cancel the pregnancy. No sense in ruining two lives, right?",
bebe01055b65,dialogue,1,I see...,
978fc89bcfc0,dialogue,1,"I see...············· That's alight,····· I shouldn't have even asked.",
0692c4d35b4f,dialogue,1,I seem to remember answering that question before...,
060bccc2c980,dialogue,1,I seriously can't believe you got this for me!····· Thanks!···,
d7fe0cccb00a,dialogue,1,"I should have left over fifteen minutes ago,·· okay?········ I'm done.·······",
47ae7917c224,dialogue,1,I should never be responsible for another human being.,
b4c9479cf16f,dialogue,1,I shouldn't...····· but I can't help myself!,
ea41488c0617,dialogue,1,I sneak a couple in whenever I can find the chance.,
dba73a64ac96,dialogue,1,"I still have no idea how you managed to get Venus in bed,····· but,··· I'm damn proud of it!",
99f355e1a052,dialogue,1,I suppose I can't argue with that.,
931456f1d42b,dialogue,1,I suppose I could get used to this...,
9ec8f6e5c8a4,dialogue,1,I suppose I lean to the conservative side.,
f05ce2f347ed,dialogue,1,I suppose if I was invited it would be rude not to stop in for a bit.,
92444284f951,dialogue,1,I sure do!········ I know this place inside and out.,
2062757cba78,dialogue,1,"I talk with them every once in a while, but that's about it.",
581cf9ef4571,dialogue,1,I teach here. Professor Handsome they call me.,
248c2d57eb94,dialogue,1,I teach here. Professor Sexy they call me.,
e2ab3230dbc8,dialogue,1,I teach up at U.O.G.*uuu ooo ggg*····· You know the place?··········· It's like the only university in the city for some reason.,
20ec5c9537a9,dialogue,1,I tend to swing to the liberal side of things.,
c62e35562822,dialogue,1,"I think I deserve a little better than that,····· don't you?",
755d0f0f6bf1,dialogue,1,I think I may have a sugar addiction.*hahaha*········,
52cd3ddbab2c,dialogue,1,I think I understand why Kyu was so curious about your potential...,
9614c1284ff5,dialogue,1,I think I would just be really sad about it.,
edda29f36f29,dialogue,1,I think I'd just hang onto it. There's not much I want.,
22787ce59c15,dialogue,1,I think I'm adequately drunk enough...*aaaacc*,
9967deef5801,dialogue,1,I think I'm at my limit for tonight.,
c62f5da9da36,dialogue,1,I think I'm gonna hold off until I can get something to eat.,
84013f109f87,dialogue,1,I think I'm on the verge of alcohol poisoning.,
7ee7c5051534,dialogue,1,I think I'm pretty set...····· but thanks.,
bd77e25ac0ee,dialogue,1,I think I've had enough for the time being.,
4465c0815e78,dialogue,1,I think a little bit of both can be a good thing. Balance is important.,
783abed514d0,dialogue,1,I think achieving your goals is a big part of it.,
a8559a1f3913,dialogue,1,I think both of those viewpoints are a load of shit.,
4f27334784eb,dialogue,1,I think dreams are premonitions of future events.,
0810f5d3e5bf,dialogue,1,I think it looks better when it's clean shaven.,
6c0e64a7b5b0,dialogue,1,I think it should be left up to the potential mother to decide.,
d0092c518217,dialogue,1,"I think it's bad to drink alcohol on an empty stomach,····· right?",
c8be8c62ffd4,dialogue,1,I think just one would give me enough trouble.,
101e7f92aab6,dialogue,1,"I think love exists, but it has to be built between two people over time.",
27cf1cbc8aec,dialogue,1,I think maybe I've had too much to drink.,
777ddb8e5aee,dialogue,1,I think my sense of humor is pretty damn funny.,
1274af5d799b,dialogue,1,I think my tummy is speaking to me.·········· It says:····· feed··· me*eee*!········*hahahahahaha*·····,
764f5a410939,dialogue,1,"I think once in a while is fine but damn, everyday?",
c2cc30c279ce,dialogue,1,I think people are staring at me...·········· What did I tell you about this bikini!,
0460120e8ef7,dialogue,1,I think that's an awesome idea!·········· You ready?,
6c2fb336805d,dialogue,1,I think the real question is how often am I not watching porn.,
5d7f44f97d77,dialogue,1,I think you deserve a reward for all your hard work.····· Whataya say?·····,
b9a6f1ea61dd,dialogue,1,I think...·····*cccc*····· I think those drinks got some weird stuff in em'.,
6cf594d5f267,dialogue,1,I thought you looked really cute standing there all alone.,
e9941329c5e9,dialogue,1,I thought you seemed like a really nice girl.,
f96934835df8,dialogue,1,I told you I didn't want to come here and you dragged me anyway.·········· Just like last time.,
af2f3467b648,dialogue,1,I trust I'll be seeing you tomorrow?,
f8a2dbc75bf6,dialogue,1,I try not to let anybody down but we all make mistakes.,
655e57e8afc2,dialogue,1,"I try to get to the gym when I can, but it's hard.",
7c36f4a32e6c,dialogue,1,I try to relax and remember that nobody is perfect.,
3a8eff522832,dialogue,1,I try to stay as far away from those freaks as I can.,
98d2a8d095f3,dialogue,1,I underestimated you.············ I'm sorry about that.,
4370eb42edc4,dialogue,1,I used to come here a lot as a kid.····· Race you to the big slide!,
7ba78078b840,dialogue,1,I used to play with this all the time when I was young!,
d3e0aaa2be6c,dialogue,1,I wanna ask you about something we talked about before...,
cfddae452e08,dialogue,1,I wanna ask you somethin'...,
99a6ce019598,dialogue,1,I wanna find out how much you know about me.,
a937b705c2cb,dialogue,1,I wanna see you workin' out there today!,
0890937ac88d,dialogue,1,I want to ask you about a prior conversation.,
0dedfd5ae4cc,dialogue,1,I want to be chained to the bed and dominated.,
cbdb8243799e,dialogue,1,I want to hear more about how attractive I am.···*hahahaha*·····*cccc*,
f2dc85e234f9,dialogue,1,I want to know how interesting I am to you...·····*hahahaha*,
44c2dfedd8ca,dialogue,1,I want to see if you've been retaining the information I've shared with you...,
6a23592b7da6,dialogue,1,I was about to ask you the same!·········· Shall we?,
d133d3d0abe9,dialogue,1,"I was always picked last in gym class, so you tell me.",
456595fd5619,dialogue,1,I was just trying to look cool. I don't even know what this machine does.,
3a6ccae59cf1,dialogue,1,I was wondering if maybe you wanted to go on a date sometime.,
3f9a0d4a9143,dialogue,1,"I wish I could be more like that!····· I need to start saving for my future,····· seriously.",
fec7b1c434d2,dialogue,1,I wish they had these back home.,
8fae9b2db6ab,dialogue,1,I wonder how much I've rubbed off on ya...····· Let's see...,
85e2402638cc,dialogue,1,I wonder if you'll remember this...,
0a9d627ecff3,dialogue,1,I wonder what you actually remember about the girls you've conquered...,
a08626453470,dialogue,1,I wonder...····· just how intelligent are you?,
638362eeb2ff,dialogue,1,I would never say no to you sweetie.····· I'm ready when you are.,
3ab6c4726702,dialogue,1,I would say so. I've always been good at saving up for important things.,
ec74c370b8eb,dialogue,1,I wouldn't be caught dead eating such a thing.,
2d90b1a11c59,dialogue,1,I wouldn't do that behind her back. I have self control.,
61b120aac47b,dialogue,1,I wouldn't know what to do with this.·········· I hope you didn't go through much trouble!,
b4023589636c,dialogue,1,"I wouldn't say I'm 100% non-spiritual, but I don't lose my mind about it.",
a8cf8354012e,dialogue,1,I wouldn't say it's NOT working...,
a7dae209aeef,dialogue,1,I'd almost rather be teaching class right now...,
e019f502d9c5,dialogue,1,I'd ask you to refrain from that!,
59766e9a96ed,dialogue,1,I'd be great just to have any sex at all.,
b1d6823d3328,dialogue,1,I'd kill to have tits like that.,
747611f3b473,dialogue,1,I'd like little more.····· Shall we?,
f6dac0f045dd,dialogue,1,I'd much rather be at home by myself most nights.,
b5b0274fb7b7,dialogue,1,I'd really rather eat.····· How aren't you hungry?,
343dff131feb,dialogue,1,I'd say something in-between. Dim lighting is pretty romantic.,
109c209a460a,dialogue,1,I'd spend all of it on luxuries for my girlfriend.,
bf2f5e45dfbe,dialogue,1,I'd··· love·· to!·········· Let's make it happen.,
7a653511cbef,dialogue,1,I'll actually be pretty impressed if you can recall my weight.,
eac09e0c4d31,dialogue,1,I'll admit I had a good time if you stop looking at me like that.,
92cea946bc44,dialogue,1,"I'll admit it though, you did good.····· Real good.····· I'm proud of ya!",
a901fc561093,dialogue,1,"I'll admit it,····· this is actually fun.",
be4d2aac85d4,dialogue,1,I'll be around if you need me!,
9c79b783f054,dialogue,1,I'll be around if you need me!····· *ccccc*·····What am I saying?····· Of course you need me.,
9a6d4607bd1d,dialogue,1,"I'll be at the lazy river,····· come get me when you're ready to leave. *hahahahaha*",
6d698a4ad81d,dialogue,1,I'll be keeping my eye on you.,
d163369d484b,dialogue,1,I'll be surprised if you get this one!····· My birthday...?,
e9408a97935d,dialogue,1,I'll be taking that!,
bdb273615f86,dialogue,1,I'll be the best kitty in the whole world. I promise!,
c70b22e0ae85,dialogue,1,"I'll be there.·········· I don't think I have anything else going on, for once.",
fea7fe7a564d,dialogue,1,I'll be thinking about you!,
c9fc7c8751c3,dialogue,1,I'll call her that same day if I really like her.,
fd719c717834,dialogue,1,I'll cherish it!,
d8c0de291d83,dialogue,1,I'll give you a second to realize why that's a bad idea.,
43a8b81e46bf,dialogue,1,I'll give you a second to try and remember that last time I answered that...,
d8b9dc287a85,dialogue,1,I'll have a tall glass of whatever she's serving;········ know what I'm sayin'?,
0848d7413e52,dialogue,1,I'll just work it off later.,
5d9e21cf5528,dialogue,1,I'll let you finish up the date so you can get the hang of it.,
30312dbb49d0,dialogue,1,I'll look forward to our next encounter.,
9347bd0b6a06,dialogue,1,I'll see you later!,
c13826106757,dialogue,1,I'll show you.····· Match those four Sexuality tokens in the bottom right of the grid.····· The red ones.,
ce9d86ad0a70,dialogue,1,"I'll take it easy on you, I promise.",
31b40944fd1b,dialogue,1,"I'll talk to you later,·· then?",
64460980adf9,dialogue,1,"I'll tell you one thing,··· this is certainly nicer than lunch at the food court.*hahahaha*·····",
aa7995146ab1,dialogue,1,I'll tell you what big shot.····· You caught me in a good mood.,
3b3c59e00817,dialogue,1,"I'll tell you what.··· If you're lucky,··· maybe we can go get high sometime.····· You down?",
acd05c67e73c,dialogue,1,"I'll think about it,·········· after I've had a chance to eat something.",
bed643712ca0,dialogue,1,I'm a little disappointed...·········· but it's alright.,
d9507bee1490,dialogue,1,I'm a naughty teacher...····· and you've been a bad boy...,
2372bdd197f2,dialogue,1,I'm a naughty teacher...····· and you've been a bad girl...,
260f91e2216b,dialogue,1,I'm afraid I have to pass on that.,
4e0891d993ed,dialogue,1,I'm afraid I may have reached my limit for the night.,
551900b6a3a9,dialogue,1,I'm afraid that's not the answer.,
169ca0cedb2b,dialogue,1,I'm all yours.····· Come and get me.,
3a90fd2dae90,dialogue,1,"I'm alright. I give it my best, that's all you can do really.",
ffa8cf7c6467,dialogue,1,I'm anticipating our next meeting.,
7a968acb6ef2,dialogue,1,I'm beginning to feel a little uncoordinated.,
9702dc912110,dialogue,1,I'm certain that you somehow already knew that I'm going to say yes.,
93aad74c6c9c,dialogue,1,I'm cool for now.····· Maybe later.,
b062e27bfa86,dialogue,1,I'm curious to find out if you'll remember this...,
97a14b2bd471,dialogue,1,I'm curious to know how much you really understand...,
8deb631ada75,dialogue,1,I'm curious whether or not you've been paying attention to me...,
13dffd6364a9,dialogue,1,I'm diggin' it!,
2a04490f86d3,dialogue,1,I'm eating shit like this all the time at work.,
b5799c0aab28,dialogue,1,I'm excited to see what you're really capable of...,
2473b898e3a4,dialogue,1,I'm expecting good things from you...,
fe362c60f36f,dialogue,1,I'm far too undernourished for alcohol.,
957f2932669d,dialogue,1,I'm feeling a little lightheaded.····· I should eat something.,
da3064e332f9,dialogue,1,I'm feeling rather undernourished.·················· What do you intend to do about it?,
6c3b8d3d3332,dialogue,1,"I'm fine on liquids,····· but I should replenish my caloric··· energy.",
d98424f47954,dialogue,1,I'm flattered that you haven't forgotten.,
9736bc194724,dialogue,1,I'm getting the sense you're a little out of sync today...,
417c1557038c,dialogue,1,I'm glad I decided to join you.····· It was a fun date.,
43bf266c31f6,dialogue,1,I'm glad I don't have a job or anything to go to.,
eb91cdd9675f,dialogue,1,I'm glad I skipped out on studying to come here with you...,
20dee5fcbe95,dialogue,1,"I'm glad to hear you say that.····· People can change,····· you know?",
a8d898f21945,dialogue,1,I'm glad you asked me out.····· This is beautiful.,
6e413bef2ae1,dialogue,1,I'm glad you came over here.····· I needed a good laugh.,
d91f42926adf,dialogue,1,I'm going to be fuckin' sick.,
de5bfaa12387,dialogue,1,I'm going to be watching you veeeery closely...····· so try not to mess up!,
2d210b5ed56b,dialogue,1,I'm going to test your knowledge...·· of me.,
ed73c9929b40,dialogue,1,I'm good...········ I'm good...,
8ab05a26bde6,dialogue,1,I'm headed to the beach to work on a few poses.········ You should join me.,
3b92b8226ba4,dialogue,1,I'm hungry...,
db651a95c390,dialogue,1,I'm interested in knowing what you think about this...,
669d83e448c4,dialogue,1,I'm just curious...,
4a3df3a81135,dialogue,1,I'm just looking to get a cappuccino.····· It only takes a second.···,
6bb4b3db11ae,dialogue,1,I'm just trying to relax;·········· enjoy a little down time between classes.,
b0390d279e77,dialogue,1,"I'm kind of busy,····· so make it quick.",
c7b4a93f1008,dialogue,1,"I'm looking at a pretty decent amount, but nothing crazy.",
2ec87d19d8c7,dialogue,1,I'm more of a burger and fries type of girl.,
f1d6cd538014,dialogue,1,I'm more of a sweets kinda girl.,
ecb4c517a732,dialogue,1,I'm more of an old school gamer; nothing like the classics.,
b27b4b46f8de,dialogue,1,"I'm normally not the type of girl·· that··· like...····· talks to people,····· or·· whatever...",
a4050f2e0b9c,dialogue,1,"I'm not a big drinker...····· buuut,····· okay!",
5c55364f2416,dialogue,1,"I'm not convinced that love actually exists, it's just an abstract concept.",
843cc5db68b1,dialogue,1,I'm not even sure how to express my gratitude.,
21bd32b41cc6,dialogue,1,I'm not feeling quite up to eating...,
3a676eb81e06,dialogue,1,I'm not feeling too hot...····· maybe later.,
9729ed9de8a3,dialogue,1,I'm not getting any younger so I'm trying to find my wife.,
2b717a1a34c5,dialogue,1,I'm not going to answer the same question twice.,
0a96d37ee84d,dialogue,1,I'm not gonna drink on an empty stomach.,
04d44b8c3854,dialogue,1,"I'm not gonna lie, there's going to be a shopping spree involved.",
4dbf9f77bca6,dialogue,1,"I'm not much of a drinker...····· but...····· alright, fine.",
18987a481de1,dialogue,1,I'm not ready! Please don't make me do this!,
4ab7e4ef5ae3,dialogue,1,"I'm not really into that sort of thing,····· sorry.",
187ea70c48fb,dialogue,1,I'm not really into that type of thing.,
52a2c1241833,dialogue,1,I'm not really into that.,
52572825492d,dialogue,1,I'm not so sure about that.,
9a98aa79667b,dialogue,1,I'm not supposed to mix business with pleasure...····· I'll make an exception·· just this once.···,
095a21950122,dialogue,1,I'm not sure about that kind of food.····· I don't want to risk it.,
127cdd1717b5,dialogue,1,I'm not sure how much more drunk I could possibly be.·····,
e54f89e3fd04,dialogue,1,I'm not sure that's very appropriate right now...,
4dd6f4d6a690,dialogue,1,"I'm not sure what I did to deserve this,····· but thank you.",
c881d65d9da8,dialogue,1,I'm not sure what to say!,
23097e3adf3c,dialogue,1,I'm not that into it. Sometimes I play those mobile games though.,
0c097fab9770,dialogue,1,I'm not used to this kind of attention...······· but·· I'm not exactly complaining...,
a75489542a69,dialogue,1,"I'm not usually one to gamble...········ but,····· we'll see how this goes!",
eb79e6dc7af5,dialogue,1,I'm on a pretty strict diet.,
4ddf5db0a990,dialogue,1,I'm on the cheerleading team;······· the cheer captain to be exact.,
167f1308aa6f,dialogue,1,I'm only kidding. I just thought you were cute and wanted to meet you.,
46f4a5be0e1c,dialogue,1,I'm partial to the friends with benefits situation.,
3a175d1812d3,dialogue,1,I'm pretty fuckin' irritable when I'm hungry...,
01f082409f94,dialogue,1,I'm pretty into feet and like shoes and stuff.,
048719e64f87,dialogue,1,I'm pretty pumped to see how much you've improved!,
e879dbdf052d,dialogue,1,I'm pretty sure you've asked me that before...,
97fa85af3218,dialogue,1,"I'm probably pretty fuckin' set on booze,····· thanks.",
754443436765,dialogue,1,"I'm pumped!····· You pumped?····· Yeah,··· you're pumped!····· Go get em!",
71f3ef0ac77f,dialogue,1,"I'm really excited,····· I don't usually get to go out like this since my son.",
d81dd376c21e,dialogue,1,I'm really glad you asked me out this morning.,
2812b06cb902,dialogue,1,I'm really in no condition for a meal.,
8c60b2dcbc21,dialogue,1,"I'm really sorry,·········· but····· I don't think I would get much use out of that.",
13761ae16bfc,dialogue,1,I'm running a little low of fuel here.,
9d1effcdd5a1,dialogue,1,I'm sitting here dying of hunger··· and you try to give me this?,
e02860256167,dialogue,1,"I'm so bad,····· I know.········ I have a sweet tooth!",
ba2e49f91d77,dialogue,1,I'm so confused right now. What's going on?,
8103b3fa0d2e,dialogue,1,I'm so pleased!··············· I hope we can go out like this again.,
8b8e7a93197a,dialogue,1,"I'm sooo fuckin' hungry;·········· like,·· starving.",
9a0ef0f5e344,dialogue,1,I'm sorry but I expect a little more than that.,
64a0fd82551e,dialogue,1,"I'm starving over here.·········· Let's go eat,····· like,····· anything.····· Like,····· everything.",
4846d2ce924c,dialogue,1,I'm still having a hard time accepting the fairy thing. It kinda crushes my reality.,
c964c8805665,dialogue,1,I'm such an idiot for thinking this was gonna go any other way.,
ee38f031ff03,dialogue,1,"I'm sure I don't have to remind you of my favorite hobby,····· do I?",
bef6e1225933,dialogue,1,I'm sure these girls would be thrilled to know you can't remember the smallest things about them.,
5e6e1732b14f,dialogue,1,I'm sure you can see why that's not the best idea right now.,
0888e7d9aaf3,dialogue,1,I'm sure you could just guess this one.····· What place am I always at?,
5310e48f72cf,dialogue,1,I'm sure you must be curious about me...,
c20e89518252,dialogue,1,I'm surprised at you.·········· There's a time and place for that.,
6bbc6a6c3d3d,dialogue,1,I'm surprised to hear you say that!,
259ee637334a,dialogue,1,I'm tapping out...····· but don't let me stop you.,
098b94c6979f,dialogue,1,I'm terrible with money. There's just too much cool shit out there.,
5c389ce246f3,dialogue,1,I'm think I'm gonna pass out if I don't get something to eat.,
d4977a65f97d,dialogue,1,I'm thinking about it. Would you recommend this school?,
5ac4c8b1f888,dialogue,1,I'm throwing in the towel...····· I'm done.,
7e64fec631c3,dialogue,1,"I'm tired,····· let's go.····· Maybe we can try again another day.",
b0c8cddbb484,dialogue,1,I'm too hungry at the moment to be thinking about that.,
0ea8d1e4850e,dialogue,1,"I'm too hungry to be thinking about drinking,····· sorry.",
c1c376507dcd,dialogue,1,I'm trying to think of a question to ask you...·········· Oh!······· I've got a good one!,
a0626213ef4e,dialogue,1,I'm very grateful.,
4c71c73a89ba,dialogue,1,I'm way too hungry to think about that.,
a17dc59ce8ca,dialogue,1,I'm·· all·· yours·· honey...····· Do whatever you want with me...,
ca7a29d32742,dialogue,1,I'm··· Momo!········ I'm a kitty!····· *hahahahaha*,
33971795c280,dialogue,1,I'm··· impressed!············· Most guys just freeze up when I ask them something like that.,
34d76a468189,dialogue,1,I'm··· impressed!··············· Most chicks just freeze up when I ask something like that.,
88be600337e2,dialogue,1,I'm··· listening...,
1df7251ff1e2,dialogue,1,I've already given my response to that question.,
3b76497b3b8d,dialogue,1,I've already told you!····· Nope!····· You have to remember!·····*hahahaha*,
95788cb9a5c3,dialogue,1,I've always wanted to try the golden shower.,
447159556554,dialogue,1,I've been here for a while now.····· I'm still waiting to be helped.,
13d0e3d4f2b7,dialogue,1,I've been known to get a little stupid from time to time.,
156711906dbd,dialogue,1,I've been meaning to get a new one of these.,
f2b51aca4bc0,dialogue,1,I've been wondering about something lately...,
ba098d1dada8,dialogue,1,I've been wondering something...,
6270447ad385,dialogue,1,I've done some scouting and I have a few ideas of where to start.····· It depends what type of girls you're into.,
c538d55363a8,dialogue,1,I've got a question for you...,
43c6af0b8b2d,dialogue,1,I've got an idea.····· I'm gonna quiz you.····· It'll be fun!,
1001b6d1940c,dialogue,1,I've got my eye on you...,
0fb6fc9d1cde,dialogue,1,I've got to eat something.,
6157a369cdc5,dialogue,1,"I've got to get me some food,····· like,····· now.",
bf848de111ec,dialogue,1,I've literally never slept with anyone else.,
aa1f04b11550,dialogue,1,I've messed around a little in the past but I'm over it.,
4303e1e2d3b8,dialogue,1,"I've never been with a black girl before, so I wanna get that in.",
013c16d57278,dialogue,1,I've never heard of anything like it before...,
16b69f647555,dialogue,1,I've never lifted a weight in my fat life.,
756d3d5e9295,dialogue,1,I've only been waiting for a chance to talk with you.,
d7664daa5fe5,dialogue,1,"I've only played this a couple times····· so try not to kill me, okay?",
b73943b0d347,dialogue,1,I've throughly enjoyed this experience with you.,
51353328e53d,dialogue,1,"I...····· uhhh...····· whatever!····· Move,····· I need to get ready.",
3539f685d97e,dialogue,1,"I...············· don't think I'm going··· home tonight.············ I mean,·········· if that's alright with you...",
55272cd32b97,dialogue,1,"Ideally,····· how many times a day would you have sex?",
385512120132,dialogue,1,If I can get my capp sometime in the next year··· maybe we can sit down.,
0b6a5882e109,dialogue,1,If I can pull myself off the couch long enough.,
1668b1519299,dialogue,1,"If I don't get some food right now,········ I'm gonna punch somebody in the cunt.",
db0895ee87e3,dialogue,1,"If I don't get some food,····· like········ right now,········ I'm gonna punch somebody in the dick.",
fa2fcd77fdeb,dialogue,1,"If I end up going here, you'll have to show me around.",
0a2c3f59d387,dialogue,1,"If I had to pick a favorite color,····· what would it be?",
c59e4b0f706d,dialogue,1,"If I win,····· you're buying us lunch!·····*aaaacc*····· Good luck!",
286598e857b3,dialogue,1,If aliens existed we would have found them already.,
fd1abe635f93,dialogue,1,"If someone said they saw me with another girl,····· what would your reaction be?",
3859f4e008cd,dialogue,1,"If someone said they saw me with another guy,····· what would your reaction be?",
192c4732ea72,dialogue,1,If this turns out to be a waste of time····· I'm gonna be so····· pissed.·····,
4416f29d7670,dialogue,1,"If you can claim the love of a goddess,·········· you will truly become a legend.",
7011179a2a3f,dialogue,1,"If you can't tell by now,····· I'm a fairy.··· Well,··· a love fairy to be exact.",
e80e0c485b92,dialogue,1,"If you could change one thing about me,·········· what would it be?",
3d8faa7e5f15,dialogue,1,"If you found someone's wallet on the ground,········ what would you do?",
07b98ad7e6d0,dialogue,1,"If you get this one wrong,····· I'm gonna be bummed out.····· What's my favorite color?",
4cdcd043f9ee,dialogue,1,"If you had to pick one,····· what do you think your biggest weakness is?",
e4a809350b1c,dialogue,1,"If you like being in a room with a bunch of sweaty girls,·· that is.·····*hahahahahaha*··········",
807deab056c0,dialogue,1,If you remembered anything I'm sure it's the size of my tits.····· Huh?,
36d655042360,dialogue,1,"If you want to get me drunk,········ at least feed me first.",
b0831096c2aa,dialogue,1,"If you won a million dollars,····· how would you spend it?",
ad12e59bedd2,dialogue,1,"If you'd like to come and see me,····· try to find me later in the day.",
8d64dc6aa626,dialogue,1,If you're going to ask a girl out··· you should at least be prepared.,
ae968afa3550,dialogue,1,"If you're gonna ask,····· just ask.",
d6e30e861532,dialogue,1,If you're to claim a goddess····· you're going to have to do a lot better than that.,
664efbe7bae2,dialogue,1,"If you're to ultimately prove yourself,····· there is one final challenge...",
8c2aeb626c41,dialogue,1,"If you're trying to buy my love,····· keep spending.",
b61c1cf5443d,dialogue,1,Impressive!,
bcc4114ad822,dialogue,1,Impressive...,
df5ebcbfa864,dialogue,1,In a minute. I'm not finished checking you out.,
c90cbecb9008,dialogue,1,In what kingdom do I preside as ruler?,
09c9eafb3879,dialogue,1,Incoming question!,
80b013a0e780,dialogue,1,Incredible...,
a1c282f960a0,dialogue,1,"Instead of that,····· let's eat something.",
7890c0fd151e,dialogue,1,Introducing...····· the latest in love fairy technology...····· The HunieBee four-point-oh.,
62c42fcd89d0,dialogue,1,"In·· all·· my·· years,·········· I never thought I'd meet the man that was truly worthy of me...",
085552f95559,dialogue,1,"In·· all·· my·· years,·········· I never thought I'd meet the woman that was truly worthy of me...",
a1270f7b997e,dialogue,1,In···deed.············· But the question remains...····· how good are you?,
d21dea5b0bb3,dialogue,1,Is it cool if I ask you something?····· I been thinking...,
60603fd5d1cd,dialogue,1,Is it weird that I like veggies so much?,
b8b2b6aef72e,dialogue,1,Is that a tail coming out of your backside?,
e9abdf9cf0f2,dialogue,1,Is that how human dating is supposed to be?····· You're a strange species...,
5aadcb1bfb38,dialogue,1,Is that really the best you can do?····· *aaacc*,
a0ded5b88798,dialogue,1,Is that really your honest answer...?·····*cccccc*·····,
77afd757e971,dialogue,1,Is that supposed to be a joke?,
783e934d7a88,dialogue,1,Is that your technique?····· Hitting on girls at the coffee shop?,
b84dbb146d85,dialogue,1,Is there anything in your past that you're too ashamed to tell anyone?,
0f6f9050b2ce,dialogue,1,Is there anything you'd like to know about?,
cdcb9a1800d6,dialogue,1,"Is there like,·· a type of personality that you just can't stand?",
ad9126a32ed4,dialogue,1,Is there something wrong?·········· Do you not like spending time with me?,
189e931f7ce6,dialogue,1,Is there··· anything else you'd like to know about me?,
955ff5095b1c,dialogue,1,Is this a game?·········· I've responded to that question before.,
e7d579a4cdd2,dialogue,1,Is this where you take all the girls?····· Huh?,
df3562a0ba4f,dialogue,1,Isn't it bad to drink on an empty stomach?,
9a603c3b212d,dialogue,1,Isn't it funny how life is pointless and nothing matters?,
80da9aecda0c,dialogue,1,Isn't it weird that a being from another planet has basically the same reproductive system?,
f0722a8acc07,dialogue,1,"Isn't it?·········· It must be such frightening thing,·········· I wish there was more I could do.",
32a91b1d884f,dialogue,1,Is·· that·· soooo?··············· Well maybe I'll have to write out some invitations...,
b068d0ea7488,dialogue,1,It appears·· I owe Kyu·· an·· apology.············ She was right about you after all...,
76d0178f0af0,dialogue,1,It automatically registers the info of new girls you meet····· and can even track their location.,
249d520ab7d2,dialogue,1,It depends how serious the relationship is.,
dc26044e8f8d,dialogue,1,It doesn't matter what.····· The stupider the better.,
3e6d704258d7,dialogue,1,It feels like I haven't eaten anything in like a hundred and fifty years.,
dddfef405312,dialogue,1,It feels like just a couple of days ago you could barely get a sentence out in front of a cute girl.,
d85fdc9c2e30,dialogue,1,It seems possible. Maybe there's a message in every dream.,
8ba9bc6811ec,dialogue,1,It seems that your memory has failed you...,
9acc37e4923c,dialogue,1,It was in the heat of the moment; really passionate.,
97b0dc7ee3ac,dialogue,1,It was really very nice of you to take me out like this!,
c9fa337cacc2,dialogue,1,It would be awfully hypocritical of me to judge...,
7de6c6189d7a,dialogue,1,It would be rude not to after you asked so nicely.,
eedab484b6ec,dialogue,1,It would be wise for you to forget this encounter ever happened.,
501b5049f10e,dialogue,1,It's a complicated issue. I'm thankful that it's not happening here.,
897bb40c7b13,dialogue,1,It's a great place to meet young hot chicks.,
f6e686250758,dialogue,1,"It's a little early for that,····· don't cha think?",
76da88b902c7,dialogue,1,It's a little revealing.········ Don't you think?,
56f4b9806cbd,dialogue,1,It's a lovely gift.,
66831cfe22d0,dialogue,1,It's a pleasure to see you again.,
fcd97f584c90,dialogue,1,It's a terrible shame and it breaks my heart.,
2bad46b877c0,dialogue,1,"It's bad for their health, but, it's a free country.",
35d30772cd19,dialogue,1,It's beautiful!,
bf8aaba82dac,dialogue,1,It's been a while since I've last skated.·····*haha*····· Don't laugh at me!,
3b9e53cb4081,dialogue,1,It's been a while.····· I'm a little nervous...····· but I'm excited.,
0f95c0d627fc,dialogue,1,It's difficult for me to make an emotional connection with someone.,
0988dfad633e,dialogue,1,It's fine by me. Smoke em' if you got 'em I guess.,
107f45ed3427,dialogue,1,It's going to take more than a few gifts to win me over.,
4b38145d885f,dialogue,1,It's hard for me to make an emotional connection with someone.,
9a9821470979,dialogue,1,It's lovely!,
cc9a301b56f6,dialogue,1,It's not like anybody is going to know...,
f3cd8f80faad,dialogue,1,"It's not that I'm materialistic,····· I just like getting nice things.",
64804cea194b,dialogue,1,It's ok...············ maybe things will turn out better next time.,
2c3467b930c5,dialogue,1,"It's really nice,····· but····· I just don't think it's for me.····· Sorry!",
60363860cec5,dialogue,1,It's so cool that you like to hike too.,
11c517bda7e9,dialogue,1,It's so peaceful here...·········· very relaxing.,
9377deb3c013,dialogue,1,It's so pretty here!····· It smells so nice too!,
4706f4298710,dialogue,1,It's soooo cute!,
bcecc3e36133,dialogue,1,It's tempting...····· but I think I'm gonna pass.,
6cac976e18e8,dialogue,1,It's the most important thing in the world.,
199a836463a4,dialogue,1,It's the only way to get ahead in this world.,
c7a53882ef66,dialogue,1,It's too late in the game for you to be pulling this shit bro.,
4e46cd8b5234,dialogue,1,It's too late in the game for you to be pulling this shit sister.,
9143f74e72e4,dialogue,1,It's too much!,
859717ec9382,dialogue,1,It's very enjoyable.,
907850b74023,dialogue,1,"I·· appreciate·· the ges···ture,·········· but I'd prefer something a little different.",
267ff08d4fd3,dialogue,1,I··· have like the worst case of yellow fever··· ever...····· EV··ER.····· Like··· a yellow··· plague.,
8419156ce096,dialogue,1,"I··· knew··· it!············· I can't blame you though,····· I do look good in the uniform.",
fc2428efdc76,dialogue,1,"Jeeeeeeeeeeezzz,······· look at all this shit in your inventory.····· Hoard much?",
9ac43dc6f4b8,dialogue,1,Jeezus····· woman!········ Can you wait until you're in a bar or something?,
0195c04c8144,dialogue,1,Jeezus·····man!········ Can you wait until you're in a bar or something?,
705a6bf7bd47,dialogue,1,"Jess,····· I can't wear this!",
d252f6981bd3,dialogue,1,Just bust out the HunieBee and check the girl finder screen.,
6963d536e8f3,dialogue,1,Just got here?······· We've been here for at least an hour.,
ba789146f418,dialogue,1,Just like me!············· I begin each and every day with some light breathing exercises.,
ab565934f239,dialogue,1,Just once and it was the biggest mistake of my life.,
80480f16aaff,dialogue,1,Just what I needed!········ I missed breakfast this morning.,
fef876bb15d6,dialogue,1,"Just,··· no.··· Not ever.",
f7fc7a1eb0f4,dialogue,1,Keep *ee*em' coming!,
1b057bf71676,dialogue,1,"Keep these coming,····· thanks.",
8eaf6406e3d6,dialogue,1,Keep um' coming.,
0a6ac053d6e3,dialogue,1,Keep your head in the game!,
48dce6b9fc4a,dialogue,1,Keep yourself busy out there!,
37e2fcd65e01,dialogue,1,Keeps it real.,
033a0ddf7d98,dialogue,1,Kisses!,
ed8f33f595f7,dialogue,1,Knock um' dead out there!,
1a12a510aec6,dialogue,1,"Kyu has explained the appetite meter,····· right?",
59185de12756,dialogue,1,Later dude!,
984a375f7e99,dialogue,1,Later girlfriend!,
63fee2b2260d,dialogue,1,Later!,
c65cbcaec9e8,dialogue,1,"Later.····· Next week,·· probably.········ I'm sure you did fine Tiffany.",
a69918d3ee5c,dialogue,1,Laughing and having a good time with my friends.,
3f86768abb2a,dialogue,1,Lay on the floor and contemplate existence.,
a3c1bb743932,dialogue,1,"Leave it right where I found it, as to not incriminate myself.",
789af303439a,dialogue,1,Leaving already.····· Alright...,
11d64dddd141,dialogue,1,Leaving...····· so soon?,
49e18563f840,dialogue,1,Let's find out how observant you've been...,
a6a4ee23219b,dialogue,1,Let's find out how strong your memory is...,
d7132faa6d18,dialogue,1,Let's find out if you've actually been listening to me...,
96844d8f60a2,dialogue,1,Let's fuckin' date this shit up!,
8fdc872ee835,dialogue,1,Let's get it goin'!····· These broads aren't gonna date themselves.,
c241fa4ac97b,dialogue,1,Let's go lose some rigged games!,
d6f2837de6d5,dialogue,1,"Let's go win some stupid shit,······· I've got the games here figured out.",
61072648f6d8,dialogue,1,Let's play a fun game!····· It's called····· make Jessie happy!,
f5bb3fdb91dc,dialogue,1,Let's see how well the other girls have prepared you for me.,
a6d631965a41,dialogue,1,Let's see what you know about the world beyond your planet...,
8fd217109c96,dialogue,1,"Let's see...····· Considering what just went down,·· she's·· probably a little pissed off.",
9d8acc271f38,dialogue,1,Let's take it nice and slow...·········· okay?,
72cc49b66889,dialogue,1,Let's····· seeeeeeee...·················· longest relationship you've ever had?,
5276cb2a8d6a,dialogue,1,"Like I said,····· you'll need Sentiment to use it.",
b4dd235bab18,dialogue,1,Like a bawse!,
d12abf3b9e34,dialogue,1,"Listen,····· I gotta go.····· But, we'll meet again, real soon.····· Trust me.",
16acd93cd888,dialogue,1,"Look at this,····· we've got the whole rink to ourselves!",
6f1b91604bce,dialogue,1,"Look dude,····· are you gonna be alright?····· Looks like you're having some trouble holding it together over there.",
343ce008f5fa,dialogue,1,"Look girl,····· are you gonna be alright?····· Looks like you're having some trouble holding it together over there.",
5efb5795f21e,dialogue,1,Look inside to see if I can find out who to return it to.,
3e2e55e544c6,dialogue,1,Look who's here!····· Glad you could show up.,
b05032636b4f,dialogue,1,"Look,····· I see what you're trying to do,········ but I'm not interested.·········· Okay?",
10cb01b86499,dialogue,1,Lookin' sharp boss!,
0f8ecff7db44,dialogue,1,Looks don't do much for me if you're a piece of shit inside.,
1cc1b48c61cf,dialogue,1,Love you baby!·····*ccaacc*,
290513343b63,dialogue,1,Lovely!,
228409e4ac3f,dialogue,1,"Lying is never okay, no matter what the circumstance.",
a98f91466f73,dialogue,1,"Maaaaaybe·· I'm just missing something,····· but I thought dates were supposed to be fun.",
574ec20e2cc6,dialogue,1,"Maaaayyybe··· one··· more··· drink...············· Nah, nah!··· I'm good, I'm good.",
57e04096d2bb,dialogue,1,Maaaybe I'll hate fuck someone to get their ass beat.*hahahaha*···,
9255da22f959,dialogue,1,Make it happen!,
fe742b4cd085,dialogue,1,Make it quick...,
931de8a8851d,dialogue,1,Make me proud!,
c9a01a953345,dialogue,1,Make yourself useful····· and go get me something to eat.,
d62fa4c55653,dialogue,1,"Man,····· will you get a load of these two...",
215fc29af867,dialogue,1,"Man,····· you and all the questions.····· Can't a fairy just help a brother out?",
fa51a87a6d72,dialogue,1,"Man,····· you and all the questions.····· Can't a fairy just help a sister out?",
8ec8c71e4303,dialogue,1,"Man,········ you have····· a lot of stuff!··············· Don't you want to make some room in your inventory?",
847488496bad,dialogue,1,Marvelous!··············· You're living up to your reputation.,
c39412da3fcf,dialogue,1,"Master,············ when are we going to eat? Huh?",
d87a1e9a0d0c,dialogue,1,Maybe I should cool it with the booze for a second...,
4afbc4e798ac,dialogue,1,Maybe I was a little bit quick to judge...····· force of habit.,
988925961d17,dialogue,1,Maybe I'll just have a bite...·········· or two.,
73ef35e1e9f2,dialogue,1,Maybe in some other lifetime.,
993567eb3900,dialogue,1,Maybe not the best time for that...,
b6695c77f8ee,dialogue,1,Maybe some candy or something might be nice.,
e14780c5f02f,dialogue,1,Maybe try that again under better circumstances.,
d08fbe04bc9e,dialogue,1,Me...?·········· Why?············ You see something you like?,
eaf4e5d4ea51,dialogue,1,Meet me back at your place.,
b522e93da785,dialogue,1,"Michael Brand, William Cook, Olivier Riedo, Stuart Telfer, Donnie Roos Jr., James Groshon Parker, Shawn Baird, Steve Koons, Aaron Holding, Alexandre ""Scratch"", Chua Chong Yi, Dominic ""RocK_M"" Ferrer, Erwin Sutrisno, Felipe Augusto Batista, Jostein Strand, Kendra ""Tundra"" Langille, ""Baroness"" Aki Caithlyn, Abdullah Albasha, Andrew ""Leefizzy"" Lee, Apenguindidit, Bradley Jensen, densha_dan, Derek Newton, Marco EDLS13, Matthew James Harkins, Patrick Green, Richard Leiva, Steven Chin, Steven Garcia, Will S, xzpwnz, Billy Herrington, Anael Verrier, Andrea Martinelli, Lim Ye Ping, Marius Dagestad, Meracle Silvern, Michael Simon, Mika Flinkman, MK, Richard Ford, Simon 'garkham' Lockheart, Simon Do, Svein Meling, A Patron, Aaron Danczyk, Aaron King, Adam P, Archibald Dupree, Billy Harris, Brian Koonce, Chadwick ""lilo"" Johnson, Charles Mickendrow, Chris Downs, Craig Chapman, Dan W Zhang, David M. Thomas, Elliott D. Gleason, Grant Hansen, GuardianE, Helen Hieble, Jaslyn, Jason & Victoria Zagar, Jesus Aguirre, Johnathan Torres, Johnathon ""The Rooster"" Cisneros, Johnny Parker, Justin Demafilis, Kamil Knapczyk, Keimarios, LordMatsu, Mario Velardita, Matty C., Nathaniel Pahl, Neko-Reo, Nick Andrzejewski, Nidoking, Ro, Robbie Boerner, Robert ""Saka"" Ramos, Ryan Riley-Mercado, Serra Angel, Some Random Anime Lover, Steven J. Koons II, Tim Reilly, Troy Turner, Yaka, Adrian 'Telaran' von Allmen, AndCycle, Anthony Cash, CaptainToasters, CJ Barrett, David Chuhay, Dustin Roop, faeriehunter, Ivan de Neymet Franco, Ivron, Joel E. Reichenbach, Juha Laaksonen, Lucif3rhawk, MAO, Plusi, R.Jackson, Remy ""Skuz974"" STIEGLITZ, Takayuki, tfkmaster (the brick), Jamie Yakeleya, Jason Anthony, Jecht2, joachim_kamikaze, John J. Walsh IV, John Nathan Fernandez, Joni Lappalainen, Justin ""Wafflewolf"" Ho, Keith Hall, Kuga, Lachlan John Poots, Lane Edgington, Lyssiar Schilling, Magentawolf, MakoDeth, Mario Clarke, Melfion, Michael ""beefsack"" Alexander, Michael Bohl, Michael Hording, Mike Paul, Mitchell Moreno, Nathan Green, Necrosis Thanatos, Niclas, Nik Das, Omar Rodriguez, Onsokumaru The Trip, Orcus, Oyvind Meling, Pasha, Piron P, Remi Sinou, Rob ""theused182""  Johnston, Robert, Serena ""Intendant S"" Nelson, Stefan Schreiber, the chimerical collective, theVandeman, Thomas McKeon, Tyler Q Nguyen, Tyrell Neufeld, Valdis_Belial, Wesley Tabor, William Cook, yaymos, Zero Null, Merc, Mho, Michael Holcombe, Michael Miller, mirumu, mmx, Morten Due, nephalite, nih, Nora Elisa Sotelo, Oliver James Minall, Olivier ""Eivoril"" RAQUIN, Orrin Sensathien, Patrick Tan, Paul H.C.M. Barron, Paul Rock, Paul S. Enns, Petter SF, quamp, Rafe Morrel, Richard van der Schoor, Roger Vargas Ramirez, Ryan Whorton, SaoBunneh, Sean Taylor, Shadowx1800, Sheenariel, ShimaPantsu, Sierra Meador, Speculations, Steif O. Rever, Steve Hinckley, Steven Bice, Steven Broka, Steven Caneda, Thomas Zilling, ToadnoChikara, Top-Ranger, Tornel, toshiro kanchou, V Lopez, Valinnis, Warpwny, WhaTEvaHBoI, William Sharpe, Z.M. Schaffer, Zak Anttila, AAAYogibearAAA, Aaron Davenport, Adin Knight, Adipose Wrex, Adrian Gallegos, Alex Rathbone, Alexander John Aristotle Kimball, Alexander Kendall, Andrew P. Bullen, Andy ""YukaTakeuchiFan"" Kurland, Antonio Vincentelli, Apollo, Archon, autfag, awowamax, Ax_kidson, Bastiaan Rours, Benjamin J Sheahan, Big Dan, Bill Murashie, Bobby Skeens, Brent K. Smith, Brian Clinton, Brian VD, Bryan, Bryan E, Bryan Khoo, Btburns, Chris ""Codo"" Congdon, Chris Amos, Chris Miller, Chris Park, Christian Singh, Christoph ""Fr33l4ncer"" Huber, CHT a.k.a Death Cruzer, Claus Lutke, Collapsar, Damon English, Danger Mouse, Daniel Perrio, Danny Kriegbaum Laursen, Dark09, Darryll smith-walker, David White, Dean ""the great dong"" Thurston, Dominik Dalek, Dubbles WildHogsGaming, Dustin Frisch, Earl Fiorito, Eastborn, Erik The Viking, Ethan Roy, Evan Mitchell, Filipp Filippenkov, Forzdan, Franny Jay, G.K., Gabriel ""Gabe Khronos"" Godoy, Galronir, Gazz91, Geovanni Villagran, Godewijn W. Perizonius, Hans Christian Solberg, Henry Tran, Howru, Hugo Viklund, Humberto ""StarChuck"" Meireles, Hutch, Ian Wolfe, ichi, Ignatiev Vladimir, Ikaboom, ittoujuu, Ivo, J. Gentilini, J4K3S7A, Jacques Alexander Katzoff, James Buckley, James Graham, James O'Connell, Jared Winteregg, Jason ""CombatWars"" Chen, Jay Choi, Jaymark108, JD, Jens Kristian Rode-Moller, Jesus Roberto Martinez Garcia, JimmySSChou06, Joe Saint, John Pushnik, Jonathan Tang, Juanjo Barrio, Justin Horn, JVizzy, Karl Ivar Billy Niemela Olsson, kayman, Kaypar, Kays, Kern Handa, Kevin Osburn, KiddoCabbusses, Lassi Helio, Laura Gohl, Lazzarus, Levi McConnell, LunarKnite, Lyraphor, M_yth, Marie Elizondo, Mark ""Aahz"" Montgomery, Markus Magnitz, Marten Chronoes Tarkin, Matt Chan, Matt Lawson, Matt P, Matthew Drieling, Matthew Murray, Max R., MC Snyd, MDuh, Michael Douglas Meyer Jr., Michael Falinski, Michael G. Roth, Michael J. Crowley, Michael R. Jeschke, Mike Fischer, Minh Tri Philip Hoang, Mr. Lieutenant Time Bonkers, N Wright, Nat Fowler, Nathan Jarrell, Nathan Mckeeman, Nathan Whelihan, Nicholas Medeiros, Nikola Milinkovic, Nolan ""AnalFries"" Raven, Patrick ""EPL"" Londema, Patrick Riedel, Per Axmark, Pete Davison, Phil Brown, Philip Bradley, Phill ""TheRage"" Couzens, piDERF, PMD, prototype00, RealZero, Reynard Dwi Saputra, Richard Wardell Cook, Rin Hatune, Robert Oldfield, Robert Salender (AskaLangly), Roy L, Rufus, Ryan M., Ryan Mills, Ryan P., S Greatorex, S. A. Bellamy, Sam Klein, Sami 'Hamsu' Saarela, Samu Valimaki, Sanguinius, Scythation, Serge, Sergio ""Gamesta64"" Quinones, SexySex69 Spambot, Shun Tse, skkn, Sleepington, Slepchenkov Vladimir, SlothFacts FGC, SosukeDrake, Stephen Couch, Steven Day, The Blue-Eyed Infidel, Thomas Nickel, Tim ""TypeFirebird"" Bucknell, Tim Danysh, Tim S, Timothy, Todd Ellerman, Tourak, Trent Slater, Trip C, Tristan D. Carl, Tuyen Ngo, Tyler Jackson, Tyler Spears, Vahn Kergonan, Vladimir V., Vladislav ""Dramatheurgist"" Goldakovsky, Wererat42, William Dylan Butcher, William Mills, Wyatt Moser (Table645), Yousif Al Khalifa, Yuriko, Yuta Hoshina, Zandri, Zanthulol, Zebrian ODell, ZirCreepsAlot, -iwayandk-, ""Mr. Ninja"", ""Not A Spy"", [HYBRID BEING], A Lonely Weeaboo, Aaron R Corff, Adam Testagrossa, adamma666, Adol Christin, Aggie Lenoir, Aile Windsor, AJTilley.com, Akaecius, Akienous, Alan Manganti Lalonde, Alanna McTavish, Alex ""Is Playing"" Martin, Alex Downs, Alex Kramer, Alexander Otto, Alexis ""poetfox"" Long, alexito, Alfredo Torres, Alzael, Anders Kronquist, Andrew Craig, Andrew Cummings, Andrew Fults, Andrew McDermott, Andrew Wilson, Angel Aaron Reyes, Anonymous, Anthony Feldhake, Archange, archigram, Ari Lautamaki, Armando Perez, Artik Dube, Aun Na Tan, Austin Kue, Bartosz Krawcewicz, baskat, bchan84, BedfordLovesNisekoi, Benjamin Abrams, Bluefire, bluemeep, Bobular, Boomsickle, Bowman W, Bradford Cone, Brandon Lavell Edwards, Brendan Ferris, Brett Martinez, Brian Bowman, Brian Weiss, BubbleKings, ByunTaeNy, C Miller, C. Wallace, Calvin C., Calvin Snowden, Cameron ""Aurora"" Forrester, Canardwcx, Captain Turtle, Cardician, Carsten Berg, Casey Walsh, Cedric ""Makura"" Richard, Ceph Hart, Chance Stephens, Chankit Pongdhana, Charles Cope, Chi Shing Li, Chia Chong Yee, Chimerical Tales, Chris Cornell, Chris Marsden, Chris Punska, Chris Tran, Chriss, Christopher Bee, Christopher D. Sandford, Christopher McKenzie, Christopher Roberts, Chun, Cirno Hakurei, cleverwings, closer013, Cody Hester, Colin, Conrad Manzano, Coral Cockle, Corey C., Cory ""FL4GG"" Lieske, Cowdenstar, Crimrui, curescurse, Dablue, Daniel ""Kyimo"" Russell, Daniel D Magnan, Daniel Han, Daniel Thornhill, Daniele lai, Dare Sid ""WOW"" Phile, Darn, David Long (neko), David Lyons, David R Miler, David Terry, David Wilson, Dawn_, Deko Kantara, Dennis Andreas, Derek A. Roncal, dgc1980, Dickson Lee, difuzed, Diogo Baquini, Dish, DJ Fool, Dmitry Sokol, Doc Thomsen, Donovan, Drae Thompson, Dude, Durdya Zeugme, Dvvarf, Dylan Patrick, Edward ""ArdentPurple"" Engquist, Edward Dang, Ektorus, Emma Williams, Emperor Aljust, Enigma416, Entercoven, Eric Zhang, Ervonymous, Estey Dayo, FaylynSeryph, Felipe Lins, Filiel, Flinx1138, Fluffy McDuck, Frikkie van niekerk, Fuin, Furio Kensei, Fuseji, FusionWarrior, Fuzzy, Gareth Robinson, Garrett Muggy, Garth Schmidt, GeiR, General JP, Giako, Gold Star Anime & Games, Gonsalo Ceja, Gontier Eric ""Ericia"", Graeme 'Rooster' Miller, Gregory ""Yumeji"" Bernal, Gregory Polander, Guido Tantowie, Haken Browning, Halko, Hampus Karlsson, Harald Hellerud, Heavy_McFatso, hi guy, Husker Dan, Hznbrg, Iain E. Anderson, Igor Kozyrin, Islew, Ivannorr, Ives Rountree, IvyLoveRoses, J Brad Woodfin, J Scott Knell, Jack Frazee, Jack Zackowitz, Jackie Chou, Jacob ""FAKKU"" Grady, Jacob Helou, Jacob Koonce, Jake the boardgaming robot from the future, Jake Walston, James ""Rixh"" Haygood, James ""Sneezie"" Eddy, James Kennan, James Lange, James Lofshult ((Solav)), James Sunderland, Jamieson Whitehead, Jan ""Psyfe"" Ostby, Japanese Tech Curse, Jason Kapalka, Jason Logan, JaxWax, Jay Shurman, JBL, JCD2150, Jeff Koons, Jeff Morris, Jeffrey (raz) Adams, Jeremi Guevarra, Jeremy Kuhne, Jeroen Dekkers, Jesse Gillespie, Jinx, JNR, Joann Youngblood, Joe Straatmann, Joel ""Jolt"" Smith, John ""Ogre"" Seals, John Enright, John Kelbaugh, Johnny Laurence, JoJo, Jonas Westerberg, Jonathan Grimm, Jonathan J. Louie, Jonathan Melendez, jonathan stewart ""bikke the pirate"", Jonathon ""Data"" Skillman, Jose Tenorio, Joseph W. Conner, Josh Minol, Joshua Alvarez, Joshua D. Padro, Joshua Munro, Juan Carlos Norianueva, Julien CASTAGNE aka MasterTao, Julius Belmont, Justin O, Jye ""Yuki Hyou"" Karl-Perry, K. Leitch, Kaja Foglio, Kanon, Karl Lassen, Karl Maurer, Keigan Wise, KeiichiFace, Keith Lamond, Kelly Stewart, Ken Pichakun, Kenneth Glasdam, Kenpachi Ramasama, Kent Keltner, Kevin Monkhouse, Kevin Smerbeck, Kiavie, Kim Vidar Lund, KogX, KoH, Kurisu <3, kuzakun, KW Bergman, Kyle Reese, Lasse Lohde, Lee Lawson, Leo ""ExBest"" Lafram, Leon B.R aka Nuragna, Leon Fiddler, Level 1 Imp, Lewkas Fugazi, Loki Fluffy Cat, Lorenzo Arreola, Luca Frigerio, Lucas Alves, Luis Parra, Lumpy, M. H.True, Mads Poulsen, Magnoth, Makosuke, Mara Pieson, Marcel Matz, Marco. P, Marius Thomassen, Mark, Mark 'Footy' Bearden, Mark Douglas, Mark Enkerud, Mark Jackson (Ironstrom), Mark Shaw, Mary Burns, Mathias Jacobsen, Matt ""Overdose"" O'Donnel, Matt A. Rosario, Matt Hoffmann, Matt J, Matt R., Matt Wepee, Matteo ""Klezzon"" Brisinello, Matthew Roberts, Max Juchheim, McBomb, McLOVIN, Michael ""BookwormOtaku"" Connell, Michael (G-Nitro) Camacho, Michael Barnes, Michael Davis-Ickes, Michael J. Musumeci, Michael Scuderi, Michel ""{Tio_Sukita}"" Mattos, Mike the Elf, Mil-kun, Miro Mendoza, Mirokunite, Mistermatrix24, Morning Trick, mrgogo, n1cknak, Nakamura Taiki, Naxxramas, ndkid, Nguyen Minh Tuan, Nicholas J. Hodgson, Nicolas Davila, Nicolas Dufer, Nicolas Kaiser, Nile Bernard, No_Way301, Norman McDonald II, Nuclear42, Nyzarlh, Obi Omatseye, Olivier Lebeau-Paradis, OnpuElena, Oscar Bello, Otto ""Sandshrew2"" Araujo, Patricio Parga, Paul 'Topottsel' Robinson, Pedro Arnulfo Garcia Meza, Pedro Perez, Pedro Shing Rosa, Pete SkyRocket, Peter Kuo, Peter Sandbeck Nielsen, Philipp Bornschein, Pineapple Steak, Pitchingace88, PMar, PrimalWrath, R, Raconis Death, Railgun, Random, Ratdrake, Ratralsis, Ray Higgs, Rebecca Lewis, Redglus, Rene Mesia Cabanza Jr., Rene S. Ramos Jr., Reza Malik, Riddlescoper, RiFiu, Rob Zwetsloot, Robert ""HealyHQ"" Healy III, Robert Stevens, Roberto Quintans, Roman Ryabov, Romy Pham, Ross Celer, Ross Hornsby, Roy Archer, Rt, Ryan ""H Fiend"" Tabb, Ryan Davis, Ryan King, Samuel Nunes, Sara ""Pandy91"" S., Sara P. <3, Sarah Jessica Walker, Sarah Kitty, SayEric, ScapeGod, Scott Aoki, Scott Hardin, Sean Dunham, Sean Ulczycki, Semi-James, Sengoku Nadeko, Serle McPhee, Seto Konowa, Sexualbeanbun, Shaun ""IrishWonda"" Danis, Shaun Skelton, ShyMel, Silvio Herrera Gea, Sindre Saebo, Skyler Arnulfo Topete, Sobriquet, Solomon Silence, Solution, SomePoorSap, SoulCyber, Space G. Host, Spoonykipper, Stefan Guhl, Steffan Dueling, Steven Anderson, Steven Hoffmann, Stephen Hazlewood, Stooks, SuperSN, Takumi Taiki, Tanfew, TepidTwisTed, Tera_GX, Terminax, That Yoshi Guy, The Ferret, The Japanese Sandman, TheFlamingJesus, thezeldagamer, Thomas Scroggs, Thomas Wessel, Thony the Man, Tiffany 'Distraction' Cleveland, Timothy J Lincoln, TLink, Tobin Cristos, tomsatab, Travis (Nogard) Fuller, Tremprod, Tyrone ""r3d tiger"" Tigger Queensborough, uberDirk, veiti, Victor Majko, Videogamer25, Viet Phan, VK, vonb, Wade Ghaleon, waffle_zone, Welis, Weoneo, Wesley Dunbar, William H. Jackson IV, Willian G. Hopfgartner, Woong Gun Choi, world of wandag, wtfuxisup, Xander Weber, Xon890, xrain_cc, xzpwnz, xzpwnz, Zach Stewart, zach!, Zalminen, Zonz, Zork, Zouxstark, Zuu, Zynk Oxhyde, Zyrdarya, Danielle Johnson, Ivan Doronin, Henry Fortuna",
1a7f7b683375,dialogue,1,Mind if I ask you a question?,
1f5ee15f39b8,dialogue,1,"Mm,·· mm,·· mm.·········· What am I gonna do with you?",
5a007954122b,dialogue,1,"Mm,····· eating always makes me want to smoke.",
c6932817a15d,dialogue,1,"Mmm, mmm!····· I love me some chocolate.",
08910d249e9c,dialogue,1,"Mmm,··· I love this!",
c804c82cd962,dialogue,1,"Mmm,··· I'm horny.····· Sooo,··· let's fuck.",
037e93a7f977,dialogue,1,"Mmm,····· thank you!····· Thank you!",
0d31a5f2cbe0,dialogue,1,Mmmhmm!····· It is!····· I have these furry ears too.,
aa22bfaaab94,dialogue,1,"Mmmhmm,····· you're a keeper.",
c5fe0923d4e1,dialogue,1,Mmmhmm...················· it's really cold and scary at night...,
9086f2352adf,dialogue,1,Mmmhmmm?,
7f83fd6ae3cb,dialogue,1,Mmmm!····· I've missed you!,
2dd33a196fa7,dialogue,1,"Mmmm!······· Better than sex...····· well,····· almost.",
0253a6c2eac5,dialogue,1,"Mmmm,··· baby!········ I love it when you buy me new things.",
6a1e09d3374c,dialogue,1,"Mmmm,····· I should really eat more of these.",
d414a2094f62,dialogue,1,"Mmmm,····· damn,····· that's the good stuff.",
fc45e4b29333,dialogue,1,"Mmmm,····· sleep well!",
4f55d6465e2c,dialogue,1,"Mmmm,····· thank god.············ I love a girl who knows what he's doing down there.",
13d5cd3d9611,dialogue,1,"Mmmm,····· thank god.············ I love a guy who knows what he's doing down there.",
92962d2e79a2,dialogue,1,"Mmmm,····· to each their own.",
48711ffcf0b5,dialogue,1,"Mmmm,····· well,····· I think I have just the thing!",
6923eb7cb2d4,dialogue,1,"Mmmm,······· the porn·· star.··············· Your junk start to itch yet?··················*hahahaha*··· I'm just fuckin' with ya,··· she's clean.",
ec221f0c1bfe,dialogue,1,Mmmm...·· I'm so turned on right now I could explode.····· Let's get out of here...,
8fa0583a44b3,dialogue,1,Mmmm...····· I was hoping for something a little bit nicer.,
16908b6eac05,dialogue,1,Mmmm...····· You're so good to me.······· How about I return the favor...?,
ca853af07c84,dialogue,1,Mmmm...····· okay!····· Sounds great!,
473384d5251c,dialogue,1,Mmmm...····· you're so sexy when you're victorious.,
5e11e0fab83c,dialogue,1,MmmmMmmMmm!····· Soooo good!,
37e674d4b92d,dialogue,1,Mmmmm!,
975209c3835e,dialogue,1,Mmmmm!···················· Don't you just love that misty morning air?,
309a5e1149a3,dialogue,1,"Mmmmm,····· I'm not even sure what else to say.",
07191c341bc7,dialogue,1,"Mmmmm,····· you certainly know how to carry yourself...",
5c4f5560b13e,dialogue,1,"Mmmmm,···················· actually...····· quite satisfying.",
c7e4c20a91f2,dialogue,1,Mmmmm...····· I'm hungry...,
57e1e707fb62,dialogue,1,"Mmmmm...····· No thanks...····· really, I'm alright.",
8a12c004d823,dialogue,1,Mmmmm...····· so sweet and juicy.,
57bf6557f4fa,dialogue,1,"Mmmmm...··························· ehh,····· not gonna happen.",
646e40b68950,dialogue,1,"Mmmmmm,·· so juicy.",
e928884a7640,dialogue,1,"Mmmmmm,···················· I guess I underestimated you.",
d0ff611d85a1,dialogue,1,Mmmmmm...····· oowww...,
ae17a72ac7d4,dialogue,1,Mmmmmm...····· probably not a good idea.,
3810c25955ac,dialogue,1,"Mmmmmm...·······*cccc*········ no,····· perhaps at a later time.",
e35857ff6146,dialogue,1,Mmmmmm...·········· so rich and sweet.,
575a8eab7f69,dialogue,1,Mmmmmmm...,
ba526d2f3d55,dialogue,1,Mmmmmmm... pretty good. Thanks.,
5060ac4116b4,dialogue,1,Mornin'.,
8fbdd1f51931,dialogue,1,Morning beautiful.,
649fcc86518a,dialogue,1,Morning handsome.,
388eb39e506f,dialogue,1,Morning!····· Thanks for letting me stay over last night.,
9684438fb957,dialogue,1,"Morning,····· sleepy head!",
d691f692206e,dialogue,1,Morning... you sexy thing you.,
2d208167f4b2,dialogue,1,Morning...·· big guy.,
715c1f50e9ce,dialogue,1,Morning...··············· what?·········· What's that look about?,
fcbfbcc908bf,dialogue,1,Morning.····· Sleep well?,
c74fbc83ddf5,dialogue,1,"Most gentlemen your age··· know me as Misty,····· but you can call me Jessie.",
10f214785b97,dialogue,1,"Most ladies your age··· know me as Misty,····· but you can call me Jessie.",
26e3a60db169,dialogue,1,Mr. money bags over here!,
0ab8dacdc8c8,dialogue,1,Ms. money bags over here!,
cbfdbb723a1b,dialogue,1,Muuuch····· better...·················· I was having a distinct craving for breakfast.,
ad4a32ddb9f7,dialogue,1,"My agent,····· he yells at me for eating this crap...····· but he's not here!",
994667561db5,dialogue,1,My body is feeling warm and my breathing has deepened.······· I believe I am now in heat.·····,
394742f54161,dialogue,1,My collection was missing this!·········· Thank you!,
344cdf9e1497,dialogue,1,My earth age is how many years?·····,
26aaf3ca3673,dialogue,1,"My favorite color,····· what is it?····· Come on,····· I'm waiting...",
4fe82c14e7f9,dialogue,1,My friend Nikki would love this!····· She's really into games.,
0f037ecee34d,dialogue,1,"My friend made me put this stupid thing on,·········· sorry.·········· One second,·········· let me go change.",
58520507ad7a,dialogue,1,"My last name is pretty easy,········ you can't really forget it.········ Unless...···················· oh my god,········ did you?·······",
8ab309483788,dialogue,1,My name is Kyu;····· nice to meet you.,
9b27ecce5394,dialogue,1,My name is Lola.····· Pleasure.,
8caa2e75a19b,dialogue,1,My name is Tiffany by the way.····· It's nice to meet you.,
b6324d76008e,dialogue,1,My name's Kyanna.······· Will I be seeing you here more often?,
5620044f0269,dialogue,1,My name?······· Why would you want to know my name?,
960b7f7478fd,dialogue,1,"My people are nocturnal. Besides,····· it's too risky to be walking around in broad daylight.",
13a7aa773d6b,dialogue,1,"My reproductive hormones are filling my mind with strong desires,····· I need to copulate.",
515deaf4e74b,dialogue,1,My stomach is a little upset right now.,
58fb65ea7c55,dialogue,1,My tummy is growling.····· I think it's mad at me...,
b3f5b838466a,dialogue,1,My underside has become lubricated;····· I yearn to be touched.,
48fcc9fd77ac,dialogue,1,Myyyy!·········· What a heavenly dessert.,
ad9b228d89ff,dialogue,1,"Nah dude,····· that stuff goes right to your hips.",
cb99dfe855cc,dialogue,1,"Nah, I just like to bother people who look like they want to be left alone.",
fe6c3a782dd8,dialogue,1,"Nah, it's only cheating if you get caught.",
d4c3fc7a6e8a,dialogue,1,"Nah,····· I'll save that for you.",
b01d504022ea,dialogue,1,"Nah,····· seriously,·· I can't even.",
adb63e3ed05f,dialogue,1,Name's Audrey.····· Get at me if you wanna make things crazy.,
b226db591b2a,dialogue,1,"Nasty···· ass······· hair?·········· Eww,·········· don't··· even!·········· Look who's talking,····· skank!",
b62ad315c3e1,dialogue,1,"Neither really, I just take short naps throughout the day.",
8f206337e52b,dialogue,1,Never a bad time for a stiff drink.,
dfd5317e7d8c,dialogue,1,Never better.····· But enough about me.····· What's goin' on girl?····· Any new mischief to share?,
36985d6b2efa,dialogue,1,Next week?······················ I····· don't know yet...,
c587f444daf6,dialogue,1,Nice!,
8745267facfc,dialogue,1,Nice!············ My last one was getting kinda worn out.,
12994d7532dd,dialogue,1,Nice.····· I could totally eat this right now.,
faf326de5b7b,dialogue,1,Nice.····· I expected nothing less.,
75f71f31dec2,dialogue,1,Nice.············· Nothing worse than an inexperienced man.,
e0ea6451f0a2,dialogue,1,Nice.············· Nothing worse than an inexperienced woman.,
cde806a567a8,dialogue,1,Night.,
c3bcb4e2f084,dialogue,1,Niiice!,
12654d97c474,dialogue,1,Niiice...,
a2430b0babe8,dialogue,1,Niiight!,
65917948fccb,dialogue,1,"Niiiice.············ See,·· I knew you had it in ya.",
c04b6c0c31c6,dialogue,1,"Niiiiicccee.········*aaacc*····· I know what I'm doing today.····· Here,··· you can have this··· thing,····· whatever it is.",
cde685989241,dialogue,1,Niiiiice.·········· How'd you get your hands on this?,
c79f0f5c7903,dialogue,1,"Nnnn...·········· I've had too much already,····· sorry.",
916e07984b9e,dialogue,1,No can do.····· I'll get mad sick and blast chunks·· all over;····· it's gross.,
8a117d200885,dialogue,1,No matter.······· I'll be taking that back now...,
89e7cbb1cbe7,dialogue,1,No shit.····· What gave it away?,
2afdbb52afd4,dialogue,1,No thank you.,
171548c957f4,dialogue,1,No thank you.····· I'm not very thirsty.,
524ac1d82c3c,dialogue,1,No thanks hun.,
1cb71104962d,dialogue,1,"No thanks,····· this isn't really my style.",
7e6b609fc269,dialogue,1,No thanks...··············· Just kidding!···*hahahahahahaha*,
f071b77e651e,dialogue,1,No way dude.····· No time to waste!,
01ed241362b8,dialogue,1,No way girlfriend.····· No time to waste!,
65f15feca536,dialogue,1,No way!····· You read self help too?····· I find those books so inspiring!,
259f0b86e235,dialogue,1,"No way!····· You too?············ Ughh,····· I'd be perfectly fine if I never saw my mom again.",
0be319fa1e25,dialogue,1,No worries...·········· perhaps tomorrow will to be a brighter day.,
784f94626282,dialogue,1,No!····· Don't worry about it.····· I'm all done with classes for now.,
a4a63712355f,dialogue,1,"No!····· Way!...····· You did it!········ Well,··· with my help of course.",
3cba92dd1f21,dialogue,1,"No, all that caffeine is terrible for you.",
a3a436eb3306,dialogue,1,"No, but if all the girls here are as cute as you I might have to reconsider.",
7ee1a1c369af,dialogue,1,"No,·· no,·· no!············· I wouldn't want to eat all your food.",
6e01c4be7a12,dialogue,1,"No,··· it's fine.·········· Thanks for offering,··· but I'm not sure it would do much good.",
db2e19241a76,dialogue,1,"No,····· I couldn't.····· Seriously,····· I'm done for.",
e301dc0889d4,dialogue,1,"No,····· I'm with you.·········· Who wants the stress of traveling?",
4532c559f10c,dialogue,1,"No,····· it's fine.················· I'll talk to you later.",
e404807a23a4,dialogue,1,"No,····· trust me,····· nobody is more addicted than this girl right here!",
e29a3499de89,dialogue,1,"No,····· unfortunately that isn't the correct answer.",
ad286ebc71cc,dialogue,1,"No,·········· I don't think that's true.",
1ebc5b038ae3,dialogue,1,"No,·········· I'm sorry,·· but that is NOT sexy.",
95ad188a801b,dialogue,1,No...············· that isn't it...,
2663ca5f56d0,dialogue,1,"Nobody else has ever asked me out before.·········· It's weird.·············· Buuuut...····· okay,····· sure.",
b1b5b501b6ba,dialogue,1,Nobody should have the right to decide if a baby is born or not.,
58d270bfeea5,dialogue,1,Noice!,
a384c005643d,dialogue,1,Nonsense!······· I'm not taking no for an answer.,
ec14810a709e,dialogue,1,"Nooo,····· don't even mention it.········ I love to hang out with Philly,····· he's my little buddy.",
4b1420165a80,dialogue,1,"Noooo,····· not exactly...",
b2cb81813a50,dialogue,1,Nooooo...!····· You're just joking right?····· You know that's not the right answer?,
fb54d76e1e29,dialogue,1,Nooooo...····· how did you know!?,
3cad45c0642c,dialogue,1,Noooooo...········ I look like a mess right now.····· I'm sure my hair is a disaster.,
161e8a7041cd,dialogue,1,Nooooo····· silly!····· You don't eat pets!········· I'll take good care of them;··· so can I have um'?,
4e9df47cb318,dialogue,1,Nope! I have nothing to hide from anybody.,
8e8d567f7900,dialogue,1,Nope!····· Afraid not.,
8efd00f30b2d,dialogue,1,Nope!····· Like an angel.,
057632817f49,dialogue,1,"Nope...····· wait,·· no,·· that's actually right.····· Wow...",
542257b43a6f,dialogue,1,Nope.····· Not like that at all.,
e351a778f0b0,dialogue,1,Nope.······· Come·· on!····· Think about that shit first.,
0369d09c1e18,dialogue,1,Not a chance. Enjoy your life while you've got it.,
6e38359b9f10,dialogue,1,Not bad!,
7956e223a3f6,dialogue,1,"Not bad.·········· I've been on worse dates,····· I'll admit that much.",
86141e2ac34f,dialogue,1,Not on an empty stomach.····· I learned that the hard way...,
6f30a7c1f956,dialogue,1,"Not really my thing,····· soooo,····· yeeeah...···",
9466c14aa0fd,dialogue,1,"Not really, no. I can't be trusted with anything.",
adaf6bdf11ff,dialogue,1,Not right now...,
7f901af6a79d,dialogue,1,"Not that you give a shit,····· but··· what's my schooling level?",
0d5f37b49b16,dialogue,1,Not to mention that fact····· that it's strictly against protocol...,
25d1149ee088,dialogue,1,"Not to put you on the spot,···· but··· I wanna know something...",
93281fa3b054,dialogue,1,Not too bad!···,
4b9e3c4da5c8,dialogue,1,Not too rough...····· okay?,
251ee98db962,dialogue,1,Not while I'm not the clock.,
12fe7eda92c4,dialogue,1,Nothing like a little exercise to melt that stress away.,
c6f437c13b86,dialogue,1,"Nothing weird. You know, pretty standard stuff.",
42920bb7562e,dialogue,1,Nothing wrong with free shit.,
ebda938572bb,dialogue,1,Not··· bad!··············· I'll have to let you take me out again sometime.,
2979c59b449b,dialogue,1,Now for a true test of your memory...,
8e21086280a6,dialogue,1,Now here's a familiar face.,
d87f24dee915,dialogue,1,"Now if you wanna meet a hot chick,····· you gotta go where the hot chicks are.",
c9832b1e3855,dialogue,1,Now that's what I like to see!,
f574312b8e95,dialogue,1,Now this girl knows how to party.·····,
1b15494ebc2a,dialogue,1,Now this guy knows how to party.·····,
09da7327ee97,dialogue,1,Now this is a girl who understand me.,
03abcb61a3e0,dialogue,1,Now this is a guy who understand me.,
e317ce441121,dialogue,1,Now this is a man of the highest caliber.,
d5d0207ac553,dialogue,1,Now this is a night out!····· Stand back and watch the master!,
0bba63246463,dialogue,1,"Now this is a peculiar thing,····· isn't it?",
121aef24124e,dialogue,1,Now this is a woman of the highest caliber.,
83ba099f40e4,dialogue,1,Now this····· is a gift truly worthy of a goddess.,
27de278693f8,dialogue,1,Now this····· is a man who knows how to treat a lady.,
6d3682b50381,dialogue,1,Now this····· is a woman who knows how to treat a lady.,
f2d7c01b7054,dialogue,1,Now you're bangin' 'em out left and right.·····*cccc*····· I guess I'm better at my job than I thought...,
5870b40dc82c,dialogue,1,"Now,····· if you don't mind,····· could get the fuck out of my way?",
978b10978ea4,dialogue,1,"No····· bitch,····· my hair isn't dried out and reeking of smoke, okay?",
1019b9b627ae,dialogue,1,Of course matching four or five tokens will get you even more affection.,
c32a17c4173e,dialogue,1,Of course you remember my cup size?,
79b0e6dc0d7c,dialogue,1,Of course! We go to a magic city in the clouds and everything is great forever.,
dcacbe1cfe82,dialogue,1,Of course!····· I'd love a drink.,
800e62000317,dialogue,1,Of course!····· This place is awesome.····· My professors are the best.,
7be31be64e61,dialogue,1,Of course!·········· What are we waiting for?,
754c5f291654,dialogue,1,Of course. It's too easy to get away with.,
d9b46f2379ac,dialogue,1,Of course. Looks aren't everything you know.,
40ed3310d4aa,dialogue,1,Of course.····· Are you ready to go?,
9b25e1f48afe,dialogue,1,Of course.····· How could you forget?,
ab3695e47e44,dialogue,1,Off you go then!,
1852ad856783,dialogue,1,Of·· fuckin'·· course!··,
a1a37456911e,dialogue,1,"Oh and don't worry,····· I won't let you fail this one.····· I'm not THAT mean.",
0b1af0646df4,dialogue,1,"Oh boy,········ looks like the babysitter is staying late tonight.",
bb00deb4d5b1,dialogue,1,"Oh dude,····· I know!····· There's this one little bitch I know. She is such a··· BITCH!·····",
d1d15ea17e41,dialogue,1,Oh god no. I'm like a vampire; the sun burns my skin.,
d30f1eb0e344,dialogue,1,"Oh god, ·····this chick?",
fc59b87ae5a3,dialogue,1,"Oh god, ·····this guy?",
f4a522b1e3fb,dialogue,1,"Oh god,·· did you just say that?····· Is this happening?",
de9b0bde4277,dialogue,1,"Oh god,····· I love these!",
fb88604026bb,dialogue,1,Oh god...··· I'm so bad.,
aaafe43192ee,dialogue,1,Oh good!··············· I mean...····· that's an··· interesting choice.,
54dcdf4461fd,dialogue,1,Oh goodie!····· My sexy boyfriend is here.,
eaeb8b64aece,dialogue,1,Oh goodie!····· My sexy girlfriend is here.,
d611ffefaa4a,dialogue,1,Oh here's a question for ya!,
cdf6fd222d1a,dialogue,1,"Oh man,····· this is so my jam right now!",
0549d66e9621,dialogue,1,"Oh man,····· too good.········ I could get wasted off these so fast.",
13e084134280,dialogue,1,"Oh man...········ alright,··· I'm seduced already.*hahahahaha*···",
6eadf76af3eb,dialogue,1,Oh my god!· How cute·· is this?,
bc180aea2e4c,dialogue,1,Oh my god!·· Fail!,
4ea23210f5d4,dialogue,1,Oh my god!··· Hi!,
c1301695c856,dialogue,1,Oh my god!····· Hi!,
5821b3835194,dialogue,1,Oh my god!········ Come over here and give me a hug!,
01bd65223da7,dialogue,1,"Oh my god,····· so tasty!",
5d232588228f,dialogue,1,"Oh my god,····· yeah!·········· That's so crazy,··· how did you know?",
465f2bc1ed3f,dialogue,1,"Oh my god,····· you too?····· I can't even handle kids;····· they're so annoying.",
cbdd62ab3281,dialogue,1,"Oh my god,····· you too?····· It's so much easier to just fuck around.",
59238bc44ed9,dialogue,1,"Oh my god,·········· your inventory·· is a·· fuckin'··· mess.·········· Could you maybe clean that out?",
0702b78d1d33,dialogue,1,Oh my gosh!,
6bdec8102142,dialogue,1,Oh my!,
bdfc03bc72c4,dialogue,1,Oh my.············· This is delicious...,
06ddcce441ba,dialogue,1,Oh right.····· Let me cover the other token types real quick.,
538c8129497e,dialogue,1,"Oh thanks.········ No that's great,····· I have a weird name.·····",
0e6dcb9d8a80,dialogue,1,"Oh yeah.····· Don't worry,····· they can't see or hear me.····· I'm just a figment of your imagination.",
975d27e615dc,dialogue,1,Oh!!·········· Shiiiiit...············· don't sneak up on me like that!,
59cfeb4a520d,dialogue,1,Oh!······· She's looking over this way!····· Show time!,
59124ccfd227,dialogue,1,"Oh, I remember this place!····· I once blew a gu...····· uhhhh...····· never mind.",
ad166a787b91,dialogue,1,"Oh, Ms. Yumi!······· I'm glad I ran into you.",
3166d9b84ee2,dialogue,1,"Oh, expensive gifts get me soooo hot...",
5ee0cb5da886,dialogue,1,"Oh, like you didn't just look it up on the internet!",
1dca8171018e,dialogue,1,"Oh, my god!····· Fiiiine...",
2c348038d581,dialogue,1,"Oh, shiiiit...···················· that would be pretty hot.",
362b1fa2aa35,dialogue,1,"Oh, so you're not like that? Never mind then.",
a22bcc84a328,dialogue,1,"Oh, so you've got that sexy teacher angle going then?",
4aec05609b0c,dialogue,1,"Oh, sorry. I just... don't talk to many girls.",
1c4b69b3a30f,dialogue,1,"Oh, what? The bikini? I hadn't even noticed.",
cdbc87f4731d,dialogue,1,"Oh,·· thank you daddy.",
4cf1dcd2dcdd,dialogue,1,"Oh,·· wow...····*hehe*······· no thanks.·····",
13d572123407,dialogue,1,"Oh,··· I simply adore it!",
d12921642efa,dialogue,1,"Oh,··· and,····· hi.············· The person inside of the bikini you're talking to;············· her name is Beli.···*hahahaha*·····",
3c97bbc6e0e8,dialogue,1,"Oh,··· come on!",
d66a8806e094,dialogue,1,"Oh,··· master!············· Your inventory has too many stuffs in it!····· You gotta throw some away!",
0c2bf722f509,dialogue,1,"Oh,··· really?····· I love to bake!",
7bd76ae1d3fe,dialogue,1,"Oh,··· this question is so easy.·····*hahahaha*·····Where is my regular hangout?····· Like,····· duh!",
dcedd1c28c2e,dialogue,1,"Oh,··· you're the best.",
c76cb00f8323,dialogue,1,"Oh,····· Hi!····· I'm glad you showed up.",
6401c84f5691,dialogue,1,"Oh,····· I hate to say it, but...········ I think maybe I've had enough...",
69fe056f46da,dialogue,1,"Oh,····· I mean,····· you didn't have to get me anything.",
4506e4cfe594,dialogue,1,"Oh,····· are you sure?········ Yes,········ of course I'll go!",
fe5a24995c81,dialogue,1,"Oh,····· dude,····· you know what?",
c70087b10327,dialogue,1,"Oh,····· god.············· I'm so weak...····· Mmm, but it's soooo good.",
39eb1dc0e689,dialogue,1,"Oh,····· hello.····· I didn't expect to see you here at this time.",
36d1565aabd2,dialogue,1,"Oh,····· hey Beli.",
c62fcb8e0c06,dialogue,1,"Oh,····· hi!····· How's it going?",
597f5d87fcb9,dialogue,1,"Oh,····· hi!·········· What a pleasant surprise!",
e38f75392f39,dialogue,1,"Oh,····· hi,····· didn't see you there.····· How's things?",
6b96274cc3a0,dialogue,1,"Oh,····· honey,··············· that wouldn't be very ladylike of me,····· would it?",
8fe9a83d3258,dialogue,1,"Oh,····· it's adorable!·········· It makes me wish it was December already.",
5d862c97dc90,dialogue,1,"Oh,····· it's been so long since I dated like this.········ I forgot how fun it could be.",
4bf7a662093e,dialogue,1,"Oh,····· my favorite!····· NOT!",
9b820874c38c,dialogue,1,"Oh,····· no,····· I'm good.",
82a2bbe01bed,dialogue,1,"Oh,····· okay.····· That's cool.",
6b4b499bc37f,dialogue,1,"Oh,····· thank you!",
307f4731ebbf,dialogue,1,"Oh,····· thank you,·· but··· I need to eat first.",
779b6cf35ea0,dialogue,1,"Oh,····· this is gonna be fun.····· I'm gonna quiz you!",
8a11f13091cf,dialogue,1,"Oh,····· wow.····· I like that.",
f2cb3c74abdf,dialogue,1,"Oh,····· wow.······· Uhhh...················ I'm not sure.················· I don't even know you.",
3e58c94063d1,dialogue,1,"Oh,····· you silly goose,·········· what am I going to do with that?",
7670c49831cd,dialogue,1,"Oh,·····*cccc*·· and thanks to a little fairy magic,····· you'll never actually lose them.",
0f956c77f6cf,dialogue,1,"Oh-ho,····· what's this?····· Are you challenging me?",
793a6469ca50,dialogue,1,"Oh... no,··· it's ok.······· I don’t mind...",
56911bbe9d89,dialogue,1,Oh...····· Hello.,
daf1ca29e41f,dialogue,1,Oh...····· didn't you already ask me that?,
41000416788c,dialogue,1,Oh...····· no thanks.,
041fc420d33b,dialogue,1,Oh...····· really?,
bb4bed7f3316,dialogue,1,Oh...····· yeeeeaaahhh.····· So·· my shift just·· ended.········ I'm pretty much out the door already.,
f99cf44dce72,dialogue,1,"Oh...·········· well,····· I suppose I can't expect you to remember everything...",
ad7f0ffd45bc,dialogue,1,Oh...············· I guess I was expecting something else.,
1c0edfe50400,dialogue,1,"Ohhh my,····· I think I may have met my match.",
75ccf786c7d3,dialogue,1,"Ohhh!····· Baby, you did remember!",
b9dcfae7c048,dialogue,1,Ohhh!····· The market!····· What a fun idea.,
750d52797f48,dialogue,1,Ohhh!·········· This is perfect for my studio!,
1a05b3879c40,dialogue,1,"Ohhh!·············*hahahahahaha*········ Sorry,····· sorry.·········· You scared me for a second.",
d4f7bffe930d,dialogue,1,"Ohhh, wooow.·················· Where has this been my whole life?",
ae30429a1e58,dialogue,1,"Ohhh,·· jeez.···················· Hi,········ sorry,········ *uu*ummmmm,·········· *aaaacc*···I'm so embarrassed right now.",
f72585a77073,dialogue,1,"Ohhh,··· stop.········ There's nothing wrong with a little skin.",
c7ffdf53b296,dialogue,1,"Ohhh,····· honey.····· I can handle plenty...··· trust me.",
b4dec8407353,dialogue,1,"Ohhh,····· well that's...····· nice.",
720cd5e838a4,dialogue,1,"Ohhh,······· how··· pretty!·········· Nobody has ever taken me anywhere like this before.",
81f79c7e5a26,dialogue,1,"Ohhh,············ alriiight.·········· You better come visit me tomorrow!",
9dc9c746dfea,dialogue,1,"Ohhhhh,··· okay.············· Do you know when you might be able to get them back to us?",
d62f1c1a0e4c,dialogue,1,Ohhh·· come·· on!····· Just try it on!····· It's going to look sooooo cute.,
958f49d06d8a,dialogue,1,"Ohhh··· boy,········ you've discovered my weakness.·····*hahahaha*",
881bbc73a3d2,dialogue,1,"Ohhh··· no,····· you're in trouble now!*hhmmm*·········· Quiz time!",
7df81667e260,dialogue,1,"Ohhh····· b*aa*aby!·········· You knew that's what I wanted to hear,····· didn't you?",
6cd2c689ceb7,dialogue,1,"Ohhh····· yeah,···· yeah.··············· I·· think those·· are on·· my desk...············· somewhere.",
44bee0e9aefa,dialogue,1,Ohh··· shiiiit!········ You're here too?····· Cool man!,
073dc68cf586,dialogue,1,Oh·· my·· god!·········· Now I'm curious!··············· It can't be worse than mine though.,
e9c39e65bce2,dialogue,1,"Oh·· my··· god,·········· kill me now so I don't have to go through that again.",
c0c975b10f8e,dialogue,1,"Oh··· geez,······· really?··············· Alright,····· you're good.",
fda45dd93703,dialogue,1,"Oh··· my god··· are these Aiko's?····· Fuck,····· I have such a massive girl boner for her.",
4970a711746b,dialogue,1,"Oh··· my··· god,····· it's worse than I thought,····· isn't it?",
d016e73c2e55,dialogue,1,Oh··· please!····· You'd still be crying yourself to sleep if it wasn't for me.,
232b0a63e6b0,dialogue,1,Oh··· well...········ we should really be on our way anyway;········ things to do.,
acc93d812c4b,dialogue,1,Oh····· *aa*my...······················· uggghhh...··············· alright.·········· Just...·········· make sure nobody else is around.,
c59bd4ed65b9,dialogue,1,Oh····· god!···············*hahahahahaha*········ I don't even want to know what that means!,
f6b2d7327e2c,dialogue,1,Oh····· shit!····· My collection is missing this.········ You're giving this to me?,
b7a9f66b9bb7,dialogue,1,"Ok,····· whatever...····· that was so lame.",
17b30f63811f,dialogue,1,"Oka*aa*y,·········· I want to know something...",
8da216efb43c,dialogue,1,Okay!,
de882087623d,dialogue,1,Okay!····· I should really be going soon too.,
2e65ec871aaf,dialogue,1,"Okay, but·· I have to warn you I have no idea what I'm doing. Soooo,··· yeah.··········",
41ee44fbc68a,dialogue,1,"Okay, cool.······· Maybe I'll see you tomorrow?",
da8c3ba08bfe,dialogue,1,"Okay, okay!",
b3e76366777b,dialogue,1,"Okay,··· cool.········ Maybe I'll see you tomorrow?",
9680d912992d,dialogue,1,"Okay,··· okay,··· but don’t get too cocky.",
802efdb20ff5,dialogue,1,"Okay,····· check it out.····· I have one last thing to give you;····· and this is important.",
6a11c369ab3c,dialogue,1,"Okay,····· cool.····· Thanks.",
cb24fad2b575,dialogue,1,"Okay,····· good!····· My friend Nikki is like obsessed with them.····· She's nuts.",
36ee0f704347,dialogue,1,"Okay,····· good.····· That's the feeling I had,····· I just wanted to make sure.",
29d4b60e54ff,dialogue,1,"Okay,····· great!····· I think that's it for now.····· Let's get out there and talk to some broads!",
4b38bb583c32,dialogue,1,"Okay,····· have a super awesome day!",
bc4fe14f9a7e,dialogue,1,"Okay,····· here's an asshole test...",
dffe162d39f5,dialogue,1,"Okay,····· later.",
1cfa17777875,dialogue,1,"Okay,····· now go ahead and give that date gift to me.",
78f6135548a1,dialogue,1,"Okay,····· seriously?············ I'm gonna need you to put some food directly into my face hole.",
6fa180694e45,dialogue,1,"Okay,····· sweet.····· I'm not trying to hang out with a pussy.",
31fa021711cd,dialogue,1,"Okay,····· that's one.·····*ccaacc*····· But there are more where that came from.",
f75cadac35a5,dialogue,1,"Okay,····· this one is super easy,····· but I'll ask anyway.····· What's my main hobby?",
dc80916ab529,dialogue,1,"Okay,····· we········ definitely········ have to do that again...····· soon.",
f4e6c0a1c0a5,dialogue,1,"Okay,······· sooo,·········· I've got a question for you...",
d8f26156bfae,dialogue,1,"Okay,·········· let's find out if your dating is as good as your skating.",
6a995297d6f2,dialogue,1,"Okay,·········· ohhhh my god.·········· Why do you do this every, fucking, time?",
d2d62e8149b0,dialogue,1,"Okay. But, fairies aren't actually a thing.",
8d4b7a813c80,dialogue,1,"Okay...····· I guess that's fine.········ I mean,····· if you really want to go.",
6320c4e87893,dialogue,1,Okay...····· If I go out with you will you stop bothering me?,
bf23ff1fd194,dialogue,1,Okay...····· come and see me real soon.,
baeeb0d4207c,dialogue,1,Okay...····· so why are you here exactly...?,
a4fa797e1ee5,dialogue,1,Okay...········ I'm·· horny·· as·· fuck.·········· Let's go back to your apartment.,
02f7d1b12f04,dialogue,1,On most issues I feel pretty conservative.,
10cf122c321a,dialogue,1,On what day of the year would my birth have happened?,
b4acd370cab3,dialogue,1,On what day was I born?,
6a733db32045,dialogue,1,Once I found the hole we were good to go.,
f5ff0997f93e,dialogue,1,Once is plenty enough. I need time to recharge.,
69571e210490,dialogue,1,One in the morning and again at night. Like brushing your teeth.,
a1750cbf1319,dialogue,1,Only like once or twice a week. Give me some credit!,
43bd9dec9f16,dialogue,1,"Only one way to find out,····· huh?",
45b16a8691e4,dialogue,1,Only that you would ask such an insecure question.,
3854296abca2,dialogue,1,Ooh!····· Milf alert!····· Looks like a total cougar too.,
7bd33fbef952,dialogue,1,"Ooh,··· she's a little feisty one,··· huh?",
0c66f930f21a,dialogue,1,Oohhhh yeeeaah...····· It's gonna get real stupid up in this bitch in a minute.,
9a824cb6c694,dialogue,1,"Oohhoohhh man,········ I'm definitely gonna get a lot of mileage out of this one.",
cc6874b86df6,dialogue,1,Ooohh!····· I'm such a sucker for cute holiday decorations.,
fe5c77ec3229,dialogue,1,"Ooohh,········ I can make it worth your while sweetie.····· Trust··· me.",
b6d018bf4097,dialogue,1,Ooohhhh dayum!····· He's unstoppable!·····*hehehehe*,
c23d0d996c4e,dialogue,1,Ooohhhh dayum!····· She's unstoppable!·····*hehehehe*,
7388245df20f,dialogue,1,Oookaaaaayyy...,
1d9944078e12,dialogue,1,Oooof course...,
30fdaf6edfa7,dialogue,1,Oooohh!········ I like··· these!·········· You think she would mind if I tried them on for a little while?,
aef10e9e28b2,dialogue,1,Ooooo...····· mysterious!···*hamcmc*·····,
28aaab1618c2,dialogue,1,Ooooooooo!·········· Do they have any fast food joints around here?,
c95409e4f987,dialogue,1,"Ooo···kaaaayy,········ maybe we can take a step back here.",
0f4064815bbd,dialogue,1,"Ooo·····kaaaaay,····· well I guess I was right about that...",
56ec80072955,dialogue,1,Oops!····· It seems that your inventory might be full.············ Do you want to take a look at that?,
2eac039f812e,dialogue,1,"Oops, ········sorry.············· I don't think it's the best time for that.",
d12bab84d6a3,dialogue,1,Or you could just stop being so weird about it.,
18b8617cefaa,dialogue,1,Or... we just chill here and play video games.,
fdc3da7bdd0b,dialogue,1,Orrrrrr····· you could try asking me a new question.,
5e02c8b3fc93,dialogue,1,Or····· if you're weird····· you can use that button at the top of the screen.,
4a5a3beefcad,dialogue,1,Our little boy is growing up!,
0f7cbd322332,dialogue,1,Our little girl is growing up!,
133e233b9960,dialogue,1,"Out of all the girls you've dated,····· who is the only one····· to change her hair color?",
7a87cf334c31,dialogue,1,"Out of these girls,·· who has the largest cup size?",
b66402c0b5c5,dialogue,1,Outstanding!,
37dc068287b1,dialogue,1,"Part of me hopes you don't actually remember this,····· but,····· what size is my bra?",
109812c5cdda,dialogue,1,Pay attention to which trait your date prefers!····· It'll go a long way.,
4e828e832f8f,dialogue,1,Peace.,
3602fe471d71,dialogue,1,"Perfect!··············· Even I have to stay in shape.··············· I wouldn't be much of a goddess otherwise, would I?",
9553900a88cb,dialogue,1,Perfect...····· and we weren't even attacked by a tentacle monster!,
339c2c783c23,dialogue,1,Perhaps I have to readjust my expectations for next time...,
60decce920d6,dialogue,1,Pffft!·········· Alright...····· let's just get this over with.,
2c9786d02ada,dialogue,1,Please don't.,
f026baf342da,dialogue,1,Please put food into my face.,
17108c19f33f,dialogue,1,Please tell me you haven't forgotten my favorite color?,
5c904653cec5,dialogue,1,Please tell me you haven't forgotten my favorite hobby...?,
87a06f6c4c05,dialogue,1,Please tell me you know what I do for a living...,
8993d7824f92,dialogue,1,"Please,····· ask anything you'd like.",
25601525f665,dialogue,1,"Please,····· you'll be back.",
4b5bf4728755,dialogue,1,"Please,········ tell me,········ what is my last name?",
4fef1fdcb34d,dialogue,1,Pleeeeeease?·····*cccccccc*,
00077d932a61,dialogue,1,Plenty of fish in the sea.····· Let's see... hoooww aboooouuuut...,
12886b8c1446,dialogue,1,Ploooot twiiiiiist!,
d41d5d4083cc,dialogue,1,Pop quiz!,
9d1c0449fbe0,dialogue,1,Pretty cool!,
cdb9377d582f,dialogue,1,"Probably doing whatever I'm doing right now, except fatter.",
6bebf1b49712,dialogue,1,Probably not. I need to be attracted to my partner.,
639830572628,dialogue,1,Probably that form fitting uniform of yours.,
49d639c83dc9,dialogue,1,"Psssh!···· Ummm,·· yes!····· I thought you'd never ask!",
43fb29395f5c,dialogue,1,Psssh!····· That's a fat load of shit and you know it.,
209007dde29c,dialogue,1,"Psssh, I see how it is!*hehe*·····",
9ab5cd351db5,dialogue,1,"Psssh, fuck this world and everybody in it.",
4cf7a52d893e,dialogue,1,"Psssh,····· I see how it is.",
a5fbd9d3b58a,dialogue,1,Pssssh!*hehe* You're such a liar!,
41a03057b7c4,dialogue,1,"Pssssh,··· that was a softball question!",
3f33e7eccc11,dialogue,1,Put a hole right through the wall. Works every time.,
f0983a3bf605,dialogue,1,Question for ya...,
abe03a77809b,dialogue,1,Question time!,
7e625bab7fd6,dialogue,1,"Question!·········· And I'm not giving you any hints,··· so don't ask!",
ab02c999a7b5,dialogue,1,"Quick,··· now's your chance.··· Before she goes to change just say something; anything!",
a1a4b094bc78,dialogue,1,"Quick,··· without looking,····· what's my cup size?········ Well,············· ok···ay,·········· you can take a quick peek.·····",
2f8e50312fd2,dialogue,1,Quiet!············ I'll get to that in a moment.,
1db53b5c02ed,dialogue,1,"Raincheck.····· I'll call you later this week;····· girls night out,····· all the way.",
1b81d8c92337,dialogue,1,Really now?··············· I didn't take you for one of those types.,
2c8c574ba224,dialogue,1,Really!?···*hahaha*····· Me too!····· I thought I was just weird.,
57beb10acc9e,dialogue,1,"Really!?····· Thank you, thank you, thank you!",
6f9646487db0,dialogue,1,"Really!?·········· Aww, I think you're my new favorite boyfriend.",
fc164e4d8407,dialogue,1,Really!?·········· I think you're my new favorite girlfriend.,
9d0d93089240,dialogue,1,Really!?·············· Oh·· em·· gee!····· I've done a couple local commercials but I never thought I'd be recognized!,
84b7b9e5a92f,dialogue,1,"Really,····· I couldn't eat another bite.",
d08da10dd1ea,dialogue,1,Really...?····· Seriously?,
767aa98f6914,dialogue,1,Really?····· *hahahahahaha*·········· It's a little romantic up here don't you think?,
28650c6b504e,dialogue,1,Really?····· Are you sure?,
3fd0478206d2,dialogue,1,Really?····· I know I've taught you better than that.,
eea94ee36ebd,dialogue,1,"Really?········ Wow,····· that's beautiful!",
454fa48bd75b,dialogue,1,Really?·········· No.················ You think so?·········· I don't know...,
cd5ccdea02a6,dialogue,1,Remarkable work.····· You exceeded my expectations.,
6497fd5d2a47,dialogue,1,Remember the name of the place I'm from?,
c4e1bbed4906,dialogue,1,"Reports that have me very,····· very...····· interested.",
0e189e658c27,dialogue,1,Respect!,
45ce8ef8df16,dialogue,1,"Rest easy,····· okay?",
43b372bca110,dialogue,1,Ridiculous. Do you want me to talk to the manager?,
8dc23ca250c8,dialogue,1,Right on!,
2785c19a5940,dialogue,1,Right!?····· I was going to say pretty much the same thing.,
6150edc3ac28,dialogue,1,Right?·········· I've got these crackheads that come into the cafe every single day for their fix.,
1a5e6498bcb3,dialogue,1,"Riiiight,·········· shall we leave then?",
cd94a4f4fd81,dialogue,1,Riiiiiight.··············· We'll try that again later.,
434040f4c3de,dialogue,1,Roughly how many miles does light travel in one earth calendar year?,
17352b0f707b,dialogue,1,"Same here!····· My friends drag me out sometimes····· but it's like,··· ughh,··· fuck this.",
0b293ab4e2b1,dialogue,1,Same··· here!····· I didn't get this body by taking days off.*hahahaha*,
abd4da4bb8cf,dialogue,1,Same····· here!··············· I don't like to be tied down for too long.,
ec3c621281e0,dialogue,1,Save it!····· I've no time for stories.,
217d8b7ee81e,dialogue,1,School is a huge waste of time and money.,
f52f07857f07,dialogue,1,School is nothing but a waste of time and money.,
08fb7e4440cb,dialogue,1,See ya later superstar!,
34e93d6388f2,dialogue,1,See?····· Easy!,
03dbddf6749a,dialogue,1,See····· that's how it should be done;········ instead of all this bullshit game playing.·····,
eeb3b463b494,dialogue,1,"Seriously!········ My one friend Nikki doesn't shave, it's so gross!",
2ba919a39e95,dialogue,1,Seriously?····· Here?····· That's fucked up.,
c06a27aaf622,dialogue,1,Seriously?····· Hook a bitch up with some food.,
b6606d548540,dialogue,1,"Seriously?········ Yeah,····· I have naturally blue hair.····· Because that's a thing.",
a5da11cdacd1,dialogue,1,She can do whatever she wants. I don't own her.,
72c88cf0db97,dialogue,1,She has to know you're in charge and her bullshit isn't going to faze you.,
ff569ebaedf0,dialogue,1,She was incredible. There are no words to describe that kind of pleasure.,
677c2e01b1fa,dialogue,1,She's a bitch.,
2bb3d6f7b2ee,dialogue,1,"She's cute though.··· Blonde too, so ah... bonus points!",
24f1241a2c47,dialogue,1,She's probably looking for a decent girl because of that baby mama drama.,
b05dfb6cbcbc,dialogue,1,She's probably looking for a decent guy because of that baby mama drama.,
0eee3a692570,dialogue,1,Shhhhh!·· I won't hear of it.····· I was more than happy to help out.,
45ccc26b717e,dialogue,1,Shhhhh!····· I'll be asking the questions.,
ce8076ebc8ef,dialogue,1,Shit is it that time already?····· Oops!,
71fd80affcb1,dialogue,1,Shit!,
49a08ebae4fa,dialogue,1,Shit!····· I forgot to bring my sunscreen.,
519812b26d44,dialogue,1,Simply divine!,
2678c666f8fc,dialogue,1,"Since she was in range,····· the HunieBee started tracking her location too.",
b541f1b473c3,dialogue,1,"Since you're already staring at them,····· can you tell me what size my chest is?",
dd85360fb8ba,dialogue,1,"Since you're here,····· you can answer this for me...",
d1d9ce5fcb01,dialogue,1,"Sitting at home, ordering a pizza and watching movie.",
468265a91500,dialogue,1,Skating is like my favorite thing ever.····· This is gonna be so much fun!,
6c0534b1da22,dialogue,1,Sloppy! I don't think either of us knew what we were doing.,
89c05d7c9d74,dialogue,1,Smoking is a disgusting habit. They should quit.,
e973de1ffe97,dialogue,1,So I kinda feel like getting laid right now.····· Looks like it's your lucky day.,
61cd579f4b40,dialogue,1,So I've been curious what you think about this...,
5c7cf845b5e8,dialogue,1,"So after you're done here with this girl,····· you can go catch up with her too.",
03e61e90a658,dialogue,1,"So before I activate ""Alpha Mode"",····· I'm going to need you to fork over those panties.",
8322a966dcc0,dialogue,1,"So come on,····· let's go!",
7c4550397b2a,dialogue,1,So early in the day?·········· That's not much of an example to set...,
e7167ac4789d,dialogue,1,So fun!····· I had no idea this place could be such a great time.,
4727b5894721,dialogue,1,So go ahead and match those three Sentiment tokens in the left most column.····· The tear drops.,
cd5210e67056,dialogue,1,So good to see you again.,
e8f346547cdf,dialogue,1,"So honestly,········ how many chicks you seeing right now?",
26c42468faea,dialogue,1,"So if you got 'em,····· hand 'em over!····· I'll be waiting!",
457f665656f2,dialogue,1,So important!·········· I used to party a lot and stuff but ever since I had my son I've had to grow up and settle down a bit.,
026f6beb0931,dialogue,1,"So just try not to be an ass for like,····· five minutes...?",
5cf29d0f64ac,dialogue,1,"So then,·········· here we are.·········· No time to waste...·········· woo me.",
9c6a9960474b,dialogue,1,So what?····· Am I supposed to blow you now?····· Get real.,
52e3a5d72665,dialogue,1,So what?····· Am I supposed to fuck you now?····· Get real.,
923d0f103678,dialogue,1,"So whatever you do,····· just,····· stay cool.",
7ffdf7663f92,dialogue,1,So you can use them on your next date too!····· Is that cool or what?,
93b72824e15e,dialogue,1,"So, hey,··· question...",
d4a136161387,dialogue,1,"So,····· I'm like··· starving,········ like,····· to death.·········· It's kind of a problem.",
fc402d983e38,dialogue,1,"So,····· I've told you what I do for work.······· Can you tell me what it is?",
c0fae7f4950d,dialogue,1,"So,····· here's a question...",
d18d68f6604e,dialogue,1,"So,····· is this how you seduced all the other girls?·········· *hahahahahahaha*·····*haaah*",
800f34801359,dialogue,1,"So,····· maybe this is kinda personal,····· buuut...",
f3dedd145425,dialogue,1,"So,····· what's your go to position?",
c8f11b31b5c6,dialogue,1,"So,·········· tell me something...",
f84ee3bcc3f4,dialogue,1,"So,·········· what's your opinion on going to university?",
a880c2d4afa4,dialogue,1,"Some hard shit. You name it, I've done it.",
2d795a063545,dialogue,1,Somebody woke up on the wrong side of the bed today.,
5b8e2f5f8595,dialogue,1,Somethin' on your mind?,
62b16a3f3d7a,dialogue,1,Something I can help you with?,
95ba887f69a6,dialogue,1,Something just feels····· off.············· Maybe we'll have better luck another time...,
c6ba3b785e29,dialogue,1,Something outdoorsy and adventurous; a new experience.,
2310df121e90,dialogue,1,"Something you need from me,····· sweetie?",
40f0caeb0cb6,dialogue,1,"Sooo,····· fairies?········ Better than human girls,····· am I right or am I right?",
263964a93869,dialogue,1,"Sooo,········ what kinda shit are you on?",
5344bd63ce22,dialogue,1,"Sooo,··········*ccc*··· I'm dying to know something right now...",
da24bdc8ea3d,dialogue,1,Sooo...····· this outfit is starting to get uncomfortable.········· Maybe you can help me out of it...?,
46699b01aa6f,dialogue,1,"Soooo good!····· If this food was a chick,····· I'd fuck her brains out.",
ac3057d199e9,dialogue,1,"Soooo good!····· If this food was a dude,····· I'd fuck his brains out.",
0d59cfe54967,dialogue,1,Soooo nice of you!,
288f98ccc2a8,dialogue,1,"Soooo,·········· I've been thinking...",
2a789e33e07c,dialogue,1,Soooo... are you like a cosplayer or something?,
686c1044eaf9,dialogue,1,Soooo...····· whatcha wanna do...?,
6a341b3041ff,dialogue,1,"Sooooo,················· you're good with women,····· are you?",
41ce1131f7da,dialogue,1,Sooooo...··············· are you saying····· I have it····· then?,
1894ce26e160,dialogue,1,Soooo······· adorable...············· This is going to make my uniform so much cuter!,
1d8fb13b1ea3,dialogue,1,"Sorry bub,····· fairies can't eat that garbage.",
068c2084ce06,dialogue,1,Sorry if I screw something up.·········· I'm kinda new at this...,
76015829bb60,dialogue,1,"Sorry, I wasn't paying attention. I got lost in your eyes.",
607006caa439,dialogue,1,"Sorry, am I holding you up from getting to class?",
15de750b123d,dialogue,1,"Sorry,····· I gotta pass.",
70be984bcb3c,dialogue,1,"Sorry,····· I'm just trying to watch what I eat.",
486d5c538342,dialogue,1,"Sorry,····· but I think I'd like to go now.",
f0db896c9b28,dialogue,1,"Sorry,····· but,····· can you leave me alone?",
9f1a33befeda,dialogue,1,"Sorry,····· that is incorrect.",
807ed32be984,dialogue,1,"Sorry,·········· I'm one drink away from having to be carried home.",
4a44c3ddec83,dialogue,1,Sorry...····· I don't think I can eat that.,
dcaa89b11ecd,dialogue,1,"Sounds cool,····· have a good one.",
c80f73c1eb6e,dialogue,1,"Sounds fun,····· right?·········· It is!·············· But,············ we need to make sure you're really prepared for it.",
40bc356f5e27,dialogue,1,Sounds like a bunch of hocus-pocus voodoo magic to me.,
986071f651d5,dialogue,1,So··· like...········ you know.··············· Don't make me spell it out...····· I think we both know what's up.,
9e484d6ec345,dialogue,1,Splendid!,
d037e4b2cb57,dialogue,1,"Spontaneity, without a doubt. Life should be a never ending adventure!",
de2a57de81d6,dialogue,1,Stay focused!····· Don't loose your cool.,
8f5090360b61,dialogue,1,Stellar!,
665f952ba71c,dialogue,1,Still working my ass off to get what I want.,
88a3bb8f089e,dialogue,1,Such a peaceful night tonight...,
482c06e1a99c,dialogue,1,Sure!····· One more couldn't hurt.,
154f771c4cb1,dialogue,1,Sure!····· Sounds like fun.····· Ready to go?,
6d215d0959c7,dialogue,1,Sure!······· I suppose you've earned it.,
e62218fea62c,dialogue,1,"Sure,·· baby.·········· Where are you taking me?············· No, wait!····· Surprise me!·····",
4bc889aa6fc9,dialogue,1,"Sure,····· I could go for a quick snack.",
966e00ca9699,dialogue,1,"Sure,········· why not?·················· Let's see what you've got...",
ba1439696b49,dialogue,1,Sure;········ yes.·········· Let's go with that. *hahahahaha*·····*hahahahahahahahaha*··*aaaacc*,
6fbef53d2b03,dialogue,1,"Surely!····· I think we live on,····· not in physical form,····· but we're around.",
1a7e777fee3b,dialogue,1,Surprise question!,
108bc2c7967d,dialogue,1,"Surprise,····· surprise.····· Wrong again!",
319b540947b0,dialogue,1,"Surprisingly,··· yes,······ that's it.······· Well done.",
e7fcf143e991,dialogue,1,Sweeeeeet...,
f1808c857870,dialogue,1,Sweeeeet.,
b6bc99a31bc8,dialogue,1,Sweeeet.····· These haven't been washed in weeks;···*ccc*··· just the way I like 'em!,
a40a3d194ec1,dialogue,1,Sweet dreams...,
ac6ff18a9243,dialogue,1,Sweet!,
fdd944e9b155,dialogue,1,"Sweet.····· Okay,····· what's next...",
f96f81f28da9,dialogue,1,Swing and a miss!,
25ffaa2fb54c,dialogue,1,Swing by the campus later and keep me company.,
2e1e03ad54e3,dialogue,1,Swweeeet.·········· At least you're useful for one thing.,
49bbd1362aab,dialogue,1,Take care of yourself!,
b76b5a455f1e,dialogue,1,Take care of yourself.,
744b0e8724c0,dialogue,1,"Take care out there,····· okay?",
af7058452d35,dialogue,1,Take it easy!,
13dbe28c3350,dialogue,1,Tell me about it!····· I had to grow up around it because of my mom.····· Ughh!,
0341a0042b00,dialogue,1,"Tell me about it.······· My friend Audrey is hot,····· but she's such a bitch.",
cd5907caec88,dialogue,1,"Tell me,····· what is the cup size of my bra?",
9d1879c32863,dialogue,1,"Tell me,····· what's the longest relationship you've ever had?",
d1ac1cb429a2,dialogue,1,Terrible...,
3216b1c0e4e7,dialogue,1,"Thank god, somebody I like.······· Well,··· somebody I can tolerate. *hahahahaha*",
47ad49e7196e,dialogue,1,Thank you momma.,
ac85dbb476fa,dialogue,1,Thank you so much.·········· Everything was just perfect!,
8f06217ecd6b,dialogue,1,Thank you!····· I had a really good time!,
85366674fec8,dialogue,1,Thank you!····· Really!,
260218bdc5de,dialogue,1,Thank you...····· Your cooperation is appreciated.,
83e41ecc66cc,dialogue,1,Thank you.····· I can't tell you how much I appreciate it.,
7e7b199a68da,dialogue,1,Thank you.····· Your kindness does not go unnoticed.,
75b5ebf70ca7,dialogue,1,Thanks but no thanks. I'm doing just fine on my own.,
851ee660f78c,dialogue,1,Thanks for inviting me out tonight.····· I'm glad to be here with you.,
7a093b520d2c,dialogue,1,Thanks for inviting me out!····· Such a nice day for the market.,
b88677b51728,dialogue,1,Thanks for taking me out to dinner.····· You spoil me!·····,
4c7dd476706d,dialogue,1,"Thanks for taking me out,····· that was so nice of you.",
c63c9a79a2a6,dialogue,1,Thanks for taking me out.·········· The carnival was a neat idea.,
d537d81158ba,dialogue,1,Thanks for the offer but··· that's okay.,
7069dae6b363,dialogue,1,Thanks man!,
b84544f28858,dialogue,1,Thanks so much!,
c3c150476c37,dialogue,1,Thanks!····· I can't wait to test it out.,
ce5f3a07f3ae,dialogue,1,Thanks!····· I was looking for those.····· Not really though.····· I knew you had 'em ya sick perv.,
83a02948e9a5,dialogue,1,"Thanks!····· I'm really into art,····· so this will definitely get some use.",
ca67eed259c5,dialogue,1,Thanks!····· This will come in handy.,
22077250939a,dialogue,1,Thanks!············· I'll use it on my break tomorrow.,
71ad6818020a,dialogue,1,"Thanks!············· Really,·· I mean it!·········· I love things like this.",
bfda2e9e5009,dialogue,1,"Thanks,····· I was running a little low on fuel.",
c08076dc03ab,dialogue,1,"Thanks,········ but····· I'm really not a heavy drinker.",
61de29740158,dialogue,1,Thanks.······· I think I'm going to save some of this for a salad later.,
e02cd3fdc0ba,dialogue,1,Thank·· god.················· I was afraid you were another one of these····· FPS*eefpeeees* bros.··········,
39a3a721c12a,dialogue,1,That gear is a critical component to my ship's engine.····· How did you get that?,
56548e5a8233,dialogue,1,That getup... I'm definitely still dreaming.,
1cdfe51f47fc,dialogue,1,That is a supremely nice set of tits. Ten outta ten.,
a685b248f56c,dialogue,1,That is correct.,
ce962654e8d3,dialogue,1,"That is not the type of gift I would have much use for, unfortunately.",
c5ededed1d11,dialogue,1,That is right.····· Very good.,
472d8b26ca35,dialogue,1,That sounds just like me!····· I get up and head right to the gym.,
55d8e170a1bd,dialogue,1,That sounds like an enjoyable time.····· Let's go.,
2d7a43cdceb5,dialogue,1,That sounds lovely.·········· I can't wait!,
a22dd0725b65,dialogue,1,That was a pussy drink!····· Hit me with something stronger!,
3e9442eb2e43,dialogue,1,That was so awesome!····· Thanks for asking me out.,
6ec54714048a,dialogue,1,That was such a nice date.·········· I hope you enjoyed it as much as I did!,
0322bfa13625,dialogue,1,That wasn't very nice!,
1d1e48c7509e,dialogue,1,That works for me.,
c1ecf1dc1d9c,dialogue,1,That would seem unwise given the current state of the puzzle grid.,
737154878a0f,dialogue,1,That wouldn't be a terribly wise thing to do at the moment.,
e798128188f4,dialogue,1,That's a good boy.··,
dbaf7c33c292,dialogue,1,That's a good girl.··,
762a7828252b,dialogue,1,That's a relief.····· Most girls can't handle that I have a baby.,
142099cd4d6f,dialogue,1,That's a relief.····· Most guys can't handle that I have a baby.,
989aa8bc53a7,dialogue,1,That's an interesting way to think about it...·········· Very refreshing!,
864391fb5e45,dialogue,1,"That's cool!····· I'm the same way.····· No reason to rush into anything,····· right?",
297cb816746e,dialogue,1,That's cool...,
394833d41d7a,dialogue,1,That's exactly what you asked for!····· Are you joking!?,
ec78faa70828,dialogue,1,That's fair.····· As someone who practices yoga··· it's probably clear where I stand.·····*hahahaha*,
4b4bb302a27e,dialogue,1,That's good!·········· There aren't too many good men that show that kind of commitment anymore.,
f3dc0939a27a,dialogue,1,That's good!·········· There aren't too many good women that show that kind of commitment anymore.,
ebdfdd69c5c0,dialogue,1,That's good...····· do you have anymore?,
9dd5eacfe91e,dialogue,1,That's good.····· I never leave the house without makeup on.····· I feel so weird without it.,
788154c4e54a,dialogue,1,That's good.····· People shouldn't keep secrets.····· How's it any different from lying?,
e8d2afe04226,dialogue,1,That's it?······· I'm hardly drunk at all...,
9542e569e2e2,dialogue,1,"That's just great,····· can we go now?",
ac8249fc97ce,dialogue,1,That's more like it.,
f889f6782f00,dialogue,1,That's more like it...,
efceeaee1842,dialogue,1,That's most gracious of you.,
83528c99b56a,dialogue,1,That's my baby!,
484c34daf9ee,dialogue,1,That's not exactly how I pictured an earth date...,
ebeb1c5a2fee,dialogue,1,That's not funny!,
827223198f66,dialogue,1,That's not really the type of thing I usually eat.,
f7655266b8cb,dialogue,1,"That's okay,····· but····· thank you for offering!",
73c99832786c,dialogue,1,"That's okay...····· you were...····· kinda close,····· at least...",
d08ded232173,dialogue,1,That's okay.·········· I'm feeling adequately hydrated already.,
8a36001b0a5c,dialogue,1,That's probably not a good idea.·········· I have a very particular digestive system.,
56484b1c183b,dialogue,1,That's quite alright.,
d6a0eddd4950,dialogue,1,That's quite alright. I've had my share already.,
04e240ea2c9a,dialogue,1,That's really cool!·········· It's nice when you can still be friends.,
63ac6cb56f37,dialogue,1,That's really how you feel?····· I see...·····,
bb7513bd8024,dialogue,1,That's really sweet of you.,
04b7df941b98,dialogue,1,"That's really,····· really good to hear.····· Unfortunately,····· I haven't met many people like that.",
01c7749ad907,dialogue,1,That's right!····· Few people understand the power of starting the day in the right frame of mind.,
de68a8131ba2,dialogue,1,That's right!····· My girl takes care of me...,
2fa0bc7e3d0d,dialogue,1,That's right!····· My man··· takes care of me...,
995eda473d14,dialogue,1,That's the girl.,
7199de65de63,dialogue,1,That's the guy.,
ba13836e642b,dialogue,1,"That's trruuuue...*aacc*····· Well, in your case anyway.",
fd09f0122c94,dialogue,1,"That's true,·· that's true.····· You can't deny that.",
be8ac5329a8e,dialogue,1,"That's very admirable.·········· You're right though,····· we all have our flaws.",
e8b9061e69c0,dialogue,1,That's very thoughtful of you.,
a3213eb7b44b,dialogue,1,That's what I like to hear!,
169feb77f91e,dialogue,1,That's what I like to hear!····· Where are people's ambitions these days?,
2e9d23be6bbb,dialogue,1,That's what I'm talkin' about!········ I had a feeling you'd be down.,
07ed9a00e46a,dialogue,1,That's why I'm talking to you. I can't stand these other girls.,
97097238fb42,dialogue,1,That's·· quite alright.,
a94ef434b36e,dialogue,1,That's··· fucking disgusting.,
578a33f18a4b,dialogue,1,"That's····· not really my deal,····· you know?",
e28c65b7d574,dialogue,1,That...······· can be arranged...,
19977ed2bfcd,dialogue,1,Thats okay honey!····· It's not exactly my cup of tea either.,
1cccdb4c21e0,dialogue,1,That··· was····· so······· much······· fun!··········· We'll have to do it again.,
996fe1929b68,dialogue,1,"The Broken Heart tokens are bad news.····· Seriously,····· avoid matching those as best you can.",
d2ebac3117a0,dialogue,1,The HunieBee is an essential lifeline for any player on the go.,
0b78fcd48fde,dialogue,1,The awful noise coming from my alarm clock.,
a0be6d3dbbfb,dialogue,1,The environment here is just like my planet...····· It makes me a little homesick.·····*hahahaha*,
4335fa13e60b,dialogue,1,"The final challenge is called ""Alpha Mode"".····· In alpha mode,····· the difficulty will be locked into the ""Hard"" setting.",
13230ef33057,dialogue,1,"The fuck?····· No,····· that's not even close.",
dce469908404,dialogue,1,The gold bells are Joy tokens.····· You'll get an extra move by matching those;····· very useful.,
35d29828580b,dialogue,1,"The higher her passion level is,····· the more affection you'll earn.",
3cbc898840fa,dialogue,1,The idea of seeing your beautiful face once more.,
fed5d4084abf,dialogue,1,The instructor is awesome.······· I think you'd dig it.,
93d7b921ca9a,dialogue,1,"The kids call me Ms. Yumi,········ but,····· you····· can call me Aiko.",
e7092ce8f305,dialogue,1,The market;············ what a neat idea.············ This should be fun!,
2190ee5a6f3b,dialogue,1,The nerve of some people though...,
0a549ea9fbb5,dialogue,1,"The objective··· is·· to win.······· We're··· clear on that,······· right?",
b1a735fe20fe,dialogue,1,The only problem with that answer··· is*iiss*····· that it's not the right one.,
e97d3dce2d81,dialogue,1,"The orange ones represent Romance,····· blue is Talent,····· green is Flirtation··· and red is Sexuality.",
176645a695ac,dialogue,1,The pink hearts are Passion tokens.····· Matching those will raise your date's Passion level.,
ba21ffe73cf2,dialogue,1,"The universe is a big place, but I'm not sure. I have my doubts.",
47f859d7f348,dialogue,1,The water feels soooo nice.······· Come on in!,
a34d92393c27,dialogue,1,The world will be just fine without my...················ boo*oo*bs.··,
728cefec6eff,dialogue,1,There are a couple of girls I've met that I'm talking to.,
370f9ccc7e4c,dialogue,1,"There are like,··· a ton of different date gifts that you can get too.",
e01022844a75,dialogue,1,There he is!,
2995b742f857,dialogue,1,There may be some hope for you yet.····· Maybe.·····,
79f41b107474,dialogue,1,There she is!,
91e2f01f6940,dialogue,1,There you are...,
1717a2fd3523,dialogue,1,There you are.········ I'm glad you could make it.,
ad6843c9ee12,dialogue,1,There's a lot of alarm button hitting going on.,
98811617ef45,dialogue,1,There's a place in town I love to visit more than any other.····· What's the place?,
31d738167970,dialogue,1,"There's nothing here I like,····· so you better make this a good date!",
31a7f9749665,dialogue,1,There's nothing more boring than a shy or nerdy girl.,
d88c9097a247,dialogue,1,There's plenty of other girls here for you to talk to.,
e124e755783f,dialogue,1,There's really only one place to go from here...····· one final challenge.········· If you think you're up for it...,
f2035714bac4,dialogue,1,"These are panties?········ This is like a string...········ That Beli girl is a closet freak,··· I'm telling' ya.",
e83180632ae3,dialogue,1,"They don't serve this back home so,······ load me up.",
e246167280d2,dialogue,1,They each have a unique effect on the date and can be extremely useful in combination.,
7fdc48b5b552,dialogue,1,They need to get some machines that take Hunie.····· That's all I've got.,
ef1a0cfec595,dialogue,1,They really need to start serving this shit where I'm from.,
d556c268326b,dialogue,1,"They should clean that crap off their face, they look ridiculous.",
d6120df54b83,dialogue,1,"They're cute, but I'm not sure if I want any of my own.",
196fe35fc8e1,dialogue,1,"They're real, believe me. I was visited once when I was a kid.",
5ff47dad89c3,dialogue,1,This chick is clearly out of your league.····· But there may be hope.,
22266aab3a0c,dialogue,1,"This feeling...·· I can hardly control myself...····· I must have you,····· now.··········",
513c1cfbb6e5,dialogue,1,This is a fun one...····· what's your biggest turn on?,
e40afa847fa2,dialogue,1,"This is a really cool gift.····· I mean it,··· thanks.···",
7573806a2305,dialogue,1,"This is a tough approach.····· She's kinda in a shitty mood, so··· say something stupid to try and cheer her up.",
8fd92665202d,dialogue,1,This is definitely where you take a girl if you want to seduce her.,
248202170790,dialogue,1,This is exactly what I was looking for!··········*cccc*····· You've read my mind.,
4b5fa6dd3244,dialogue,1,"This is great,····· the lunch options on campus are so gross.",
2436d26cc9dc,dialogue,1,"This is kind of a stupid question,····· but I guess I'll ask it anyway.",
71b4ed483de8,dialogue,1,"This is kind of····· a serious question,····· but,····· what are your thoughts on unplanned pregnancies?",
ec67776d8251,dialogue,1,This is kinda what it looks like back home.········ Except less magic-y.···,
13e942de755d,dialogue,1,This is lame but I prefer to just stay home and relax.,
714cbaf84dfb,dialogue,1,This is literally the most obvious question in the game.····· What's my job?····· Duh!,
7b8955fc01eb,dialogue,1,This is no time for modesty!,
260ff5857a7d,dialogue,1,This is perfect!····· It's exactly what I needed.,
28558ecf16db,dialogue,1,This is seriously awesome.,
0d1b0a5c554b,dialogue,1,This is so embarrassing...·····*hahahaha*,
633824530567,dialogue,1,This is the date grid.····· These little pieces are called tokens.,
65478e10b4ac,dialogue,1,This is the kinda date··· I can get behind.····· You ready to be crushed?,
c2d09862b3da,dialogue,1,This is the kinda date··· I can get behind.····· You ready to be emasculated?,
2722a83d05c6,dialogue,1,This is what separates the men from the boys.,
0870455a7115,dialogue,1,This is what separates the women from the girls.,
7ebef113fe27,dialogue,1,"This is your classic girl next door situation.····· She's nice,··· so don't say anything to scare her off.",
6eef52a1eeed,dialogue,1,This is your idea of a date!?·····*aaaacc*····· Whatever!,
8838e3ece7bd,dialogue,1,This isn't fun.·········· Everybody here is a complete douche bag.,
4c25b431052a,dialogue,1,"This isn't usually my sort of scene,········ but I'll admit it's kinda nice.",
9308d29ffab0,dialogue,1,This ought to be good...,
2d26847bfef6,dialogue,1,This ought to be··· illuminating...,
cf3edc05e8dc,dialogue,1,This place is great...····· super chill.,
c3f9ef2dc4e0,dialogue,1,This place is great.·········· I think I'm gonna pick up some dinner while we're here.,
9195714e3da2,dialogue,1,This pleases me...,
bb22cf7eee00,dialogue,1,"This reminds me,····· I want to party with that bitchy redhead.····· She seems like fun.",
e29c18875ad6,dialogue,1,This should be easy.·········· What's my last name?,
81c119a91e84,dialogue,1,This should be good for a laugh...,
b0e5de64b1f3,dialogue,1,This sun is gonna burn me alive.····· I don't tan well.,
409096ec9a4c,dialogue,1,This will do...····· this will definitely do.,
0ef6b2e24eb1,dialogue,1,This works out pretty nice.····· I need to water my leaf bikini.···*ccmm*,
c9d616f77f4d,dialogue,1,This'll be fun!······· I bet I win more than you!,
5fa1a9036f19,dialogue,1,"This'll do,····· for now.",
949b0c06df81,dialogue,1,This...···················· is the one?,
45ef84636329,dialogue,1,This··· feels··· *aaa*amazing...·········· they don't have anything like this back home.,
5d7285c77989,dialogue,1,Time to examine your knowledge of the universe...,
8665fcd6c61d,dialogue,1,To access the HunieBee····· all you have to do is right-click at pretty much any time.,
5906eb64aee3,dialogue,1,"To be honest, I think they're kinda sexy.",
ddbd740b9265,dialogue,1,To discover new things to learn and explore.,
f09aec8800de,dialogue,1,To whom do I have the pleasure of speaking?,
30720eaee753,dialogue,1,"Tonight,····· my perfect body is like a vessel for your greatest desires...····· I'm yours to ravage...",
3e63e00aeef3,dialogue,1,Too late!·····*hahahaha*····· Have a good workout!,
dcbfe56c5c4c,dialogue,1,Toods!,
54d7e5c18e0c,dialogue,1,Treat others as you would like others to treat you.,
1889c52c7d63,dialogue,1,"Try to get on her good side.····· Open with something safe;··· umm,··· like,··· something she probably wants to hear.",
0821a94727d2,dialogue,1,"Try to keep those dreams about me under control, alright? *hahahaha*",
2249e096b8f2,dialogue,1,Try what on?············· There's nothing here!,
898e013ef18c,dialogue,1,"Turn around,····· and walk away.",
ec6ff95d29c3,dialogue,1,Two or three. I wouldn't want them to grow up alone.,
983cc446f57d,dialogue,1,"Ugghhh!········ If you ever listened, you'd know I already told you that.",
22eae5900519,dialogue,1,"Ugghhh,····· I don't even wanna ask...·····*ccccc*····· What's my last name?",
f03873dd5dfe,dialogue,1,"Ugghhh...····· even I have a limit, it seems.",
d01e617cc699,dialogue,1,"Ugghhhhh,····· I don't want to talk about that.",
b121d05cfee3,dialogue,1,"Ugh,····· god.····· What the fuck was that?",
6bcdf9771a91,dialogue,1,Ughh!····· Gross!,
d4c9c2963747,dialogue,1,"Ughh!····· What the fuck!····· Of course you screwed it up, again!",
a17c3e6f60ce,dialogue,1,"Ughh, ·····there you are. ·····Could you have taken any longer?",
226ccdd65321,dialogue,1,"Ughh,··· me too.······· I need to go home and pass out...",
f66904761acf,dialogue,1,"Ughh,··· you have such a filthy mind.····· That's why we get along so well!···*ccmm*",
aab54db7c1b6,dialogue,1,"Ughh,····· I'm afraid to even ask...····· how many times a day do you touch yourself?",
119d63d88c85,dialogue,1,"Ughh,····· fuck you,····· you dickhead.",
9b6d3fdf4b5d,dialogue,1,"Ughh,····· fuck,············· I think I'm going to throw up...",
f08c62afc878,dialogue,1,"Ughh,····· gaaaayy!",
82393db7c7c6,dialogue,1,"Ughh,····· of course!",
34325302f8e4,dialogue,1,"Ughh,····· please take that away from my face.",
9896cf796fc8,dialogue,1,"Ughh,····· right?····· I don't take no fuckin' bullshit from nobody.",
272db6c68c18,dialogue,1,"Ughh,····· seriously!?",
35edbcbaf021,dialogue,1,"Ughh,····· you're such a pig.",
b25518d733a7,dialogue,1,Ughh... I think I'm set on foodage...,
105bae12b370,dialogue,1,Ughh... gaaaay!,
906daacd2ec9,dialogue,1,"Ughh...····· Audrey,····· can we leave now?",
8786ce5995fc,dialogue,1,Ughh...····· no...····· no thanks.,
8d4d6c45f8db,dialogue,1,Ughh...····· not unless you want it all over your shirt.,
169c23e0319a,dialogue,1,"Uh,····· god,····· you read my mind.",
8425444b22a5,dialogue,1,"Uh-oh,····· party ova here.··*hehe*",
5c02025dfccb,dialogue,1,Uh-uh!····· Food first.,
cd4566d5356a,dialogue,1,"Uhh,····· could you move please?····· You're kind of in my way.",
6b5d61d948e3,dialogue,1,"Uhh,····· okay.····· See ya later.",
b38019041203,dialogue,1,"Uhhh,····· can you explain to me what exactly you were trying to do?",
57aafdd698c6,dialogue,1,"Uhhh,····· eww?",
0f6cbfd44780,dialogue,1,"Uhhh,····· okay.······· But,········ make sure I don't drink too much.",
75d51c8fbb01,dialogue,1,"Uhhh,····· that's okay...",
cebe318dca0a,dialogue,1,"Uhhh,········ probably not on an empty stomach.",
7f123c8939db,dialogue,1,Uhhh...··*hahaha*······· hi...,
7b1182f93c66,dialogue,1,"Uhhh...····· I forgot what I was going to ask...····· Oh,··· yeah!····· What's my favorite season?",
c99b238299fa,dialogue,1,Uhhh...····· thanks.····· That··· wasn't as bad as I thought.,
ea70cb0fe20b,dialogue,1,Uhhh...·················· I hope you like it.··············· I'm not very experienced...,
c8c1d4098d31,dialogue,1,"Uhhhh,····· dude,····· your inventory is packed····· to the brim.······· You should make some room in there!",
b82a84da939b,dialogue,1,"Uhhhh,····· yeah····· I'm not sure I agree with that...",
cef17266b2e9,dialogue,1,Uhhhh...····· do we need to get you some professional help?,
874aa7fc1226,dialogue,1,"Uhhhh...····· not really my style.····· But,····· thanks for the thought.",
9181ff11c3e2,dialogue,1,Uhhhh...····· that's okay.,
2ac0edc61c5c,dialogue,1,Uhhhh...····· what?········· Whatever.··········· I'll explain it anyway incase you change your mind.,
cedaa665568c,dialogue,1,Uhhhh...············· I hope you like pink.················ I picked these out just for you.,
64f20028a18c,dialogue,1,Uhhhhh...····· perhaps somebody else would enjoy this more?,
36e9e0546b76,dialogue,1,"Uhhhhhh,········ remind me what that was on again.",
9308320563d5,dialogue,1,Uhhhhhh...····· no.······· Not on my diet.,
1df11de00946,dialogue,1,Uh····· gross.·····,
4766974810e9,dialogue,1,"Umm,····· is there something I can help you with?",
d25c5f2bc0c4,dialogue,1,"Umm,····· that's awfully nice of you.",
0728fdd80486,dialogue,1,"Umm,·········· funny question,··· but,·········· how do you feel about girls shaving...····· down there.",
02c48fd887f5,dialogue,1,Ummm!····· Excuse me!,
0364e6c91b5b,dialogue,1,"Ummm, hello?·········· Is anybody home?",
5d66028502a6,dialogue,1,"Ummm,····· hi.",
880f01393bc1,dialogue,1,"Ummm,······· do you mind if I ask you a question real quick?",
bf34478f62e9,dialogue,1,"Ummm,······· sweetie...············· you've already given me that question.",
3c3f8f973bfd,dialogue,1,"Ummm,········ I'm not really sure how to ask this...············· but,············· can we head back to your room?",
d1b481cf877b,dialogue,1,"Ummm...····· sorry,····· but I have to get some food first.",
74186f38e644,dialogue,1,Ummm...·········· hi.·····*mhmhm*,
223c0ae57886,dialogue,1,"Ummm...············ you're not like,······· dating anybody else right now,······· are you?",
0f14f9e34b35,dialogue,1,"Ummmm,····· hey,········ you know what?····· It's Nikki...····· my name.",
0f6bee9e6976,dialogue,1,"Ummmm,····· okaaaay...?",
504feab28c99,dialogue,1,"Ummmm,····· yeah,····· no.",
42c73bbc0b5b,dialogue,1,"Ummmm,····· you gotta do something about that inventory.········ It's like, overflowing.",
aea3e7d663ed,dialogue,1,"Ummmm,·········· I think someone else should be in any minute.",
faffe2ab1432,dialogue,1,"Ummmmm, not quite.",
682d7af3e2db,dialogue,1,"Ummmmm,····· soooooo,····· yeeeaaahhh...",
7ec22ab169d8,dialogue,1,Unless that's liquid cake········ I'm not interested right now.,
289afaa53a13,dialogue,1,Until next time!,
b4d5f446dde9,dialogue,1,Using that··· would do absolutely nothing right now.,
6a89bf3ea895,dialogue,1,Uuugggghhhhhh...,
775afb1f0e8f,dialogue,1,Veeeerrry··· good.·········· You may have just earned yourself another date.,
5adf8ff00096,dialogue,1,Veeery goood...,
ca0713abe3c6,dialogue,1,Veeery nice.,
42f300143ef4,dialogue,1,Very impressive.,
968b70d84e44,dialogue,1,Very much so. I take pride in always seeing my commitments through.,
248dd2d4999e,dialogue,1,Wait! We were just getting to know each other.,
6dcd94ecac93,dialogue,1,"Wait, so like, do you have sex with all your clients?",
07c8293371a9,dialogue,1,"Wait,··· really?····· Like····· ever?········ Wooow,········ I thought I was the only one...",
c56eb89116c6,dialogue,1,Wait...·········· is she coming back over here?······· This ought to be interesting.,
8b46071bd79f,dialogue,1,"We can check out the university,····· the mall,··· the gym,·· the park·· or the nearby cafe.····· What'll it be?",
7dd9aab64d0c,dialogue,1,"We don't have time to go over every feature,····· but you're a big boy,····· you can figure it out.",
e50400a4c576,dialogue,1,"We don't have time to go over every feature,····· but you're a big girl,····· you can figure it out.",
fdc89c18fbd2,dialogue,1,"We need to get started right away.····· Tell me,····· how many dates HAVE you been on?",
93b472394d09,dialogue,1,"We should def do that again,····· like,····· super soon!",
375ecd1c84e6,dialogue,1,We sort of grew apart and mutually agreed that it was the right thing.,
2647a7872eca,dialogue,1,We won't be doing anything else until I get something to eat.,
a8aea06ccd25,dialogue,1,"We'll see how I do.········ It's hard to stay balanced with this huge rack, you know.·····*hahahaha*·····",
f21073fcab8b,dialogue,1,We've covered that.····· Ask me something different!,
e4a346476705,dialogue,1,Weakness? I don't know the meaning of the word.,
96d3151cf05e,dialogue,1,Weakness? I've never heard of such a thing.,
04303ea5fdd9,dialogue,1,"Welcome to...····· oh,····· it's·· you.",
e18a34e40de9,dialogue,1,Well I couldn't have done it without you.,
aae2ff0c696f,dialogue,1,Well I would but I'm usually looking at her butt.,
497752f7d5f4,dialogue,1,Well I'll be damned!····· Will you look at this bitch?,
97353d670060,dialogue,1,Well I'll be damned!····· Will you look at this guy?,
1894fb42572c,dialogue,1,"Well I'll be damned,····· you got it.",
2a607db4d116,dialogue,1,Well I'm not gonna turn down free candy.,
bca2a7122975,dialogue,1,Well I've gotta take my medicine!·····*hamcmcmc*,
1fd5b56ebd9c,dialogue,1,Well I've never been one to turn down a good time!···,
bf490fa1e1ff,dialogue,1,Well done.····· Well done indeed.····· I'm very pleased with this.,
111b663185dd,dialogue,1,"Well everybody has something they're hiding, right?",
6f3ee26b5ee6,dialogue,1,Well if thats the way you feel...,
c94d30e8256b,dialogue,1,Well it certainly doesn't hurt to be open minded.,
209fe825406a,dialogue,1,"Well it's not an arcade,····· but····· I guess games are games.",
48f9b16cfbbd,dialogue,1,"Well it's not the exact location I would have selected.············· But,····· it'll have to do.",
653ed5c2cd14,dialogue,1,Well look at this bitch.····· I think I've created a monster.,
1d7329989688,dialogue,1,Well look at this guy.····· I think I've created a monster.,
93119b683855,dialogue,1,"Well now,····· what a surprisingly loving gift.",
c16579ee8494,dialogue,1,Well right now I'm trying to get laid a whole lot.,
c9339e69f87f,dialogue,1,Well that was certainly...····· unexpected.,
53761cfcdcd8,dialogue,1,Well that would require having had a girlfriend.,
46c44aed15b2,dialogue,1,"Well what should I ask you...····· Ohhh,····· I've got one.·····",
d0716a208121,dialogue,1,Well you don't have to worry about me.····· Fun is pretty much my deal.,
4e10845323c8,dialogue,1,Well you're in luck!····· I think that defines me fairly well!,
0f5141fcd1de,dialogue,1,"Well you're talking to one now,··· champ.",
0402cd560357,dialogue,1,Well!·····*aaacc*····· At least I know I don't have to teach you anything about THAT!,
e1ae2c68b22a,dialogue,1,"Well, I don't know what it might be, but surely there must be something.",
b2ec1937d006,dialogue,1,"Well, it's just that... you're so pretty and stuff.",
57091d16bd5e,dialogue,1,"Well, okay! How can I say no to that face?",
4373e6ff4b91,dialogue,1,"Well,··· you know how to show a girl a nice time,····· I'll grant you that!",
b9cadf3a1195,dialogue,1,"Well,····· I try,····· but····· trouble has a hard time staying out of me.",
2d9429ebb080,dialogue,1,"Well,····· I'd rather you didn't.····· So,····· good night.",
933a6c5fd5dc,dialogue,1,"Well,····· as long as you already paid for it!·····*hahahaha*",
9684bdb63ffb,dialogue,1,"Well,····· as long as you're offering.",
e7ae6f1896cc,dialogue,1,"Well,····· at least you're not lacking downstairs.",
a7956eaf1277,dialogue,1,"Well,····· at least you're not lacking upstairs.",
e186a87be379,dialogue,1,"Well,····· if it isn't the love of my life!",
6713722dc597,dialogue,1,"Well,····· mission accomplished.········ Good work!",
d7256d947320,dialogue,1,"Well,····· that was a total blowout.····· Thanks for wasting my fucking time.",
9c43177bca35,dialogue,1,"Well,····· you're going to have to do a lot better than that,····· sorry.",
c30d617e1f2a,dialogue,1,"Well,········ I suppose you're not terribly hideous for a human.····· *hahahahahaha*",
ccdf4b537343,dialogue,1,"Well,········ I'm supposed to be a physics professor,····· let's just leave it at that. *hahahahahahaha*·····*aaaacc*",
d8e7118297e5,dialogue,1,"Well,·········· it's not exactly home,·········· but it is pretty here.",
cc4640f27ebe,dialogue,1,Well...····· the night isn't over yet.········ Maybe we could continue this somewhere...····· else?,
995a91873ad2,dialogue,1,Well...····· you've got a half naked woman in your bedroom.····· Now what?,
b5def3001dbc,dialogue,1,Well...·········· it's a nice start.············· What else you got?,
584602daa375,dialogue,1,"Well...············· I don't think I have anything going on.·········· Alright,····· let's go out!",
a1d53994ffea,dialogue,1,"Well·· then,········ come a little closer.····· There's a lot more to see.",
a484b0455a32,dialogue,1,Whaa!?····· Are you serious?····· Thank you so much!,
97641e15f92f,dialogue,1,Whaaat!?,
c3a2c4fb3c3d,dialogue,1,Whaaat? You're too adorable to be a stray.,
c6a0c19f5950,dialogue,1,What a exquisite stone...·········· it's breathtaking!·····,
61181bb6bfeb,dialogue,1,What a neat thing.,
ce7044d2db45,dialogue,1,What a nice thing for you to do.····· Thanks!,
3e27caefa86c,dialogue,1,What a piece of work!·········· Surely you can do better than that.,
c47ac3f71b14,dialogue,1,What a sweet gesture!,
56d593fdb789,dialogue,1,"What a terrible,··· terrible shame.",
9beeb03d1b13,dialogue,1,What activity do I most enjoy doing?,
3d8cde4f2d14,dialogue,1,What am I doing to pay the bills?,
9aadd4458bdd,dialogue,1,"What am I doing?·····*cmcm* Oh my god.····· Alright,····· you're good.····· Clearly I've done my job well...",
8c4dbfd51dad,dialogue,1,What an ass.,
16b5d4389c4c,dialogue,1,What an interesting object...,
40dfaea4a711,dialogue,1,"What are stars vastly made up of,····· more than anything else?·····",
f94e02fdf070,dialogue,1,What are you doing?····· Check my preferences in the stupid phone.,
02d495397810,dialogue,1,What are you even doing at the mall anyway?····· Besides creeping on girls.,
70d1a8e64dc5,dialogue,1,What are you expecting to get in my pants now?····· You weren't THAT good.,
6adf5a03f47d,dialogue,1,What are you looking for in a relationship?,
f5b2a7e92f7e,dialogue,1,What are you supposed to do when you're bored?,
a2e70f097da2,dialogue,1,What are you talking about?····· You look cute!,
26981c7fd259,dialogue,1,What are you trying to do to me here?,
7866ad8197a6,dialogue,1,What are you up to this late?,
5c93aee64919,dialogue,1,What are your feelings about true love?,
58a37cd942de,dialogue,1,"What are your thoughts on school?····· I mean,····· going to college.",
706175b1dad4,dialogue,1,What can I do for you?,
47c64a3dbee7,dialogue,1,What can I say?····· I may be a goddess but··· I'm still a girl who loves a thoughtful gift.,
19d284cfa1b7,dialogue,1,What can you recall about my education?,
730179f781ac,dialogue,1,What college degree did I earn?,
7cec372563b3,dialogue,1,What color do I like most?,
07c9bf661da8,dialogue,1,What color was my hair when we first met?,
895d9cc4789f,dialogue,1,What did I do to deserve that!?,
db96959dd1ca,dialogue,1,What did I say about approaching Audrey··· when you first ran into her?,
0e827cf4a2ad,dialogue,1,What did I say when you asked my favorite color?,
864440c5bb45,dialogue,1,What did I tell you was my favorite place to hang out?,
bf942b827c5e,dialogue,1,"What did you do,····· write it down?",
da394af9f43f,dialogue,1,What do I do for work?,
cfa07e5a5704,dialogue,1,"What do I look like, an alcoholic?",
05c294fb6968,dialogue,1,What do I mean?····· I mean I can literally see you sweating through your shirt.,
44aceddb76cb,dialogue,1,What do we have here?·········· Does your little friend want to come and visit me?,
fe08e82e7719,dialogue,1,What do you do to calm down when somebody makes you angry?,
49d420404ae6,dialogue,1,What do you hate most about dating?,
c9e192f13681,dialogue,1,What do you mean? I work out all the time.,
1fff27406596,dialogue,1,What do you see yourself doing in ten or fifteen years?,
308027cbaac8,dialogue,1,What do you think is the most important trait to have in a girlfriend?,
98cab49b365f,dialogue,1,What do you usually do when you can't think of anything else to do?,
9908a7290de4,dialogue,1,What do you wanna know about me?,
4facc9e59bbf,dialogue,1,What does happiness mean to you?,
367a6af5913c,dialogue,1,What does the perfect date look like to you?,
a384171d64d4,dialogue,1,What does your morning routine look like?,
8ef1fed9ba14,dialogue,1,"What is it about me that made you approach me,··· really?",
ed75f58cb7ca,dialogue,1,What is my favorite color?····· You can't forget this!,
150117f48712,dialogue,1,What is my height?,
7607e39d1261,dialogue,1,What is my official position back home?,
9ff27cee9ae0,dialogue,1,What is my primary occupation?,
9c00c16ddc55,dialogue,1,What is my weight?,
33ac199e766a,dialogue,1,"What is my...····· what did you call it?····· a····· ""hobby""?",
e2c7728f9f53,dialogue,1,What is the approximate distance from your planet to it's moon?,
994f3257a44e,dialogue,1,What is the largest planet in your solar system?,
fd87ddd74133,dialogue,1,What is the name of my home planet?,
5380bec06394,dialogue,1,What is the name of the spiral galaxy nearest to the Milky Way?,
ad4c4979a8e4,dialogue,1,What is the name of your planet Saturn's largest moon?,
89c438d4e974,dialogue,1,What is the smallest planet in your solar system?,
694c031dd615,dialogue,1,What is this?·········· It's incredible!,
4baf2e904655,dialogue,1,What is your excuse for THAT?,
7debe4f499c9,dialogue,1,What is··· a supernova?,
cc79b278258b,dialogue,1,What it doooo?,
bf33a7b0a774,dialogue,1,What kind of books do you like to read?,
a5f6bc717942,dialogue,1,What kind of games you play?,
dfd370cb4831,dialogue,1,What kind of people do you just fucking hate to even look at?,
7fcc6d68a402,dialogue,1,What kind of porn are you into?··············· What?····· I want to know.,
7f8ccf5b08a2,dialogue,1,What life advice would you give someone who asked?,
74c8407c6c7b,dialogue,1,What location in town do I spend a lot of time at?,
7e6aa169726a,dialogue,1,What motivates you to get up in the morning?,
4d7b898eb32e,dialogue,1,What season do I find the most endurable?,
39d06f2c54ac,dialogue,1,What should we do about the fact that we're desperately attracted to each other?,
3b432d5aa7cf,dialogue,1,What size are my boobs?,
003c99083d5b,dialogue,1,What size bra am I wearing?,
a4360a63b0c5,dialogue,1,What the FUCK!?,
e307fb5e9b04,dialogue,1,What the fuck is that supposed to mean?,
209965ac88df,dialogue,1,"What the hell?····· Ughh,····· this is why I don't bother with girls.",
113daf2931e7,dialogue,1,"What the hell?····· Ughh,····· this is why I don't bother with guys.",
5f5e2449f510,dialogue,1,What type of star··· is your planet's sun?,
de8b744df8d2,dialogue,1,What type of token was your first ever token match?,
081a05e810f8,dialogue,1,What up playa?,
06e49cf2b245,dialogue,1,"What was I going to ask you again?...····· Oh,··· right!",
6005c71721b5,dialogue,1,What was my advice to you when meeting Tiffany?,
16ed7e6c6977,dialogue,1,What was my answer when you asked about my favorite place to hang out?,
d7c0321b9934,dialogue,1,What was your first kiss like?,
a31a88c1c894,dialogue,1,"What was your first time like?·········· With a girl, of course.",
94d25d07a667,dialogue,1,What!?,
d1feb878196d,dialogue,1,What!?*haha*····· You're such a jerk!,
d60caa723e42,dialogue,1,What!?····· I like to draw!····· A love fairy can have hobbies too.,
1ad43d8c6598,dialogue,1,"What!?····· No,····· you're bullshitting me.",
c211c4be46e1,dialogue,1,What!?····· Unacceptable!,
c2727c633bcc,dialogue,1,What!?····· What are you staring at?,
b29c5af8b384,dialogue,1,What's an automatic relationship deal breaker for you?,
8d7ada1116bc,dialogue,1,What's cooking good lookin'?,
1dddaf496508,dialogue,1,What's crackin'?,
6224eb7448a8,dialogue,1,What's going on?,
9ea98a778464,dialogue,1,What's good playa?····· Talk to me*ee*.,
9a3b85e7cef6,dialogue,1,"What's like,····· my favorite thing to do,····· ever?",
c5de26dd6b84,dialogue,1,What's like... my favorite thing to do?,
e082c1ddd046,dialogue,1,What's like··· the only season that doesn't suck total ass...,
0891cea0c543,dialogue,1,"What's more important to you,····· looks··· or personality?",
383eaeab646c,dialogue,1,What's my age?····· Most people think I'm older than I am because of my son.,
4d51f31e2822,dialogue,1,"What's my favorite color?·········· It's based off of my favorite flower,····· remember?",
9b0cb3f6adab,dialogue,1,What's my favorite hobby?····· It's a... pretty hard to forget.,
5ac4d7062996,dialogue,1,What's my favorite way to spend an evening?,
63a3d01f2780,dialogue,1,What's my height?····· And don't just guess!,
a21e75d5f91c,dialogue,1,What's my last name?,
31bed19e77c0,dialogue,1,What's my last name?····· As if you cared.,
e890e531eafd,dialogue,1,"What's my last name?·········· I mean,····· you have to at least remember that.",
4dd3c26f2e5d,dialogue,1,What's on your mind?,
9588fc18462a,dialogue,1,What's shakin' bacon?,
4facea2ca698,dialogue,1,What's that?····· I didn't hear you?··· Did you say...····· hell yeah?,
5f7683ffe5e8,dialogue,1,"What's the craziest place you haven't done it,······· but would like to?",
5808f23e05bd,dialogue,1,What's the first thing you think about when you wake up in the morning?,
a6f25b5a3312,dialogue,1,What's the matter with you!?,
cced28c08c92,dialogue,1,What's the matter?····· Couldn't get it the first time you asked that question?,
d40129cc3022,dialogue,1,What's the matter?······· See something you like?,
96f6935f6925,dialogue,1,What's the one thing I never forget to make time for every day?,
77fcb9b7bfd8,dialogue,1,What's the rush? I was kinda hoping you would leave it on.,
452f52979a96,dialogue,1,What's up?,
13efe65c6a24,dialogue,1,What's wrong!?····· Did I hurt your whore feelings?,
66abfbdb563f,dialogue,1,What's wrong?···················· Seem's like something's bothering you.,
40ab18a16b6d,dialogue,1,What's your absolute favorite sex position?,
12819079dd11,dialogue,1,What's your biggest goal in life?,
9f3ed2f45857,dialogue,1,What's your biggest turn off?····· Huh?,
952791cbb431,dialogue,1,What's your favorite part of the female body?,
cf98b426168e,dialogue,1,What's your favorite thing about yourself?,
8543e6b7725a,dialogue,1,What's your greatest weakness?,
41261da0ee08,dialogue,1,"What's your idea of like,····· the perfect date?",
1aa915659c97,dialogue,1,"What's your ideal,····· perfect vacation like?",
42971de66619,dialogue,1,What's your kill count?····· Huh?········ How many notches you got on the ol' belt?,
c39c960f7c27,dialogue,1,What's your most fucked up sexual fantasy?,
18265f5d2727,dialogue,1,What's your opinion on people who smoke?,
d036e2961bec,dialogue,1,What's your personal definition of success?,
6a891e5e731c,dialogue,1,What?,
28fc5bf4dfd1,dialogue,1,What?····· I wasn't expecting that from you.,
8280d04919ff,dialogue,1,What?····· Please tell me you're not a virgin.,
3601cf949710,dialogue,1,What?····· Put that shit away.····· Jeez.,
4552ac5c7f4f,dialogue,1,"What?····· You're crazy,····· stop it.",
04ca61ba6bf0,dialogue,1,What?······· Do you want a kiss or something?········ Dream on.,
000efd918dae,dialogue,1,"What?·········· Oh,··· shit!····· Totally forgot about these.·····*hahahaha*····· Thanks!",
1fa189cc21ad,dialogue,1,"Whatever we do,····· just keep me away from all the junk food.·····*hahahaha*",
d12d95e4f778,dialogue,1,Whatever!,
2ae1907e2b6d,dialogue,1,Whatever!····· Go.····· Leave.····· Byyyyeee.,
f79de0d25c5e,dialogue,1,"Whatever,········ don't start getting all cocky on me.",
9267740905d6,dialogue,1,"Whatever...····· good job,····· what do you want,····· a cookie?",
43422f6d9285,dialogue,1,Whatever; as long as you show up for the holidays you're good.,
ccb8359280f7,dialogue,1,"Whatever··· ho,····· why don't you go get knocked up again.",
39ea92cb196b,dialogue,1,What····· is····· that?,
ab95ce1e62e5,dialogue,1,"When first meeting Beli,····· what was my advise to you?",
354669d2d485,dialogue,1,When it's nice out. I can't handle the cold.,
620a595c22a5,dialogue,1,"When we first met,····· what color dress was I wearing?",
582c72ee02ec,dialogue,1,When would my day of birth be?,
522894d278dd,dialogue,1,"When you asked about my education,····· what did I say to you?",
75e7383c0004,dialogue,1,"When you first met Jessie,····· how did I suggest you approach her?",
885af15928b1,dialogue,1,When's m*aaa*y birthday?····· If you think you can recall it.,
c9e12c077ace,dialogue,1,"When?····· Right now?...····· Uhhh,····· sure!",
a6af0c8a4163,dialogue,1,Where did we go so I could teach you about dating?,
b6a3ef1530aa,dialogue,1,Where did you get this?····· It's sooo good.·····,
def74d6f3bc4,dialogue,1,Where do I like to hang out most often?,
1ee1ffd52f47,dialogue,1,Where do I like to hang out?,
238d1c2132a5,dialogue,1,Where is my favorite place to be in town?,
32305809063f,dialogue,1,Where··· did you and I··· first meet?,
be47f0148224,dialogue,1,Whew!····· Today's been a good day!,
02656a3066fb,dialogue,1,Which activity am I trying to get better at?,
2d567c4646c7,dialogue,1,Which clan do I belong to?,
90dd05d01a5b,dialogue,1,Which color do I prefer more than any other?,
c8bf47afea51,dialogue,1,Which of the seasons is the one I like best?,
88ac8bc63b24,dialogue,1,Which of these girls does not smoke?,
9762832c3d35,dialogue,1,Which of these girls does not wear glasses?,
14dae364a3d7,dialogue,1,Which of these girls does not wear lipstick?,
85fe1ee18593,dialogue,1,Which of these girls weighs the least?,
5a6e10e8800c,dialogue,1,Which of these objects is made·· partly····· of ice?········,
7cb9f5180f2a,dialogue,1,Which of these pairs of girls·· are not close friends?,
6dfa65183c71,dialogue,1,Which of your four seasons do I find most comfortable?,
d2b0aeec20f0,dialogue,1,Which one of these girls owns a pair of stockings?,
e947a3a399ec,dialogue,1,Which planet in your solar system is the most dense?·····,
72b5097a41af,dialogue,1,Which season did I say I liked best?,
0637db22c259,dialogue,1,Which season do I love the most?,
872c3fdd249a,dialogue,1,Who is the only girl with violet colored eyes?,
740424e543b8,dialogue,1,Who is the tallest girl you've dated?,
84a3e7a44d44,dialogue,1,Who is the youngest girl you've dated?,
4638022f6c8c,dialogue,1,Who's birthday arrives latest in the year?,
493d6698012a,dialogue,1,"Who?··· me?················· Ohhh, no!······· I'm·· so·· not·· cute...············· but thanks for the compliment!",
969f4d8a6e3a,dialogue,1,Whoa!····· I have been looking everywhere for this!,
70349a11aa01,dialogue,1,"Whoa, you are the sweetest girl, like,·· ever.·····",
24569d7e6b5c,dialogue,1,"Whoa, you're the sweetest guy, like,····· ever.",
e4d01d30c43c,dialogue,1,"Whoa,····· seriously?·········· Thanks.",
df1c376384c6,dialogue,1,Whoa.······· Is·· this·· chick·· serious?····· That school girl uniform is a little on the nose don't cha think?,
24cde7829837,dialogue,1,Whohohoooa!!····· That.·········· Was.·········· Awesome!·········· I saw the whole thing.····· I can't believe you nailed my boss!,
a097a813f66c,dialogue,1,Whooa...····· fancy···· shmancy.,
d79aff1efb21,dialogue,1,Whoops!·········· It looks like you have too many things taking up space in your inventory...,
69ac14ebf9da,dialogue,1,Why are you so hostile? I'm just trying to say hi.,
3ca1df72d836,dialogue,1,Why did you initially come up and talk to me?,
7c56058b7ccc,dialogue,1,Why do you want to help me? What's in it for you?,
86109b0bd550,dialogue,1,Why don't you keep that for someone else?,
732eb3f4c6f4,dialogue,1,Why don't you treat me to some food?······· Hmm?········,
41dc87f8fe3a,dialogue,1,Why not?····· It's a thing.····· I love things!,
9f8f13cafb38,dialogue,1,Will I at least be seeing you this weekend at the studio?,
3de76e8df3d1,dialogue,1,Will you look at that?····· Breathtaking...,
89199653b141,dialogue,1,Wonderful!,
375369dc84a8,dialogue,1,"Wonderful!················ Let's do this again soon,·· okay?",
7d211312d381,dialogue,1,Woooow!...······*cccc*········· Is it··· weird that I collect this stuff?,
79355629d300,dialogue,1,Wooow...····· Alright...····· I'm soaked already.*hahahaha*·····,
9b5521dca301,dialogue,1,Word of advice...····· I like to be choked...,
e27f12591e0d,dialogue,1,"Worth it,····· every time.",
1c11c7cf6b0a,dialogue,1,Would it be too forward of me to ask you on a date?,
ddb6f9b9ddd6,dialogue,1,Would you consider yourself a liberal or a conservative person?,
9eb1ae954545,dialogue,1,Would you consider yourself an outdoorsy type?,
ba0bf9e734d7,dialogue,1,Would you date an unattractive girl if you really liked her as a person?,
6eb8acbb0085,dialogue,1,Would you ever consider...····· going through the back door?,
a9d14128b416,dialogue,1,Would you fault somebody for stupid mistakes they made in the past?,
1456e7515f29,dialogue,1,Would you mind if I asked you something?·········· I'm curious...,
93ce9c644270,dialogue,1,"Would you please deal with your inventory?············· Honestly,····· how many things do you need?",
0636767fb672,dialogue,1,Wow!,
e48ddb2556ea,dialogue,1,Wow!····· It's lovely!············· What a beautiful garden.,
f14f101d7884,dialogue,1,Wow!····· You got it.····· Most girls would have forgotten by now.,
22cabeba57d3,dialogue,1,Wow!····· You got it.····· Most guys would have forgotten by now.,
d9bcaa2943d0,dialogue,1,Wow!·····*hmmm*······· I underestimated you last night.······· I usually have to fake it.,
08ae0ead8ef3,dialogue,1,Wow!·········· I've never heard an answer like that before.·········· I like it!,
301e7f3bf121,dialogue,1,Wow!·········· It's like you took the words right out of my mouth.,
67570b02ee31,dialogue,1,"Wow!·········· You really are something else,····· you know that?",
bfd8b38e9932,dialogue,1,"Wow!············· I kinda feel like a kid again.····· Oh,·· this'll be fun!",
e4c691f0cea9,dialogue,1,Wow!············· It's so beautiful from up here.,
cd70b5094c16,dialogue,1,"Wow,····· good for you.····· That's a really nice way of looking at it.",
b7563e7c343c,dialogue,1,"Wow,····· okay.····· Could I get you to maybe take it down a notch?· I'm· right here.",
b552bfe01499,dialogue,1,"Wow,····· this is neat!······· You should take me out more often.",
b497a5f5f8f8,dialogue,1,"Wow,········ for once you didn't screw it up.",
be87c998903d,dialogue,1,"Wow,·········· I'm not sure what to say.",
670c5d24213a,dialogue,1,Wow...*ccc*··· okay?,
64a87c32672b,dialogue,1,Wow...·········· I don't think anybody has ever said that to me before.,
5d101b475d0c,dialogue,1,Wow...············ I feel bad that I don't have anything to give you.,
1e77007a95d0,dialogue,1,Wow.····· This is actually a really thoughtful gift.,
20bc8ed7d7a5,dialogue,1,"Wow.·····*aaac**aac*····· Okay,··· that was pretty strong.",
3ec1f208e9e0,dialogue,1,"Wow.······ Uhhhh,············ okay.·················· I mean,····· yeah,····· let's do it.",
5f4e58a45c11,dialogue,1,Wow.·········· I didn't expect to run into anybody here.,
594e3e9131d6,dialogue,1,Wrong!····· Better luck next time.,
5d27a130bec3,dialogue,1,"Ya see,··· as a love fairy,· it's my job to help poor gals like you out with the ladies.····· It's just...·· what I do.",
f64c49ea6c82,dialogue,1,"Ya see,··· as a love fairy,· it's my job to help poor saps like you out with the ladies.····· It's just...·· what I do.",
9ac718aa2831,dialogue,1,Yay!,
ab9a87364487,dialogue,1,"Yea, for sure. I thought it was pretty serious at least.",
8f59ed287bd8,dialogue,1,"Yea,······· okay!·········· Sounds like a blast.",
8baeda00c2be,dialogue,1,Yeah I like to check in and see how they are doing.,
2a8355019b15,dialogue,1,Yeah!,
ce8d2a9a56b3,dialogue,1,Yeah! My english lit class was cancelled;········ tryin' to make good use of the time.,
4218ef8514f0,dialogue,1,Yeah!····· I dig it.····· That makes a lot of sense.,
06b018a9831e,dialogue,1,Yeah!····· I'd love that.····· It's really a beautiful campus too.,
1feddf95e0b9,dialogue,1,"Yeah, I like to know what I'm getting myself into.",
25a49d6deecc,dialogue,1,"Yeah, I'm not exactly the best at commitment.",
90f7f066c5aa,dialogue,1,"Yeah, but it's okay because I've had you to admire while I wait.",
6e4e4318a6fe,dialogue,1,"Yeah, okay!····· I'd love to go out with you.",
1992a8bcd4c9,dialogue,1,"Yeah, okay.····· Thanks.",
db91b8150b32,dialogue,1,"Yeah, okay.····· This might be fun...····· if I can stay up long enough.",
012f181e495e,dialogue,1,"Yeah, yeah, yeah.·········· Get out of here already.",
aa87773db4af,dialogue,1,"Yeah, yeah.····· You're lucky I'm in a good mood today.",
aa86cbb949d0,dialogue,1,"Yeah, you!",
eeb7d629f4b0,dialogue,1,"Yeah,·· you know what?··· Fuck it! I'm in!",
d78b9f4a9117,dialogue,1,"Yeah,··· I gotta get some food in me before we go down that road.",
91e2c6cd1f41,dialogue,1,"Yeah,··· I·· guess that's true.",
e0755391bbfb,dialogue,1,"Yeah,··· it's not a big deal.··· It's just sex!···",
0de42a7d5991,dialogue,1,"Yeah,··· no shit!····· We make a good team though.",
eedbc85a5cfb,dialogue,1,"Yeah,··· sure,··· the coast is clear.·····*mmcccmm*·····You're good.",
7b701fc1a33b,dialogue,1,"Yeah,····· I should be going too.",
82d0909f1da2,dialogue,1,"Yeah,····· I should really be leaving too.····· See ya!",
16b6ff4a634d,dialogue,1,"Yeah,····· I suppose that makes sense...",
ef32cbd45321,dialogue,1,"Yeah,····· I've got an early day tomorrow.····· I just stopped in for a second.",
68b07ffc7763,dialogue,1,"Yeah,····· Okaaay!",
613e39624797,dialogue,1,"Yeah,····· alright.····· Why not?",
3e2d542025a7,dialogue,1,"Yeah,····· it happens.····· Sounds like it was for the best though!",
679b05a59ecb,dialogue,1,"Yeah,····· life.",
4c1943a114e3,dialogue,1,"Yeah,····· my friend Audrey got me to try some stuff one time.····· I didn't like it.",
ff637f397fbc,dialogue,1,"Yeah,····· okay.······· Sorry to bother you Ms. Yumi.",
17c573240dfa,dialogue,1,"Yeah,····· pretty much.····· What can I say?····· I'm kind of a slut.",
34a587b73310,dialogue,1,"Yeah,····· right?····· Like,····· I've read some pretty interesting theories online about this stuff.",
e79c1f03debb,dialogue,1,"Yeah,····· see?····· What people don't know can't hurt them.····· So,····· you just keep it to yourself!",
eadbcc652125,dialogue,1,"Yeah,····· that's actually right...····· You're not like the others...",
c5bc7355c9a5,dialogue,1,"Yeah,····· that's probably a good thing.····· You can't be a grump all the time.",
52473dd612b4,dialogue,1,"Yeah,····· yeah... Oh man, this is your lucky day buddy!",
f11a901655c1,dialogue,1,"Yeah,····· yeah... Oh man, this is your lucky day sister!",
934b81ca1245,dialogue,1,"Yeah,······· so I had a good time.····· Don't make such a big deal out of it!",
81448f630c1f,dialogue,1,"Yeah,········ I had you figured like that.",
00ba1c655dd5,dialogue,1,"Yeah,········ we can leave now...····· thanks.·····",
35bb38242ed5,dialogue,1,"Yeah... but you had brown hair. Also, not wings.",
2560a7dad4a8,dialogue,1,Yeah?····· Out with it.,
f1ac19a7e2c1,dialogue,1,"Yeah··· but,········ I won't.····· Besides,····· it wasn't cheap,····· soooo,····· you're stuck with it.",
c9885cd783dc,dialogue,1,Yeeaaahhh...,
c51b3990a24e,dialogue,1,Yeeaahh...····· I suppose that's true...,
b380213a9b58,dialogue,1,Yeeeaahh··· buddy!········ I'm about to get my drink on.,
ceb81333d0df,dialogue,1,"Yeeeahh,····· heh,··· that happens.····· My bad.",
30e41c02ff2b,dialogue,1,"Yeeeeessssss,····· well we'll see about that.",
11b01f3bfdb8,dialogue,1,Yeeeess?,
1746d54a5bec,dialogue,1,"Yeeeesss,····· this will do veeeerrry nicely.·········· You've done well.",
413bf5acb1ad,dialogue,1,Yeeess!····· Yeeeeesss!····· Shower me with gifts!,
61f135faca4d,dialogue,1,Yeesss!··· Audrey is gonna be so jealous.·····*haha*,
03b0774e0213,dialogue,1,Yeessss!·········· I was just about to ask you for a drink.,
3f1dcf7d19d9,dialogue,1,Yep!····· You got it!,
47f7dedb2dc7,dialogue,1,"Yep,····· just like I thought.····· You broads are all the same.",
9afcea88f068,dialogue,1,"Yep,····· just like I thought.····· You guys are all the same.",
c042dce387dc,dialogue,1,"Yep,········ same here.·············· Please, let me know when you find it.",
5659a970bee3,dialogue,1,Yes!,
e3ea90ce2c0d,dialogue,1,Yes!····· That's exactly how I feel!····· If you're going to go out do something fun!,
7abce94ad3db,dialogue,1,Yes!······· I'd love to go on a date with you.,
ab4cdc4cbcc5,dialogue,1,Yes!·········· I was afraid you weren't going to ask!,
2346bbc2e989,dialogue,1,Yes!·········· Time to get this day underway.,
63c9622c286a,dialogue,1,"Yes!··············· I know this is····· pretty messed up,····· but it kinda turns me on to know.",
6fee1d717284,dialogue,1,Yes!··············· I'd like that a lot.··············· I'm looking forward to it!,
c924526a177c,dialogue,1,"Yes, but in my defense she was pretty ugly.",
3d4b12a4b2cf,dialogue,1,"Yes, yes, yes, yes...··· just come on then.····· I haven't got all day you know.",
ba3f8f49cbad,dialogue,1,"Yes,····· I will go out with you.",
ebe1cbc3a366,dialogue,1,"Yes,····· I will.····· It's the least I can do.",
a98ce3112b55,dialogue,1,"Yes,····· of course.·········· Goodbye then...",
69660701c255,dialogue,1,Yes?,
d4929388efa6,dialogue,1,Yo!·········· I didn't expect to see you here today Tiffany.,
3ea5888e7e6b,dialogue,1,"Yo,····· chill out with that shit.····· Nobody likes an alcoholic.",
3598ad5b76b7,dialogue,1,"Yo,····· how's it goin'?····· I wanna hear good things.",
c92e84b8b299,dialogue,1,"Yo,····· you hungry?····· I know I am.",
9f405ea799c6,dialogue,1,"Yooooooo,·········· do you know how many used game stores I've been to looking for this?",
b39ae3bd7c1a,dialogue,1,You a political person at all?,
b9a2e472a830,dialogue,1,"You already won man,····· I'm wasted!",
ee65416db876,dialogue,1,"You appear to have the confidence for it, at least.",
1134daf6e166,dialogue,1,You are everything I had hoped you would be...,
3c13935eea4d,dialogue,1,"You are····· something else, you know that?",
22a48ee5e1bd,dialogue,1,You best not get this question wrong...,
afcda455b561,dialogue,1,You betcha!····· You wanna get going?,
e2c14e97729b,dialogue,1,You better know my birthday.····· It's SO easy to remember.,
5ea285b82163,dialogue,1,You better not tell anybody I was here!,
265dcb9cff9f,dialogue,1,"You came.····· Great,·········· what do you want to do tonight?",
ccb282c7d0e3,dialogue,1,You can ask me anything you like...,
8b9c7edfc06e,dialogue,1,"You can organize your inventory,····· buy new gifts,····· upgrade your traits...····· It's awesome!",
e155d2f97922,dialogue,1,"You can tell me which season I like most,····· right?",
cf495b9afcd8,dialogue,1,You can usually find me in the self help section.,
4cce5f65fedc,dialogue,1,You can wipe that look off your face.····· You got lucky this time.,
ea3c5a3509f5,dialogue,1,You can't go wrong with the classic dinner and a movie.,
29c418abf36e,dialogue,1,You can't keep all that boob to yourself hun.····· It's not fair to the rest of the world.,
7f8bbcae8615,dialogue,1,"You can't possibly be serious,····· my dear...",
158575dae011,dialogue,1,"You could say I'm a little obsessed with this place, I guess.····· *hahahahaha*·····",
aeaf2668d3bb,dialogue,1,You could say I've been around the rink a few times in my day.····· I'll give you some tips.,
d384caa590cc,dialogue,1,"You could say that, or you could say I'm a coffee addict.",
9a59df444421,dialogue,1,You couldn't handle how many times I would do it.,
7dde462597db,dialogue,1,You didn't have to!,
d2db26c3502b,dialogue,1,"You do know what I do for money,····· don't you?",
b9242fd938b8,dialogue,1,"You do remember what my job is,····· yeah?",
173145c0ca62,dialogue,1,You earn affection by matching three or more of the circular tokens horizontally or vertically.,
5e6c50147ed9,dialogue,1,You ever stolen anything?,
a5cec2ad22ac,dialogue,1,You fuckin' moron!,
1fdb854d5ee9,dialogue,1,"You go ahead,·········· that's not really my type of thing.",
d6648f1b229a,dialogue,1,You go ahead.·········· I don't feel much like eating.,
78155933eff4,dialogue,1,You go past the building here··· and take a left at the fountain.····· You can't miss it.,
8bfa67311ebf,dialogue,1,"You got decent gifting skills,····· I'll give you that much.",
af45d5106f58,dialogue,1,You got this for me!?,
c2427392535c,dialogue,1,You got this!,
24cd2f0b2b23,dialogue,1,You gotta do something about that inventory.····· It's getting a little outta hand.,
b28ac3f30eff,dialogue,1,You hangin' in there pal?,
1f7afed309f9,dialogue,1,You have a pretty solid memory!,
8f2b9325c5a2,dialogue,1,You have exceptional dating abilities.,
3fe2ea4761f8,dialogue,1,You have got to be the coolest girl I know.,
697e77bf13bb,dialogue,1,You have got to be the coolest guy I know.,
08fd494a5d7b,dialogue,1,You have to feed me before you poison me.,
05973e9660ee,dialogue,1,You have to try one of the yoga classes they do here.,
0793f7ebc6a8,dialogue,1,You have your answer to that question already...,
2bddf35f7928,dialogue,1,You haven't even asked my name yet.····· I'm more than just a pretty face you know.,
125eb939f871,dialogue,1,"You haven't forgotten my birthday,····· have you?",
8361db9714a8,dialogue,1,You honestly don't remember asking me that before?,
0ad89a85835d,dialogue,1,You humans and your walking.,
81220ebeee41,dialogue,1,You jerk!,
685f076913c5,dialogue,1,You jerk!·········· I already told you;····· you don't remember?,
bb4c506a13d6,dialogue,1,"You just... You just...····· Yeah, that's what I thought.",
2527fecbda52,dialogue,1,You kidding? I'm about to do some right now.,
303c0be55b6e,dialogue,1,"You knew just what to get me, didn't you?",
6b7a836318e9,dialogue,1,"You know I know what you're up to,····· right?",
3436424e1ede,dialogue,1,You know the best part about a casino?····· Free·· drinks!········,
305ca45eaf7d,dialogue,1,You know what I'm kinda curious about?,
7dbb211652ca,dialogue,1,You know what I've been wondering...,
afcdc7823e2d,dialogue,1,You know what time it is?····· Quiz··· time!·····,
7e20381e6442,dialogue,1,You know what...····· you're right!······· I should just be secure in who I am.,
48dd51d74a4a,dialogue,1,You know what?····· Anything is funner than hanging around here.····· Let's go!,
85a1287510be,dialogue,1,You know you snore like a wild bear?··*hehehe*·······*hh*···,
a13c5da3cbcc,dialogue,1,You know you're not supposed to ask the same question twice.,
4087c6b57772,dialogue,1,"You know, the standard two to three days.",
04f70c357e83,dialogue,1,"You know,····· I've kinda been wondering...",
83a531c307e3,dialogue,1,"You know,····· the conservation of··· whatever-you-call-it.",
d08a0d252bdb,dialogue,1,You know... I kinda have a thing for cat girls...,
5e7af0e8ddb3,dialogue,1,"You know...····· I have to say,····· I might even be a little jealous.",
b342d210797e,dialogue,1,You look like you have something to say...,
8022557b0c10,dialogue,1,You look like you'd rather be anywhere else.,
af376723755d,dialogue,1,"You ma'am,··· have got yourself a date.",
527b6af65339,dialogue,1,You may have already asked me that...,
1eda4b41048d,dialogue,1,"You mean like ghosts? Nah, don't be silly.",
38db802bb3fc,dialogue,1,You mean like this?····· *ccaaaaaaacc*·····*ccaaaaaaacc*·····*hahahahahaha*,
acf0ae57266f,dialogue,1,You might have to reach back for this one...,
345107cbbfde,dialogue,1,You might want to rethink that one.,
87093744ad55,dialogue,1,"You must be new here.········ I don't think we've met before,··· right?.",
37ad8ce1940f,dialogue,1,You need Sentiment in order to use date gifts.,
f7a8de595758,dialogue,1,You need something?····· Spit it out.,
5265a8d5e3b6,dialogue,1,You need to turn around and walk away.,
8f0af60c7baa,dialogue,1,You never know what's out there. It's a pretty big universe.,
d38b1422334a,dialogue,1,You never know. I don't think we can rule it out.,
0c44d8fa22ac,dialogue,1,"You probably remember the level of school I've completed,····· right?",
15ac196f3686,dialogue,1,You really don't have to get me stuff...····· I mean I appreciate it.····· I just feel bad.,
aff7752daaa4,dialogue,1,You really don't seem like yourself today...,
fc7edb7667b8,dialogue,1,"You really like to give people things,····· don't you?",
396451c374b8,dialogue,1,You really need to address my hunger issue before we can proceed.,
c326cdd465b1,dialogue,1,You really want to go with me?··············· Alright...,
50264ba45a2a,dialogue,1,You remember my education level?,
7fcf417dde8c,dialogue,1,"You remember my last name,····· don't you?",
36108aa7e90e,dialogue,1,You remember what I told you when you asked where I worked?,
26628114e02a,dialogue,1,"You see,····· I've been hearing some very impressive reports from Kyu.",
87bb145c50dc,dialogue,1,"You see,····· this is why I don't really ""date""··· men...·····",
310a7595f6f9,dialogue,1,"You see,····· this is why I don't really ""date""··· women...·····",
5ac06ec3b7e4,dialogue,1,"You see,····· this is why I like you.····· You give me stuff.",
f2243e067b6f,dialogue,1,You seem like a cool girl.·········· Hopefully I'll see you around campus!,
31c0d69fffb9,dialogue,1,You seem like a cool guy.·········· Hopefully I'll see you around campus!,
584653e76068,dialogue,1,"You seem to have a bit of a problem,····· dear...",
e8a4f2e83464,dialogue,1,You should feel honored.·········· I only share that secret with people I like.,
2f203728e2ff,dialogue,1,You should see all the tail I'm chasing. It's crazy.,
cbec3733dcfe,dialogue,1,"You sir,··· have got yourself a date.",
e134aabda947,dialogue,1,You sly dog!,
249cd2b81d01,dialogue,1,"You stay away from all those younger girls out there,····· okay?",
5fa191b66100,dialogue,1,You strike me as an athletic type. You on a varsity team?,
25947f3aed7d,dialogue,1,You stupid jerk... I love it!,
07181028af14,dialogue,1,"You think?········ I hope·· so.·················· I don't know, I was having trouble with some of the material.",
44dbf6d2c6ef,dialogue,1,You too?·········· They all sound like a bunch of douchebags to me.,
895bf88893d3,dialogue,1,You trying to get me hammered or something?,
050b24d25dec,dialogue,1,You would really do better to remember these things...,
cb0f713ca605,dialogue,1,"You'll get this one, I'm sure.····· What do I do for work?",
79d8d0716a70,dialogue,1,You're a good person.·········· Not everybody would be so honest.,
4ac645a9d835,dialogue,1,You're about to experience a state of ecstasy like you've never...····· eveeer...····· felt before...,
5737c6b4d7e1,dialogue,1,You're going to have to think about this one...,
af4393a4a654,dialogue,1,You're good!,
994319ba2efb,dialogue,1,"You're just leaving,····· like that?····· Fine.",
43069bf90a39,dialogue,1,You're just like me!····· My future plans is what keeps me going every day.,
b874945cd814,dialogue,1,"You're leaving already?····· Awww,····· come see me tomorrow!",
044c8fbea8db,dialogue,1,You're like the sexiest thing I've ever laid eyes on.,
aa1b0d4df2db,dialogue,1,"You're not alone.····· I know it sounds crazy,····· but I've seen some straaaange shit at night.",
4b888cc3e460,dialogue,1,You're not as dumb as you look.,
605b1c11931a,dialogue,1,You're not going to make me go home all by myself are you?,
24b048dd63b2,dialogue,1,"You're not going to make me repeat myself,····· are you?",
91de6dc5efa5,dialogue,1,You're not hungry?·········· I gotta get something to eat.,
252e544c45f5,dialogue,1,"You're not terribly adept for this, are you?",
86915f181569,dialogue,1,"You're really going to offer··· that,········· to me?···········",
85bdf4d3ec40,dialogue,1,You're right.····· How would command ever find out?,
722df3eee156,dialogue,1,You're smarter than I thought.,
a634ea4891fd,dialogue,1,You're still out?,
67ce1c671e67,dialogue,1,You're still prowling around?,
9f76e1b6ec1b,dialogue,1,You're strategy is impeccable.······· I dare say I've learned a thing or two myself.,
1450c1dd8e46,dialogue,1,You're sure?·········· That's so kind of you!,
b6d99ed2c56b,dialogue,1,You're the best. Thanks for everything you taught me.,
b03ec697b856,dialogue,1,You're the sweetest...····· I'm speechless!,
b55fccf75152,dialogue,1,"You're very kind to me.····· I...····· well, I don't hate it.",
25583a15138d,dialogue,1,You're·· fuckin'·· loco*co*.·· This is how I always cut your nasty ass hair!,
7801daac1335,dialogue,1,You're·· such··· a moron.·········· I answered that question already.,
0e97848e3a73,dialogue,1,You've already asked me that question.,
c46380fc18c9,dialogue,1,You've got to be aggressive.····· That nice girl shit isn't gonna cut it.,
24264ef03ad7,dialogue,1,You've got to be aggressive.····· That nice guy shit isn't gonna cut it.,
40c789dc7b58,dialogue,1,You've got to be kidding me...,
7c16a6808655,dialogue,1,You've gotta love that fresh morning air.,
d3a5b46a2286,dialogue,1,"You, though...··· *cccmmccc*········Let's just say, you will be my greatest accomplishment yet.",
14a0a56dbacc,dialogue,1,You...····· want to go on a date?····· With me?·· *aaacc*·····,
e3412feb653a,dialogue,1,"You?·········· Naaah,······· what would you have to be insecure about?",
8efa7ca137ba,dialogue,1,Your friend has good taste. That bikini was destined for you.,
b6c176a3375a,dialogue,1,Your hands are mad sweaty. I'm not complaining.,
9b5c30950d3a,dialogue,1,Your planet really is a beautiful place...····· I almost don't want to leave.,
3b5d772e439e,dialogue,1,"You·· didn't think I was gonna be into that,····· right?",
4c7e8a6393bc,dialogue,1,You··· again...?,
378eb9f86e74,dialogue,1,Yummy!*eeeeeee*·····*hehehehehehehe*····· Nah wouldn't it be crazy if I was that kind of fairy though?,
6ab4b98e259a,dialogue,1,"Yup, take care.",
4705eea74e36,dialogue,1,^CF2F2F2FFComposer:  ^CB2B2B2FFWorld of Wandag,
d74255f29fef,dialogue,1,"^CF2F2F2FFDesigner, Programmer & Writer:  ^CB2B2B2FFRyan Koons",
305809d83e19,dialogue,1,"^CF2F2F2FFKyu:  ^CB2B2B2FFJaclyn ""Jack"" Hernandez
^CF2F2F2FFTiffany:  ^CB2B2B2FFLori Fischer
^CF2F2F2FFAiko:  ^CB2B2B2FFMarie Rhys
^CF2F2F2FFKyanna:  ^CB2B2B2FFHelene Daviau
^CF2F2F2FFAudrey:  ^CB2B2B2FFBrittany Lauda
^CF2F2F2FFLola:  ^CB2B2B2FFKira Buckland
^CF2F2F2FFNikki:  ^CB2B2B2FFSkyler Davenport
^CF2F2F2FFJessie:  ^CB2B2B2FFAmanda Berning
^CF2F2F2FFBeli:  ^CB2B2B2FFAmber Lee Connors
^CF2F2F2FF???:  ^CB2B2B2FFArden Jones
^CF2F2F2FF???:  ^CB2B2B2FFSarah Wiedenheft
^CF2F2F2FF???:  ^CB2B2B2FFTracey-Jane Lovely",
b26dc060f88a,dialogue,1,"^CF2F2F2FFLead Artist:  ^CB2B2B2FFRizky Prahesa ""Kopianget""
^CF2F2F2FFCG Artist:  ^CB2B2B2FFLaura Casulleras ""Ninamo""
^CF2F2F2FFGraphic Illustrator:  ^CB2B2B2FFAgata Wiejak
^CF2F2F2FFGraphic Illustrator:  ^CB2B2B2FFCihan Gelerli
^CF2F2F2FFPromo Artist:  ^CB2B2B2FFKaskia
^CF2F2F2FFPromo Artist:  ^CB2B2B2FFPinguin-Kotak",
de0017ded944,dialogue,1,accept,
7ccdd567f8ce,dialogue,1,aiko's panties,
4c220c83c911,dialogue,1,all panties,
fea3828fc998,dialogue,1,audrey's panties,
a255cdc61599,dialogue,1,beli's panties,
82c1b7486eb1,dialogue,1,botanical gardens,
9472a31c001e,dialogue,1,broken,
be2c0260b830,dialogue,1,carnival,
dcaacd8263f3,dialogue,1,casino,
5a967a57024b,dialogue,1,celeste's panties,
e3849aa966c1,dialogue,1,chain,
01c00c14ef61,dialogue,1,climax,
654c6aa1970f,dialogue,1,drunk,
ea2955380746,dialogue,1,early,
8f67d50a3149,dialogue,1,fancy restaurant,
7bae1707c62a,dialogue,1,first,
64eee1b7ef4b,dialogue,1,fourth,
569239140ccb,dialogue,1,full,
154eb94fa163,dialogue,1,hiking trail,
500de6f3d201,dialogue,1,hot springs,
262805a63c5a,dialogue,1,hungry,
7e2477393221,dialogue,1,ice rink,
367e4840797e,dialogue,1,inventory full,
12a9e906daa3,dialogue,1,is too hungry,
7984add50ec0,dialogue,1,jessie's panties,
a910242ff1a2,dialogue,1,kyanna's panties,
6605c8c88823,dialogue,1,kyu's panties,
245ede8e7a8c,dialogue,1,likes,
65ea4bc0737c,dialogue,1,likes gift type 1,
67de78ba4b59,dialogue,1,likes gift type 2,
e33fb5e6d882,dialogue,1,lola's panties,
8d0eced3424e,dialogue,1,market,
28a2db60259c,dialogue,1,momo's panties,
b96e10492fde,dialogue,1,nikki's panties,
519fc8b3b114,dialogue,1,outdoor lounge,
ba651b4c6580,dialogue,1,query duplicate,
ba811196b2ee,dialogue,1,query intro,
f0ba81c91c9d,dialogue,1,question bad choice 1,
4ecc49448eaa,dialogue,1,question bad choice 2,
7b39dfaa5917,dialogue,1,question bad choice 3,
4a6d181709ff,dialogue,1,question bad choice 4,
cd31968eb29c,dialogue,1,question bad choice 5,
654531f2d26f,dialogue,1,question bad choice 6,
b694093da66f,dialogue,1,question bad choice 7,
ed6dcc69bb1b,dialogue,1,question correct,
b6d49f5cc9db,dialogue,1,question incorrect,
d90601482719,dialogue,1,question intro,
13316ac95212,dialogue,1,quiz correct,
b350c9121452,dialogue,1,quiz incorrect,
03fdb0106b9d,dialogue,1,quiz intro,
f0800f9c93b1,dialogue,1,scenic overlook,
e6d4bb61e639,dialogue,1,second,
11f5fc85e4c3,dialogue,1,special,
a3a0d1d9ebb0,dialogue,1,tennis court,
4f4406cc5087,dialogue,1,third,
635f72224d39,dialogue,1,tiffany panties,
c44242e2417b,dialogue,1,tissue box,
a6b6d5c3620a,dialogue,1,unique,
c0ede2da94e8,dialogue,1,venus' panties,
99cf11df721a,dialogue,1,water park,
9123d92f7d47,dialogue,1,··*aaacc*·····Really!? Thank you! Thank you!,
dc3f3958a050,dialogue,1,··Bye bye!,
57cee6e2da5d,dialogue,1,··Excuses*excuseseseses*!·········· You know you're supposed to check in with me as soon as you hit the ground.,
ea1e43b4ad22,dialogue,1,··I'm feeling...····· dizzy.········ Did you do something to me?,
06bcec048e8d,dialogue,1,··Master I don't think you can do that right now...,
71cc37e4ce01,dialogue,1,··This is··· so exciting!··············· I hope I don't get too carried away...,
a55f419dbf3b,dialogue,1,··What did I do wrong?,
6ff7daa4f80c,dialogue,1,··Yea!··· Date time!,
796866569b76,dialogue,1,"···*aaaaaaaaaa*··········Ohh, sorry!········ There's just a lot of water here...",
e094208cb80e,dialogue,1,···*aaaaaaaaaaa*··········I'm pooped...··· Is it bed time yet?,
6312cca2e498,dialogue,1,···*aaaaaaaacccccc*·············Awwww is it morning already?·····,
cda07cd55303,dialogue,1,···*aaaacc*····· Excuse me...··*hehehehe*,
15cf9d562424,dialogue,1,···*aaaacc*·····My tummy hurts...,
dd6cd5c28e93,dialogue,1,···*aaaaccc*···Thanks!·····,
91c5b7098abd,dialogue,1,···*aaacc*·····What?····· WHAT!?············ I can't believe it!·· For real?,
fe0e857cf18b,dialogue,1,···*hahahaha*·····It's really pretty!,
80784e24b628,dialogue,1,"···*haha···cmcm*·····You silly,····· you already asked me that before!",
b788c49672e1,dialogue,1,···*hehehehe*·····Yeah!,
86ced9efa4d3,dialogue,1,"···A date with my master?···· Yes, of course!",
4fd2f5693192,dialogue,1,···Am I asupposta have this?,
2c10a77bf7c8,dialogue,1,···Awesome!····· They have all my favorites here!,
8a50ea9a9771,dialogue,1,"···Awww,····· you'll do it next time! I believe in you!",
6bf608dc2cc3,dialogue,1,"···Awwww,····· did you come to see me? Hmm? Hmm?",
038085e486b5,dialogue,1,···Awwwww!····· You spoil me too much!,
6ac803ccf40d,dialogue,1,"···Awwwwww,····· come and see me later okay?",
2d565ff62368,dialogue,1,···Awwwwwww...····· but how come you forgot?,
1013d5fe0a73,dialogue,1,···Bleh!,
001658048ae1,dialogue,1,···Byyyeee...····· I'll be dreaming of you!·····*hahahaha*,
5c9d84265c69,dialogue,1,"···Can I really have it?····· Can I, can I?",
14d830a18726,dialogue,1,···Dating is really fun!········ I can't wait to go out again.,
15d6c3d9d89a,dialogue,1,···Delicious!,
569acd037ee0,dialogue,1,···Do you know about how much of their lives cats spend grooming?··· Huh?,
3dc365726f9e,dialogue,1,···Do you know how long indoor cats usually live for about?,
2d190cbd82d5,dialogue,1,···Do you know what kind of taste kitties don't have?,
43303978df41,dialogue,1,···Do you remember what my last name is?,
abe5fde78a73,dialogue,1,"···Ewww,····· that smells funny.",
70890976c8ff,dialogue,1,···Excellent!···,
6601c62936c0,dialogue,1,···Good Evening!,
b362af604646,dialogue,1,···Good morning!····· I hope you slept well.,
2b130e00b527,dialogue,1,···Good morning...····· I like seeing your face when I wake up.,
c01e9c77d28c,dialogue,1,···Goodbye!·····,
812f2271f69b,dialogue,1,···Heeey!····· That's not very nice!,
d34fe718fe7b,dialogue,1,"···Heeey, this is pretty tasty!",
b80a6ae19370,dialogue,1,···Hello!,
94fc500a72ba,dialogue,1,···Hey sleepy head!·· Get out of bed!·····,
619fc7ac54e2,dialogue,1,···Hi hi!,
5efe33fbeb8e,dialogue,1,···Hi!····· I missed you today!,
d3e16bb929df,dialogue,1,···How are you?····· I hope you had a good day today!,
de3118788a00,dialogue,1,···How many feet and inches tall am I?,
a774e449b7bb,dialogue,1,···How many pounds do I weigh?····· If you remember...,
df0293aff159,dialogue,1,···How old am I?······· You didn't forget did you?,
ce94ab723869,dialogue,1,···I don't think I can eat anymore...,
dd2f4b5f1337,dialogue,1,···I don't want that. I want some fooooooood!·······,
3769617968f3,dialogue,1,···I feel really warm inside...····· like I wanna hug you a whole lot...,
83372582550d,dialogue,1,"···I know more about cats than you!····· See,··· I'll show you...",
31dd3f878b4e,dialogue,1,···I know!····· I'll ask you a question about me.,
610562b1c5d9,dialogue,1,···I think I know what to do.············ I saw pictures in those books you have under your bed...,
59e0d6b7e0d4,dialogue,1,···I think that juice is making me sleepy...,
99d65b5cb212,dialogue,1,···I wanna know how much you remember about me!,
547af410424c,dialogue,1,···I'll teach you about kitties!····· Mmkay?,
64932e33f054,dialogue,1,···I'm booorred!····· Ask me a question!,
f63ab3c2530f,dialogue,1,···I'm confused...····· I thought you said dating was fun?,
0986a2874f24,dialogue,1,···I'm gonna have the bestest fish tank in the whole world!,
e90607987c0a,dialogue,1,"···I'm not thirsty,· I'm hungry!",
e3e9b10ff801,dialogue,1,···Is there anything I can do for you master?,
634410621198,dialogue,1,···It's good to see you master!,
98d3e9186434,dialogue,1,···It's like our own··· private oasis!··············· I'm glad to be here with you...,
58699958fcb5,dialogue,1,···It's so pretty up here!····· Thanks for taking me here.,
55593ca3973f,dialogue,1,···It's super duper good!,
bb819bcbad21,dialogue,1,···It's the perfectest gift ever!····· How'd you know?,
75ebaf2228fa,dialogue,1,···Kay.····· Have a super good day!,
c0f5af6f94b4,dialogue,1,···Kisses!·····*aacc*,
13e134abaa2d,dialogue,1,"···Kitties can't eat that,·· you silly!",
f82beadd788e,dialogue,1,···Let's go back home.····· I have a surprise I wanna show you...,
e7e37372b053,dialogue,1,···Let's go!····· I'll lead the way!,
cb93bf4bbfd0,dialogue,1,···Let's play the question game!··· It's really fun!···,
8cd7040ea929,dialogue,1,···Let's see how much you know about kitties!,
4f0ff3f17f1d,dialogue,1,···Make sure my ears don't get wet;····· it really freaks me out.,
5027303d18cb,dialogue,1,···Master how come there's two of you...,
ca14487427cf,dialogue,1,···Master you need to brush up on your cat knowledge.,
8704f8c1b0a1,dialogue,1,···Master!·· Why!?,
8010696be619,dialogue,1,"···Master!··· You silly,·· that's not the answer!",
15c50914b443,dialogue,1,"···Master,··· are you playing a trick on me? That's not very nice!···",
d292d988425b,dialogue,1,"···Master,··· you make me so happy all the time.····· I want to make you happy too...",
1a6735ac403d,dialogue,1,"···Master,·········· I'm so happy when you spend time with me...",
4cdd73591ce0,dialogue,1,···Master...·· *III*I... uhhh...····· you can take me home now...,
0fb06f987f8d,dialogue,1,···Master...····· my bottom is getting all sticky...,
aa9f73c74b08,dialogue,1,···Mmhm!·········· What are we waiting for?···,
20af484325bb,dialogue,1,"···Mmmhmm!····· Yep, yep, yep!",
91a5813ceaf5,dialogue,1,···Mmmhmm!·····*cmcm*,
eabf2e9362e2,dialogue,1,···Mmmmm...····· okaaaay...····· miss you!,
fdc89819ea11,dialogue,1,···Mmmmm...·········· I wonder what I should do today...,
bd99de9a8105,dialogue,1,···Mmmmm...············ I'm not really sure what to do with that.,
f6a9994cb203,dialogue,1,···Mmmmm...············ I'm so happy to be here with you master...,
b35aed2ce4fa,dialogue,1,···Mmm·····kaaay...····· Now I have to figure out what I'm gonna tonight...,
283972da9485,dialogue,1,···Morning!···*hahahaha*,
25312f0e27b7,dialogue,1,···Night night!·····,
64a5c355c4f5,dialogue,1,"···Noooo,····· feed me first!",
3232ac8ce1b1,dialogue,1,···Nooooo··· silly!·········· Don't you know anything about kitties?,
0b50d73f4d20,dialogue,1,···Oh my man!····· Yes!····· I love these!,
6e43d778dec6,dialogue,1,···Oh! I'm glad you're here master!,
5cfa7a428fd4,dialogue,1,"···Oh,····· uhhh...····· did you mean that for someone else?",
7e826c749ac6,dialogue,1,"···Ohh,··············· what was it?····· Mmmm...····· Oh!··· Oh!····· What's a group of cats called?",
3ec386aba919,dialogue,1,···Okay!····· Come on! I'll race you there!,
c0dd08b4839e,dialogue,1,···Oookaay!············· What do you wanna talk about?··· Hmm?,
dc623588a032,dialogue,1,···Ooooo!·········· I want dessert first!····· And second!····· And third!,
3fe2cb30bd97,dialogue,1,···Ooooouuuu...,
18c34dcfb38c,dialogue,1,···Ready for a kitty question?,
e716faf8b60b,dialogue,1,···Really?······· Thank you!········ What did I do to deserve it?,
2c80412db68b,dialogue,1,···See ya later alligator!,
dfe9e2516f85,dialogue,1,···Should I go?····· Do you not want me here?,
2c774e8dfad2,dialogue,1,···Sleep tight!····· Don't let the bed bugs bite!···,
b9b8f98b23a7,dialogue,1,···Sure!····· If you say it's okay.,
43bc80d09c85,dialogue,1,"···Take care, okay?",
efae2ac2b544,dialogue,1,···Thank you for treating me out master!,
49b29dd3ebe9,dialogue,1,···Thank you soooooo much master!,
66189853f1c5,dialogue,1,···Thank you thank you!,
3572c23826ee,dialogue,1,···Thanks for feeding me!,
a33e7bfb99a6,dialogue,1,···That was the bestestest!,
ea53653080e7,dialogue,1,···That's boring...····· I already answered that one!,
cab08ca50a1a,dialogue,1,···That's cheating!····· You can only ask a question one time.,
200320501f99,dialogue,1,"···That's okay, you keep it!",
95e0d67622f2,dialogue,1,···This make me feel funny...,
b20a075c9cb0,dialogue,1,···Time for a kitty quiz!,
84fe445de47b,dialogue,1,"···Ugghhh,······· I don't feel very good...",
a33961e46682,dialogue,1,···Uhhh...····· How long is a cat pregnant before it has a baby kitty?,
4a872062097a,dialogue,1,"···Uhhhh,· what's my...····· What do you call it again?····· Cup...··· yeah!··· Cup size!·····",
5a32132ee609,dialogue,1,···Uhhhh...········ can you help me put my skates on?,
827dc410e397,dialogue,1,"···Ummmm,·········· remember when you asked where I came from?····· Do you remember what I said?",
0dccc642d05b,dialogue,1,···Ummmm...········ How long does a cat spend sleeping in one day?,
3c6fb1fca9dc,dialogue,1,···Veggies are sooo tasty!,
747462b2761f,dialogue,1,···Waaaiit...············ I don't get it...············· Why aren't you supposed to chase the ball again?,
1d23957b49f0,dialogue,1,···Wait...····· is that right?····· No... I don't think so.,
0e15329c07c8,dialogue,1,···What a treat!,
9075429511e1,dialogue,1,···What activity do I like to do a whole lot?,
42cf47113903,dialogue,1,···What did that man mean when he asked for my I.D.?,
cfaa05616528,dialogue,1,···What do you call a group of tiny baby kittens?,
c93a99613393,dialogue,1,···What does it mean when a kitty has her tail under her body?,
705aec2403a3,dialogue,1,···What is it?····· Do you drink it?,
9a3e78e95f1a,dialogue,1,"···What kinda aminal has more teeth,····· a kitty or a doggy?",
12c9aa56300a,dialogue,1,···What place do I loooooove to go play at?,
a0b40b012f37,dialogue,1,···What was my answer when you asked where I work at?,
d52118199d13,dialogue,1,···What's a kitty doing when it's trilling?,
d6e742265764,dialogue,1,···What's another name for a female kitty?,
7e9ea6e0f9d4,dialogue,1,···What's it mean when a cat is called feral?,
04ef548300c5,dialogue,1,···What's my most bestest favoritest color in the whole world?,
da3d9459d0ef,dialogue,1,"···What's that phrase?··········· Oh, yeah.············· You really need to work on your game, master.",
370dbbf406de,dialogue,1,···What's the scientifical name for a kitty?,
8c54b88e4883,dialogue,1,···What...··· uhhh...····· What was I gonna ask?····· Oh!··· Yeah!····· What season do I like?,
73fd091eef07,dialogue,1,···What?····· You didn't forget did you master!?,
f7bb8c577976,dialogue,1,"···What?············· Awww, but, but... how come?",
4dd18a96da11,dialogue,1,···Which one of these is NOT a breed of cat?,
33b2e9564291,dialogue,1,···Whoooa I feel fuzzy...,
4f293ac90992,dialogue,1,···Wooooow!······· Look at all these flowers!,
4e000b2479a2,dialogue,1,···Wooow!····· You're really good at cats!,
4e67eaf0bb04,dialogue,1,···Wow!····· You are really really really good at this!,
d502cfec6963,dialogue,1,···Yaaay!····· I wanna play the fishy game!····· Come on!,
fdf7a3b1b488,dialogue,1,···Yaay!···· Can we go right now? Pleeease?·····,
3e24cb46118d,dialogue,1,···Yay!····· I love fishies!,
c56d4ca63f0f,dialogue,1,···Yea!····· You remembered it!,
3a3b51ccc8ac,dialogue,1,···Yeah that's it!····· How'd you know?,
d60d23aafd1c,dialogue,1,···Yeesss!······· I can run around here all I want!,
972c6ffc21a3,dialogue,1,···Yessss!····· You got it!,
2de3a75fb1c8,dialogue,1,"···You didn't forget my birthday,·· did you?",
efdd2f84c8d8,dialogue,1,···You didn't have to do that for me!,
4798c9eb6e85,dialogue,1,···You're the bestest!,
5cb091461b37,dialogue,1,···Yummy!,
7efd4d98b3bb,dialogue,1,"·····Absolutely.············· Unfortunately,······· my daughter doesn't really speak to me anymore...····· What are you gonna do?",
a2d9611bfa64,dialogue,1,·····It appears your inventory has too many things in it.····· Anything you can part with?,
46e94c7a5592,dialogue,1,·····This is good.····· With all the colors and lights I'll really blend in.,
ca2893c05a12,dialogue,1,·····This is romantic as shit.··············· Are you trying to seduce me?,
53a02f74bd21,dialogue,1,"·····Ughhh,····· I think my allergies are starting to act up.",
16f35ebb1644,dialogue,1,·····Wait!····· I just got a idea!,
d6043b4f400d,dialogue,1,·····Wonderful!·····,
9dc422369734,dialogue,1,·····Yay!,
6d5b591eb8a7,dialogue,1,·····Yeessss!····· Thank you!····· I'll love them forever and ever!,
6a27fc40ce9a,dialogue,1,·····You can be my master!·········· You're super duper nice!·········· You'll take good care of me.·· Yeah?,
b8c0ede80bf0,dialogue,1,········*aacc*···Pathetic!,
c81e36728c82,dialogue,1,"··········*hahahaha*·····*haha*···Oh my god,····· I hope you're not serious!",
9cd3b87ce999,dialogue,1,··········Ummmmm...·· we can...····· hang out some more...····· or whatever.,
ed6ae4406ddf,dialogue,1,··················Good to see you...,
875f4c3e3d5e,item,1,+1 [[Move]joy] for every 2 [[Broken Heart]broken] tokens on the grid.,
d19095413c62,item,1,+1 [[Move]joy] for every 2 [[Joy]joy] tokens on the grid.,
5c381211822e,item,1,+1 [[Move]joy] for every 4-of-a-kind (or more) Affection token match for the remainder of the date.,
7126a772243b,item,1,+1 [[Passion]heart] Level for every 2 [[Broken Heart]broken] tokens on the grid.,
eafb0d782381,item,1,+1 [[Sentiment]sentiment] for every [[Passion]heart] token match made for the remainder of the date.,
744bf5b26e1f,item,1,+2% of total Affection goal for every [[Broken Heart]broken] token on the grid.,
e1db5d3aa975,item,1,+3 [[Sentiment]sentiment] for every 4-of-a-kind (or more) Affection token match for the remainder of the date.,
5d7ea2076cde,item,1,A classic cocktail made from gin and garnished with an olive.,
47e29cf7bb47,item,1,A classic confectionary treat for the child in all of us.,
719676dcfd27,item,1,A classic light beer; just to get loosened up a little bit.,
daa25b750560,item,1,A cool gift for a girl who doesn't mind getting a little wet.,
b29d80b67d40,item,1,A cool gift for a girl who likes to let loose and have fun.,
308182077ca6,item,1,A cool gift for a girl who likes to move it to the music.,
0b466c227d10,item,1,A cool gift for a girl who tries to stay in shape.,
1d29a25decca,item,1,A cool gift for a girl who's young at heart.,
cc6e6565a71b,item,1,A cool gift for a girl with a competitive streak.,
561072e47d57,item,1,A excellent gift for a girl with an aquatic pet preference.,
c011715154a7,item,1,A fabulous gift for a girl who isn't afraid to get her hands dirty.,
72012a1e679d,item,1,A fabulous gift for a girl who likes it hot and sweaty.,
f5cbfd8acf5e,item,1,A fabulous gift for a girl who's academically inclined.,
7e58027ce8f8,item,1,A fabulous gift for a girl who's artistically talented.,
097361d502ce,item,1,A fabulous gift for a girl with an affinity for the culinary arts.,
24f1ce8966c5,item,1,A fancy sparkling wine that's usually reserved for special occasions.,
072a57d64a46,item,1,A fantastic gift for a girl who doesn't mind getting a little wet.,
b7c141ec6c07,item,1,A fantastic gift for a girl who likes to let loose and have fun.,
37e8bb396f07,item,1,A fantastic gift for a girl who likes to move it to the music.,
813ab1b93895,item,1,A fantastic gift for a girl who tries to stay in shape.,
7a57d2a23557,item,1,A fantastic gift for a girl who's young at heart.,
8a2ac636f52b,item,1,A fantastic gift for a girl with a competitive streak.,
a82118b5aa53,item,1,A fine gift for a girl who isn't afraid to get her hands dirty.,
777f7be9926f,item,1,A fine gift for a girl who likes it hot and sweaty.,
2bab4c539efe,item,1,A fine gift for a girl who's academically inclined.,
5f974e7d6341,item,1,A fine gift for a girl who's artistically talented.,
7431fac6ead7,item,1,A fine gift for a girl with an affinity for the culinary arts.,
39355734b381,item,1,A fine gift for a girl with an aquatic pet preference.,
f9720605d49e,item,1,A flavorful chewing gum that can be blown into bubbles.,
efbf7ba27353,item,1,A fluffy stack of pancakes covered in butter and syrup.,
7f7d221523f4,item,1,A fried hotdog on a stick that can only be eaten in intense guilt.,
82f1ae5664f6,item,1,A greasy bag of heavily salted fries that nobody can stop eating.,
a3ff40e36c34,item,1,A great gift for a girl who doesn't mind getting a little wet.,
3040a06c9a6c,item,1,A great gift for a girl who likes to let loose and have fun.,
4fcbfc306ec6,item,1,A great gift for a girl who likes to move it to the music.,
3be00e001b85,item,1,A great gift for a girl who tries to stay in shape.,
9ef71c24e82d,item,1,A great gift for a girl who's young at heart.,
c693132fc080,item,1,A great gift for a girl with a competitive streak.,
669eec4e4950,item,1,"A grilled beef patty with cheese, lettuce and tomato on two toasted buns.",
94fff734c41d,item,1,"A huge, hand made multi-layer cake covered with frosting.",
fc762ac2ab68,item,1,A large bag of fresh popcorn loaded with butter and salt.,
623083e7570b,item,1,A magnificent gift for a girl who isn't afraid to get her hands dirty.,
473bf2e2e30f,item,1,A magnificent gift for a girl who likes it hot and sweaty.,
13c08f73f29d,item,1,A magnificent gift for a girl who's academically inclined.,
819be34b4da1,item,1,A magnificent gift for a girl who's artistically talented.,
dac9fecc20ad,item,1,A magnificent gift for a girl with an affinity for the culinary arts.,
4d4798852566,item,1,A magnificent gift for a girl with an aquatic pet preference.,
f66a6e5d22b2,item,1,A marvelous gift for a girl who isn't afraid to get her hands dirty.,
7d0a38f13697,item,1,A marvelous gift for a girl who likes it hot and sweaty.,
0e8e8869a92b,item,1,A marvelous gift for a girl who's academically inclined.,
6cad18898b26,item,1,A marvelous gift for a girl who's artistically talented.,
186fe65bd34d,item,1,A marvelous gift for a girl with an affinity for the culinary arts.,
9554f755f29a,item,1,A marvelous gift for a girl with an aquatic pet preference.,
477260837829,item,1,A mass of fluffy spun sugar that melts as soon as it hits the tongue.,
e2b211c85c8f,item,1,A mixed drink of tequila mixed with sugar and citrus lime juice.,
a55fd7031df1,item,1,A mixed slushie-like drink with a kick of strawberry flavor.,
e444e3ba34f4,item,1,A one-of-a-kind gift for a cat lady. Earn an additional +50% [[Hunie]hunie] while talking with her.,
61e9369488bf,item,1,A one-of-a-kind gift for a cheerleader. Earn an additional +50% [[Hunie]hunie] while talking with her.,
8daa421d5d4a,item,1,A one-of-a-kind gift for a goddess. Earn an additional +50% [[Hunie]hunie] while talking with her.,
d729c10b580c,item,1,A one-of-a-kind gift for a japanese woman. Earn an additional +50% [[Hunie]hunie] while talking with her.,
cfa209308844,item,1,A one-of-a-kind gift for a latina. Earn an additional +50% [[Hunie]hunie] while talking with her.,
7123aca67f1e,item,1,A one-of-a-kind gift for a mature woman. Earn an additional +50% [[Hunie]hunie] while talking with her.,
ad5254922371,item,1,A one-of-a-kind gift for a nerdy girl. Earn an additional +50% [[Hunie]hunie] while talking with her.,
248231228466,item,1,A one-of-a-kind gift for a nymphomaniac. Earn an additional +50% [[Hunie]hunie] while talking with her.,
2c8399564508,item,1,A one-of-a-kind gift for a party girl. Earn an additional +50% [[Hunie]hunie] while talking with her.,
9175bea20b74,item,1,A one-of-a-kind gift for a spiritual girl. Earn an additional +50% [[Hunie]hunie] while talking with her.,
1cce821e69e0,item,1,A one-of-a-kind gift for an extraterrestrial. Earn an additional +50% [[Hunie]hunie] while talking with her.,
6699f13690d4,item,1,A one-of-a-kind gift for an independant woman. Earn an additional +50% [[Hunie]hunie] while talking with her.,
6f5a6297f458,item,1,"A rum based drink mixed with sugar, club soda and mint leaves.",
a13f0ebfbb6a,item,1,A slice of piping hot pizza with all the toppings.,
d4a4b324326b,item,1,A sour vodka drink thats mixed with lemon juice and sugar.,
54151e82de5d,item,1,"A special cocktail made with rum, pineapple juice and coconut.",
fae300195cf2,item,1,A special gift for a cat lady. Earn an additional +50% [[Hunie]hunie] while talking with her.,
b6afb05285c9,item,1,A special gift for a cheerleader. Earn an additional +50% [[Hunie]hunie] while talking with her.,
903ad8008b8e,item,1,A special gift for a goddess. Earn an additional +50% [[Hunie]hunie] while talking with her.,
7fe02e8b9dfc,item,1,A special gift for a japanese woman. Earn an additional +50% [[Hunie]hunie] while talking with her.,
7f2d33d92265,item,1,A special gift for a latina. Earn an additional +50% [[Hunie]hunie] while talking with her.,
e39142814fee,item,1,A special gift for a mature woman. Earn an additional +50% [[Hunie]hunie] while talking with her.,
f95eeb61be53,item,1,A special gift for a nerdy girl. Earn an additional +50% [[Hunie]hunie] while talking with her.,
6617ce64033c,item,1,A special gift for a nymphomaniac. Earn an additional +50% [[Hunie]hunie] while talking with her.,
f8b5283f9f8f,item,1,A special gift for a party girl. Earn an additional +50% [[Hunie]hunie] while talking with her.,
7b1bde4bf33f,item,1,A special gift for a spiritual girl. Earn an additional +50% [[Hunie]hunie] while talking with her.,
2e7669f358dd,item,1,A special gift for an extraterrestrial. Earn an additional +50% [[Hunie]hunie] while talking with her.,
5ddf87905152,item,1,A special gift for an independant woman. Earn an additional +50% [[Hunie]hunie] while talking with her.,
f10282dae7d5,item,1,A spectacular gift for a girl who doesn't mind getting a little wet.,
d17fcc22ceb8,item,1,A spectacular gift for a girl who likes to let loose and have fun.,
68b03cba4f64,item,1,A spectacular gift for a girl who likes to move it to the music.,
ca3c0ab98825,item,1,A spectacular gift for a girl who tries to stay in shape.,
80215ecefb89,item,1,A spectacular gift for a girl who's young at heart.,
7eefc55c3f5d,item,1,A spectacular gift for a girl with a competitive streak.,
550f7578c648,item,1,A strange device that appears to have sand stuck inside of it...,
f2fb587a8cdb,item,1,A sweet bubbly beverage thats mostly water and corn syrup.,
ac451932daf8,item,1,"A sweet drink made with lime juice, cranberries and crushed ice.",
0b1222a0f4a9,item,1,"A tangy fruit pie with kiwi, berries and a flakey crust.",
e01a4745c666,item,1,A thick slice of seasonal pumpkin pie with a dollop of cream.,
313a45bc2941,item,1,A unique gift for a cat lady. Earn an additional +50% [[Hunie]hunie] while talking with her.,
328a4cca4ee6,item,1,A unique gift for a cheerleader. Earn an additional +50% [[Hunie]hunie] while talking with her.,
2586283bf739,item,1,A unique gift for a goddess. Earn an additional +50% [[Hunie]hunie] while talking with her.,
85b9a76d5e86,item,1,A unique gift for a japanese woman. Earn an additional +50% [[Hunie]hunie] while talking with her.,
b83132220562,item,1,A unique gift for a latina. Earn an additional +50% [[Hunie]hunie] while talking with her.,
e322b0f45f84,item,1,A unique gift for a mature woman. Earn an additional +50% [[Hunie]hunie] while talking with her.,
949ec6d62fc8,item,1,A unique gift for a nerdy girl. Earn an additional +50% [[Hunie]hunie] while talking with her.,
b5c40df5e356,item,1,A unique gift for a nymphomaniac. Earn an additional +50% [[Hunie]hunie] while talking with her.,
bfea4a9d29ec,item,1,A unique gift for a party girl. Earn an additional +50% [[Hunie]hunie] while talking with her.,
0974fd10dff6,item,1,A unique gift for a spiritual girl. Earn an additional +50% [[Hunie]hunie] while talking with her.,
860d00c50cf5,item,1,A unique gift for an extraterrestrial. Earn an additional +50% [[Hunie]hunie] while talking with her.,
527e7d4e5b4e,item,1,A unique gift for an independant woman. Earn an additional +50% [[Hunie]hunie] while talking with her.,
4b80bd998a66,item,1,A variety pack of adorably delicious mini cupcakes.,
a07f1d9b71cf,item,1,A western style cheese omelette with sausage and peppers.,
bbe3d5376159,item,1,A wonderful gift for a girl who doesn't mind getting a little wet.,
86fb592b1be0,item,1,A wonderful gift for a girl who likes to let loose and have fun.,
0370acc4d6fd,item,1,A wonderful gift for a girl who likes to move it to the music.,
9a3998a6ebc9,item,1,A wonderful gift for a girl who tries to stay in shape.,
e8b4af4d117a,item,1,A wonderful gift for a girl who's young at heart.,
4047d9445328,item,1,A wonderful gift for a girl with a competitive streak.,
a2fd01333ae1,item,1,An alcoholic beverage from Japan made from fermented rice.,
408bed110466,item,1,"An assortment of soft, chewy, mouth watering cookies.",
1476e321ade5,item,1,An assortment of sweet jelly candies in various fruity flavors.,
bdcd7b36c3e7,item,1,An awesome gift for a girl who doesn't mind getting a little wet.,
f5913b7e4298,item,1,An awesome gift for a girl who likes to let loose and have fun.,
cfda2a22d7fa,item,1,An awesome gift for a girl who likes to move it to the music.,
3e02dd7cb4d4,item,1,An awesome gift for a girl who tries to stay in shape.,
61ca977bc3d9,item,1,An awesome gift for a girl who's young at heart.,
d92fbbe7b94a,item,1,An awesome gift for a girl with a competitive streak.,
05745df54e4c,item,1,An excellent gift for a girl who isn't afraid to get her hands dirty.,
f91238e47907,item,1,An excellent gift for a girl who likes it hot and sweaty.,
b906a58fdb5d,item,1,An excellent gift for a girl who's academically inclined.,
144ff1de7629,item,1,An excellent gift for a girl who's artistically talented.,
1efaec112da9,item,1,An excellent gift for a girl with an affinity for the culinary arts.,
af44c9755807,item,1,An exceptional gift for a cat lady. Earn an additional +50% [[Hunie]hunie] while talking with her.,
5e536ce6cc93,item,1,An exceptional gift for a cheerleader. Earn an additional +50% [[Hunie]hunie] while talking with her.,
80055c59c40b,item,1,An exceptional gift for a goddess. Earn an additional +50% [[Hunie]hunie] while talking with her.,
d3ba5b43a93f,item,1,An exceptional gift for a japanese woman. Earn an additional +50% [[Hunie]hunie] while talking with her.,
42bb9c27d719,item,1,An exceptional gift for a latina. Earn an additional +50% [[Hunie]hunie] while talking with her.,
9d4278c1329b,item,1,An exceptional gift for a mature woman. Earn an additional +50% [[Hunie]hunie] while talking with her.,
91bea6fda428,item,1,An exceptional gift for a nerdy girl. Earn an additional +50% [[Hunie]hunie] while talking with her.,
dbe29fc1fb28,item,1,An exceptional gift for a nymphomaniac. Earn an additional +50% [[Hunie]hunie] while talking with her.,
cb7cd03a29c2,item,1,An exceptional gift for a party girl. Earn an additional +50% [[Hunie]hunie] while talking with her.,
a487b0430f40,item,1,An exceptional gift for a spiritual girl. Earn an additional +50% [[Hunie]hunie] while talking with her.,
ec961e4fd92d,item,1,An exceptional gift for an extraterrestrial. Earn an additional +50% [[Hunie]hunie] while talking with her.,
2ca683819512,item,1,An exceptional gift for an independant woman. Earn an additional +50% [[Hunie]hunie] while talking with her.,
609c774103ac,item,1,An exclusive gift for a cat lady. Earn an additional +50% [[Hunie]hunie] while talking with her.,
d8b8eb67b723,item,1,An exclusive gift for a cheerleader. Earn an additional +50% [[Hunie]hunie] while talking with her.,
7b04f0fb3493,item,1,An exclusive gift for a goddess. Earn an additional +50% [[Hunie]hunie] while talking with her.,
eeb86633cd94,item,1,An exclusive gift for a japanese woman. Earn an additional +50% [[Hunie]hunie] while talking with her.,
81e7cf31c19d,item,1,An exclusive gift for a latina. Earn an additional +50% [[Hunie]hunie] while talking with her.,
6d3baecac581,item,1,An exclusive gift for a mature woman. Earn an additional +50% [[Hunie]hunie] while talking with her.,
5a1446028e69,item,1,An exclusive gift for a nerdy girl. Earn an additional +50% [[Hunie]hunie] while talking with her.,
1eb7a41ad1cc,item,1,An exclusive gift for a nymphomaniac. Earn an additional +50% [[Hunie]hunie] while talking with her.,
b8717180e4dd,item,1,An exclusive gift for a party girl. Earn an additional +50% [[Hunie]hunie] while talking with her.,
b2ebe9caa62a,item,1,An exclusive gift for a spiritual girl. Earn an additional +50% [[Hunie]hunie] while talking with her.,
4c1c1e81be53,item,1,An exclusive gift for an extraterrestrial. Earn an additional +50% [[Hunie]hunie] while talking with her.,
b5a6178a2742,item,1,An exclusive gift for an independant woman. Earn an additional +50% [[Hunie]hunie] while talking with her.,
a0e911f8f92a,item,1,An fabulous gift for a girl with an aquatic pet preference.,
faa9b14abfbf,item,1,An ice cream sundae oozing with fudge and a cherry on top.,
28f30c513c1c,item,1,An outstanding gift for a girl who isn't afraid to get her hands dirty.,
a1bc5abce169,item,1,An outstanding gift for a girl who likes it hot and sweaty.,
19866a452eba,item,1,An outstanding gift for a girl who's academically inclined.,
8340d89acb59,item,1,An outstanding gift for a girl who's artistically talented.,
0ce3d51ff0d8,item,1,An outstanding gift for a girl with an affinity for the culinary arts.,
12713d511500,item,1,An outstanding gift for a girl with an aquatic pet preference.,
30902750e305,item,1,Because it's not socially acceptable to eat donuts for breakfast.,
dedf009e75cb,item,1,Consume 10 random tokens on the grid. [[Broken Heart]broken] and [[Joy]joy] tokens excluded.,
2209ec3b7dc5,item,1,Consume a select 3x3 square of tokens. [[Broken Heart]broken] tokens excluded.,
e0fec3d25393,item,1,Consume a select column of tokens. [[Broken Heart]broken] tokens excluded.,
b098d6035de6,item,1,Consume a select row of tokens. [[Broken Heart]broken] tokens excluded.,
a4eda95036c1,item,1,Consume all [[Flirtation]flirtation] tokens on the grid.,
524dc58e4cb5,item,1,"Consume all [[Joy]joy] tokens on the grid, earning +1 [[Move]joy] for every token consumed after the first 2.",
3b8bbde6ab1f,item,1,Consume all [[Passion]heart] tokens on the grid.,
2d9407c1ce47,item,1,Consume all [[Romance]romance] tokens on the grid.,
175fb14449bf,item,1,Consume all [[Sexuality]sexuality] tokens on the grid.,
10f4a336ae5d,item,1,Consume all [[Talent]talent] tokens on the grid.,
a2762efac230,item,1,Consume all the power tokens on the grid.,
c2c2ef32de60,item,1,Convert all [[Broken Heart]broken] tokens into [[Joy]joy] tokens.,
e5d4111f698a,item,1,Convert all [[Broken Heart]broken] tokens into [[Passion]heart] tokens.,
65be2375a2ee,item,1,Convert all [[Broken Heart]broken] tokens into [[Sentiment]sentiment] tokens.,
07747463a015,item,1,Dark roasted with a dash of milk; the perfect morning pick-me-up.,
d46c395bc18a,item,1,Doubles the current [[Passion]heart] Level.,
2585d40cb65a,item,1,Drains your [[Sentiment]sentiment] and gives +1% of total Affection goal for each 1 [[Sentiment]sentiment] drained.,
9fdf31f82be8,item,1,Drops the [[Passion]heart] Level back to zero and gives +2% of total Affection goal for each [[Passion]heart] stage lost.,
797414dbb55b,item,1,Fresh squeezed and packed full of vitamin C.,
07e2b23be6e6,item,1,"Give this to a girl and you'll earn double Affection, [[Passion]heart], [[Moves]joy] and [[Sentiment]sentiment] during dates. In addition, matching [[Broken Hearts]broken] won't count against you.",
b70210654615,item,1,How the classy and sophisticated opt to get blasted.,
1926c86346d1,item,1,Increase the amount of [[Broken Heart]broken] tokens that fall by 50% for the remainder of the date.,
6ea21c7959f2,item,1,Increase the amount of [[Flirtation]flirtation] tokens that fall by 50% for the remainder of the date.,
b36d0c263b2a,item,1,Increase the amount of [[Passion]heart] tokens that fall by 50% for the remainder of the date.,
7e3ca8dc5821,item,1,Increase the amount of [[Romance]romance] tokens that fall by 50% for the remainder of the date.,
988dbfa35b9b,item,1,Increase the amount of [[Sexuality]sexuality] tokens that fall by 50% for the remainder of the date.,
2b83fc43cd9b,item,1,Increase the amount of [[Talent]talent] tokens that fall by 50% for the remainder of the date.,
c882b6bac483,item,1,It's like a cupcake but you can have it for breakfast.,
a23f1486a90e,item,1,"No tokens will be consumed as a result of a date gift being used for the remainder of the date. You'll still get the benefits, but the tokens will remain.",
69a1cefe46fe,item,1,Power tokens multiply the Affection earned from a match by x1.75.,
9a103bfd18cc,item,1,Power tokens multiply the Affection earned from a match by x2.,
8148191e5326,item,1,Power tokens multiply the Affection earned from a match by x2.25.,
ee17186ea5e5,item,1,Power tokens multiply the Affection earned from a match by x2.5.,
ed466dfe7821,item,1,Power tokens multiply the Affection earned from a match by x2.75.,
2c4ba751e2c9,item,1,Power tokens multiply the Affection earned from a match by x3.,
2b947ff51f22,item,1,Reading material that you only look at for the interesting articles.,
20f062c1e61a,item,1,Remove all [[Broken Heart]broken] tokens from the grid.,
ce5c31cc63a0,item,1,Select a token type and you will not lose any moves until a match is made that is of a different token type than the one you selected.,
644f1b113b4f,item,1,"Select an Affection token and every token of that type will be replaced by either a [[Passion]heart] token, a [[Joy]joy] token, or a [[Sentiment]sentiment] token.",
fd3b82f3ba6a,item,1,Small sugar candies sometimes given as a show of affection.,
83f5ce3a8cf1,item,1,"Smooth, rich, creamy dark chocolate that just melts in your mouth.",
34557367862d,item,1,Straight up whiskey on the rocks; for the heavy drinkers.,
5906c7814f47,item,1,"The chance of generating a power token increases to 10% for 3-of-a-kind matches, 70% for 4-of-a-kind matches and 100% for 5-of-a-kind matches.",
f488721d5cf2,item,1,"The chance of generating a power token increases to 20% for 3-of-a-kind matches, 80% for 4-of-a-kind matches and 100% for 5-of-a-kind matches.",
f114095eb122,item,1,The chance of generating a power token increases to 30% for 4-of-a-kind matches and 80% for 5-of-a-kind matches.,
7777f47954e6,item,1,The chance of generating a power token increases to 40% for 4-of-a-kind matches and 90% for 5-of-a-kind matches.,
551fe2f46d2a,item,1,"The chance of generating a power token increases to 5% for 3-of-a-kind matches, 60% for 4-of-a-kind matches and 100% for 5-of-a-kind matches.",
004a42ca9e3b,item,1,The chance of generating a power token increases to 50% for 4-of-a-kind matches and 100% for 5-of-a-kind matches.,
c52f21c587d3,item,1,The maximum [[Passion]heart] level increases to 10 and [[Passion]heart] token matches give an additional +300% [[Passion]heart].,
4fdab4a1ae98,item,1,The maximum [[Passion]heart] level increases to 12 and [[Passion]heart] token matches give an additional +400% [[Passion]heart].,
8d0ea39ec4ad,item,1,The maximum [[Passion]heart] level increases to 14 and [[Passion]heart] token matches give an additional +500% [[Passion]heart].,
1118345ed8ae,item,1,The maximum [[Passion]heart] level increases to 16 and [[Passion]heart] token matches give an additional +600% [[Passion]heart].,
eeabfda0e434,item,1,The maximum [[Passion]heart] level increases to 6 and [[Passion]heart] token matches give an additional +100% [[Passion]heart].,
15ed34a2da8d,item,1,The maximum [[Passion]heart] level increases to 8 and [[Passion]heart] token matches give an additional +200% [[Passion]heart].,
5ed9095ba1c7,item,1,The next [[Broken Heart]broken] token match will count as a [[Passion]heart] token match instead.,
845cfb63885e,item,1,The panties that Aiko was wearing the first night she stayed over.,
090beb549ea4,item,1,The panties that Audrey was wearing the first night she stayed over.,
a9862e272d8c,item,1,The panties that Beli was wearing the first night she stayed over.,
db1b2af50e7c,item,1,The panties that Celeste was wearing the first night she stayed over.,
a33a98db1996,item,1,The panties that Jessie was wearing the first night she stayed over.,
247bf5ca610c,item,1,The panties that Kyanna was wearing the first night she stayed over.,
3b2e05cf07ac,item,1,The panties that Kyu was wearing the first night she stayed over.,
939366eb40f7,item,1,The panties that Lola was wearing the first night she stayed over.,
77fe01688281,item,1,The panties that Momo was wearing the first night she stayed over.,
bd3e485497ee,item,1,The panties that Nikki was wearing the first night she stayed over.,
8a3721e3c73d,item,1,The panties that Tiffany was wearing the first night she stayed over.,
6ce01d8014a8,item,1,The panties that Venus was wearing the first night she stayed over.,
6edbc746fe84,item,1,The penalty for matching [[Broken Heart]broken] tokens decreases to 10% of your current Affection per [[Broken Heart]broken] token matched.,
026d8dc27980,item,1,The penalty for matching [[Broken Heart]broken] tokens decreases to 11% of your current Affection per [[Broken Heart]broken] token matched.,
a18afb254876,item,1,The penalty for matching [[Broken Heart]broken] tokens decreases to 6% of your current Affection per [[Broken Heart]broken] token matched.,
224de8c1d18e,item,1,The penalty for matching [[Broken Heart]broken] tokens decreases to 7% of your current Affection per [[Broken Heart]broken] token matched.,
edb56b5893d6,item,1,The penalty for matching [[Broken Heart]broken] tokens decreases to 8% of your current Affection per [[Broken Heart]broken] token matched.,
0db48e3716f9,item,1,The penalty for matching [[Broken Heart]broken] tokens decreases to 9% of your current Affection per [[Broken Heart]broken] token matched.,
296c5fdf0fcb,item,1,The perfect gift for a cat lady. Earn an additional +50% [[Hunie]hunie] while talking with her.,
c25249098366,item,1,The perfect gift for a cheerleader. Earn an additional +50% [[Hunie]hunie] while talking with her.,
6604c30c9b0e,item,1,The perfect gift for a goddess. Earn an additional +50% [[Hunie]hunie] while talking with her.,
01c37ede810f,item,1,The perfect gift for a japanese woman. Earn an additional +50% [[Hunie]hunie] while talking with her.,
fa2c1aae56a5,item,1,The perfect gift for a latina. Earn an additional +50% [[Hunie]hunie] while talking with her.,
45372fcc367c,item,1,The perfect gift for a mature woman. Earn an additional +50% [[Hunie]hunie] while talking with her.,
9ef187e7bf4a,item,1,The perfect gift for a nerdy girl. Earn an additional +50% [[Hunie]hunie] while talking with her.,
7cb53f75ea8c,item,1,The perfect gift for a nymphomaniac. Earn an additional +50% [[Hunie]hunie] while talking with her.,
ce716748c613,item,1,The perfect gift for a party girl. Earn an additional +50% [[Hunie]hunie] while talking with her.,
011b3c0073a8,item,1,The perfect gift for a spiritual girl. Earn an additional +50% [[Hunie]hunie] while talking with her.,
ae9b803fa953,item,1,The perfect gift for an extraterrestrial. Earn an additional +50% [[Hunie]hunie] while talking with her.,
a973acafc5b7,item,1,The perfect gift for an independant woman. Earn an additional +50% [[Hunie]hunie] while talking with her.,
b2e2392f0fb8,item,1,Upgrade 3 random Affection tokens to power tokens.,
6d00583a3070,item,1,Upgrade a select Affection token to a power token.,
1b8396e40ebd,item,1,Used for wiping your nose or cleaning up other various bodily fluids.,
e1819daac932,item,1,[[Flirtation]flirtation] token matches give an additional +100% Affection.,
f6a57a23135e,item,1,[[Flirtation]flirtation] token matches give an additional +200% Affection.,
91a436f049cf,item,1,[[Flirtation]flirtation] token matches give an additional +300% Affection.,
e73dde1bb184,item,1,[[Flirtation]flirtation] token matches give an additional +400% Affection.,
d6be9cf3680b,item,1,[[Flirtation]flirtation] token matches give an additional +500% Affection.,
4f0ffd13f9dd,item,1,[[Flirtation]flirtation] token matches give an additional +600% Affection.,
e36e61e0ef23,item,1,[[Romance]romance] token matches give an additional +100% Affection.,
c535a7529a84,item,1,[[Romance]romance] token matches give an additional +200% Affection.,
2f222e13df1d,item,1,[[Romance]romance] token matches give an additional +300% Affection.,
7e4825a2cb57,item,1,[[Romance]romance] token matches give an additional +400% Affection.,
53a617198212,item,1,[[Romance]romance] token matches give an additional +500% Affection.,
ce3d709dc2a7,item,1,[[Romance]romance] token matches give an additional +600% Affection.,
acc4c3f6ebd9,item,1,[[Sexuality]sexuality] token matches give an additional +100% Affection.,
e261982cd9bf,item,1,[[Sexuality]sexuality] token matches give an additional +200% Affection.,
ae039e98e5d4,item,1,[[Sexuality]sexuality] token matches give an additional +300% Affection.,
e0066ad0ce98,item,1,[[Sexuality]sexuality] token matches give an additional +400% Affection.,
9b8e2fd95e6c,item,1,[[Sexuality]sexuality] token matches give an additional +500% Affection.,
8588edf0c299,item,1,[[Sexuality]sexuality] token matches give an additional +600% Affection.,
c30fd1d4ab0b,item,1,[[Talent]talent] token matches give an additional +100% Affection.,
313b91038bfb,item,1,[[Talent]talent] token matches give an additional +200% Affection.,
d2dbdd9101a7,item,1,[[Talent]talent] token matches give an additional +300% Affection.,
abe960cf39a5,item,1,[[Talent]talent] token matches give an additional +400% Affection.,
10a1ff3dfc5d,item,1,[[Talent]talent] token matches give an additional +500% Affection.,
887887a5c96f,item,1,[[Talent]talent] token matches give an additional +600% Affection.,
c72176650078,message,1,"**Mission Log #1281: Attacked by another tentacle monster, of course. It's not all bad though, you kind of get used to it. <3",
cc626d0f5960,message,1,**Mission Log #347: I set a course for the Outherian sector in search of a galactic crime lord rumored to be hiding out there.,
aa0e4d7fd15c,message,1,**Mission Log #810: Escaped my prison cell aboard the Ladu federation mothership. Proceeded to kill everything.,
acbac6ea15dc,message,1,"40!!! I finally got to 40 pushups in one set! Omg I was sweating like a pig after that workout, lol! Next time, I'm going for 50!!",
6f48ea17b840,message,1,"Baha, look, I can almost fit this whole thing in. Practice makes perfect, lol! Maybe next time that'll be you... Yeah right!!!",
e8778cdc3b18,message,1,"Baha, look, I can almost fit this whole thing in. Practice makes perfect, lol! Too bad, I'd make such a good straight chick, haha!",
878817799200,message,1,"Before I forget... The ""Munie"" you earned during our date? You can use that to buy gifts, food and drinks using the store app on the HunieBee. It'll even detect which gifts the girl you're talking to prefers and will mark them with an icon. We've practically done all the work for you!",
0e95d5a5d382,message,1,Don't tell Kyu about this... but before I became goddess I used to dance at the love clubs. A girl has to pay her way through fairy school somehow!,
6eb22367cc7c,message,1,"Duuuude! I found your mega stash, bahaha! Hope you don't mind that I borrowed a few of the good ones.",
a3985d0e9891,message,1,"Every date you go on is gonna be more challenging than the last. If you don't improve your traits you're gonna blow it, trust me. You can use the ""Hunie"" you earn from interacting with girls to upgrade your traits using the traits app.",
e38c8e115bae,message,1,Fuck yes! I finally got the high score on this stupid game. I can't even tell you how many quarters I've lost to this thing.,
5e3d91fe5d33,message,1,"Good news! You can order items directly from us now. Just go to girl's collection screen in her profile and order from there. It'll cost you some serious Hunie though; 10,000 per order. Shipping between parallel dimensions isn't cheap!",
e47d0a4c1936,message,1,Ha! One date down; but you have quite a way to come if you're to have any hope of being with me!,
29019383a543,message,1,Haha I got so much free shit from this other bitch that's tryin' to bang me and then I sent her home alone! What a loser!,
493657d3c299,message,1,Haha I got so much free shit from this other loser that's tryin' to get it in and then I sent him home alone! What a pussy whipped bitch!,
11e0188679e8,message,1,"Hey beautiful, I really enjoyed our date... Here's a preview of what I might just have in store for you next time. ;)",
9c17b71a0b1f,message,1,Hey cutie! This is for you. <3<3<3 It's from my cam show last night. The boys are a big fan of that toy. ;) They also keep asking me to put a shoe on my head...,
773de603c29e,message,1,Hey cutie! This is for you. <3<3<3 It's from my cam show last night. The girls are a big fan of that toy. ;) They also keep asking me to put a shoe on my head...,
2b264ba49c02,message,1,"Hey handsome, I really enjoyed our date... Here's a preview of what I might just have in store for you next time. ;)",
e44600893496,message,1,"Hey, I took this for you, ya pervert. :) Hope it came out alright... it was hard to time it right on my phone!",
2a66c3b8490c,message,1,"Hey, just got out of the shower; was thinkin' about you. <3 I bet you wish the towel wasn't there! Lmao!",
3032d2ea1960,message,1,Holy fuck! I just discovered your washing machine. It's so... useful! I really really like the high setting. <3,
abc5976ae17d,message,1,How does this thing work... Hello!? Did you get my picture? It's me! I'm sleepin' in a tree! Hehehehe!,
a8ef57cd11b9,message,1,"I caught you staring at my butt btw! I thought maybe you'd like a closer look... Oops, did I get something else in there too? ;)",
2d8bf7c058e5,message,1,"I couldn't fall asleep last night for shit. I was reading all these creepypastas online and then I just kept hearing like, noises and shit. I’m so tired… -_-zZzZzzz",
9728abd8cf7c,message,1,"I know you can't really see it that well because there's a totally sexy fairy in the way, but this is where I live!",
b57e22f3ccd6,message,1,I love this picture! This is from a big game we had a couple weeks ago. I look soooooo cute! XD,
63db159f60e1,message,1,"I was baking some cupcakes and I got batter all over the place! Who's gonna help me clean up, huh? ;)",
da9bf2bb0445,message,1,"I'll make you a deal. Every time you give a girl a gift that she LOVES I'll have one of our interns send you a present too; something you can use on dates. Ahhh... I'm such a nice person. Err, fairy.",
309b5e115edb,message,1,I'm so excited! I just got signed to do a solo vid for a pretty popular site. They saw my banana set and had to have me!,
96a4e293d3ec,message,1,"Idk... I just... felt like sending this to you. Like, I like you n' stuff. Is it sexy? Idk, I hope you like it. ><;;",
00a1f799f4d3,message,1,It's so nice out this morning! We should go take a walk in the park one of these days. I'd love to have the company.,
781cdd916ca7,message,1,"Know how to use booze to your advantage! Usually girls will only drink at night when they're out, but the more hammered she is, the more ""Hunie"" you'll earn by talking with her or giving her gifts.",
bb97589ed9fa,message,1,"Look, it's me! I was about to board a plane for my morning shift. I forget what city this is from... Washington, maybe?",
54c826939b99,message,1,Master look! I'm just like the lady in those books you have under your bed! Hehehehe!,
fe9bc8936022,message,1,Master! Whatever you need I'm here for you! I'm just happy to be able to spend time with you!,
85487aa9fac0,message,1,Messages,
bf3949e506a9,message,1,Mmmm... I can't believe I'm actually sending this. >.< Do NOT let anybody else see this!! This is for YOUR eyes only! ^.^;,
e2a29532c7fc,message,1,Oh my... Kyu introduced me to your retractable shower head. It's magnificent. I may have no use for you after all!,
de79336dbadf,message,1,"Oh! You should come in for my yoga class someday! Don't worry, you won't be doing this; I take it easy on the beginners, hehe! :)",
6500149ee6cc,message,1,"Ohhh boy! I found your mega stash, bahaha! Hope you don't mind that I borrowed a few of the good ones.",
052daba8a4eb,message,1,"Ohhh! I love my boobs in this pic! Of all the pics of me out there on the internet, I think this one has to be my favorite. ;)",
29bbec86af17,message,1,"Omg! My bestie took this pic in class when I wasn't looking. Uh-oh, panty shot! >.<; So embarrassing...",
4377dd70eb98,message,1,"Pay attention to the appetite meter! A girl gets hungry standing around chatting all day. If she's hungry, check the store to see if there are any food items that she might like.",
7c34f0ec232c,message,1,"This is from one of the most intense matches I've ever had. I didn't win... u.u But, at least I was cuter than her. =D",
0d31b7971adb,message,1,Ugghhh... had to skip class today. I can't sit there and listen to some fucker talk about a bunch of shit nobody cares about for 3 hours.,
ad6918c55bb1,message,1,"Well fuck me! I finally won something at the casino. Great, now maybe I can put a tiny dent in my massive debt...",
fd5fff416d94,message,1,"Will you look at this? I'm such a hot teacher. =P No wonder so many girls register for my classes, hah!",
29aaa9565fbd,message,1,"Will you look at this? I'm such a hot teacher. =P No wonder so many guys register for my classes, hah!",
8555f1d8e1a4,message,1,"You're so close! Once your relationship with a girl is at four or more hearts, there's a good chance you can pull her home after the next date. Take her out at night though! That's the only way you're gonna pull it off.",
afb6f1b285cb,other,1,1 Cat Year,
bec5bb614094,other,1,"1,200,000 years",
edae5aa8f729,other,1,"1,640,210 miles",
5cea00dbc54a,other,1,10-12 hours,
b5b023e678eb,other,1,115 lbs,
d29e6c5dc7e5,other,1,116 lbs,
2024c53cac23,other,1,118 lbs,
43036d2cceb8,other,1,126 Fairy Years,
ee76312ba66e,other,1,14-16 hours,
417b1f49dcbb,other,1,14-16 years,
44a1b22fb761,other,1,2 Cat Years,
7049268e6864,other,1,2 Months,
e5d4bff7f280,other,1,20-22 years,
2751df33dc9a,other,1,"238,900 miles",
5cfcc5be2839,other,1,240 Fairy Years,
5fe489ddba7c,other,1,25 Years Old,
0223ce19ef36,other,1,3 Cat Years,
89cab85d8541,other,1,384 Fairy Years,
195afa144468,other,1,4 Months,
d9ee331133d8,other,1,"4,500,000,000 years",
e8f532e43fec,other,1,40 Years Old,
eddedee7322b,other,1,5 Feet 11 Inches,
a0fe017db695,other,1,6 Billion,
40c01b041332,other,1,6 Million,
c5b11e7a4e2f,other,1,6 Trillion,
93faa2ee6650,other,1,"6,000 years",
744c1a090d0c,other,1,6-8 hours,
d5303f288e53,other,1,"701,450 miles",
be9ed39674f1,other,1,8 Months,
68fb7ae9df9f,other,1,8-10 years,
7c414e453ff1,other,1,A collapsing black hole.,
ee349c4be821,other,1,A collision between two asteroids.,
3fe37bfb5c3c,other,1,A cozy winter cottage or ski resort.,
3ab144bfb33a,other,1,A tropical island or beach resort.,
411d90f786ae,other,1,Abbie,
bcad76f5351e,other,1,Ability Name,
cd18e0b44aa8,other,1,"About 1,000 Years",
558ab4ef18d1,other,1,"About 10,000 Years",
ce07e95eb199,other,1,About 100 Years,
6511da9e2732,other,1,Accordion,
a395494f5066,other,1,Acorns,
a65903e60c69,other,1,"Actually, why don't we get out of here?",
0e9db5e90824,other,1,Adjust Aspect,
9b46dae3875b,other,1,Age,
6e1e315c43ae,other,1,Aiko and Lola,
7cebcafaf62c,other,1,Aiko's Panties,
48c595d7d9c8,other,1,Alcohol Tolerance,
badbd5a02e9f,other,1,All Rights Reserved,
cbaa82bb06a5,other,1,All hipsters should be exterminated.,
d0170d8ca859,other,1,Always wear a condom.,
b46ad41a7018,other,1,Amethyst,
cc5feced2fdb,other,1,An exploding star.,
88a115c2a53a,other,1,Andromeda Galaxy,
a9cbc30560f0,other,1,Ann-Marie,
e15b024de553,other,1,Antique Vase,
34377849c2c6,other,1,Arcade Cabinet,
46c44640d04c,other,1,Arcade Joystick,
afd4e51e57ba,other,1,Are you going to eat them?,
2790a50c51cc,other,1,Armillary Sphere,
0f325ffb6b9d,other,1,"Art Team
",
d92cafe83e55,other,1,As many times as it takes.,
ed3077b96aca,other,1,Asteroid,
4b7273fe7598,other,1,Audrey and Tiffany,
032659f9d604,other,1,Audrey's Panties,
cf4e511a40fe,other,1,"Aww, I was having the best dream...",
1e7e39965b41,other,1,"Awww, poor thing.",
5efd17becd6c,other,1,Baby Binky,
2be58290afed,other,1,"Baby, I only have eyes for you.",
2744678cd531,other,1,Bag of Goldfish,
52a60c61e49c,other,1,Bagel,
d9da07f3522b,other,1,Baking Utensils,
9147027d05b4,other,1,Ball Gag,
bcc4f7dbfbf3,other,1,Ball of Yarn,
67fa70f2cb4f,other,1,Bandages,
39aeecc45c17,other,1,Banjo,
825f8389ded4,other,1,Basket Ball,
16408f2e5182,other,1,Beach Ball,
b8d84a4c1e6c,other,1,Bead Bracelet,
f567c771de61,other,1,Beer,
4d235df5b4fb,other,1,Beli's Panties,
6cebfa1cd2d3,other,1,Bell Peppers,
fdd4c43b2345,other,1,Belrose,
086edbcf29a6,other,1,Bengal,
64de2820c2b6,other,1,Bennett,
c4d6bc6bee30,other,1,Big Bang,
5f5d9ad2a240,other,1,Big Beach Towel,
f6622c8e30ad,other,1,Birdhouse,
c3ce682f2196,other,1,Birthday,
063eb37646b5,other,1,Bitter,
831a3cf968ab,other,1,Blackhole,
1b00086a6517,other,1,Bliss Beads,
b071e2bda9e4,other,1,Blonde,
23bafd8bdf0f,other,1,Blotter Tabs,
636998d30da9,other,1,Blue Giant,
40f85324ae52,other,1,Blue Orchid,
1333bd0c992e,other,1,Board Game,
6890f4093844,other,1,Bonsai Tree,
973ff873f630,other,1,Botanical Garden,
78b549251df7,other,1,Bounty Hunter,
80253c0a40ce,other,1,Boxing Gloves,
c0fbe67cf09f,other,1,Broken Heart Token,
86f85e3057e2,other,1,Brunette,
2caa42da7c1c,other,1,Bubble Gum,
8e697c36873b,other,1,Buttery Croissant,
ac8d3cb11e21,other,1,Cabbage,
22038d5ec131,other,1,Campus,
aee8057d5f31,other,1,Can I get you something to drink?,
c547e4157f25,other,1,Canvas & Easel,
e8d84b52ad6e,other,1,Carbon,
9d3f630c56d9,other,1,Cardio Weights,
50bea017978e,other,1,Carrot,
24d950b528ab,other,1,Cassiopeia Galaxy,
8d72c202e657,other,1,Cats have more teeth.,
d401829ceae1,other,1,Celeste's Panties,
103d16fb0bd6,other,1,Champagne,
9f9193fb603e,other,1,Cheer Uniform,
2b5d6a94b07c,other,1,Cheerleading Uniform,
ef8a685a506c,other,1,Chess Set,
434f6bc46d82,other,1,"Chicks who smoke. Ughh, it's so gross.",
d82947b061b6,other,1,Chocolate,
347ba2d2f2b2,other,1,Chopsticks,
8483e7157ffe,other,1,Cigarette Pack,
2e9a3d39d104,other,1,Cinnamon Perfume,
30c7f8dc2fb8,other,1,Clowder,
7ae49a703b31,other,1,Cocktail,
f09ce36d02d8,other,1,Cocoa,
080769c188ee,other,1,Coconut,
71afe564fa8a,other,1,Coffee,
e1cda9ad45bf,other,1,Comet,
019716c369d5,other,1,Coming right up!,
51f05ed6e62e,other,1,Compact Mirror,
49a3f9624347,other,1,Compass,
9edee5684e7d,other,1,Cookies,
20edbddd173e,other,1,Copr. 2015 HuniePot,
76ddf8296bbf,other,1,Cork Wedge Sandals,
57f5039b7398,other,1,Corkscrew Carnival,
d65197ab3eb3,other,1,Corndog,
c579ec197a30,other,1,Cortez,
e3664e958414,other,1,Cotton Candy,
ef8dd28e2433,other,1,Courts,
2298dbf5991b,other,1,Cucumber,
8436df37d499,other,1,Cup Size,
22d6876705da,other,1,Cupcakes,
1c25d73edecd,other,1,Customer service these days...,
ead076d1bb99,other,1,Daiquiri,
af5956d43974,other,1,Dancing Fan,
4db35d423473,other,1,Dart Board,
ed56075bc27f,other,1,Dealer's Cap,
88d51c4b87c5,other,1,Decorative Pens,
d5df6c08f764,other,1,"Define ""date"".",
7ed984e8dd5f,other,1,"Define ""dating""...",
c48bdf61f24e,other,1,Delrio,
d89575d86f9e,other,1,Diamond,
41b20930631f,other,1,Diana,
846f680aead1,other,1,Difficulty,
dfbc1970d3cf,other,1,Dirty Magazine,
848252ec7c1d,other,1,Diving Tank,
b122c2fdb6be,other,1,Dogs have more teeth.,
dd1d76f29e16,other,1,Domesticus Felonious,
1433a2986764,other,1,Double Hair Bow,
9652b70fd5e6,other,1,Drawing Mannequin,
ef63f7536d38,other,1,Drums,
8a70e828fd7e,other,1,Ear Muffs,
81a08e8edd55,other,1,Earth,
819022fbe806,other,1,Education,
8a4a9f6ea3b5,other,1,Eggplant,
11434d9791bc,other,1,"Eh, what are you gonna do, you know?",
c6147f463161,other,1,"Ehh, you know. It was alright.",
8b860ed23fd0,other,1,Emerald,
e350dd370b11,other,1,Enceladus,
56db7a1dc056,other,1,Endurance Ring,
9ada216e8259,other,1,Erryday.,
c0fd5b3ce43d,other,1,Exquisite oral sex abilities.,
ec436bfb3273,other,1,Eyelash Curler,
7925549e6fbf,other,1,Fairy Wings,
995b3c240197,other,1,Fairy's Tail,
18075768d157,other,1,Fancy Cheese,
c18f65832378,other,1,Fancy Gift Box,
8aac4826b4d4,other,1,Fanipunni,
58c18c346f58,other,1,Farmers Market,
01a9562ae6e5,other,1,Fav Color,
f637981c8b2a,other,1,Fav Hangout,
3fb3dbd154cd,other,1,Fav Season,
9df3b3f3d7fa,other,1,Favorite Drink,
f3b0da062f0d,other,1,Feather Fan,
80fd16500867,other,1,Feather Pole,
810ff8601a3a,other,1,Felis Catus,
64864d1b0a15,other,1,Fields,
2b57d0aef647,other,1,Fighter Pilot,
7f37b059d3ae,other,1,Find a good book to read.,
25ace62ceeb6,other,1,Fine Gift Box,
e858ab5c500e,other,1,First-Aid Kit,
fe3de6cd4b0d,other,1,Fish Tank,
60a76a96731f,other,1,Fishy Castle,
81d8a1f668e7,other,1,Flat chested girls make me sad.,
1465aa98a684,other,1,Flip Flops,
538257027fdf,other,1,Flippers,
082f8ddec114,other,1,Flirtation Token,
95ba40da6a9b,other,1,Flirtation Tokens,
ca9e293f15f1,other,1,Flower Pots,
ded4940d9c0d,other,1,Flower Seeds,
ebd211e08e08,other,1,Flute,
e072d80aac53,other,1,Flying Disc,
472acd6bb79d,other,1,Fortuna,
521e3f2401e7,other,1,Four,
53a03ababf09,other,1,Four Leaf Clover,
aa8b0a802835,other,1,French Beret,
39e110b18d1c,other,1,French Fries,
9374777df504,other,1,Fresh Baguette,
114cff479f61,other,1,Friday,
1b71c11af070,other,1,Fruit Tart Pie,
3d7391c3c267,other,1,Fuck these birds. Am I right?,
548a818c541d,other,1,Fuzzy Boots,
4ec5a64d5f25,other,1,Fuzzy Handcuffs,
b0d31bec62c7,other,1,Fuzzy Stocking,
20eb8d7e0d80,other,1,Gamer Glove,
db2d231a12c4,other,1,Garden,
005948e7c7b1,other,1,Garden Gnome,
fe28d7c3daff,other,1,Garden Shovel,
98b2a8c7f559,other,1,Gingerbread Man,
278047a5fb95,other,1,Girl's who play video games.,
6bdba76d228e,other,1,Girly Backpack,
49fe257b8384,other,1,Glass Bong,
f7876a8adc3d,other,1,Glass Pipe,
065c900a5092,other,1,Glitter Bottles,
47eebf73b3d2,other,1,Glossy Notebook,
7275a0f6c533,other,1,Glow Sticks,
6c49cafac776,other,1,God no. Those sluts can get bent.,
a7eb38dc8264,other,1,Goggles,
3b01fddc5cd3,other,1,Gold Earrings,
f0152dcb08fe,other,1,Golden Cat Statue,
ddc6b2417389,other,1,Graduation Cap,
b0acd24dc989,other,1,Green Tea Perfume,
10cabd5565f5,other,1,Gullveiga,
ea81174860ae,other,1,Gym,
decfc583fbc6,other,1,HI!! HELLO!!,
97accd060e6c,other,1,Hair Bow,
cbd910920759,other,1,Hair Brush,
09452723f829,other,1,Hamburger,
ea2a946eae40,other,1,Handheld Game,
196a38e6095f,other,1,Happy Pills,
367a81a3958f,other,1,Hara,
3fe9442c46bc,other,1,Having to weed through all the bitches.,
3c71566f1e6e,other,1,He can have you. Good riddance.,
a49fedd5a748,other,1,Head Love Fairy,
6e4753199a3c,other,1,"Hearing a girl moan, hands down.",
8bb20d7d2815,other,1,Heart Candies,
19465f4a48b9,other,1,Heart Necklace,
b8fdd71d37d5,other,1,Height,
54944ed24708,other,1,Helium,
09f6970d961b,other,1,Hell no!,
66ebe2f59859,other,1,Hell yeah! Let's do this shit!,
093d771b6f90,other,1,Hey can you teach me karate?,
a76b392c8a93,other,1,Hey! I'm the one who did all the work!,
ce262891c656,other,1,"Hey, if you've got, flaunt it.",
b8445ec4647d,other,1,"Hey, wait up!",
49e8d1d4d638,other,1,Hicks,
193e3b8edffd,other,1,High Def Camera,
ea3f3f742eb7,other,1,"Hmm? Nah, I'm chill, I'm chill.",
56f49fbf322c,other,1,Hobby,
8d423ca2296e,other,1,Hold on! I don't even know your name.,
07c903d3cb80,other,1,Honestly I prefer a little bit of hair.,
fe35022f1f38,other,1,"Honestly, I prefer the natural look.",
7891710ea5d4,other,1,Hoop Earrings,
7ef551728c42,other,1,Hot Spring,
3151938f88e6,other,1,Hot Wax Candles,
e890756c2108,other,1,How do you people get into my house?,
71ed9b4a2790,other,1,How much?,
dc4a129fdd13,other,1,Huh... Did you... I mean... Did we...?,
f26c34876652,other,1,Hydrogen,
08e0d3f23ba4,other,1,"I am so wet right now, you have no idea.",
db69b037c8af,other,1,I can't believe that happened... ,
a4c34ee5208c,other,1,I can't stand fake ass hoes.,
b3354531e7a8,other,1,I can't stand smoke. It's disgusting.,
7309a1b0c4aa,other,1,I could stand to lose a few pounds.,
dc751f2ef3d7,other,1,I don't believe we've met. Who are you?,
22e036aee134,other,1,I don't care. It's up to her.,
030c5e0c4012,other,1,I don't know. How ugly we talking?,
7416da938e86,other,1,I don't really hate anybody...,
6aae71333255,other,1,"I found it, right around here.",
86af709468c0,other,1,I go home and beat up my pillows.,
35425d458de3,other,1,I have no idea what those words mean.,
8a2b4abe7f36,other,1,I haven't... exactly... had sex.,
55b3236f70c2,other,1,I just really liked your blue hair.,
2de18c4d46fb,other,1,I like to get high every now and again.,
67cd3a338f56,other,1,I like your hair. Is that natural color?,
6609f1eb5a4a,other,1,I lost count around forty.,
2464249ae24d,other,1,"I mean, you know, an amount.",
20ace5fba687,other,1,I scream in their face about it.,
8bb58edb30d2,other,1,I suppose I have improved quite a bit...,
95901a4812e6,other,1,I think I'd be pretty upset about it.,
0e73a87aa8d1,other,1,I think I'm in love with you.,
83836ba8f68d,other,1,I try to find a new video game online.,
47ac758ac277,other,1,I try to think happy thoughts.,
e6a471d8d150,other,1,I wasted my first kiss on my cousin...,
4a96bb2a57c6,other,1,I would never hide anything from you.,
056fa5b1c11c,other,1,I'd break her fucking face.,
becfdf42d670,other,1,I'd break his fucking face.,
e2174e607f9d,other,1,I'd love to take you home with me.,
6020886b00bb,other,1,"I'd say no, but that would be a lie.",
b0480767eb72,other,1,I'll believe it when I see it.,
ea587ebcf0c3,other,1,I'm a leg man myself.,
1f254f1201e9,other,1,I'm a leg woman myself.,
c67a73e39c40,other,1,I'm happy just to be alive at all.,
50cc437fd8ac,other,1,I'm in! Let's do it. Whatcha got?,
f2a93edec5cd,other,1,I'm just doing what Kyu told me to do.,
a2c5d1fe598e,other,1,I'm not sure...,
d7d31a56264a,other,1,I'm usually up all hours of the night.,
c0683396405b,other,1,I've never had any kind of relationship.,
375e023de5b4,other,1,I've never touched the stuff.,
a570b2567efa,other,1,Ice Skates,
8254fff210ae,other,1,Inventory,
c98d07342aa5,other,1,Is it that obvious?,
c1909dc5b41f,other,1,Is it working?,
a7b330e94f67,other,1,It wasn't me! I swear!,
55a00f9eed7b,other,1,It's a great opportunity to hit the gym.,
7a680e43f821,other,1,It's been a while. What about you?,
6a771978d69b,other,1,It's fine if you're smart...,
178d838f2e50,other,1,It's not really my thing.,
2532ef84eaf3,other,1,Item Description,
4223df40a2cc,other,1,Item Type  |  Item Set,
a3748fc6acc4,other,1,Item Value,
3ed8cf0b6f78,other,1,Jean-Smith,
accde512f1b4,other,1,Jelly Beans,
68a47e900037,other,1,Jessie and Beli,
39ca667ac5be,other,1,Jessie's Panties,
fcdec80f1ea8,other,1,Jeweled Turban,
9f55582879d8,other,1,Jolly Old Cap,
fe72ac9f0925,other,1,Joy Token,
584b759370bd,other,1,Just the creeping thing pretty much.,
3d20827f7fdd,other,1,Kackle,
5e850841db23,other,1,Keep those little monsters away from me.,
631019ae9390,other,1,Kennel,
60681f4e88ba,other,1,Kettle Bell,
25198fce3a9c,other,1,Keyboard,
499fa1ee51f5,other,1,Kickstarter Backers,
1a626d82843a,other,1,Kimono,
12bfa9ad7afa,other,1,Kindle,
48a0887a654f,other,1,Knock yourself out.,
afa2e57eea4c,other,1,Kyanna's Panties,
3b74e22ce062,other,1,Kyu Plushie,
3a92ad6b3b25,other,1,Kyu's Panties,
56126b6521b9,other,1,Kyu? That's a weird name.,
cabb15352793,other,1,Lapran,
7f725c650d5c,other,1,Laptop Pro,
8b6c12986797,other,1,Laser Pointer,
6bcaefb58780,other,1,Last Name,
fffb926fea08,other,1,Lattice Ball,
bb8b7dc1a7ed,other,1,Least Desired Trait,
260558a4b0bf,other,1,Leather Whip,
a9e14b1990b7,other,1,Lee-Taylor,
41087d5b0f8a,other,1,Leg Warmers,
13b8713825e8,other,1,Lemon,
114ad1733cbc,other,1,Lemon Drop,
064a232715e8,other,1,Leopard Print Pumps,
6877f9a4194a,other,1,Lifesaver,
1a25e049fb0b,other,1,Lighter,
4739258a3560,other,1,Like actual dates with physical girls?,
8aa9144fbc75,other,1,Like what? Adorable? Too late.,
11e41e290360,other,1,Likes Food Types,
b03ea5b6ecce,other,1,Likes Gift Types,
7c1a049c9b9f,other,1,Lilac Perfume,
4235b117d01a,other,1,Lime Margarita,
090d995fc04f,other,1,Location,
0d146837b3d4,other,1,Lola's Panties,
f0a67e4e784e,other,1,Lollipop,
34bbdb5a2de3,other,1,Look forward to it!,
1bbbb27ff1c5,other,1,Lots of virtual sex with anime girls.,
229f766483d8,other,1,Lounge,
c73e83931d1f,other,1,Love Fairy,
c041a99f41b4,other,1,Love Goddess,
99f964ecc23b,other,1,Love Potion,
c13b99d652db,other,1,Love Queen,
b00aac1a1f96,other,1,Lovely Gift Box,
1f3e4aba04e3,other,1,Lovely Ring,
6a7e85ddf205,other,1,Loves Gift Type,
20cda44ecd49,other,1,Luchador Mask,
bfdffd3f8747,other,1,Lucky Dice,
26d88ff2aae5,other,1,Lucky Gift Box,
8c52a7e7b5c0,other,1,Lust Nypmh,
a09645e4355c,other,1,Luvendass,
f12a5c3227b9,other,1,Magic Wand,
386573259843,other,1,Makeup Kit,
f51924e4b355,other,1,Making purr-like vocal noises.,
8516a401f3bb,other,1,Mannequin,
451524d34234,other,1,Manx,
0ea73fda8731,other,1,Maple Leaf,
6857a97fd3e4,other,1,Maracas,
1059fddbb77c,other,1,Mars,
938f5e8cf008,other,1,Martini,
8dfc00c3002b,other,1,Measuring Cup,
ce4e53220769,other,1,Medical Clipboard,
2b3d8a2e4e1f,other,1,Medicine Bottle,
16e4c6aa1632,other,1,Megaphone,
0b2d1d3edb4c,other,1,Mercury,
befe4d01d9b8,other,1,Meteor,
c69a7e705d2d,other,1,Miniature UFO,
c2c37204f435,other,1,Mistletoe,
11c12723fc16,other,1,Mistry,
c662bf5a8b61,other,1,Mixing Bowl,
1cdba263c5f3,other,1,"Mmmm, five more minutes...",
3f6e60dd9fdd,other,1,Model Rocket,
845af6636226,other,1,Mojito,
8d7d8c2f07b2,other,1,Molly,
b5cf91374666,other,1,Momo's Panties,
503cd62d1075,other,1,Mood Needed: 0,
893a97c22b04,other,1,Moodname (x1),
55196d69dc3e,other,1,Moonrock,
a4df5556b786,other,1,Most Desired Trait,
5633b78d84da,other,1,Most of my views are pretty liberal.,
ac78d18c69c8,other,1,Muffin,
d6efc073a0ef,other,1,Mushrooms,
0f86ad980cb4,other,1,"Music Team
",
b85323609c1e,other,1,My devilishly handsome good looks.,
b9eb2ad70147,other,1,My lips are sealed.,
96cb5a284ff0,other,1,Nah that's okay. I'm kinda sex'd out.,
8ad63741119a,other,1,"Nah, that shit's for fools.",
959fa850814d,other,1,"Nah, that's all a bunch of noise to me.",
85fbb07b047c,other,1,Nail Polish,
b93f23820712,other,1,Neptune,
46e5589a0082,other,1,Next Mood,
ff389921b0e6,other,1,Nikki's Panties,
fcd1240465a6,other,1,No fat chicks.,
20edcb186c32,other,1,No more than your average girl.,
02c0ed2d52d0,other,1,No more than your average guy.,
def1ac8c2b5e,other,1,"No way, give those back.",
dc00f3135682,other,1,"No, it's just too weird and awkward.",
2d2f15cc8831,other,1,"No, mostly just messed around and stuff.",
df2b60b94b0c,other,1,"No, sorry. I'm not really a cat person.",
d6ff1852e388,other,1,"No, the past can stay in the past.",
eba2cdb84e23,other,1,None that I can think of at the moment.,
cd848dc69f7f,other,1,Nope! Not yet anyway.,
d758364b4c3c,other,1,"Nope, a lie is a lie.",
dc6a7da9516c,other,1,Not a chance. I wouldn't dream of it.,
3cb8c3d07647,other,1,Notebook,
67467d33200a,other,1,Nothing! You're perfect the way you are.,
6f93d8ef8d46,other,1,Nurse Uniform,
d793bbbc2f18,other,1,Occupation,
b3c0f1daceb2,other,1,Of course not. It isn't right.,
1e18e2792621,other,1,Of course not. The past is in the past.,
b89834e4f3eb,other,1,Oh that's easy; crank one out.,
a06c86d12230,other,1,Oh yeah? What do you teach?,
2ffe62647a18,other,1,"Oh, alright. Yeah, sorry to bother you.",
2f61d025cd74,other,1,"Oh, no I just... Uhhh, I just...",
5eca4e010aad,other,1,Ohhh! Well why didn't you just say so?,
591f0433dc5e,other,1,Old Fashioned Yoyo,
7beb59e0aa81,other,1,Omelette,
4725c07c9b7c,other,1,Only if she'll let me do it.,
adff6558c691,other,1,Only if they are as cute as you are.,
dc150cc36c23,other,1,Only the hearts of beautiful women.,
87e5f0126564,other,1,Only when I'm looking for a booty call.,
5171d27cbcdd,other,1,Orange,
639a4af7ffa0,other,1,Orange Cosmos,
19208642a93c,other,1,Orange Juice,
ce561a292509,other,1,Oven Mitts,
811b138af12a,other,1,Oven Timer,
96e0850a45b0,other,1,Overicona,
80636727d882,other,1,Overlook,
44be9c8f7386,other,1,Pack,
9ca8f619239e,other,1,Paint Brushes,
e1e35dc2ca5c,other,1,Paint Palette,
0209064e7eb1,other,1,Pancakes,
b7e12db0d058,other,1,Panthera pardus,
9049d6a4720b,other,1,Particle Limit,
3a22755a4fe4,other,1,Passion Token,
51e5abfd0d31,other,1,Patel,
08e552465018,other,1,PayPal Backers,
ab47ebac2845,other,1,Peach Perfume,
ed0152b4a86c,other,1,Pearl Necklace,
53b9f0ef04ed,other,1,Peep Toe Heels,
20ec8955a0e0,other,1,Pencils,
ca255a1e8bd6,other,1,Petaldew,
265b9f07d574,other,1,Pilot's Cap,
3c005d839c1d,other,1,Pina Colada,
b26da2762c72,other,1,Pinapple,
73238b8dd2c0,other,1,Pinata,
70c07a1b2aec,other,1,Pinecone,
cf303021953a,other,1,Pink,
f105800478b3,other,1,Pink Lily,
91d8b85c9a4c,other,1,Pink Mary Janes,
ce446e3d6a68,other,1,Pink Tutu,
6547b9976132,other,1,Pizza,
20463c2958f5,other,1,Playing Cards,
e4584719cdc1,other,1,Pocket Vibe,
ea5ec76f474d,other,1,Poker Chips,
c43c9d87192e,other,1,Pom-poms,
d8ffffae18b5,other,1,Poncho,
9f36fc6c9660,other,1,Popcorn,
bf6d8d5d466b,other,1,Pretty much everything.,
18b8fd744b2e,other,1,Probably like an airport bathroom.,
b07ce8eb0065,other,1,Pumpkin Pie,
041aefa95556,other,1,Punching Bag,
6d0195829917,other,1,Puzzle Cube,
c66b9de00c6e,other,1,Question. What exactly is a love fairy?,
cc606620c0ef,other,1,Rainbow Wig,
b7d4d9a7b3f1,other,1,Rainglow,
52585c9fa176,other,1,Rapidly vibrating it's tail.,
68eebb52239c,other,1,Really close; I'm a total momma's boy.,
6a06121f9cd3,other,1,Really close; I'm a total momma's girl.,
277477b45c65,other,1,Red,
172c169e7da9,other,1,Red Supergiant,
3a581b0f9d41,other,1,Red Tulip,
528dd790f931,other,1,Regal Gift Box,
d926b7f72f34,other,1,Rembrite,
9795d861dbdb,other,1,Restaurant,
41b3545955fb,other,1,Retro Controller,
d0b6c7dd3876,other,1,Rhea,
63d201dccac0,other,1,Ribbon Wreath,
7fac37cf1617,other,1,Riceballs,
9d349be35ca3,other,1,Richmond,
8b6c89b9de50,other,1,Right! You only live once.,
33ea7c3b1a3e,other,1,Rink,
2535844bdba9,other,1,Rolling Luggage,
ba3de303e035,other,1,Rolling Pin,
de3bc567dfcb,other,1,Romance Token,
6e5cb8020e3b,other,1,Romance Tokens,
7c6a6476fd4b,other,1,Rose Perfume,
e2391425423b,other,1,Roulette Wheel,
fe66451aa384,other,1,Round Ornament,
4bfd7ab5908b,other,1,Royal Scepter,
2cfd0ea4ef0e,other,1,Ruby,
73c6a4646e25,other,1,Running out of things to say or do.,
05d0f37581a8,other,1,Sake,
a5c5000c7c6c,other,1,Salinas,
38a78aa1bc4c,other,1,Samurai Helmet,
93c552810eb2,other,1,Sano,
57adce142922,other,1,Sapphire,
a995b41b3a52,other,1,Saturday,
c0a7c1055493,other,1,Saturn,
b5fc838bba3b,other,1,Scarab Pendant,
149088af1861,other,1,Scratch Post,
7df601c79301,other,1,Screen View,
760f8e50b588,other,1,Sea Breeze Perfume,
524ff1752d79,other,1,Seashell,
7e8b151e3740,other,1,Seaweed,
627e3e0033d8,other,1,Select Default Haircut,
3418207bb47f,other,1,Select Default Outfit,
d983b709076f,other,1,Sentiment Token,
62df1e047044,other,1,Settings,
d9ff15d6031d,other,1,Sex Pixie,
330929f5cb65,other,1,Sexuality Token,
c0500efba9b5,other,1,Sexuality Tokens,
5683fb16e6a0,other,1,She can have you. Good riddance.,
d8953630726d,other,1,She's angry.,
a9e76f733698,other,1,She's hungry.,
570018bf8c64,other,1,She's scared.,
296153c9fabe,other,1,Shiny Gift Box,
20b332fc09a8,other,1,Shiny Lipstick,
8b5aee24e7c5,other,1,"Shit... Yeah, sorry. I should just go.",
738c154e2dcc,other,1,Short lived...,
e38066a66b34,other,1,Silk Blindfold,
719d544441a3,other,1,Silver Ring,
5605467d03b8,other,1,Sketch Pad,
65cb0899852f,other,1,Sketching Pencils,
e8cd11cb29e4,other,1,Skipping Rope,
2f6ce09e5894,other,1,Slot Machine,
ecaf14f35f46,other,1,Snake Flute,
1ce43b3aebc7,other,1,Snorkel,
e989754be634,other,1,Snow Globe,
61ca2c3e44cf,other,1,Snow Sled,
c0aeaa84da9f,other,1,Snowboard,
263824e84ba2,other,1,Soccer Ball,
0afc03b6ebdd,other,1,Soda,
363e21e56e63,other,1,Sombrero,
6c8b77ceb1a6,other,1,"Sorry, I don't mess around with drugs.",
a5fa4aade695,other,1,Sour,
b883a920e688,other,1,Space Helmet,
4ce3cf2410ce,other,1,Spiked Choker,
f5855e3ce941,other,1,Squeaky Mouse,
f8b0429867a3,other,1,Starship Captain,
b3b5e8913e21,other,1,Stethoscope,
1105bdb9d50b,other,1,Store,
3eec69c6505b,other,1,Streak,
aa06bdcc0398,other,1,Stripper Pole,
405a68aec455,other,1,Stuffed Bear,
a7d3b0be6a84,other,1,Stuffed Cat,
dcbbf0e25612,other,1,Stuffed Monkey,
32d4ea1ec31e,other,1,Stuffed Penguin,
a5f65ecdfb38,other,1,Stuffed Sheep,
afc452160baa,other,1,Stuffed Whale,
cd7d0bb41802,other,1,Stylish Shades,
e333f9119821,other,1,Sudoku Books,
d79d388db204,other,1,Suede Ankle Booties,
daf3157f0e65,other,1,Sugardust,
d451f848cf66,other,1,Sun Lotion,
99853e4adc39,other,1,Sundae,
1fceb4dcdaac,other,1,Sunday,
ff614b4d20fe,other,1,Sunflower,
ef0f632fdb9e,other,1,Supernova,
a197c4158b90,other,1,"Sure, as long as nobody is getting hurt.",
e7809920e51f,other,1,Surfboard,
700725ba2268,other,1,Susie,
db06b90b4a36,other,1,Sweatbands,
63eb9f5ef126,other,1,Sweet,
688ba333b1b3,other,1,Swimmers Cap,
c5fc134359fa,other,1,Synthetic Coral,
173572a1d923,other,1,Synthetic Seaweed,
309cd471643f,other,1,Tabby,
2b823cdec2d7,other,1,Talent Token,
a71cd7acf5e0,other,1,Tango Rose,
45cb7985ef84,other,1,Tank Gravel,
33ba411c0a08,other,1,Tearing up the carpet with it's claws.,
0c848d3a58e6,other,1,Telescope,
e3ceda653aa2,other,1,Telmunia,
1332a8efe2c0,other,1,Tendricide,
ca8794185ca8,other,1,Tennis Balls,
a312cc8d174a,other,1,Tennis Courts,
0c5d3be5c536,other,1,Tennis Racket,
8e1338f793d5,other,1,Textbooks,
2b2c03824134,other,1,That you were from your mommy's tummy.,
978c420e8fa4,other,1,"That's gross, I don't do that.",
eb0715539890,other,1,The best in the business.,
82a2589b6d9b,other,1,The cat can no longer produce offspring.,
d3854aa2e7e1,other,1,The cat is no longer domesticated.,
4ecc09a2d2f4,other,1,The cat still has all of it's claws.,
6d2555812d2b,other,1,The chest... region.,
f0b415f5ab6a,other,1,The crazy psycho bitch cheated on me!,
18c2e2d5b7cd,other,1,The goals that I haven't achieved yet.,
ace4d311a55a,other,1,The more the merrier.,
92c9553764dc,other,1,The sexy brain.,
7fbc1394328e,other,1,They have the same number of teeth.,
064b1a3b7b1b,other,1,Three,
1c9eb426b3b9,other,1,Tiffany's Panties,
1bb62f8506e9,other,1,Tissue Box,
e902e075beec,other,1,Titan,
912c0a231ac7,other,1,Tomatos,
1620e0aa9662,other,1,Topaz,
0fb2c6b73fec,other,1,Trail,
4ab2dc110d2b,other,1,Traits,
ac776eafdfdd,other,1,Travel Suitcase,
e0cad50e4df8,other,1,Triangulum Galaxy,
5d99894da533,other,1,Trumpet,
8a2acf73280c,other,1,Twirly Baton,
3d00289a1956,other,1,Two,
cb6dd44ab075,other,1,Tyler,
e99980d9e32f,other,1,Uhhhhh...,
3534f99e0344,other,1,Uhhhhhh...,
4c79d776f40b,other,1,Uhhhhhhhh... the fuck?,
af349b27ac2e,other,1,Ummm... hey.,
bcf1d4209c68,other,1,Uncensored,
88e67dbbae32,other,1,"Underneath your desk, during class.",
b9af2d598a8b,other,1,Unique Gift Type,
42977ec91ea1,other,1,Uranus,
2658edba2d24,other,1,Venus' Panties,
eab6c605a278,other,1,Version: 1.2.0,
d5dc3a0f3273,other,1,Vintage Platforms,
c15c37f12687,other,1,Vinuela,
118e5960e6c1,other,1,Violin,
6255d96abf6f,other,1,Voice Actresses,
4abbfb6a7c6c,other,1,Voice Over,
487d08614563,other,1,Volley Ball,
75ca3aa877bd,other,1,Volume Control,
dc49f47f4b2a,other,1,Warm Mittens,
3e925c6bbb51,other,1,Water Bottle,
756bd0df34e3,other,1,Water Park,
9aee35c2908f,other,1,Watering Can,
7b925fe56a85,other,1,Watermelon,
0c7847fbba90,other,1,Wedding Cake,
216d8cdfa4b3,other,1,Weight,
b30d4c41e430,other,1,Weird Thing,
e6e246060cb8,other,1,"Well, as long as nobody gets hurt...",
301b96d07cb6,other,1,West,
0b8d1072a8cc,other,1,"Wha, wait! Who are you!?",
a72d828d60aa,other,1,What can I say? I'm just that good.,
0fa53ee34e9b,other,1,What do you mean? I'm fine.,
f3f860f47888,other,1,What're you having?,
cf860d5c8e70,other,1,What's in it for me?,
c97763e634c4,other,1,What's not to be happy with?,
8b02aa434260,other,1,What's on the menu for breakfast!,
de06a4bc759c,other,1,What? Who... me?,
007281d0ac8c,other,1,Whenever I think of your face.,
842bbd891364,other,1,Whisky,
2131b2ea15c7,other,1,White Pansy,
82d7cc7e5485,other,1,Who knows? Life is a mystery.,
fc88cc2a892e,other,1,Williams,
e9e11cb7901a,other,1,Wine,
74ef4fa155d5,other,1,Wine Bottle,
10a521e2b15e,other,1,Wing Pin,
48227b4f7a9e,other,1,Woodbury,
b2d80a6a7abb,other,1,Wooden Birdhouse,
cf85ff50e9fa,other,1,Wooden Sandals,
1bdd114999e3,other,1,Yeah I keep in touch with some of them.,
e56e7970cc98,other,1,Yeah! I hardly ever miss a day.,
3855858d06f1,other,1,"Yeah, but not half as good as you.",
dcb4fdcb9295,other,1,"Yeah, but only like seven other chicks.",
837b840cc3f3,other,1,"Yeah, pubic hair is gross.",
c9162975a8d1,other,1,"Yeah, sure. Whatever.",
1e657e56ded5,other,1,Yellow Dwarf,
0cf128c40adb,other,1,"Yep, just finished. She's all yours.",
71c41639e9ec,other,1,"Yes, I look right into her eyes.",
bd786db3acb4,other,1,Yoga Bag,
b783ede348b3,other,1,Yoga Ball,
15052fc11d77,other,1,Yoga Belt,
b03f7e582222,other,1,Yoga Blocks,
62775a26428b,other,1,Yoga Mat,
88c0a60f3ab0,other,1,Yoga Outfit,
6a8e4d8abdb6,other,1,"You don't have one, right?",
3e30c1e35ecb,other,1,"You get fucked up on drugs, duh.",
ea4689c5ebdb,other,1,"You have to, people never change.",
1f7b87fe54d0,other,1,"You know... I mean, a couple.",
b77c60019be0,other,1,"You mean, like, the letter?",
a2d1514d2754,other,1,You said you were from a spirit realm.,
759054a0f181,other,1,You're a kitty.,
aaa6f064c2b9,other,1,"You're like really, really cute.",
0752605c466c,other,1,You're on lady.,
b6eeab0fd035,other,1,Your Gender,
9b488644a8df,other,1,Your Home,
aa69f2ef847d,other,1,Your friend seems... interesting.,
25e71d46e1b7,other,1,Yoyo,
503115bdd1e8,other,1,Yumi,
75d6a38b977c,other,1,Zappy Gun,
50da398e8ef5,ui,1,Ask on Date,Chamar date
3c0cdae8513e,ui,1,Boops,
37c7f5a806b5,ui,1,Check Profile,Ver perfil
27919888b95b,ui,1,Easy,Fac.
5a45ac4b2ef2,ui,1,Female,Mulher
2e665cc31c1a,ui,1,Full Screen,Tela cheia
2311af8a3ddd,ui,1,Full Voice,Voz total
ede8aefb7ef8,ui,1,Hard,Dif.
51e4bd7658c7,ui,1,High,Alto
0f0844110ac9,ui,1,Low,Min
80a84121a737,ui,1,Male,Masc
075d3789e465,ui,1,Medium,Medio
bf6dbba72b7a,ui,1,Normal,
4d356a8d5ea9,ui,1,Purchase Gifts,Comprar gifts
cdd46a94ec02,ui,1,Talk With Her,Falar com ela
6e7d82abd2ce,ui,1,View Inventory,Ver inventario
3792469c8cf1,ui,1,Windowed,Janela
